机构ID,机构/品牌,投诉/消保补查结论,12315官方公示核查,实际查询词与检索结论,案例处理结果与边界,案例及官方查询来源（读取边界见记录）,搜索候选链接（不代表采信）,证据截至
agency-01,天鹅到家,新增材料仍集中在匹配、频繁换人后的退款结算。黑猫一例消费者确认按约退款；消费保企业完结但消费者反对；媒体另有已退款与仅承诺退款两类结果。,已核对当前公示列表。结果包含总部及衡阳、长沙等分支，首屏含家政中介、保姆、小时工等工种；全国各业务记录不能充当北京育儿嫂投诉数量。名称匹配可含分支及其他工种，不能作为机构投诉率。,"[黑猫] site:tousu.sina.com.cn ""天鹅到家"" 投诉
本次查询返回12个索引链接（可能含无关项）。该渠道合并判读：黑猫命中多条天鹅到家服务及退款争议，回读育儿嫂替换案例；同时出现保洁、家务等工种，未一并算作育儿事件。 搜索页只据可见摘要判读；已回读来源另列，不把索引摘要当作已打开原文。

[消费保] site:xfb315.com ""天鹅到家"" 投诉
本次查询返回4个索引链接（可能含无关项）。该渠道合并判读：消费保出现同品牌退款及服务中断投诉；99337939已读初始投诉、企业回应和消费者异议，明确主体五八到家，工种与城市未披露。两条相关育儿标题直达页访问失败，未作已核读个案。 搜索页只据可见摘要判读；已回读来源另列，不把索引摘要当作已打开原文。

[监管媒体] ""天鹅到家"" 投诉 退费 12315 消协 处罚 法院
本次查询返回15个索引链接（可能含无关项）。该渠道合并判读：媒体有石家庄育儿嫂匹配及退款采访、深圳普通保姆退款采访；均须保留异地、工种及退款是否到账的边界。 搜索页只据可见摘要判读；已回读来源另列，不把索引摘要当作已打开原文。

[消费保补查] 天鹅到家 消费保 投诉 退费
本次查询返回13个索引链接（可能含无关项）。该渠道合并判读：消费保出现同品牌退款及服务中断投诉；99337939已读初始投诉、企业回应和消费者异议，明确主体五八到家，工种与城市未披露。两条相关育儿标题直达页访问失败，未作已核读个案。 搜索页只据可见摘要判读；已回读来源另列，不把索引摘要当作已打开原文。

[12315站内] 五八到家有限公司
查询“五八到家有限公司”此次页面显示703条关键词匹配公示。结果包含总部及衡阳、长沙等分支，首屏含家政中介、保姆、小时工等工种；全国各业务记录不能充当北京育儿嫂投诉数量。以上数量是所列查询关键词此次匹配的公示记录数，可能含分支、近名和不同服务工种；不同查询之间可能重叠，不合计为机构投诉总数，不是投诉率或质量排名。公示期限为一年，不涵盖全部历史、未公开投诉或所有分支。投诉内容为当事人填写，调解结果不是违法认定；达成调解不等于退款已到账。","案例：育儿嫂多次更换后的服务费退款争议
日期：2025-07-08
工种：育儿嫂
记录：消费者称缴纳两年服务费15,825元后更换多位育儿嫂，对人员稳定性、匹配间隔及退款不满。
回应：7月9日有企业回复时间记录，但本次可读正文未展示实质内容。
处理结果：7月17日消费者确认已按合同退款并完成投诉。
限制：单方公开投诉，未核合同、订单、证据附件或裁判；品牌归属不等于北京履约。
读取状态：本轮已打开原页面并核读正文与进度
来源：https://tousu.sina.com.cn/complaint/view/17384959709

案例：服务中断与退款条件争议
日期：2025-08-12
工种：未披露
记录：消费者具名五八到家有限公司，称签署一年合同后提前终止，申请退剩余服务期费用4,966元；双方对合同退款条件有分歧。
回应：企业8月12日称不符合合同退款条件，可继续匹配服务人员；消费者8月14日补充称未实际联系解决。
处理结果：企业已完结；消费者仍有异议，未见退款确认。
限制：服务工种及履约城市未披露，未推定为北京育儿；投诉中自行援引法律不代表已获司法认定。
读取状态：本轮已打开原页面并核读初始投诉、处理进度与企业回复
来源：https://www.xfb365.com/tousu/99337939

案例：石家庄育儿嫂匹配与退款采访
日期：2024-03-08
工种：育儿嫂
记录：记者采访消费者关于育儿嫂能力、经历匹配及退费问题，并联系企业核实。
回应：报道披露平台后续按扣除已使用部分后的金额办理退款。
处理结果：消费者3月7日向记者确认收到6,000余元退款。
限制：异地历史采访，不能推算北京用户投诉率；属于既有 E01 的回读补实。
读取状态：本轮已打开原页面并核读正文与进度
来源：https://m.thepaper.cn/detail/26601384

案例：深圳普通保姆服务退款采访
日期：2026-03-11
工种：普通保姆
记录：消费者对银牌保姆服务及按天退款不满；报道包括机构对服务责任的不同解释。
回应：平台认为部分服务问题不能全部归责保姆，初期援引14天退款期；后称愿以服务费剩余9个月比例退5,265元。
处理结果：3月10日双方达成退款安排，企业称3—5个工作日到账；报道未确认实际到账。
限制：普通保姆而非明确育儿嫂；媒体时点为承诺退款，不能写已到账。
读取状态：本轮已打开原页面并核读正文与进度
来源：https://www.sznews.com/news/content/2026-03/11/content_31973080.htm","https://tousu.sina.com.cn/complaint/view/17384959709
https://www.xfb365.com/tousu/99337939
https://m.thepaper.cn/detail/26601384
https://www.sznews.com/news/content/2026-03/11/content_31973080.htm
https://tsgs.12315.cn/#/viewport","queries.resultUrls仅为搜索返回的候选链接，可能含无关、同名或未回读页面；不自动视为采信来源，不据此生成案例或评价。案例读取及归属边界以cases为准。
https://tousu.sina.com.cn/complaint/view/17382129515?sld=d603c7a15ee1af85aae87d9888393ccd
https://tousu.sina.com.cn/complaint/view/17400082286?sld=09ada49f0f145adb96309cf37aa0913f
https://tousu.sina.com.cn/complaint/view/17394541780?sld=71519a76d5e6af70e92d48fed900c3d9
https://tousu.sina.com.cn/complaint/view/17392032428?sld=efda78c3133e3fe75100d258746169a5
https://tousu.sina.com.cn/complaint/view/17393461965?sld=3835c73d01a3dc6ad35f2f9a917ccff5
https://tousu.sina.com.cn/complaint/view/17394133910?sld=abd05d108056798efe3dae626eac1dd3
https://tousu.sina.com.cn/complaint/view/17393010152?sld=0a93a50f1d8ea88cec4ae23deedab724
https://tousu.sina.com.cn/complaint/view/17393990127?sld=ee37b4d370bd494dd5a33290df757a9d
https://tousu.sina.com.cn/complaint/view/17396632384?sld=f809e55efe8a53da5b2d0178fdac0285
https://tousu.sina.com.cn/complaint/view/17384638776?sld=2c0233bb8ff7414ae2d9be800e7ae0e9
https://tousu.sina.com.cn/complaint/view/17395579320?sld=0fe0e32fa24d0091c822360070944abb
https://tousu.sina.com.cn/complaint/view/17397892941?sld=c1549d334438a2c857944762cfa4122e
https://m.xfb315.com/tousu/98187570
https://www.xfb315.com/brands/tousu_87630
https://m.xfb315.com/article/tags/%E6%9C%BA%E6%A2%B0%E5%B8%88%E6%B5%A9%E7%A9%BA%20T90%20Plus%E5%AE%A2%E6%9C%8D%E7%94%B5%E8%AF%9D_page_1.html
https://m.xfb315.com/article/tags/%E8%A1%97%E7%94%B5%E4%BA%BA%E5%B7%A5%E5%AE%A2%E6%9C%8D_page1
https://www.sznews.com/news/content/2026-03/11/content_31973080.htm
https://www.xfb365.com/tousu/99337939
https://www.xfb365.com/tousu/100288329
https://tousu.sina.com.cn/complaint/view/17384252881/?sld=6ea813e8ceedcddade497618c7e50ef4
https://m.thepaper.cn/detail/26601384
https://zj.tousu.sina.com.cn/complaint/view/17368257814/
https://sc.tousu.sina.com.cn/?wm=b212
https://tousu.sina.com.cn/?wm=0233%3Fcmntg%3D0
https://xiaofei.hangzhou.com.cn/xfzx/content/2021-01/13/content_9167593.htm
https://qnsh.youth.cn/mobile/show_case/1472
https://hb.tousu.sina.com.cn/complaint/view/17394844545/?sld=56cd827818a3c52e09616b13745dd00f
https://ts.voc.com.cn/question/view/2273537.html
https://static.time-weekly.com/files/2023/0320/1679321380.pdf
https://yanqitong.cn/uploads/20260130/418e7a140809d5dd5cefaedbec18e6f8.pdf
https://epaper.voc.com.cn/hnrb/images/2025-12/26/10/2025122610_pdf.pdf
https://www.xfb365.com/tousu/97997069
https://apps.apple.com/cn/app/%E5%A4%A9%E9%B9%85%E5%88%B0%E5%AE%B6-%E4%BF%9D%E5%A7%86%E6%9C%88%E5%AB%82%E4%BF%9D%E6%B4%81%E7%AD%89%E5%AE%B6%E6%94%BF%E6%9C%8D%E5%8A%A1/id1367325012?platform=ipad
https://tousu.sina.com.cn/complaint/view/17394688511?sld=7b75b04b1b2e44ccee9a45f6b770b08b
https://apps.apple.com/tw/app/%E5%A4%A9%E9%B9%85%E5%88%B0%E5%AE%B6-%E4%B8%93%E4%B8%9A%E5%AE%9E%E7%94%A8%E7%9A%84%E5%AE%B6%E6%94%BF%E6%9C%8D%E5%8A%A1%E5%B9%B3%E5%8F%B0/id1367325012?platform=ipad
https://apps.apple.com/cn/app/%E5%A4%A9%E9%B9%85%E5%88%B0%E5%AE%B6%E6%9E%81%E9%80%9F%E7%89%88-%E5%AE%B6%E6%94%BF%E4%BF%9D%E6%B4%81%E6%9C%88%E5%AB%82%E4%BF%9D%E5%A7%86/id897342825
https://tousu.sina.com.cn/?wm=1712%3Finput%3Dinput
https://apps.apple.com/sg/app/%E5%A4%A9%E9%B9%85%E5%88%B0%E5%AE%B6-%E4%B8%93%E4%B8%9A%E5%AE%B6%E6%94%BF%E4%BF%9D%E6%B4%81%E6%9C%8D%E5%8A%A1%E5%B9%B3%E5%8F%B0/id1367325012",2026-09-21
agency-02,阿姨来了,既有照护及换人争议可补充企业完整答复、消费者退款确认与自动结案差异。嘉乐会的历史行政处罚报道是另一个证据层级，应与用户指控分列。,已回读详情中最新公示（2026-09-07）：北京阿姨来了信息科技有限公司，服务类别为托幼服务，处理结果为“未达成调解协议”。公示未披露协议细节及退款到账证据，不能据此推断北京育儿嫂整体服务质量。,"[黑猫] site:tousu.sina.com.cn ""阿姨来了"" 投诉
本次查询返回12个索引链接（可能含无关项）。该渠道合并判读：命中阿姨来了多条照护、匹配及退款争议，回读已知 E03 并增加四条具名案例；有按比例退款确认，也有自动结案。 搜索页只据可见摘要判读；已回读来源另列，不把索引摘要当作已打开原文。

[消费保] site:xfb315.com ""阿姨来了"" 投诉
该具体查询返回空结果；不代表平台全库无投诉。

[监管媒体] ""阿姨来了"" 投诉 退费 12315 消协 处罚 法院
本次查询返回12个索引链接（可能含无关项）。该渠道合并判读：检得《中国消费者报》2024年关于北京嘉乐会培训宣传、证书宣传和格式条款被罚6万元的报道。已回读转载全文；未取得原行政处罚决定。 搜索页只据可见摘要判读；已回读来源另列，不把索引摘要当作已打开原文。

[消费保补查] 阿姨来了 消费保 投诉 退费
本次查询返回18个索引链接（可能含无关项）。该渠道合并判读：定向旧域未取得可归属个案；不限域补查出现阿姨到了、沪上阿姨等近名结果，均不是本机构。 搜索页只据可见摘要判读；已回读来源另列，不把索引摘要当作已打开原文。

[处罚原始依据追索] 北京嘉乐会 阿姨来了 6万元 处罚 中国消费者报 2024
本次查询返回12个索引链接（可能含无关项）。该渠道合并判读：检得《中国消费者报》2024年关于北京嘉乐会培训宣传、证书宣传和格式条款被罚6万元的报道。已回读转载全文；未取得原行政处罚决定。 搜索页只据可见摘要判读；已回读来源另列，不把索引摘要当作已打开原文。

[处罚原始依据追索] site:ccn.com.cn 嘉乐会 虚假 宣传 2024 6万元
本次查询返回12个索引链接（可能含无关项）。该渠道合并判读：检得《中国消费者报》2024年关于北京嘉乐会培训宣传、证书宣传和格式条款被罚6万元的报道。已回读转载全文；未取得原行政处罚决定。 搜索页只据可见摘要判读；已回读来源另列，不把索引摘要当作已打开原文。

[处罚原始依据追索] site:scjgj.beijing.gov.cn 嘉乐会 处罚
本次查询返回12个索引链接（可能含无关项）。该渠道合并判读：检得《中国消费者报》2024年关于北京嘉乐会培训宣传、证书宣传和格式条款被罚6万元的报道。已回读转载全文；未取得原行政处罚决定。 搜索页只据可见摘要判读；已回读来源另列，不把索引摘要当作已打开原文。

[处罚原始依据追索] site:bjchy.gov.cn 嘉乐会 处罚 2024
本次查询返回12个索引链接（可能含无关项）。该渠道合并判读：检得《中国消费者报》2024年关于北京嘉乐会培训宣传、证书宣传和格式条款被罚6万元的报道。已回读转载全文；未取得原行政处罚决定。 搜索页只据可见摘要判读；已回读来源另列，不把索引摘要当作已打开原文。

[12315站内] 北京阿姨来了信息科技有限公司
查询“北京阿姨来了信息科技有限公司”此次页面显示8条关键词匹配公示。首屏可见托幼、家政中介、小时工和培训等不同类别公示；已回读托幼服务个案，处理结果为未达成调解协议。不能把所有公示视为育儿嫂订单。以上数量是所列查询关键词此次匹配的公示记录数，可能含分支、近名和不同服务工种；不同查询之间可能重叠，不合计为机构投诉总数，不是投诉率或质量排名。公示期限为一年，不涵盖全部历史、未公开投诉或所有分支。投诉内容为当事人填写，调解结果不是违法认定；达成调解不等于退款已到账。

[12315站内] 北京嘉乐会家政服务有限公司
查询“北京嘉乐会家政服务有限公司”此次页面显示14条关键词匹配公示。首屏可见小时工、保姆和家政中介等类别，包含阿姨来了双井首城店名称；与阿姨来了信息科技公司是不同主体，不能简单相加为品牌投诉率。以上数量是所列查询关键词此次匹配的公示记录数，可能含分支、近名和不同服务工种；不同查询之间可能重叠，不合计为机构投诉总数，不是投诉率或质量排名。公示期限为一年，不涵盖全部历史、未公开投诉或所有分支。投诉内容为当事人填写，调解结果不是违法认定；达成调解不等于退款已到账。","案例：照护、人员匹配及提前解约退款争议
日期：2025-09-27
工种：育儿嫂
记录：消费者具名北京阿姨来了信息科技有限公司，对育儿照护、人员匹配及解除合同后的服务费和工资结算提出异议；金额与事实为投诉者自述。
回应：9月29日有企业回复记录，页面未呈现可读实质回复。
处理结果：10月29日因企业最新回复后30日无进一步操作自动完成，不能视为退款或消费者认可。
限制：主体名称明确，但实际服务城市未披露；严重照护指控无独立认定，摘要不作事实结论。既有 E03 回读补实。
读取状态：本轮已打开原页面并核读正文与进度
来源：https://tousu.sina.com.cn/complaint/view/17388044504

案例：无锡家务保姆服务及转接退款争议
日期：2025-12-08
工种：保姆（兼带孩叙述，未明确专职育儿嫂）
记录：消费者称2024年交中介费后服务与后续人员交接不符合期待，申请返还中介费。
回应：页面未见企业实质答复，后有消费者更新。
处理结果：12月19日消费者明确确认已按比例退款。
限制：单方公开投诉，未核合同、订单、证据附件或裁判；品牌归属不等于北京履约。
读取状态：本轮已打开原页面并核读正文与进度
来源：https://tousu.sina.com.cn/complaint/view/17390969244

案例：照护方式及合同终止后结算争议
日期：2025-11-30
工种：保姆（涉及幼儿照护）
记录：消费者称交一年服务费7,000元及首月工资后，对两位人员的工作及照护方式不满，要求退剩余服务费与工资。
回应：页面未见可读的实质企业答复。
处理结果：页面显示处理中，未见实质企业答复或退款确认。
限制：幼儿照护相关指控仅为消费者自述，未核医疗、订单或裁决；正式工种与城市未披露。
读取状态：本轮已打开原页面并核读正文与进度
来源：https://tousu.sina.com.cn/complaint/view/17390671749

案例：多次更换与剩余服务期退款协商
日期：2025-07-09
工种：育儿嫂
记录：消费者对三个月合同末期的更换安排和部分退费方案不满。
回应：企业7月10日解释已推荐25份简历、15次面试并更换6次；称仍可安排交接，对剩余10天提出退5%服务费方案。上述次数为企业陈述。
处理结果：消费者7月10日上午不同意方案，当日下午主动确认完成；未披露最后退款金额或具体解决方式。
限制：单方公开投诉，未核合同、订单、证据附件或裁判；品牌归属不等于北京履约。
读取状态：本轮已打开原页面并核读正文与进度
来源：https://tousu.sina.com.cn/complaint/view/17384993117

案例：家务兼带孩人员匹配与退费争议
日期：2024-04-17
工种：家务为主兼带孩
记录：消费者对人员籍贯偏好、工作表现、替换候选及更换服务门店的答复不满，申请退服务费。
回应：4月23日有企业回复记录，但本轮未见回复正文。
处理结果：5月23日平台因30天未进一步操作自动完结；无退款确认。
限制：单方公开投诉，未核合同、订单、证据附件或裁判；品牌归属不等于北京履约。
读取状态：本轮已打开原页面并核读正文与进度
来源：https://tousu.sina.com.cn/complaint/view/17372595644

案例：北京嘉乐会虚假或引人误解宣传及格式条款行政处罚报道
日期：2024-07-08
工种：育儿嫂、月嫂及家政中介
记录：《中国消费者报》报道北京嘉乐会因培训覆盖、岗前培训和证书宣传不符实际，以及旧合同减轻自身责任的条款，被责令改正并罚款6万元。报道明确涉及阿姨来了官网/应用宣传。
回应：报道未列企业对处罚的答复。
处理结果：报道载明朝阳区市场监管部门已处罚；未取得行政处罚决定原文和后续整改证明。
限制：已读消费者报转载而非行政处罚决定书；涉及2020—2024年行为，不能直接认定现行合同仍有相同问题，也不等于每位用户投诉成立。
读取状态：本轮已打开原页面并核读正文与进度
来源：https://finance.sina.com.cn/jjxw/2024-07-08/doc-inccmkfm8249331.shtml

案例：北京阿姨来了信息科技有限公司消费投诉处理公示
日期：2026-08-26
工种：托幼服务
记录：消费者反映2026-08-05购买的托幼服务涉及合同履行与退赔争议。官方公示列出的处理结果为“未达成调解协议”。
回应：公示没有展示企业具体答复。
处理结果：未达成调解协议
处理部门：北京西城区市场监督管理局
限制：投诉基本信息与问题由当事人填报，不是违法认定。公示未披露协议具体内容、退款金额或到账证据；未确认该单为育儿嫂。公示期限为一年，本次只回读选取的具名详情。
读取状态：已打开12315官方详情，核对主体、服务及处理结果
来源：https://tsgs.12315.cn/#/viewport","https://tousu.sina.com.cn/complaint/view/17388044504
https://tousu.sina.com.cn/complaint/view/17390969244
https://tousu.sina.com.cn/complaint/view/17390671749
https://tousu.sina.com.cn/complaint/view/17384993117
https://tousu.sina.com.cn/complaint/view/17372595644
https://finance.sina.com.cn/jjxw/2024-07-08/doc-inccmkfm8249331.shtml
https://tsgs.12315.cn/#/viewport","queries.resultUrls仅为搜索返回的候选链接，可能含无关、同名或未回读页面；不自动视为采信来源，不据此生成案例或评价。案例读取及归属边界以cases为准。
https://tousu.sina.com.cn/complaint/view/17376797851?sld=b8cc217bc1ee73d93663e78d36e85ac6
https://tousu.sina.com.cn/complaint/view/17372595644
https://tousu.sina.com.cn/complaint/view/17390969244?sld=346e3437ec9277bb3597a525b6ade1ea
https://tousu.sina.com.cn/grp_comp/view/G17390969244
https://tousu.sina.com.cn/complaint/view/17390671749?sld=44f74fe344999d5026fe5e38329e0845
https://tousu.sina.com.cn/complaint/view/17391331081?sld=7f544e67dbb1222d99306ed9b8c74744
https://tousu.sina.com.cn/complaint/view/17384993117?sld=b872585e868f200dde96f407cbcd9116
https://tousu.sina.com.cn/complaint/view/17370367189
https://tousu.sina.com.cn/complaint/view/17369075573
https://tousu.sina.com.cn/company/view/?couid=3408939602
https://tousu.sina.com.cn/complaint/view/17385241764?sld=4eaebb6b7c25463f4c1c282d4d515d33
https://tousu.sina.com.cn/complaint/view/17367933969/
https://www.ayilaile.com/help/agreement
https://tousu.sina.com.cn/complaint/view/17377119005?sld=7076ef830c11307080c182663770d617
https://tousu.sina.com.cn/complaint/view/17388044504?sld=49a984c53730eb0e9e35dd35ca2a8517
https://tousu.sina.com.cn/complaint/view/17352442727/
https://hznews.hangzhou.com.cn/jingji/content/2021-01/20/content_7896151.html
https://zixun.xinlingshou.com/archives/75726
https://i.ifeng.com/c/8b4y6Uy70YQ
https://www.donews.com/news/detail/1/4372618.html
https://appeal.cpc.ey.gov.tw/
https://www.xfb365.com/tousu/100901011
https://www.xfb365.com/
https://m.xfb315.com/tousu/97175368
https://www.xfb365.com/article/141336
https://www.xfb365.com/guide
https://h5.ifeng.com/c/vivoArticle/v002ju4f3ctYru5riB6uhTIdHOdA8IqkkGXEOPGj4LLauPg__?isNews=1&showComments=0
https://www.ah315.cn/display.asp?id=146048
https://apps.apple.com/cn/app/%E9%98%BF%E5%A7%A8%E6%9D%A5%E4%BA%86-%E4%B8%80%E7%AB%99%E5%BC%8F%E5%AE%B6%E6%94%BF%E6%9C%8D%E5%8A%A1%E5%B9%B3%E5%8F%B0/id670834571
https://www.consumer.org.hk/sc/complaints-and-services
https://www.bj315.org/bjxfzzz/201808/P020180810629706164008.pdf
https://m.cqn.com.cn/ms/att/2024-02/06/e19cb572-d546-4a13-ad60-fc7efca08f8e.pdf
https://ep.ycwb.com/epaper/xkb/resfile/2026-03-14/A04/xkb20260314A04.pdf
https://epaper.qingdaonews.com/lnshb/resfile/2025-03-10/A08/lnshb-20250310-A08.pdf
https://www.bjfsh.gov.cn/zhxw/fsb/202403/P020240314558659814033.pdf
https://www.bjfsh.gov.cn/zhxw/fsb/202103/P020210315318333482093.pdf
https://finance.sina.com.cn/jjxw/2024-07-08/doc-inccmkfm8249331.shtml
https://www.donews.com/news/detail/1/4372211.html
https://www.xinhuanet.com/travel/20240911/9326265322d7432e8b04fc2cb467d053/c.html
https://tousu.sina.com.cn/complaint/view/17381086405?sld=795b9febf5f59f2fd7cb931ded2a467b
https://health.china.com.cn/2024-01/26/content_42683376.htm
https://zxb.ccn.com.cn/html/zxb/20240125/125274.html
https://scjgj.beijing.gov.cn/zwxx/mtjj/202209/t20220920_2819379.html
https://www.thepaper.cn/newsDetail_forward_33442678
https://www.ccn.com.cn/Content/2024/11-01/1042591612.html
https://zxb.ccn.com.cn/html/zxb/20240130/125402.html
https://zxb.ccn.com.cn/html/zxb/20240628/127574.html
https://zxb.ccn.com.cn/html/zxb/20240521/126948.html
https://zxb.ccn.com.cn/html/zxb/20241226/130161.html
https://zxb.ccn.com.cn/html/zxb/20240906/128645.html
https://zxb.ccn.com.cn/html/zxb/20240419/126569.html
https://zxb.ccn.com.cn/html/zxb/20241018/129111.html
https://zxb.ccn.com.cn/html/zxb/20240416/126513.html
https://zxb.ccn.com.cn/html/zxb/20240812/128259.html
https://zxb.ccn.com.cn/html/zxb/20240911/128728.html
https://zxb.ccn.com.cn/html/zxb/20240325/126217.html
https://scjgj.beijing.gov.cn/ztzl/xzzfxxgs/zxxx/xzxkjdhxzcfjd/xzcfjg/202609/t20260901_4846114.html
https://scjgj.beijing.gov.cn/zwxx/gs/202603/t20260309_4552991.html
https://scjgj.beijing.gov.cn/zwxx/xzxkxzcfsgs/xzcf/
https://scjgj.beijing.gov.cn/zwxx/gs/202607/t20260713_4760432.html
https://scjgj.beijing.gov.cn/zwxx/scjgdt/202609/t20260911_4859229.html
https://scjgj.beijing.gov.cn/ztzl/xzzfxxgs/zxxx/xzxkjdhxzcfjd/xzcfjg/202608/t20260803_4806888.html
https://scjgj.beijing.gov.cn/ztzl/xzzfxxgs/zxxx/xzxkjdhxzcfjd/xzcfjg/202608/t20260803_4806957.html
https://scjgj.beijing.gov.cn/ztzl/xzzfxxgs/zxxx/xzxkjdhxzcfjd/xzcfjg/202608/t20260803_4806895.html
https://scjgj.beijing.gov.cn/ztzl/xzzfxxgs/zxxx/xzxkjdhxzcfjd/xzcfjg/202609/t20260901_4846075.html
https://scjgj.beijing.gov.cn/ztzl/xzzfxxgs/zxxx/xzxkjdhxzcfjd/xzcfjg/202608/t20260803_4806892.html
https://scjgj.beijing.gov.cn/ztzl/xzzfxxgs/zxxx/xzxkjdhxzcfjd/xzcfjg/202608/t20260803_4806956.html
https://scjgj.beijing.gov.cn/zwxx/gs/202603/t20260324_4564919.html
https://www.bjchy.gov.cn/ztzl/chyzfgs/xzzftjnb/4028805a944523f90194735ca18d2980.html
https://www.bjchy.gov.cn/affair/zfyj/law/5373.htm
https://credit.bjchy.gov.cn/service/
https://credit.bjchy.gov.cn/
https://chyrd.bjchy.gov.cn/fjyjzj.flyjzj.do?m=edit&p_id=8a24f0b49079534901907b4f52ef0002
https://www.bjchy.gov.cn/robot/shuanggongshi.xz_cf.do?id=8a24dabe907e7e24019203fa17e600f6&m=showCfView&page=1
https://chyrd.bjchy.gov.cn/rdkw/hk/shiqiershiliuci/8a24f0b4936e5a1c0193708497430009.html
https://www.bjchy.gov.cn/affair/fzzfjsbg/4028805a956f010a0195db0ad231642f.html
https://www.bjchy.gov.cn/affair/zfyj/law/4923.htm
https://chyrd.bjchy.gov.cn/gkgg/sybg/8a24f0b49788eb6a01978b4f78880032.html
https://www.bjchy.gov.cn/ztzl/chyzfgs/zwfwsx/4028805a93f2c2f70193f2e6cf3501b0.html
https://chyrd.bjchy.gov.cn/zcfg/flfg/ff80808159b0cd4a0159b1d6a9b80009.html",2026-09-21
agency-03,爱侬家政,有可回读的历史养老服务采访，说明换人承诺与退费边界值得核合同。当前北京育儿嫂履约投诉在本轮公开索引中仍缺可核个案。,已核对当前公示列表。可见其他物业服务和荣华街道分公司的按摩服务公示，均不能用作北京育儿嫂差评。名称匹配可含分支及其他工种，不能作为机构投诉率。,"[黑猫] site:tousu.sina.com.cn ""爱侬家政"" 投诉
该具体查询返回空结果；不代表平台全库无投诉。

[消费保] site:xfb315.com ""爱侬家政"" 投诉
该具体查询返回空结果；不代表平台全库无投诉。

[监管媒体] ""爱侬家政"" 投诉 退费 12315 消协 处罚 法院
本次查询返回13个索引链接（可能含无关项）。该渠道合并判读：新京报2021年养老家政调查涉及北京爱侬门店的换人与退费答复；2009年涉老人伤害报道及2023年劳务者受害文书转载不等于育儿嫂投诉。 搜索页只据可见摘要判读；已回读来源另列，不把索引摘要当作已打开原文。

[消费保补查] 爱侬家政 消费保 投诉 退费
本次查询返回18个索引链接（可能含无关项）。该渠道合并判读：消费保及不限域补查未取得可归属北京爱侬育儿个案；另有315在线旧投诉线索，但原页读取失败。 搜索页只据可见摘要判读；已回读来源另列，不把索引摘要当作已打开原文。

[12315站内] 北京爱侬家政服务有限公司
查询“北京爱侬家政服务有限公司”：该名称在此次公示列表未见记录，不代表零投诉或没有历史纠纷；公示期限、名称别称和公开范围会影响结果。

[12315站内] 北京爱侬养老科技发展股份有限公司
查询“北京爱侬养老科技发展股份有限公司”此次页面显示2条关键词匹配公示。可见其他物业服务和荣华街道分公司的按摩服务公示，均不能用作北京育儿嫂差评。以上数量是所列查询关键词此次匹配的公示记录数，可能含分支、近名和不同服务工种；不同查询之间可能重叠，不合计为机构投诉总数，不是投诉率或质量排名。公示期限为一年，不涵盖全部历史、未公开投诉或所有分支。投诉内容为当事人填写，调解结果不是违法认定；达成调解不等于退款已到账。","案例：2021年养老家政换人与退费采访
日期：2021-03-15
工种：老人照护
记录：记者咨询北京爱侬门店时，工作人员答复可换服务人员，但找不到合适人员时服务费仍不退；报道主题为养老家政。
回应：店员接受记者咨询的答复本身为报道依据，并非对一宗确定投诉的书面回应。
处理结果：非个案调解，报道没有针对该咨询的退款结果。
限制：2021年门店咨询，非当前北京育儿嫂合同；既有 E05 移动版同篇，去重保留。
读取状态：本轮已打开原页面并核读正文与进度
来源：https://m.bjnews.com.cn/detail/161574656115291.html","https://m.bjnews.com.cn/detail/161574656115291.html
https://tsgs.12315.cn/#/viewport","queries.resultUrls仅为搜索返回的候选链接，可能含无关、同名或未回读页面；不自动视为采信来源，不据此生成案例或评价。案例读取及归属边界以cases为准。
https://www.315online.com/tousu/other/217984.html
https://hrss.sz.gov.cn/szsi/sbjxxgk/tzgg/simtgg/content/post_8993511.html
https://zh.wikisource.org/wiki/%E4%BD%95%E5%A7%94%E7%8F%8D%E4%B8%8E%E8%B5%B5%E6%B7%91%E7%90%B4%E7%AD%89%E6%8F%90%E4%BE%9B%E5%8A%B3%E5%8A%A1%E8%80%85%E5%8F%97%E5%AE%B3%E8%B4%A3%E4%BB%BB%E7%BA%A0%E7%BA%B7%E4%BA%8C%E5%AE%A1%E6%B0%91%E4%BA%8B%E5%88%A4%E5%86%B3%E4%B9%A6
https://zh.wikisource.org/wiki/%E5%8C%97%E4%BA%AC%E5%B8%82%E7%AC%AC%E4%BA%8C%E4%B8%AD%E7%BA%A7%E4%BA%BA%E6%B0%91%E6%B3%95%E9%99%A2%EF%BC%882023%EF%BC%89%E4%BA%AC02%E6%B0%91%E7%BB%884234%E5%8F%B7%E6%B0%91%E4%BA%8B%E5%88%A4%E5%86%B3%E4%B9%A6
https://cn.govopendata.com/caipanwenshu/2013/10/28/52893235-d594-448d-a1d2-433d2e66e927/
https://www.gzstv.com/a/54580911c781456ea7e170fa09e4698e
https://news.sina.com.cn/s/2009-12-04/142519191307.shtml
https://news.sina.com.cn/o/2009-12-05/015016719780s.shtml
https://news.sohu.com/20061117/n246450305.shtml
https://www.neeq.cc/disclosure/2021/2021-04-08/1617880016_203072.pdf
https://pdf.dfcfw.com/pdf/H2_AN202404101630108426_1.pdf?1712763165000.pdf=
https://pdf.dfcfw.com/pdf/H2_AN201902281300957483_1.pdf
https://qccdata.qichacha.com/ReportData/PDF/6f38315208899623c65cf94a92e86cd1.pdf
https://www.ainong.cn/onlineServer.shtml
https://www.ainong.cn/getDempInfo.shtml?category=1
https://www.ainong.cn/profile.shtml
https://www.xfb365.com/tousu/101905489
https://www.consumer.org.hk/sc/complaints-and-services
https://m.bjnews.com.cn/detail/161574656115291.html
https://www.ainong.cn/
https://www.xfb365.com/article/155465
https://www.xfb365.com/tousu/101341315
https://www.ainong.com.cn/pdf/jzbxzrjd_new20210402.pdf
https://finance.sina.cn/chanjing/gdxw/2021-03-15/detail-ikknscsi5197401.d.html?cre=wappage&loc=4&mod=r&r=0&rfunc=61&tj=wap_news_relate&wm=3049_0032
https://scjgj.sc.gov.cn/scjgj/c104529/2024/2/5/616e211a151346f6af4cefaf6255d69c/files/%E7%9C%81%E6%B6%88%E5%A7%942023%E5%B9%B4%E5%BA%A6%E6%B6%88%E8%B4%B9%E8%80%85%E6%8A%95%E8%AF%89%E7%BB%9F%E8%AE%A1%E5%88%86%E6%9E%90%E6%8A%A5%E5%91%8A-.pdf
https://finance.sina.com.cn/jjxw/2026-07-29/doc-inikmcpz2834774.shtml
https://static-www.szlawyers.com/file/upload/20230301/file/20230301161125_1f97d74d75bf4110afb302f2757cb37f.pdf
https://www.jiangyan.gov.cn/cms_files/filemanager/1574877257/attach/20237/4911bedc65f4401eba97a96dc37b890d.pdf?fileName=%E9%99%84%E4%BB%B6%E4%B8%8B%E8%BD%BD.pdf
https://www.bjfsh.gov.cn/zhxw/fsb/202103/P020210315318333482093.pdf",2026-09-21
agency-04,北京中青家政,本轮公开索引未取得可归属北京中青家政的具体育儿履约投诉；查得公司/培训资料不足以验证售后执行。,已按1组名称查询当前公示列表，本轮未见记录；不代表零投诉，公示期限、名称别称和公开范围会影响结果。,"[黑猫] site:tousu.sina.com.cn ""北京中青家政"" 投诉
该具体查询返回空结果；不代表平台全库无投诉。

[消费保] site:xfb315.com ""北京中青家政"" 投诉
该具体查询返回空结果；不代表平台全库无投诉。

[监管媒体] ""北京中青家政"" 投诉 退费 12315 消协 处罚 法院
本次查询返回15个索引链接（可能含无关项）。该渠道合并判读：公司全名复查主要返回培训、信用服务或名录材料；培训退款政策和泛行业报道不等于家庭育儿嫂消费投诉。 搜索页只据可见摘要判读；已回读来源另列，不把索引摘要当作已打开原文。

[消费保补查] 北京中青家政 消费保 投诉 退费
本次查询返回15个索引链接（可能含无关项）。该渠道合并判读：消费保定向与不限域补查未取得可归属个案。 搜索页只据可见摘要判读；已回读来源另列，不把索引摘要当作已打开原文。

[主体与别名补查] 北京中青家政有限公司 投诉 退费
本次查询返回15个索引链接（可能含无关项）。该渠道合并判读：公司全名复查主要返回培训、信用服务或名录材料；培训退款政策和泛行业报道不等于家庭育儿嫂消费投诉。 搜索页只据可见摘要判读；已回读来源另列，不把索引摘要当作已打开原文。

[12315站内] 北京中青家政有限公司
查询“北京中青家政有限公司”：该名称在此次公示列表未见记录，不代表零投诉或没有历史纠纷；公示期限、名称别称和公开范围会影响结果。",未取得本轮可单列案例；不代表没有投诉。,https://tsgs.12315.cn/#/viewport,"queries.resultUrls仅为搜索返回的候选链接，可能含无关、同名或未回读页面；不自动视为采信来源，不据此生成案例或评价。案例读取及归属边界以cases为准。
https://rsj.beijing.gov.cn/bm/ztzl/ssjzlwpp/202511/t20251103_4251021.html
https://www.zqjz.com/index/index/wlist?id=112
https://www.zqjz.com/index/index/list?id=86
https://www.zqjz.com/index/index/wjzfw
https://www.beijing.gov.cn/gate/big5/www.beijing.gov.cn/fuwu/lqfw/gggs/202401/t20240122_3542621.html
https://21440161.beijing.12580.tv/
https://credit.fuxin.gov.cn/xydt/gn/202201/t20220110_2742.html
https://rsj.beijing.gov.cn/bm/ztzl/ssjzlwpp/
https://rsj.beijing.gov.cn/xxgk/tzgg/202302/t20230208_2913405.html
https://www.zqjz.com/index/index/gywm?id=5
https://www.zqjz.com/index/index/jzfw?id=10
https://sw.beijing.gov.cn/tzgg/202401/t20240131_3550205.html
https://he.nvq.net.cn/siteApp/upload/1072/upload/2021-11-29/2544/98821638151107453.pdf
https://epaper.voc.com.cn/fzzb/images/2021-12/14/07/2021121407_pdf.pdf
https://img.antpedia.com/standard/pdf/1/210308/SB_T%2011224%E2%80%942021.pdf
https://www.zqjzys.com/
https://www.zqjz.com/
https://zqjz.com/
https://www.beijing.gov.cn/fuwu/lqfw/gggs/202607/t20260717_4767950.html
https://www.zqjz.com/index/index/page?id=9
https://www.beijing.gov.cn/fuwu/bmfw/bmjy/202504/t20250409_4060597.html
https://www.zqjzys.com/index.php/lists/8.html
https://scjgj.beijing.gov.cn/zwxx/scjgdt/202209/t20220928_2824871.html
https://www.bjfsh.gov.cn/zhxw/fsb/202403/P020240314558659814033.pdf
https://www.bj315.org/bjxfzzz/201401/P020140110408480491228.pdf
https://www.bjfsh.gov.cn/zhxw/fsb/202103/P020210315318333482093.pdf
https://www.zqjz.com/index/index/wpage?id=9
https://paper.people.com.cn/rmrb/images/2022-07/04/10/rmrb2022070410.pdf",2026-09-21
agency-05,无忧保姆／无忧家政,本轮补充了匹配失败、跨门店服务卡、退费扣除口径的具体线索；有企业回应与消费者异议并存。深圳消委会旧评价可留作历史参考。,已核对当前公示列表。结果包含异地分公司；首屏靠前为武汉分公司培训、家政中介及合同争议，不能将名称中的北京认作履约城市。名称匹配可含分支及其他工种，不能作为机构投诉率。,"[黑猫] site:tousu.sina.com.cn (""无忧保姆"" OR ""无忧家政"") 投诉
本次查询返回12个索引链接（可能含无关项）。该渠道合并判读：命中完整主体北京家事无忧的育儿嫂不适配退款案例及普通保姆服务卡争议；回读后分别标明工种。 搜索页只据可见摘要判读；已回读来源另列，不把索引摘要当作已打开原文。

[监管媒体] (""无忧保姆"" OR ""无忧家政"") 投诉 退费 12315 消协 处罚 法院
本次查询返回12个索引链接（可能含无关项）。该渠道合并判读：每日商报2025年采访杭州滨江店老人照护换人和退款争议；新京报2020年报道深圳消委会历史评价涉及两个深圳分公司，均非北京育儿现状。 搜索页只据可见摘要判读；已回读来源另列，不把索引摘要当作已打开原文。

[消费保] site:xfb315.com (""无忧保姆"" OR ""无忧家政"") 投诉
本次查询返回12个索引链接（可能含无关项）。该渠道合并判读：消费保可检得既有重庆育儿嫂 R003，未把其他无忧保险、培训及近名公司合并。 搜索页只据可见摘要判读；已回读来源另列，不把索引摘要当作已打开原文。

[消费保补查] 无忧保姆 消费保 投诉 退费
本次查询返回18个索引链接（可能含无关项）。该渠道合并判读：消费保可检得既有重庆育儿嫂 R003，未把其他无忧保险、培训及近名公司合并。 搜索页只据可见摘要判读；已回读来源另列，不把索引摘要当作已打开原文。

[12315站内] 北京家事无忧家政服务有限公司
查询“北京家事无忧家政服务有限公司”此次页面显示33条关键词匹配公示。结果包含异地分公司；首屏靠前为武汉分公司培训、家政中介及合同争议，不能将名称中的北京认作履约城市。以上数量是所列查询关键词此次匹配的公示记录数，可能含分支、近名和不同服务工种；不同查询之间可能重叠，不合计为机构投诉总数，不是投诉率或质量排名。公示期限为一年，不涵盖全部历史、未公开投诉或所有分支。投诉内容为当事人填写，调解结果不是违法认定；达成调解不等于退款已到账。","案例：育儿嫂适配与替换后退款诉求
日期：2024-09-26
工种：育儿嫂
记录：消费者具名北京家事无忧，称首位育儿人员工作约一周后不满意，后续推荐也未满足需求，要求退费。
回应：平台显示商家未匹配成功，无企业答复。
处理结果：待分配商家，未见退款结果。
限制：完整公司名称可归属，但履约城市未披露，正文到岗日期仍为占位符，细节与合同未经核验。
读取状态：本轮已打开原页面并核读正文与进度
来源：https://tousu.sina.com.cn/complaint/view/17376218111

案例：普通保姆不适配与服务卡跨店使用争议
日期：2025-05-23
工种：普通保姆
记录：消费者具名北京家事无忧，对做饭等家务表现及3,000元服务卡转给他人后跨门店使用受限提出退款诉求。
回应：商家未匹配成功，未见企业答复。
处理结果：待分配商家，无退款确认。
限制：单方公开投诉，未核合同、订单、证据附件或裁判；品牌归属不等于北京履约。
读取状态：本轮已打开原页面并核读正文与进度
来源：https://tousu.sina.com.cn/complaint/view/17383275518

案例：杭州老人照护换人不及时与退款扣除争议
日期：2025-07-15
工种：卧床老人照护
记录：滨江门店客户称支付3,500元半年服务费后，人员更换和面试安排屡次未落实，要求退费；报道核见合同方为北京家事无忧。
回应：企业提出退1,400元、扣除2,100元，称扣款规则在签约时已告知；消费者不认可相关说明和扣款。
处理结果：报道时双方仍有分歧，未见退款到账确认。
限制：杭州老人照护，不是北京育儿；新闻反映双方观点，不能代替司法确定合同效力。
读取状态：本轮已打开原页面并核读正文与进度
来源：https://hzdaily.hangzhou.com.cn/mrsb/2025/07/15/article_detail_3_20250715A114.html

案例：2020年深圳消委会家政消费评价报道
日期：2020-06-11
工种：家政综合
记录：报道引用深圳市消委会对2019年5月至2020年5月期间的家政消费投诉评价，北京家事无忧深圳宝安、南油分公司因处理情况较差被列入相关评价名单。
回应：本次读到报道未取得涉事分公司针对此评价的完整回复。
处理结果：属于历史消协评价，无单个用户退款结果。
限制：未读消委会原始全量评价底表；深圳分公司、旧时间窗口，非行政处罚，不代表当前北京育儿嫂投诉率。
读取状态：本轮已打开原页面并核读正文与进度
来源：https://finance.sina.com.cn/chanjing/gsnews/2020-06-11/doc-iircuyvi7975360.shtml","https://tousu.sina.com.cn/complaint/view/17376218111
https://tousu.sina.com.cn/complaint/view/17383275518
https://hzdaily.hangzhou.com.cn/mrsb/2025/07/15/article_detail_3_20250715A114.html
https://finance.sina.com.cn/chanjing/gsnews/2020-06-11/doc-iircuyvi7975360.shtml
https://tsgs.12315.cn/#/viewport","queries.resultUrls仅为搜索返回的候选链接，可能含无关、同名或未回读页面；不自动视为采信来源，不据此生成案例或评价。案例读取及归属边界以cases为准。
https://tousu.sina.com.cn/company/view/?couid=3018346091
https://tousu.sina.com.cn/complaint/view/17383275518?sld=38c11f5abd0d44a70505c4641edffe14
https://tousu.sina.com.cn/complaint/view/17371948434
https://tousu.sina.com.cn/complaint/view/17372698825
https://tousu.sina.com.cn/complaint/view/17392306619?sld=7f5f44e4466e37828e13f4fcf60202b7
https://tousu.sina.com.cn/complaint/view/17376218111?sld=19bc83ff3897be62a6e3e60fb37c986f
https://tousu.sina.com.cn/complaint/view/17395006509?sld=3583a173540420528e0579798dbe14c7
https://tousu.sina.com.cn/complaint/view/17400313326?sld=70851b8603b202c70c0a70c2a59d2032
https://tousu.sina.com.cn/complaint/view/17394616867?sld=d1675c595476a562a3c4bb68492ed322
https://tousu.sina.com.cn/complaint/view/17393257291?sld=538ed7970fb27d4cb236fc1a30cda9f9
https://tousu.sina.com.cn/complaint/view/17392136749?sld=840f1a5a0ae70b38c1efbe83c88f8f8f
https://tousu.sina.com.cn/articles/view/312666
https://hzdaily.hangzhou.com.cn/mrsb/2025/07/15/article_detail_3_20250715A114.html
https://scjgj.cq.gov.cn/zwxx_225/bmdt/zj/202601/t20260129_15364317.html
https://app.xinhuanet.com/news/article.html?articleId=1444ad698afb543ecaa701e73ffc4f52
https://www.cqyz.gov.cn/ztzl_229/xzfywsgk/202503/t20250328_14460533.html
https://finance.sina.com.cn/chanjing/gsnews/2020-06-11/doc-iircuyvi7975360.shtml
https://zh.wikisource.org/wiki/%E5%B9%BF%E4%B8%9C%E7%9C%81%E5%B9%BF%E5%B7%9E%E5%B8%82%E7%99%BD%E4%BA%91%E5%8C%BA%E4%BA%BA%E6%B0%91%E6%B3%95%E9%99%A2%EF%BC%882023%EF%BC%89%E7%B2%A40111%E6%B0%91%E5%88%9D3812%E5%8F%B7%E6%B0%91%E4%BA%8B%E5%88%A4%E5%86%B3%E4%B9%A6
https://zh.wikisource.org/zh-hans/%E5%B9%BF%E5%B7%9E%E9%9B%AA%E6%A2%85%E6%97%A0%E5%BF%A7%E5%AE%B6%E6%94%BF%E6%9C%89%E9%99%90%E5%85%AC%E5%8F%B8%E3%80%81%E9%82%B1%E7%87%95%E7%AD%89%E5%AE%B6%E6%94%BF%E6%9C%8D%E5%8A%A1%E5%90%88%E5%90%8C%E7%BA%A0%E7%BA%B7%E6%B0%91%E4%BA%8B%E4%B8%80%E5%AE%A1%E6%B0%91%E4%BA%8B%E5%88%A4%E5%86%B3%E4%B9%A6
https://scjgj.sc.gov.cn/scjgj/c104529/2024/2/5/616e211a151346f6af4cefaf6255d69c/files/%E7%9C%81%E6%B6%88%E5%A7%942023%E5%B9%B4%E5%BA%A6%E6%B6%88%E8%B4%B9%E8%80%85%E6%8A%95%E8%AF%89%E7%BB%9F%E8%AE%A1%E5%88%86%E6%9E%90%E6%8A%A5%E5%91%8A-.pdf
https://m.xfb315.com/tousu/96506246
https://www.xfb315.com/tousu/97910455
https://m.xfb315.com/tousu/100200788
https://m.xfb315.com/tousu/100821382
https://m.xfb315.com/tousu/99255027
https://www.xfb315.com/tousu/98643718
https://m.xfb315.com/tousu/97711345
https://m.xfb315.com/tousu/98187570
https://www.xfb315.com/tousu/101020273
https://www.xfb315.com/tousu/100477340
https://m.xfb315.com/tousu/97296824
https://www.xfb315.com/tousu/97344817
https://apps.apple.com/tw/app/%E6%97%A0%E5%BF%A7%E4%BF%9D%E5%A7%86-%E4%B8%93%E4%B8%9A%E5%AE%B6%E6%94%BF%E4%BF%9D%E5%A7%86%E6%9C%8D%E5%8A%A1%E5%B9%B3%E5%8F%B0/id711993906
https://apps.apple.com/cn/app/%E6%97%A0%E5%BF%A7%E4%BF%9D%E5%A7%86-%E4%B8%93%E4%B8%9A%E5%AE%B6%E6%94%BF%E4%BF%9D%E5%A7%86%E6%9C%8D%E5%8A%A1%E5%B9%B3%E5%8F%B0/id711993906
https://apps.apple.com/cn/app/%E6%97%A0%E5%BF%A7%E4%BF%9D%E5%A7%86-%E4%B8%93%E4%B8%9A%E5%AE%B6%E6%94%BF%E4%BF%9D%E5%A7%86%E6%9C%8D%E5%8A%A1%E5%B9%B3%E5%8F%B0/id711993906?platform=mac
https://apps.apple.com/cn/app/%E6%97%A0%E5%BF%A7%E5%AE%B6%E6%94%BF-%E5%AE%B6%E6%94%BF%E6%9C%8D%E5%8A%A1%E5%B9%B3%E5%8F%B0/id1141299750
https://apps.apple.com/hk/app/%E6%97%A0%E5%BF%A7%E4%BF%9D%E5%A7%86-%E4%B8%93%E4%B8%9A%E5%AE%B6%E6%94%BF%E4%BF%9D%E5%A7%86%E6%9C%8D%E5%8A%A1%E5%B9%B3%E5%8F%B0/id711993906
https://apps.apple.com/ci/app/%E6%97%A0%E5%BF%A7%E4%BF%9D%E5%A7%86-%E4%B8%93%E4%B8%9A%E5%AE%B6%E6%94%BF%E4%BF%9D%E5%A7%86%E6%9C%8D%E5%8A%A1%E5%B9%B3%E5%8F%B0/id711993906
https://www.wuyou.com/complain
https://iphoneaddict.fr/apps/style-de-vie/app-711993906.html
https://www.xfb365.com/tousu/100374323
https://www.xfb365.com/tousu/100927871
https://www.sohu.com/a/401250249_114988
https://www.jzcn.org/index/index/info.html?cid=23&id=878
https://fs-cdn.iyb.tm/data/stornwind/product/20220519154045837.pdf
https://szb.nxrb.cn/nxrb/pc/att/202203/15/03ddb3b1-9766-4023-9f57-e7ad17ffc920.pdf
https://www.bj315.org/bjxfzzz/2023n/202303/P020250423572207351009.pdf
https://www.100ec.cn/Public/document/2019zxjyxftsbg.pdf
https://www.zzgx.gov.cn/attachment/20260325A11_pdf.pdf?d3hq47hC_EG6RZt3LBYwAtT6Wr4oEQF4NL_rZv0XL3JTlUrOO2ZyL1-jLkgdkURy2AaYs9OZftM85gBfS_JSRAL_JNU=",2026-09-21
agency-06,十月阳光,本轮公开索引未取得可归属的具体投诉；现有退款文章属于规则宣传或知识内容，尚不能证明实际退费与换人执行。,已按1组名称查询当前公示列表，本轮未见记录；不代表零投诉，公示期限、名称别称和公开范围会影响结果。,"[黑猫] site:tousu.sina.com.cn ""十月阳光"" 投诉
该具体查询返回空结果；不代表平台全库无投诉。

[消费保] site:xfb315.com ""十月阳光"" 投诉
该具体查询返回空结果；不代表平台全库无投诉。

[监管媒体] ""十月阳光"" 投诉 退费 12315 消协 处罚 法院
本次查询返回12个索引链接（可能含无关项）。该渠道合并判读：投诉/退款关键词主要命中自有网站的维权建议、问答与营销页；不能将其中举例当作实际客诉。 搜索页只据可见摘要判读；已回读来源另列，不把索引摘要当作已打开原文。

[消费保补查] 十月阳光 消费保 投诉 退费
本次查询返回18个索引链接（可能含无关项）。该渠道合并判读：消费保定向及补查未取得可归属个案。 搜索页只据可见摘要判读；已回读来源另列，不把索引摘要当作已打开原文。

[12315站内] 北京维骐迅腾投资管理有限公司
查询“北京维骐迅腾投资管理有限公司”：该名称在此次公示列表未见记录，不代表零投诉或没有历史纠纷；公示期限、名称别称和公开范围会影响结果。",未取得本轮可单列案例；不代表没有投诉。,https://tsgs.12315.cn/#/viewport,"queries.resultUrls仅为搜索返回的候选链接，可能含无关、同名或未回读页面；不自动视为采信来源，不据此生成案例或评价。案例读取及归属边界以cases为准。
https://www.octsunshine.com/n/con-6960
https://www.ayioct.cn/baomu/4536.html
https://www.ayioct.cn/baomu/4483.html
https://www.octsunshine.com/m/newscon-6147
https://www.octsunshine.com/n/con-7453
https://www.octsunshine.com/n/con-6282
https://www.octsunshine.com/n/con-10533
https://www.octsunshine.com/n/con-11555
https://www.octsunshine.com/n/con-11879
https://www.ayioct.cn/yuesao/4495.html
https://www.ayioct.cn/yuesao/4626.html
https://www.octsunshine.com/n/con-10634
https://appeal.cpc.ey.gov.tw/
https://www.xfb365.com/tousu/101810651
https://www.xfb365.com/
https://www.xfb315.com/tousu/98852845
https://www.xfb365.com/tousu/101695832
https://www.cebscf.com/cebscf/xfzqybh/xxgg/2022092911245768166/index.html
https://www.xfb365.com/tousu/101314192
https://www.cebscf.com/cebscf/xfzqybh/xcjy/2024101714583777591/index.html
https://tousu.sina.com.cn/?oid=.lrp
https://tousu.sina.com.cn/?oid=.tld
https://www.xfb365.com/brands/1214
https://www.xinyong99.com/upload/220429/2204291941068490.pdf
https://epaper.sanqin.com/html/pic/202501/10/b1c4d4bd-b724-48f8-a4a9-6f602db7e9d5.pdf
https://doss.xhby.net/zpaper/njcb/pc/att/202503/21/5e865d08-3e08-4d9e-9f13-087391904442.pdf
https://zjjcmspublic.oss-cn-hangzhou-zwynet-d01-a.internet.cloud.zj.gov.cn/jcms_files/jcms1/web2977/site/attach/0/d427461e850243c68d047174110d28ca.pdf
https://epaper.qingdaonews.com/qdzb/resfile/2025-03-15/A04/qdzb-20250315-A04.pdf
https://ep.ycwb.com/epaper/xkb/resfile/2025-10-21/A06/xkb20251021A06.pdf",2026-09-21
agency-07,我爱我妻,本轮未新增可归属北京签约主体的育儿嫂投诉；异地月嫂线索保留为排除项，不能跨城市跨门店归因。,已按1组名称查询当前公示列表，本轮未见记录；不代表零投诉，公示期限、名称别称和公开范围会影响结果。,"[黑猫] site:tousu.sina.com.cn ""我爱我妻"" 投诉
该具体查询返回空结果；不代表平台全库无投诉。

[消费保] site:xfb315.com ""我爱我妻"" 投诉
该具体查询返回空结果；不代表平台全库无投诉。

[监管媒体] ""我爱我妻"" 投诉 退费 12315 消协 处罚 法院
本次查询返回16个索引链接（可能含无关项）。该渠道合并判读：检得如皋月嫂体检争议报道线索及历史品牌宣传，但如皋主体、加盟关系未闭环，未算入北京育儿嫂投诉。 搜索页只据可见摘要判读；已回读来源另列，不把索引摘要当作已打开原文。

[消费保补查] 我爱我妻 消费保 投诉 退费
本次查询返回18个索引链接（可能含无关项）。该渠道合并判读：消费保定向与补查未取得可归属北京主体个案。 搜索页只据可见摘要判读；已回读来源另列，不把索引摘要当作已打开原文。

[主体与别名补查] 北京我爱我妻科技有限公司 投诉
本次查询返回17个索引链接（可能含无关项）。该渠道合并判读：检得如皋月嫂体检争议报道线索及历史品牌宣传，但如皋主体、加盟关系未闭环，未算入北京育儿嫂投诉。 搜索页只据可见摘要判读；已回读来源另列，不把索引摘要当作已打开原文。

[12315站内] 北京我爱我妻科技有限公司
查询“北京我爱我妻科技有限公司”：该名称在此次公示列表未见记录，不代表零投诉或没有历史纠纷；公示期限、名称别称和公开范围会影响结果。",未取得本轮可单列案例；不代表没有投诉。,https://tsgs.12315.cn/#/viewport,"queries.resultUrls仅为搜索返回的候选链接，可能含无关、同名或未回读页面；不自动视为采信来源，不据此生成案例或评价。案例读取及归属边界以cases为准。
https://www.jxxyrz.org/article-38252-128087.html
https://www.jiangmen.gov.cn/attachment/0/269/269367/3203053.pdf
https://www.sohu.com/a/515219818_99958661
https://www.jiangmen.gov.cn/szdwzt/sshbxjjglj/zwgk/tzgg/201906/P020190613429946075322.pdf
https://weibo.com/2/detail/comos%3Aniqkzme7855256
https://www.mof.gov.cn/zhengwuxinxi/caizhengxinwen/202006/P020200611601420467159.pdf
https://www.qiyeku.cn/b2b/8230237.html
https://file.m12333.cn/upfile/download/65de56be-b25b-b999-9b42-ae938050fed6.pdf
https://www.cnpp.cn/pinpai/98900.html
https://news.sina.com.cn/c/2010-08-16/165417972627s.shtml
https://www.sohu.com/a/1017663120_122697011
https://epaper.qlwb.com.cn/qlwb/PDF/20170814/A03.pdf
https://www.sohu.com/a/1014866604_122700558
https://www.tvmao.cn/drama/HzBqJis%3D
https://search.megbook.com.tw/mall/detail.jsp?proID=2479463
https://www.fenbi.com/page/position-detail/28281113
https://www.xfb365.com/
https://www.xfb365.com/tousu/101162524
https://www.xfb365.com/complaint/create?channel=pc_head
https://app.meizu.com/apps/public/detail?package_name=com.xiaofeibao.xiaofeibao
https://www.xfb365.com/article/141336
https://www.xfb315.com/tousu/97249801
https://www.consumer.org.hk/sc/complaints-and-services
https://www.xfb365.com/guide
https://ah.tousu.sina.com.cn/
https://sh.tousu.sina.com.cn/
https://hb.tousu.sina.com.cn/
https://ln.tousu.sina.com.cn/
https://epaper.sanqin.com/html/pic/202501/10/b1c4d4bd-b724-48f8-a4a9-6f602db7e9d5.pdf
https://www.bjfsh.gov.cn/zhxw/fsb/202103/P020210315318333482093.pdf
https://doss.xhby.net/zpaper/njcb/pc/att/202503/21/5e865d08-3e08-4d9e-9f13-087391904442.pdf
https://epaper.tianjinwe.com/tjrb/resfile/2025-03-12/12/12.pdf
https://szb.qzwb.com/qzwb/pc/att/202511/17/acb6a6aa-0e8f-47f5-a164-b6c2c67e6462.pdf
https://epaper.zjgrrb.com/images/2019-10/15/z2019101500002.pdf
https://12389.mps.gov.cn/
https://app.gjzwfw.gov.cn/jmopen/webapp/html5/bjjyycmlxxcx/index.html
https://www.beijing.gov.cn/fuwu/bmfw/bmjy/202504/t20250409_4060597.html
https://bt.gsxt.gov.cn/subPubSys-110000.html
https://www.bjjubao.org.cn/2026-07/21/content_48958.html
https://credit.tjbc.gov.cn/
https://scjgj.beijing.gov.cn/hdjl/
https://bj.5i5j.com/servicecommitment/detail?second=3
https://www.bjjubao.org/
https://www.xfb365.com/tousu/101233152
https://www.bjjubao.org.cn/
https://zh.wikipedia.org/wiki/%E6%88%91%E7%88%B1%E6%88%91%E5%AE%B6_%28%E6%88%BF%E4%BA%A7%E5%85%AC%E5%8F%B8%29
https://www.miit.gov.cn/cms_files/filemanager/1226211233/attach/20231/928d488c632c4e819d25a7a1473d63fd.pdf
https://www.reddit.com/r/real_China_irl/comments/1b1zvwg
https://pdf.dfcfw.com/pdf/H2_AN202309081598123102_1.pdf
https://www.reddit.com/r/China_irl/comments/1lphl68",2026-09-21
agency-08,亿婴宝,已补实既有月嫂投诉的工种、状态和回复缺失；本轮没有新增可核育儿嫂个案。,已回读详情中最新公示（2026-09-10）：北京亿婴宝教育科技有限公司，服务类别为家政中介服务，处理结果为“未达成调解协议”。公示未披露协议细节及退款到账证据，不能据此推断北京育儿嫂整体服务质量。,"[黑猫] site:tousu.sina.com.cn ""亿婴宝"" 投诉
本次查询返回1个索引链接（可能含无关项）。该渠道合并判读：回读既有黑猫 R004：月嫂提前结束服务与退费争议；页面商家尚未匹配，不存在可读企业答复。 搜索页只据可见摘要判读；已回读来源另列，不把索引摘要当作已打开原文。

[消费保] site:xfb315.com ""亿婴宝"" 投诉
该具体查询返回空结果；不代表平台全库无投诉。

[监管媒体] ""亿婴宝"" 投诉 退费 12315 消协 处罚 法院
本次查询返回15个索引链接（可能含无关项）。该渠道合并判读：未取得足以归属该主体的公开监管处罚或权威裁判原文。 搜索页只据可见摘要判读；已回读来源另列，不把索引摘要当作已打开原文。

[消费保补查] 亿婴宝 消费保 投诉 退费
本次查询返回17个索引链接（可能含无关项）。该渠道合并判读：消费保补查未获得独立新增可归属个案，结果主要复现黑猫线索或营销页面。 搜索页只据可见摘要判读；已回读来源另列，不把索引摘要当作已打开原文。

[12315站内] 北京亿婴宝教育科技有限公司
查询“北京亿婴宝教育科技有限公司”此次页面显示1条关键词匹配公示。可见家政中介服务格式条款及退赔争议，公示于2026-09-10；回读详情为未达成调解协议，未细分育儿嫂工种。以上数量是所列查询关键词此次匹配的公示记录数，可能含分支、近名和不同服务工种；不同查询之间可能重叠，不合计为机构投诉总数，不是投诉率或质量排名。公示期限为一年，不涵盖全部历史、未公开投诉或所有分支。投诉内容为当事人填写，调解结果不是违法认定；达成调解不等于退款已到账。","案例：月嫂服务天数与退款争议
日期：2024-11-06
工种：月嫂
记录：消费者对18,800元月嫂服务中多次换人、服务天数不足及退费提出异议。
回应：商家未匹配成功，未见公司回复。
处理结果：待分配商家，未见退款确认。
限制：非长期育儿嫂；城市未披露、单方指控未核。既有 R004 回读补实。
读取状态：本轮已打开原页面并核读正文与进度
来源：https://tousu.sina.com.cn/complaint/view/17377268572

案例：北京亿婴宝教育科技有限公司消费投诉处理公示
日期：2026-07-06
工种：家政中介服务
记录：消费者反映2026-05-24购买的家政中介服务涉及格式条款、赔偿及退赔争议。官方公示列出的处理结果为“未达成调解协议”。
回应：公示没有展示企业具体答复。
处理结果：未达成调解协议
处理部门：北京朝阳区市场监督管理局
限制：投诉基本信息与问题由当事人填报，不是违法认定。公示未披露协议具体内容、退款金额或到账证据；未确认该单为育儿嫂。公示期限为一年，本次只回读选取的具名详情。
读取状态：已打开12315官方详情，核对主体、服务及处理结果
来源：https://tsgs.12315.cn/#/viewport","https://tousu.sina.com.cn/complaint/view/17377268572
https://tsgs.12315.cn/#/viewport","queries.resultUrls仅为搜索返回的候选链接，可能含无关、同名或未回读页面；不自动视为采信来源，不据此生成案例或评价。案例读取及归属边界以cases为准。
https://tousu.sina.com.cn/complaint/view/17377268572?sld=c088c5fc2fd7672fb1101a6da537b109
https://www.bjhd.gov.cn/ztzx/2020zt/hdqzfgs/dsz_62030/dtxx/zfjggs/xzxk/202110/P020211009333255049491.pdf
https://fgw.beijing.gov.cn/gzdt/tztg/202301/P020230110612533374214.pdf
https://www.91xuanxiao.cn/class/1019506.html
https://www.91xuanxiao.cn/edu/bjyyb.html
https://www.inxue.com/school-8012/
https://www.ipscg.com/info8.html
https://finance.sina.com.cn/jjxw/2024-01-29/doc-inafeuwe8195895.shtml
https://www.91xuanxiao.cn/edu/bjyyb-jianjie.html
https://m.zgxledu.com/edu/bjyyb-jianjie.html
https://www.jxyushan.jcy.gov.cn/jchd/dxal/202603/t20260320_7642923.shtml
https://www.cnblogs.com/1699-m-20260616/p/20848781
https://xinwen.bjd.com.cn/channels/5b165687a010550e5ddc0e6a/contentShare/5de8be9be4b0fe93cc167bbc/AP644bc695e4b05339adccdbf9.html
https://www.sohu.com/a/1053807347_122909520
https://file.m12333.cn/upfile/download/037f6044-4c0f-d692-15a1-7853e391f368.pdf
https://m.sohu.com/a/1053360357_122895039
https://www.xfb365.com/
https://www.xfb365.com/tousu/101883256
https://apps.apple.com/us/app/%E6%B6%88%E8%B4%B9%E4%BF%9D-%E6%B6%88%E8%B4%B9%E6%8A%95%E8%AF%89%E4%B8%8E%E6%B3%95%E5%BE%8B%E6%9C%8D%E5%8A%A1%E5%B9%B3%E5%8F%B0/id1052051394
https://apps.apple.com/ae/app/%E6%B6%88%E8%B4%B9%E4%BF%9D/id1052051394
https://www.xfb365.com/complaint/create?channel=pc_head
https://apps.apple.com/gb/app/%E6%B6%88%E8%B4%B9%E4%BF%9D/id1052051394
https://apps.apple.com/pl/app/%E6%B6%88%E8%B4%B9%E4%BF%9D/id1052051394
https://apps.apple.com/ca/app/%E6%B6%88%E8%B4%B9%E4%BF%9D/id1052051394
https://www.xfb365.com/tousu/101738040
https://apps.apple.com/ca/app/%E6%B6%88%E8%B4%B9%E4%BF%9D-%E6%B6%88%E8%B4%B9%E6%8A%95%E8%AF%89%E4%B8%8E%E6%B3%95%E5%BE%8B%E6%9C%8D%E5%8A%A1%E5%B9%B3%E5%8F%B0/id1052051394
https://www.xfb365.com/tousu/96762555
https://www.xfb365.com/tousu/99510819
https://www.icbc-axa.com/attachmentDir/file/202404/2615393928wa.pdf
https://aigc.idigital.com.cn/djyanbao/%E3%80%90%E7%BD%91%E7%BB%8F%E7%A4%BE%E3%80%912023%E5%B9%B4%E5%BA%A6%E4%B8%AD%E5%9B%BD%E7%94%B5%E5%95%86%E6%9C%8D%E5%8A%A1%E5%95%86%E6%B6%88%E8%B4%B9%E6%8A%95%E8%AF%89%E6%95%B0%E6%8D%AE%E4%B8%8E%E5%85%B8%E5%9E%8B%E6%A1%88%E4%BE%8B%E6%8A%A5%E5%91%8A-2024-03-28.pdf
https://www.hub315.org.cn/u/cms/hub315/202512/17093821xn0f.pdf
https://www.bjfsh.gov.cn/zhxw/fsb/202103/P020210315318333482093.pdf
https://doss.xhby.net/zpaper/njcb/pc/att/202503/21/5e865d08-3e08-4d9e-9f13-087391904442.pdf",2026-09-21
agency-09,万婴宝,本轮公开索引未取得可归属万婴宝的具体履约个案；营销介绍不能作为独立口碑。,已回读详情中最新公示（2026-07-17）：北京万婴宝家政服务有限公司，服务类别为家政中介服务，处理结果为“达成调解协议”。公示未披露协议细节及退款到账证据，不能据此推断北京育儿嫂整体服务质量。,"[黑猫] site:tousu.sina.com.cn ""万婴宝"" 投诉
本次查询返回1个索引链接（可能含无关项）。该渠道合并判读：黑猫定向未取得万婴宝可归属个案。 搜索页只据可见摘要判读；已回读来源另列，不把索引摘要当作已打开原文。

[监管媒体] ""万婴宝"" 投诉 退费 12315 消协 处罚 法院
本次查询返回14个索引链接（可能含无关项）。该渠道合并判读：检索返回品牌介绍、目录及不相关行业投诉，未取得指向北京万婴宝的明确处罚、诉讼或媒体客诉。 搜索页只据可见摘要判读；已回读来源另列，不把索引摘要当作已打开原文。

[消费保] site:xfb315.com ""万婴宝"" 投诉
该具体查询返回空结果；不代表平台全库无投诉。

[消费保补查] 万婴宝 消费保 投诉 退费
本次查询返回18个索引链接（可能含无关项）。该渠道合并判读：消费保定向与补查未取得可归属个案。 搜索页只据可见摘要判读；已回读来源另列，不把索引摘要当作已打开原文。

[12315站内] 北京万婴宝家政服务有限公司
查询“北京万婴宝家政服务有限公司”此次页面显示1条关键词匹配公示。可见2026-07-17公示的家政中介合同争议，详情标明达成调解协议；没有披露具体退款金额或到账凭证。以上数量是所列查询关键词此次匹配的公示记录数，可能含分支、近名和不同服务工种；不同查询之间可能重叠，不合计为机构投诉总数，不是投诉率或质量排名。公示期限为一年，不涵盖全部历史、未公开投诉或所有分支。投诉内容为当事人填写，调解结果不是违法认定；达成调解不等于退款已到账。","案例：北京万婴宝家政服务有限公司消费投诉处理公示
日期：2026-07-13
工种：家政中介服务
记录：消费者反映2026-07-13购买的家政中介服务涉及其他合同问题，要求退货并核定责任。官方公示列出的处理结果为“达成调解协议”。
回应：公示没有展示企业具体答复。
处理结果：达成调解协议
处理部门：北京朝阳区市场监督管理局
限制：投诉基本信息与问题由当事人填报，不是违法认定。公示未披露协议具体内容、退款金额或到账证据；未确认该单为育儿嫂。公示期限为一年，本次只回读选取的具名详情。
读取状态：已打开12315官方详情，核对主体、服务及处理结果
来源：https://tsgs.12315.cn/#/viewport",https://tsgs.12315.cn/#/viewport,"queries.resultUrls仅为搜索返回的候选链接，可能含无关、同名或未回读页面；不自动视为采信来源，不据此生成案例或评价。案例读取及归属边界以cases为准。
https://tousu.sina.com.cn/?oid=94
https://www.samr.gov.cn/?eqid=ec8e0baf00542c1000000003648ba0f8
https://www.samr.gov.cn/?agt=15417
https://news.hsw.cn/system/2026/0613/1936609.shtml
https://www.court.gov.cn/shenpan/xiangqing/350961.html
https://www.xudoodoo.com/Article-MTU1OQ-48883.html
https://www.samr.gov.cn/zw/zfxxgk/fdzdgknr/fgs/art/2026/art_20b712373c61454285926ad18c1a4a44.html
https://www.xudoodoo.com/Article-MTU1OQ-35144.html
https://www.qingdaonews.com/content/2013-03/19/content_9652676.htm
https://www.fudian-bank.com/file/fudian/cn/file/20241119/1732004700834027656.pdf
https://ipscg.com/info8.html
https://www.hqol.cn/zixun/article-MTU1OQ%3D%3D-2835983.html
https://www.jxyushan.jcy.gov.cn/jchd/dxal/202603/t20260320_7642923.shtml
https://sp.hc23.com/d-323.shtml
https://patentimages.storage.googleapis.com/4f/ad/3d/1090c2c3f3136a/CN112056403A.pdf
https://apps.apple.com/cn/app/%E6%B6%88%E8%B4%B9%E4%BF%9D-%E6%B6%88%E8%B4%B9%E6%8A%95%E8%AF%89%E4%B8%8E%E6%B3%95%E5%BE%8B%E6%9C%8D%E5%8A%A1%E5%B9%B3%E5%8F%B0/id1052051394
https://www.xfb365.com/
https://www.xfb365.com/guide
https://www.zhirenlawyer.com/zrbg/4043.html
https://zjnews.zjol.com.cn/202203/t20220315_23940913.shtml
https://www.ah315.cn/display.asp?id=146048
https://fw.scjgj.sh.gov.cn/shaic/12315/jb_index.htm
https://hznews.hangzhou.com.cn/jingji/content/2022-09/30/content_8365601.htm
https://www.hub315.org.cn/u/cms/hub315/202512/17093821xn0f.pdf
https://www.zzgx.gov.cn/attachment/20260325A11_pdf.pdf?d3hq47hC_EG6RZt3LBYwAtT6Wr4oEQF4NL_rZv0XL3JTlUrOO2ZyL1-jLkgdkURy2AaYs9OZftM85gBfS_JSRAL_JNU=
https://ah.tousu.sina.com.cn/
https://hb.tousu.sina.com.cn/
https://hunan.tousu.sina.com.cn/
https://sh.tousu.sina.com.cn/
https://doss.xhby.net/zpaper/njcb/pc/att/202503/21/5e865d08-3e08-4d9e-9f13-087391904442.pdf
https://www.100ec.cn/zt/24Q1tsbg/img/ts.pdf
https://www.100ec.cn/zt/23fwstsbg/img/ts.pdf
https://www.bjfsh.gov.cn/zhxw/fsb/202103/P020210315318333482093.pdf",2026-09-21
agency-10,喜来盈,本轮公开索引未取得可归属喜来盈育儿服务个案；未将近名公司的处罚当作本机构风险。,已按1组名称查询当前公示列表，本轮未见记录；不代表零投诉，公示期限、名称别称和公开范围会影响结果。,"[黑猫] site:tousu.sina.com.cn ""喜来盈"" 投诉
本次查询返回1个索引链接（可能含无关项）。该渠道合并判读：黑猫限定未取得喜来盈可归属个案。 搜索页只据可见摘要判读；已回读来源另列，不把索引摘要当作已打开原文。

[消费保] site:xfb315.com ""喜来盈"" 投诉
该具体查询返回空结果；不代表平台全库无投诉。

[监管媒体] ""喜来盈"" 投诉 退费 12315 消协 处罚 法院
本次查询返回9个索引链接（可能含无关项）。该渠道合并判读：结果中的喜来健理疗/器械争议不是喜来盈家政；其他为品牌介绍或服务目录。 搜索页只据可见摘要判读；已回读来源另列，不把索引摘要当作已打开原文。

[消费保补查] 喜来盈 消费保 投诉 退费
本次查询返回18个索引链接（可能含无关项）。该渠道合并判读：消费保限定及不限域补查未取得可归属个案。 搜索页只据可见摘要判读；已回读来源另列，不把索引摘要当作已打开原文。

[12315站内] 北京喜来盈家政服务有限公司
查询“北京喜来盈家政服务有限公司”：该名称在此次公示列表未见记录，不代表零投诉或没有历史纠纷；公示期限、名称别称和公开范围会影响结果。",未取得本轮可单列案例；不代表没有投诉。,https://tsgs.12315.cn/#/viewport,"queries.resultUrls仅为搜索返回的候选链接，可能含无关、同名或未回读页面；不自动视为采信来源，不据此生成案例或评价。案例读取及归属边界以cases为准。
https://tousu.sina.com.cn/articles/view/381993
https://www.thepaper.cn/newsDetail_forward_19751434
https://www.sungyoo.com/tfzx/2026-3/17/260754.html
https://m.thepaper.cn/newsDetail_forward_24726061
https://static.cninfo.com.cn/finalpage/2014-05-30/64082552.PDF
https://www.pianjujiemi.com/a/34299.html
https://zjjcmspublic.oss-cn-hangzhou-zwynet-d01-a.internet.cloud.zj.gov.cn/jcms_files/jcms1/web2634/site/attach/0/0289bad3dba447c781b5ee7fd21f483f.pdf
https://www.sdcourt.gov.cn/jntlfy/380112/380090/33790275-2.html
https://static.sse.com.cn/stock/disclosure/announcement/c/202308/001616_20230811_0JBV.pdf
https://epaper.cs.com.cn/zgzqb/images/2022-08/18/B093/zqB09318.pdf
https://appeal.cpc.ey.gov.tw/
https://www.xfb365.com/
https://www.consumer.org.hk/sc/complaints-and-services
https://www.xfb365.com/guide
https://fw.scjgj.sh.gov.cn/shaic/12315/jb_index.htm
https://51xf.cn/customer/
https://property.cic.cn/xbzq/index.jhtml
https://sh.tousu.sina.com.cn/
https://www.beijing.gov.cn/fuwu/bmfw/bmjy/202504/t20250409_4060597.html
https://ah.tousu.sina.com.cn/
https://www.haiercash.com/
https://hunan.tousu.sina.com.cn/
https://www.dahsing.com.cn/portal/zh_CN/upload/ew/20250430111512452.pdf
https://www.why.com.cn/epublish/qnb/resfile/2025-03-14/A04/QNBA04B20250314C.pdf
https://www.bjfsh.gov.cn/zhxw/fsb/202103/P020210315318333482093.pdf
https://yhcb.eyh.cn/resfile/2025-02-11/07/yhsb-20250211-007.pdf
https://doss.xhby.net/zpaper/njcb/pc/att/202503/21/5e865d08-3e08-4d9e-9f13-087391904442.pdf
https://yptimes.shyp.gov.cn/resfile/2022-03-15/06/06.pdf",2026-09-21
agency-11,柚妈柚子,本轮公开索引未取得可归属的投诉；主要缺口是当前合同主体与历史品牌主体关系，以及实际退费执行。,已核对当前公示列表。可见杭州分公司再就业培训公示，非北京育儿嫂订单；品牌当前运营主体关系仍需核对。可见怀孕及分娩护理、家政中介安全争议公示；该主体与柚妈柚子的品牌责任关系未取得正式证明，不合并为已确认品牌责任。名称匹配可含分支及其他工种，不能作为机构投诉率。,"[黑猫] site:tousu.sina.com.cn ""柚妈柚子"" 投诉
该具体查询返回空结果；不代表平台全库无投诉。

[消费保] site:xfb315.com ""柚妈柚子"" 投诉
该具体查询返回空结果；不代表平台全库无投诉。

[监管媒体] ""柚妈柚子"" 投诉 退费 12315 消协 处罚 法院
本次查询返回13个索引链接（可能含无关项）。该渠道合并判读：分别补查北京家嘉华洋和北京乐太母婴护理两个主体，未取得能明确归属该品牌当前合同方的公开客诉。 搜索页只据可见摘要判读；已回读来源另列，不把索引摘要当作已打开原文。

[消费保补查] 柚妈柚子 消费保 投诉 退费
本次查询返回20个索引链接（可能含无关项）。该渠道合并判读：消费保补查出现其他机构月嫂投诉，但没有品牌或主体匹配，不予归因。 搜索页只据可见摘要判读；已回读来源另列，不把索引摘要当作已打开原文。

[主体与别名补查] 北京家嘉华洋科技发展有限公司 投诉 退款
本次查询返回20个索引链接（可能含无关项）。该渠道合并判读：分别补查北京家嘉华洋和北京乐太母婴护理两个主体，未取得能明确归属该品牌当前合同方的公开客诉。 搜索页只据可见摘要判读；已回读来源另列，不把索引摘要当作已打开原文。

[主体与别名补查] 北京乐太母婴护理有限公司 投诉
本次查询返回13个索引链接（可能含无关项）。该渠道合并判读：分别补查北京家嘉华洋和北京乐太母婴护理两个主体，未取得能明确归属该品牌当前合同方的公开客诉。 搜索页只据可见摘要判读；已回读来源另列，不把索引摘要当作已打开原文。

[12315站内] 北京家嘉华洋科技发展有限公司
查询“北京家嘉华洋科技发展有限公司”此次页面显示1条关键词匹配公示。可见杭州分公司再就业培训公示，非北京育儿嫂订单；品牌当前运营主体关系仍需核对。以上数量是所列查询关键词此次匹配的公示记录数，可能含分支、近名和不同服务工种；不同查询之间可能重叠，不合计为机构投诉总数，不是投诉率或质量排名。公示期限为一年，不涵盖全部历史、未公开投诉或所有分支。投诉内容为当事人填写，调解结果不是违法认定；达成调解不等于退款已到账。

[12315站内] 北京乐太母婴护理有限公司
查询“北京乐太母婴护理有限公司”此次页面显示2条关键词匹配公示。可见怀孕及分娩护理、家政中介安全争议公示；该主体与柚妈柚子的品牌责任关系未取得正式证明，不合并为已确认品牌责任。以上数量是所列查询关键词此次匹配的公示记录数，可能含分支、近名和不同服务工种；不同查询之间可能重叠，不合计为机构投诉总数，不是投诉率或质量排名。公示期限为一年，不涵盖全部历史、未公开投诉或所有分支。投诉内容为当事人填写，调解结果不是违法认定；达成调解不等于退款已到账。",未取得本轮可单列案例；不代表没有投诉。,https://tsgs.12315.cn/#/viewport,"queries.resultUrls仅为搜索返回的候选链接，可能含无关、同名或未回读页面；不自动视为采信来源，不据此生成案例或评价。案例读取及归属边界以cases为准。
https://m.youmayouzi.com/article/736
https://www.youmayouzi.com/article/737
https://m.youmayouzi.com/article/531
https://www.91xuanxiao.cn/class/1024953.html
https://m.youmayouzi.com/article/1155
https://www.youmayouzi.com/article/736
https://www.tanzhi.cn/companies/7795dc4d-39ca-4877-884e-874393427c68/
https://www.youmayouzi.com/yuesao/zj/hzjiage
https://www.91xuanxiao.cn/edu/bjjjmy-jianjie.html
https://www.91xuanxiao.cn/class/1027598.html
https://reportdocs.static.szse.cn/UpFiles/rasinfodisc/RAS_0001737FB608443FEC946BC6EB96803F.pdf
https://www.hunbohui.cn/post/4797.html
https://www.youmayouzi.com/yuesao/zj/yyjiage
https://appeal.cpc.ey.gov.tw/
https://www.xfb365.com/tousu/101570930
https://www.xfb365.com/complaint/create?channel=pc_head
https://www.xfb365.com/
https://gd.tousu.sina.com.cn/?wm=intro
https://www.xfb365.com/article/141336
https://www.xfb365.com/guide
https://www.jiangyan.gov.cn/cms_files/filemanager/1574877257/attach/20237/4911bedc65f4401eba97a96dc37b890d.pdf?fileName=%E9%99%84%E4%BB%B6%E4%B8%8B%E8%BD%BD.pdf
https://fw.scjgj.sh.gov.cn/shaic/12315/jb_index.htm
https://sh.tousu.sina.com.cn/
https://ah.tousu.sina.com.cn/
https://www.ah315.cn/display.asp?id=146048
https://hunan.tousu.sina.com.cn/
https://qxb-pdf-osscache.qixin.com/AnBaseinfo/723008c4c545f091e48589cd0711d123.pdf
https://www.meizhou.gov.cn/attachment/0/125/125939/2338680.pdf
https://epaper.zjgrrb.com/images/2022-10/28/z2022102800002.pdf
https://zjjcmspublic.oss-cn-hangzhou-zwynet-d01-a.internet.cloud.zj.gov.cn/jcms_files/jcms1/web2977/site/attach/0/bb1f4384d99b4795b828fc7ed3b20f1f.pdf
https://qxb-pdf-osscache.qixin.com/AnBaseinfo/66b5b66b598af56e985764b835fa5539.pdf
https://www.reddit.com/r/YoumoTV/comments/wt5udq
https://www.reddit.com/r/realYoumo/comments/1804v4k
https://www.jia.com/help/0020.html
https://www.zhaopin.com/companydetail/CC365965837.htm
https://www.zhaopin.com/companydetail/CZ870296860.htm
https://www.591yz.com/company/detail-77
https://ln.tousu.sina.com.cn/
https://tousu.xincai.com/
https://sc.tousu.sina.com.cn/
https://tj.tousu.sina.com.cn/
https://jl.tousu.sina.com.cn/
https://gd.tousu.sina.com.cn/
https://hb.tousu.sina.com.cn/
https://tousu.sina.com.cn/index.php
https://epaper.stcn.com/att/202506/03/ZQ03B069-XX_eBook.pdf
https://www.reddit.com/r/China_irl/comments/11rnxw0
https://www.100ec.cn/zt/upload_data/202007tsal/images/ts.pdf
https://epaper.oss.zqrb.cn/images/2024-11/05/D34/zqrb20241105D34.pdf
https://file-open-doc.zcygov.cn/1014AN/undefined/331199/10008370681/20252/34b13c18-9eb0-4aa1-88fd-d12c798d6501.pdf
https://www.100ec.cn/zt/202207tsbg/img/tz_1.pdf
https://news.hndaily.cn/resfile/2021-03-16/010/hnrb20210316010.pdf
https://www.reddit.com/r/China_irl/comments/1lphl68
https://app.gjzwfw.gov.cn/jmopen/webapp/html5/bjjyycmlxxcx/index.html
https://www.cnblogs.com/baifuai/articles/22844117
https://www.cnblogs.com/baifuai/articles/22794415
https://scjgj.beijing.gov.cn/hdjl/
https://scjgj.beijing.gov.cn/
https://scjgj.beijing.gov.cn/sy/
https://www.cnblogs.com/baifuai/articles/22843122
https://www.xfb365.com/tousu/101614695
https://www.thepaper.cn/newsDetail_forward_31797490
https://zyj.beijing.gov.cn/sy/zqxx/xzcfqd/201912/t20191219_1337751.html
https://www.xfb365.com/brands/data_78592
https://www.reddit.com/r/LOOK_CHINA/comments/1w0tofk/%E7%AC%AC%E4%B8%80%E6%AC%A1%E5%90%AC%E8%AF%B4%E4%B8%8A%E8%AE%BF%E8%BF%98%E6%9C%89%E8%BF%9D%E6%B3%95%E7%9A%84/",2026-09-21
agency-12,福月佳,本轮公开索引未取得可归属的育儿履约投诉；品牌正面宣传和目录不足以评价换人执行。,已按1组名称查询当前公示列表，本轮未见记录；不代表零投诉，公示期限、名称别称和公开范围会影响结果。,"[黑猫] site:tousu.sina.com.cn ""福月佳"" 投诉
该具体查询返回空结果；不代表平台全库无投诉。

[消费保] site:xfb315.com ""福月佳"" 投诉
该具体查询返回空结果；不代表平台全库无投诉。

[监管媒体] ""福月佳"" 投诉 退费 12315 消协 处罚 法院
本次查询返回14个索引链接（可能含无关项）。该渠道合并判读：主要命中品牌目录、自有宣传与同名非家政内容，未取得可归属的监管/媒体负面原文。 搜索页只据可见摘要判读；已回读来源另列，不把索引摘要当作已打开原文。

[消费保补查] 福月佳 消费保 投诉 退费
本次查询返回18个索引链接（可能含无关项）。该渠道合并判读：消费保限定及不限域补查未取得可归属个案。 搜索页只据可见摘要判读；已回读来源另列，不把索引摘要当作已打开原文。

[12315站内] 北京福月佳家政服务有限公司
查询“北京福月佳家政服务有限公司”：该名称在此次公示列表未见记录，不代表零投诉或没有历史纠纷；公示期限、名称别称和公开范围会影响结果。",未取得本轮可单列案例；不代表没有投诉。,https://tsgs.12315.cn/#/viewport,"queries.resultUrls仅为搜索返回的候选链接，可能含无关、同名或未回读页面；不自动视为采信来源，不据此生成案例或评价。案例读取及归属边界以cases为准。
https://www.fuyuejia.com/
https://www.jjwxc.net/onebook.php?novelid=3006993
https://www.jianhu.gov.cn/module/download/downfile.jsp?classid=0&filename=630b1cf4f5bb48d1ac4fed40e3f6fd7d.pdf
https://www.fuyuejia.com/col.jsp?id=122
https://static.cninfo.com.cn/finalpage/2023-12-29/1218750892.PDF
https://www.fuyuejia.com/col.jsp?id=123
https://www.fuyuejia.com/nd.jsp?id=19
https://www.judicial.gov.tw/tw/cp-139-1529586-48541-1.html
https://www.fuyuejia.com/nd.jsp?id=31
https://www.judicial.gov.tw/tw/lp-139-1-16-40.html?Query=UV9ETURlcHRNYWluSURAMDI0Ozs%3D
https://guide.hlgnet.com/list/jiazheng-1-1-ze9z99zaaze6z8aza4-2/
https://m.jjwxc.net/book2/3006993
https://www.judicial.gov.tw/tw/lp-139-1-151-60.html?Query=UV9ETURlcHRNYWluSURAMDM3Ozs%3D
https://guide.hlgnet.com/list/shangwu-1-1-ze4zbfz9dze5za7z86-3/
https://appeal.cpc.ey.gov.tw/
https://www.xfb365.com/complaint/create?channel=pc_head
https://www.xfb365.com/
https://www.consumer.org.hk/sc/complaints-and-services/complaint-and-enquiry-channels
https://www.consumer.org.hk/sc/complaints-and-services
https://www.xfb365.com/guide
https://fw.scjgj.sh.gov.cn/shaic/12315/jb_index.htm
https://ah.tousu.sina.com.cn/
https://hunan.tousu.sina.com.cn/
https://www.beijing.gov.cn/fuwu/bmfw/bmjy/202504/t20250409_4060597.html
https://hb.tousu.sina.com.cn/
https://jx.tousu.sina.com.cn/index
https://www.bjfsh.gov.cn/zhxw/fsb/202103/P020210315318333482093.pdf
https://yptimes.shyp.gov.cn/resfile/2022-03-15/06/06.pdf
https://ep.ycwb.com/epaper/xkb/resfile/2025-10-21/A06/xkb20251021A06.pdf
https://epaper.sanqin.com/html/pic/202501/10/b1c4d4bd-b724-48f8-a4a9-6f602db7e9d5.pdf
https://www.why.com.cn/epublish/qnb/resfile/2025-03-14/A04/QNBA04B20250314C.pdf
https://www.bjfsh.gov.cn/zhxw/fsb/202403/P020240314558659814033.pdf",2026-09-21
agency-13,享月亲贝／享月月嫂,新增一条月嫂合同提前终止与退款结算投诉，商家未匹配、未见答复或退款确认；不是长期育儿嫂案例。,已回读详情中最新公示（2026-02-25）：北京享月亲贝家政服务有限公司，服务类别为家政中介服务，处理结果为“达成调解协议”。公示未披露协议细节及退款到账证据，不能据此推断北京育儿嫂整体服务质量。,"[黑猫] site:tousu.sina.com.cn (""享月亲贝"" OR ""享月月嫂"") 投诉
本次查询返回18个索引链接（可能含无关项）。该渠道合并判读：黑猫及品牌补查发现完整主体北京享月亲贝的月嫂提前下户与未服务天数退款争议，已回读。 搜索页只据可见摘要判读；已回读来源另列，不把索引摘要当作已打开原文。

[消费保] site:xfb315.com (""享月亲贝"" OR ""享月月嫂"") 投诉
本次查询返回12个索引链接（可能含无关项）。该渠道合并判读：消费保定向和补查未取得独立新增可归属个案。 搜索页只据可见摘要判读；已回读来源另列，不把索引摘要当作已打开原文。

[监管媒体] (""享月亲贝"" OR ""享月月嫂"") 投诉 退费 12315 消协 处罚 法院
本次查询返回15个索引链接（可能含无关项）。该渠道合并判读：对享月亲贝、享月月嫂分别补查；其他月子中心、育天使、悠享生活结果不能合并。 搜索页只据可见摘要判读；已回读来源另列，不把索引摘要当作已打开原文。

[消费保补查] 享月亲贝 消费保 投诉 退费
本次查询返回18个索引链接（可能含无关项）。该渠道合并判读：消费保定向和补查未取得独立新增可归属个案。 搜索页只据可见摘要判读；已回读来源另列，不把索引摘要当作已打开原文。

[主体与别名补查] 享月亲贝 投诉 退费
本次查询返回17个索引链接（可能含无关项）。该渠道合并判读：对享月亲贝、享月月嫂分别补查；其他月子中心、育天使、悠享生活结果不能合并。 搜索页只据可见摘要判读；已回读来源另列，不把索引摘要当作已打开原文。

[主体与别名补查] 享月月嫂 投诉 退费
本次查询返回18个索引链接（可能含无关项）。该渠道合并判读：对享月亲贝、享月月嫂分别补查；其他月子中心、育天使、悠享生活结果不能合并。 搜索页只据可见摘要判读；已回读来源另列，不把索引摘要当作已打开原文。

[12315站内] 北京享月亲贝家政服务有限公司
查询“北京享月亲贝家政服务有限公司”此次页面显示3条关键词匹配公示。可见家政中介、托幼及其他家政服务公示；最新一条2026-02-25公示，详情标明达成调解协议，具体协议与到账未公开。以上数量是所列查询关键词此次匹配的公示记录数，可能含分支、近名和不同服务工种；不同查询之间可能重叠，不合计为机构投诉总数，不是投诉率或质量排名。公示期限为一年，不涵盖全部历史、未公开投诉或所有分支。投诉内容为当事人填写，调解结果不是违法认定；达成调解不等于退款已到账。","案例：月嫂提前下户及未服务天数退款争议
日期：2024-05-05
工种：月嫂
记录：消费者具名北京享月亲贝家政服务有限公司，称月嫂提前结束服务，要求返还剩余天数、差价并赔偿。
回应：平台商家未匹配成功，没有可读公司答复。
处理结果：待分配商家，未见退赔结果。
限制：投诉金额字段与正文计算不完全一致，未采用消费者主张的赔偿计算作为事实；履约城市未明确。
读取状态：本轮已打开原页面并核读正文与进度
来源：https://tousu.sina.com.cn/complaint/view/17372954963

案例：北京享月亲贝家政服务有限公司消费投诉处理公示
日期：2025-12-22
工种：家政中介服务
记录：消费者反映2025-12-22购买的家政中介服务涉及合同履行与退赔争议。官方公示列出的处理结果为“达成调解协议”。
回应：公示没有展示企业具体答复。
处理结果：达成调解协议
处理部门：北京丰台区市场监督管理局
限制：投诉基本信息与问题由当事人填报，不是违法认定。公示未披露协议具体内容、退款金额或到账证据；未确认该单为育儿嫂。公示期限为一年，本次只回读选取的具名详情。
读取状态：已打开12315官方详情，核对主体、服务及处理结果
来源：https://tsgs.12315.cn/#/viewport","https://tousu.sina.com.cn/complaint/view/17372954963
https://tsgs.12315.cn/#/viewport","queries.resultUrls仅为搜索返回的候选链接，可能含无关、同名或未回读页面；不自动视为采信来源，不据此生成案例或评价。案例读取及归属边界以cases为准。
https://tousu.sina.com.cn/complaint/view/17372954963
https://tousu.sina.com.cn/complaint/view/17377645250?sld=666132886952f47266240a7fd018f396
https://tousu.sina.com.cn/complaint/view/17381473230?sld=4004341db322616f97eb921ce1e4f060
https://tousu.sina.com.cn/complaint/view/17381576399?sld=fe020a7f6e88eb86ff7ae67286a6a075
https://tousu.sina.com.cn/complaint/view/17372835063/
https://tousu.sina.com.cn/complaint/view/17368582391/
https://tousu.sina.com.cn/complaint/view/17375061416/
https://tousu.sina.com.cn/complaint/view/17377211640?sld=0ca6a23a18de5844cff0356f8bb1a5dc
https://tousu.sina.com.cn/complaint/view/17368064181
https://tousu.sina.com.cn/complaint/view/17378260532?sld=944c3508e253fe9ef7d6095b19791134
https://tousu.sina.com.cn/complaint/view/17380073494?sld=87d4aeff13b9ed94e6afff1b280d1039
https://tousu.sina.com.cn/complaint/view/17373743251
https://cq.tousu.sina.com.cn/static/company_guide.pdf
https://sh.tousu.sina.com.cn/static/company_guide.pdf
https://tj.tousu.sina.com.cn/static/company_guide.pdf
https://jx.tousu.sina.com.cn/static/company_guide.pdf
https://jiangsu.tousu.sina.com.cn/static/company_guide.pdf
https://henan.tousu.sina.com.cn/static/company_guide.pdf
https://m.xfb315.com/tousu/98187570
https://www.xfb315.com/tousu/99828903
https://www.xfb315.com/tousu/98471566
https://www.xfb315.com/tousu/98197492
https://www.xfb315.com/tousu/101034020
https://www.xfb315.com/tousu/101019175
https://www.xfb315.com/tousu/98595677
https://www.xfb315.com/tousu/98590112
https://www.xfb315.com/brands/82515
https://www.xfb315.com/tousu/98954018
https://www.xfb315.com/tousu/97344817
https://www.xfb315.com/tousu/100006869
https://www.cqyz.gov.cn/ztzl_229/xzfywsgk/202503/t20250328_14460533.html
https://scjgj.cq.gov.cn/zwxx_225/bmdt/zj/202601/t20260129_15364317.html
https://www.hub315.org.cn/u/cms/hub315/202512/17093821xn0f.pdf
https://app.xinhuanet.com/news/article.html?articleId=1444ad698afb543ecaa701e73ffc4f52
https://www.hub315.org.cn/hub315Html/xfpy/20251103/4491.html
https://www.jindong.gov.cn/art/2024/8/15/art_1229417292_59342508.html
https://fw.scjgj.sh.gov.cn/shaic/12315/zxtsjb.htm
https://www.bjtzh.gov.cn/bjtz/xxfb/202308/1670958.shtml
https://www.hnhs.gov.cn/23247/23303/37121/content_2069559.html
https://www.samr.gov.cn/xw/zj/art/2023/art_32d884af3c7d4f9fbb1e5d2bb5f50aa9.html
https://scjgj.sc.gov.cn/scjgj/c104529/2024/2/5/616e211a151346f6af4cefaf6255d69c/files/%E7%9C%81%E6%B6%88%E5%A7%942023%E5%B9%B4%E5%BA%A6%E6%B6%88%E8%B4%B9%E8%80%85%E6%8A%95%E8%AF%89%E7%BB%9F%E8%AE%A1%E5%88%86%E6%9E%90%E6%8A%A5%E5%91%8A-.pdf
https://fw.scjgj.sh.gov.cn/shaic/12315/jb_index.htm
https://static.0471tv.org.cn/rb/pc/att/202504/02/fab38389-9219-44ba-96b6-81c89d702c7e.pdf
https://www.cnjjwb.com/uploadfile/202403/cee89e0280.pdf
https://appeal.cpc.ey.gov.tw/
https://appeal.cpc.ey.gov.tw/WWW/SiteMap.aspx
https://www.xfb365.com/complaint/create?channel=pc_head
https://www.consumer.org.hk/sc/complaints-and-services
https://www.xfb365.com/
https://ec2-18-163-36-20.ap-east-1.compute.amazonaws.com/tc/complaints-and-services
https://www.xfb365.com/guide
https://www.sipac.gov.cn/szgyyqscjgj/xfwq2/202602/de373f7a0e8a4dacb5691d1e8ed46a9a.shtml
https://www.beijing.gov.cn/fuwu/bmfw/bmjy/202504/t20250409_4060597.html
https://zj.tousu.sina.com.cn/?wm=b212
https://www.cignacmb.com/service/toubaorens/tousu.html
https://www.100ec.cn/zt/2022Stsbg/img/ts_1.pdf
https://life.djbx.com/attach/0/3e6b2a1bb0e149aeaf467cebb36e4b86.pdf
https://epaper.stcn.com/att/202504/29/ZQ29B014-CR_eBook.pdf
https://www.100ec.cn/zt/upload_data/2021q3tsal/images/ts.pdf
https://www.why.com.cn/epublish/qnb/resfile/2025-03-14/A04/QNBA04B20250314C.pdf
https://yptimes.shyp.gov.cn/resfile/2022-03-15/06/06.pdf
https://www.xfb365.com/tousu/101284084
https://www.xfb365.com/tousu/101858825
https://kefu.weibo.com/faqdetail?cs_source=9&id=21291
https://www.xfb365.com/tousu/100878691
https://kefu.weibo.com/faqdetail?id=20030
https://sh.tousu.sina.com.cn/
https://www.xfb365.com/tousu/101399026
https://ah.tousu.sina.com.cn/
https://www.bjfsh.gov.cn/zhxw/fsb/202103/P020210315318333482093.pdf
https://www.meizhou.gov.cn/attachment/0/125/125939/2338680.pdf
https://www.jiangyan.gov.cn/cms_files/filemanager/1574877257/attach/20237/26c30e02479843d3be414f821157dcf4.pdf
https://www.xfb365.com/tousu/100574481
https://www.64365.com/zs/3962031.aspx
https://www.xfb365.com/tousu/101738040
https://www.sznews.com/news/content/2025-09/16/content_31692911.htm
https://www.5imybaby.com/about/about/
https://ys.5imybaby.com/guarantee/
https://www.5imybaby.com/
https://www.sznews.com/zhuanti/content/mb/2023-02/15/content_30076942.htm
https://www.sohu.com/a/986322866_122594058
https://www.sznews.com/zhuanti/content/mb/2023-08/07/content_30388363.htm
https://tousu.sina.com.cn/complaint/view/17379393090?sld=3ea69c59ca9b89df2cbefa0778abf2e3
https://hxdsb.fjdaily.com/pc/att/202304/15/028f004e-fb01-48a9-a6f6-f76d1a3f8210.pdf
https://ep.shxwcb.com/2021/10/18/img/041018.pdf",2026-09-21
agency-14,妇贵宝,本轮公开索引未取得可归属的育儿投诉，品牌的无投诉宣传不采作验证结果。,已核对当前公示列表。可见2026-01-30公示的再就业培训售后退赔争议，非育儿嫂家庭订单。名称匹配可含分支及其他工种，不能作为机构投诉率。,"[黑猫] site:tousu.sina.com.cn ""妇贵宝"" 投诉
该具体查询返回空结果；不代表平台全库无投诉。

[消费保] site:xfb315.com ""妇贵宝"" 投诉
该具体查询返回空结果；不代表平台全库无投诉。

[监管媒体] ""妇贵宝"" 投诉 退费 12315 消协 处罚 法院
本次查询返回13个索引链接（可能含无关项）。该渠道合并判读：第三方宣传中“无重大投诉”等说法未附数据库或审计证明；异地济宁/菏泽品牌稿也不能代表北京主体。 搜索页只据可见摘要判读；已回读来源另列，不把索引摘要当作已打开原文。

[消费保补查] 妇贵宝 消费保 投诉 退费
本次查询返回18个索引链接（可能含无关项）。该渠道合并判读：消费保定向及补查未取得可归属个案。 搜索页只据可见摘要判读；已回读来源另列，不把索引摘要当作已打开原文。

[12315站内] 妇贵宝贝（北京）科技有限公司
查询“妇贵宝贝（北京）科技有限公司”此次页面显示1条关键词匹配公示。可见2026-01-30公示的再就业培训售后退赔争议，非育儿嫂家庭订单。以上数量是所列查询关键词此次匹配的公示记录数，可能含分支、近名和不同服务工种；不同查询之间可能重叠，不合计为机构投诉总数，不是投诉率或质量排名。公示期限为一年，不涵盖全部历史、未公开投诉或所有分支。投诉内容为当事人填写，调解结果不是违法认定；达成调解不等于退款已到账。",未取得本轮可单列案例；不代表没有投诉。,https://tsgs.12315.cn/#/viewport,"queries.resultUrls仅为搜索返回的候选链接，可能含无关、同名或未回读页面；不自动视为采信来源，不据此生成案例或评价。案例读取及归属边界以cases为准。
https://shuidi.cn/company-d0a778e30f9cff29421ee8828e797d01.html
https://fgb6.com/
https://www.fgb6.com/
https://m.jiansheku.com/article/20260803141034.html
https://m.sohu.com/a/1025726022_122736970
https://k.sina.com.cn/article_7879777060_1d5abdb2406801a9jq.html
https://sz.xsd315.cn/
https://fgb6.com/jm-pp.php
https://m.sohu.com/a/1022883701_122736970
https://search.bilibili.com/all?keyword=%E6%AD%A3%E8%A7%84%E6%9C%88%E5%AB%82%E5%85%AC%E5%8F%B8%E5%A6%87%E8%B4%B5%E5%AE%9D-%E8%A7%86%E9%A2%91%2F
https://www.sina.cn/news/article/comos_nisisqh7707629.html
https://sd.597.com/job-7961465804806.html
https://file.m12333.cn/upfile/download/8b8351df-2c53-aa5e-453c-756083add4e9.pdf
https://apps.apple.com/cn/app/%E6%B6%88%E8%B4%B9%E4%BF%9D-%E6%B6%88%E8%B4%B9%E6%8A%95%E8%AF%89%E4%B8%8E%E6%B3%95%E5%BE%8B%E6%9C%8D%E5%8A%A1%E5%B9%B3%E5%8F%B0/id1052051394
https://www.xfb365.com/
https://www.xfb365.com/complaint/create?channel=pc_head
https://www.xfb365.com/article/141336
https://scjgj.beijing.gov.cn/zwxx/scjgdt/202606/t20260617_4703643.html
https://www.ah315.cn/display.asp?id=146048
https://www.xfb365.com/guide
https://www.beijing.gov.cn/fuwu/bmfw/bmjy/202504/t20250409_4060597.html
https://www.zhirenlawyer.com/zrbg/4043.html
https://sh.tousu.sina.com.cn/
https://www.sohu.com/a/984567478_122604604
https://ah.tousu.sina.com.cn/
https://epaper.sanqin.com/html/pic/202501/10/b1c4d4bd-b724-48f8-a4a9-6f602db7e9d5.pdf
https://www.bjfsh.gov.cn/zhxw/fsb/202103/P020210315318333482093.pdf
https://www.why.com.cn/epublish/qnb/resfile/2025-03-14/A04/QNBA04B20250314C.pdf
https://sjb.qlwb.com.cn/qlwb/PDF/20251222/A07.pdf
https://www.100ec.cn/zt/24Q1tsbg/img/ts.pdf
https://www.100ec.cn/zt/2023Q4tsbg/img/ts.pdf",2026-09-21
agency-15,乐益佳,本轮公开索引未取得可归属育儿履约投诉；费用声明仍需具体合同与真实退费记录验证。,已回读详情中最新公示（2026-08-25）：北京乐益佳家政服务有限公司，服务类别为家政中介服务，处理结果为“未达成调解协议”。公示未披露协议细节及退款到账证据，不能据此推断北京育儿嫂整体服务质量。,"[黑猫] site:tousu.sina.com.cn ""乐益佳"" 投诉
该具体查询返回空结果；不代表平台全库无投诉。

[消费保] site:xfb315.com ""乐益佳"" 投诉
该具体查询返回空结果；不代表平台全库无投诉。

[监管媒体] ""乐益佳"" 投诉 退费 12315 消协 处罚 法院
本次查询返回14个索引链接（可能含无关项）。该渠道合并判读：命中乐益佳费用/业务资料和其他益佳主体，未取得可归属北京乐益佳家政的处罚或消费个案。 搜索页只据可见摘要判读；已回读来源另列，不把索引摘要当作已打开原文。

[消费保补查] 乐益佳 消费保 投诉 退费
本次查询返回17个索引链接（可能含无关项）。该渠道合并判读：消费保定向及不限域补查未取得可归属个案。 搜索页只据可见摘要判读；已回读来源另列，不把索引摘要当作已打开原文。

[12315站内] 北京乐益佳家政服务有限公司
查询“北京乐益佳家政服务有限公司”此次页面显示4条关键词匹配公示。首屏包含家政中介售后和小时工争议，应分别核对工种；仅列表内容不能确认退款结果。以上数量是所列查询关键词此次匹配的公示记录数，可能含分支、近名和不同服务工种；不同查询之间可能重叠，不合计为机构投诉总数，不是投诉率或质量排名。公示期限为一年，不涵盖全部历史、未公开投诉或所有分支。投诉内容为当事人填写，调解结果不是违法认定；达成调解不等于退款已到账。","案例：北京乐益佳家政服务有限公司消费投诉处理公示
日期：2026-07-23
工种：家政中介服务
记录：消费者反映2026-07-23购买的家政中介服务涉及售后约定义务与退赔争议。官方公示列出的处理结果为“未达成调解协议”。
回应：公示没有展示企业具体答复。
处理结果：未达成调解协议
处理部门：北京丰台区市场监督管理局
限制：投诉基本信息与问题由当事人填报，不是违法认定。公示未披露协议具体内容、退款金额或到账证据；未确认该单为育儿嫂。公示期限为一年，本次只回读选取的具名详情。
读取状态：已打开12315官方详情，核对主体、服务及处理结果
来源：https://tsgs.12315.cn/#/viewport",https://tsgs.12315.cn/#/viewport,"queries.resultUrls仅为搜索返回的候选链接，可能含无关、同名或未回读页面；不自动视为采信来源，不据此生成案例或评价。案例读取及归属边界以cases为准。
https://m.lyjjz.com/
https://cn.govopendata.com/caipanwenshu/2017/07/28/b84430fd-7d12-44b1-a706-ea68b18e2b81/
https://m.lyjjz.com/col.jsp?id=213
https://m.lyjjz.com/nr.jsp
https://static.cninfo.com.cn/finalpage/2026-03-27/1225038450.PDF
https://qxb-pdf-osscache.qixin.com/AnBaseinfo/d3ced2baa1ca9955c3678b02919254f7.pdf
https://reportdocs.static.szse.cn/UpFiles/rasinfodisc1/202203/RAS_202203_00017F44C24D5A3FE47F4F27B088DB3F.pdf
https://qxb-pdf-osscache.qixin.com/AnBaseinfo/fdfe1db55f2e073536da9647c844ecc5.pdf
https://creditcard.cmbc.com.cn/active/wap/wonderful/active/bfblj30/%E9%99%84%E4%BB%B630%EF%BC%9A%E9%83%A8%E5%88%86%E4%B8%8D%E7%B4%AF%E8%AE%A1%E7%A7%AF%E5%88%86%E5%95%86%E6%88%B7%E5%88%97%E8%A1%A8%EF%BC%882022%E5%B9%B407%E6%9C%8801%E6%97%A5%E8%B5%B7%E7%94%9F%E6%95%88%29.pdf
https://www.csrc.gov.cn/csrc/c101928/c490192772b7748f58f089887c76bb662/content.shtml
https://www.foodsc.net/psearch/kws/%E7%9B%8A%E4%BD%B3%E9%A3%9F%E5%93%81.html
https://sz.xsd315.cn/
https://finance.sina.com.cn/jjxw/2022-11-23/doc-imqmmthc5718875.shtml
https://t.cj.sina.com.cn/articles/view/6116078131/16c8bf233001019w0g
https://appeal.cpc.ey.gov.tw/
https://www.xfb365.com/complaint/create?channel=pc_head
https://www.consumer.org.hk/sc/complaints-and-services
https://www.consumer.org.hk/sc/complaints-and-services/complaint-and-enquiry-channels
https://www.xfb365.com/guide
https://www.consumer.org.hk/sc?v=1.0.24
https://tousu.sina.com.cn/?wm=1%3Fwm%3D1
https://sh.tousu.sina.com.cn/
https://ah.tousu.sina.com.cn/
https://szb.xdplus.cn/xdkb/pc/attachment/202503/15/ff04bf42-fcfd-4bf4-b596-0f5db3a5a60f.pdf
https://hunan.tousu.sina.com.cn/
https://www.melaleuca.com.cn/direct-selling/directsell_returnpolicy
https://scjgj.sc.gov.cn/scjgj/c104529/2024/4/30/f907b5acf6044092ac651e80c5a90a4d/files/%E5%9B%9B%E5%B7%9D%E7%9C%812024%E5%B9%B4%E4%B8%80%E5%AD%A3%E5%BA%A6%E6%8A%95%E8%AF%89%E7%BB%9F%E8%AE%A1%E5%88%86%E6%9E%90%E6%8A%A5%E5%91%8A.pdf
https://hb.tousu.sina.com.cn/
https://www.kbfgins.com.cn/KBIC/china/down/7000/11_%E5%87%AF%E6%9C%AC%E8%B4%A2%E4%BA%A7%E4%BF%9D%E9%99%A9%EF%BC%88%E4%B8%AD%E5%9B%BD%EF%BC%89%E6%9C%89%E9%99%90%E5%85%AC%E5%8F%B82020%E5%B9%B4%E5%B9%B4%E5%BA%A6%E4%BF%A1%E6%81%AF%E6%8A%AB%E9%9C%B2%E6%8A%A5%E5%91%8A.pdf
https://www.jiangyan.gov.cn/cms_files/filemanager/1574877257/attach/20237/26c30e02479843d3be414f821157dcf4.pdf
https://epaper.zjgrrb.com/images/2021-07/20/z2021072000002.pdf",2026-09-21
agency-16,大班家政,材料集中在换人后的退费扣除与到账时间；育儿、普通住家保姆和财物赔偿分别列示，平台受理/自动结束不等于退款完成。,已核对当前公示列表。首屏可见格式条款、家政中介及售后退赔公示，其中一条商户名含月嫂育儿嫂，但官方服务类别仍为家政中介，不能进一步推定具体工种。名称匹配可含分支及其他工种，不能作为机构投诉率。,"[黑猫] site:tousu.sina.com.cn ""大班家政"" 投诉
本次查询返回4个索引链接（可能含无关项）。该渠道合并判读：黑猫回读既有 R005，新增短时上户后退费、普通住家保姆退款及财物赔偿等线索，并分别记录城市工种与未决状态。 搜索页只据可见摘要判读；已回读来源另列，不把索引摘要当作已打开原文。

[消费保] site:xfb315.com ""大班家政"" 投诉
该具体查询返回空结果；不代表平台全库无投诉。

[监管媒体] ""大班家政"" 投诉 退费 12315 消协 处罚 法院
本次查询返回13个索引链接（可能含无关项）。该渠道合并判读：上海大班40%退款报道涉及另一城市法人，未验证关联，不用于北京大班评价。 搜索页只据可见摘要判读；已回读来源另列，不把索引摘要当作已打开原文。

[消费保补查] 大班家政 消费保 投诉 退费
本次查询返回17个索引链接（可能含无关项）。该渠道合并判读：消费保补查检得既有北京北苑店 R006，搜索内容显示金额更正及自动结束；本轮直达原页失败，保留读取限制。 搜索页只据可见摘要判读；已回读来源另列，不把索引摘要当作已打开原文。

[12315站内] 北京大班家政服务有限公司
查询“北京大班家政服务有限公司”此次页面显示16条关键词匹配公示。首屏可见格式条款、家政中介及售后退赔公示，其中一条商户名含月嫂育儿嫂，但官方服务类别仍为家政中介，不能进一步推定具体工种。以上数量是所列查询关键词此次匹配的公示记录数，可能含分支、近名和不同服务工种；不同查询之间可能重叠，不合计为机构投诉总数，不是投诉率或质量排名。公示期限为一年，不涵盖全部历史、未公开投诉或所有分支。投诉内容为当事人填写，调解结果不是违法认定；达成调解不等于退款已到账。","案例：多次短期上户后退费口径争议
日期：2025-02-25
工种：育儿嫂
记录：消费者称一年服务合同中多位育儿嫂工作时间短，认为合同中按首月工资40%退费及超过一个月不退的规则与实际履约不符。
回应：页面未见可读的实质企业答复。
处理结果：处理中，未见企业实质回复或退款确认。
限制：正文提及通州找工作，但不足以独立证明雇主履约城市；合同条款为消费者转述。既有 R005 回读补实。
读取状态：本轮已打开原页面并核读正文与进度
来源：https://tousu.sina.com.cn/complaint/view/17380352717

案例：北京北苑店育儿嫂服务与退费争议
日期：2026-06-20
工种：育儿嫂
记录：既有投诉涉及北京北苑店育儿服务退款，消费者补充将金额由128,000元纠正为12,800元。
回应：搜索可见进度未给出有效公司回应。
处理结果：可检索记录显示8月5日自动结束，未见有效回应或退款证明。
限制：本轮未重新读全原页面；只更新索引可见处理状态，不新增为独立案例。
读取状态：本轮搜索内容可见；直达原页读取失败，结合既有 R006 保留核验边界
来源：https://www.xfb365.com/tousu/101614695

案例：短时育儿上户后退费扣除与到账期争议
日期：2025-08-18
工种：育儿嫂
记录：消费者称付4,200元后育儿嫂上户不足一小时便因不适配下户，退费方案被告知扣1,000元且需等三四个月。
回应：页面未见可读的实质企业答复。
处理结果：处理中，未见公司实质回应或到账确认。
限制：扣费及等待期均为消费者转述；虽自称联系12315，不代表已读官方处理记录。
读取状态：本轮已打开原页面并核读正文与进度
来源：https://tousu.sina.com.cn/complaint/view/17386515455

案例：北京住家保姆提前解约退款到账争议
日期：2025-02-08
工种：住家保姆，未明确专职育儿
记录：消费者称支付7,800元服务费后终止服务，双方谈及按40%退还但截至发帖仍未到账。
回应：页面未见可读的实质企业答复。
处理结果：处理中，未见实质企业答复或后续退款确认。
限制：仅采用退款事实线索，未重复未经验证的健康或其他严重指控。
读取状态：本轮已打开原页面并核读正文与进度
来源：https://tousu.sina.com.cn/complaint/view/17379844519

案例：家务人员财物处理及赔偿争议
日期：2026-02-05
工种：家务保姆
记录：消费者对服务人员处理家庭物品及后续赔偿沟通不满；页面诉求金额7,700元。
回应：页面未见可读的实质企业答复。
处理结果：处理中，未见企业实质回复或赔偿结果。
限制：具体合同主体和城市未披露；普通家务财物争议，不计北京育儿安全事件。
读取状态：本轮已打开原页面并核读正文与进度
来源：https://tousu.sina.com.cn/complaint/view/17393276796","https://tousu.sina.com.cn/complaint/view/17380352717
https://www.xfb365.com/tousu/101614695
https://tousu.sina.com.cn/complaint/view/17386515455
https://tousu.sina.com.cn/complaint/view/17379844519
https://tousu.sina.com.cn/complaint/view/17393276796
https://tsgs.12315.cn/#/viewport","queries.resultUrls仅为搜索返回的候选链接，可能含无关、同名或未回读页面；不自动视为采信来源，不据此生成案例或评价。案例读取及归属边界以cases为准。
https://tousu.sina.com.cn/complaint/view/17393276796?sld=d33f73299ff37d1346294045099fba89
https://tousu.sina.com.cn/complaint/view/17379844519?sld=d824bd06a459cd29580acdab3b94cc61
https://tousu.sina.com.cn/complaint/view/17380352717?sld=e9e3c732b7dda472f841975a7ca845ee
https://tousu.sina.com.cn/complaint/view/17386515455?sld=b3733a6f82e53348c39f33d5c54e254b
https://ep.shxwcb.com/2024/03/05/20240305-03-1_20240304235945.html
https://ep.shxwcb.com/2024/03/05/img/030305.pdf
https://m.thepaper.cn/wifiKey_detail.jsp?contid=18860108&from=wifiKey
https://rsj.beijing.gov.cn/bm/ztzl/ssjzlwpp/202511/t20251103_4251010.html
https://finance.sina.com.cn/jjxw/2022-07-04/doc-imizirav1823256.shtml
https://www.octsunshine.com/n/con-6282
https://www.bjdaban.com/xingjiyuesao/320.html
https://www.cnpp.cn/pinpai/1624034.html
https://www.rmzxw.com.cn/c/2026-05-26/3921685.shtml
https://appeal.cpc.ey.gov.tw/
https://www.xfb365.com/tousu/101614695
https://www.bjdaban.com/contacus/
https://www.xfb365.com/tousu/100288329
https://www.xfb365.com/tousu/99411051
https://www.xfb365.com/tousu/101341315
https://m.cqn.com.cn/ms/att/2024-02/06/e19cb572-d546-4a13-ad60-fc7efca08f8e.pdf
https://www.sz.gov.cn/cn/xxgk/zfxxgj/gqdt/content/post_12624128.html
https://www.xfb365.com/tousu/100991070
https://www.xfb365.com/article/155465
https://www.bjdaban.com/aboutus/
https://static-www.szlawyers.com/file/upload/20230301/file/20230301161125_1f97d74d75bf4110afb302f2757cb37f.pdf
https://www.yunfu.gov.cn/attachment/0/49/49279/1581646.pdf
https://zjjcmspublic.oss-cn-hangzhou-zwynet-d01-a.internet.cloud.zj.gov.cn/jcms_files/jcms1/web2977/site/attach/0/d427461e850243c68d047174110d28ca.pdf",2026-09-21
agency-17,好孕妈妈,补充青岛育儿嫂退款承诺报道和南宁劳动者押金案例，保留历史时间与不同权利关系；已知成都报道补核状态。,已核对当前公示列表。现行公示提及2021、2022年的怀孕分娩护理与其他家政交易；投诉/公示时间较新不代表当前仍在接单。名称匹配可含分支及其他工种，不能作为机构投诉率。,"[黑猫] site:tousu.sina.com.cn ""好孕妈妈"" 投诉
本次查询返回4个索引链接（可能含无关项）。该渠道合并判读：黑猫相关索引多为2022年停业新闻或转载，须防同一事件重复计数。 搜索页只据可见摘要判读；已回读来源另列，不把索引摘要当作已打开原文。

[消费保] site:xfb315.com ""好孕妈妈"" 投诉
该具体查询返回空结果；不代表平台全库无投诉。

[监管媒体] ""好孕妈妈"" 投诉 退费 12315 消协 处罚 法院
本次查询返回15个索引链接（可能含无关项）。该渠道合并判读：澎湃青岛退款采访和成都2022年关店采访可读；成都关联北京象网，但历史门店事实不能推导2026年所有业务停业。 搜索页只据可见摘要判读；已回读来源另列，不把索引摘要当作已打开原文。

[消费保补查] 好孕妈妈 消费保 投诉 退费
本次查询返回15个索引链接（可能含无关项）。该渠道合并判读：消费保一条2022年南宁月嫂劳动者押金投诉可读，平台因停业且联系不上主体而结案，非退款。 搜索页只据可见摘要判读；已回读来源另列，不把索引摘要当作已打开原文。

[12315站内] 北京象网科技有限公司
查询“北京象网科技有限公司”此次页面显示2条关键词匹配公示。现行公示提及2021、2022年的怀孕分娩护理与其他家政交易；投诉/公示时间较新不代表当前仍在接单。以上数量是所列查询关键词此次匹配的公示记录数，可能含分支、近名和不同服务工种；不同查询之间可能重叠，不合计为机构投诉总数，不是投诉率或质量排名。公示期限为一年，不涵盖全部历史、未公开投诉或所有分支。投诉内容为当事人填写，调解结果不是违法认定；达成调解不等于退款已到账。","案例：青岛育儿服务终止后退款延迟采访
日期：2022-02-27
工种：育儿嫂
记录：消费者称2021年终止服务后申请退4,225元，承诺15个工作日退款未履行，至次年2月仍等待。
回应：北京总部2月24日向记者致歉，表示资金紧张和处理不及时，催促青岛分店财务退款。
处理结果：消费者2月25日告知记者，公司承诺最迟2月28日下午退款；该篇未确认到账。
限制：2022年异地历史事件；兑现承诺与实际到账须区分，不据此推断当前所有门店停业。
读取状态：本轮已打开原页面并核读正文与进度
来源：https://m.thepaper.cn/newsDetail_forward_16876594

案例：2022年成都门店关闭与关联主体报道
日期：2022-05-21
工种：家政及培训综合
记录：记者调查成都门店关停、退款及投诉，报道成都好孕妈妈教育咨询与北京象网关联，并引述监管方面对联系企业及经营异常的说明。
回应：记者尝试联系相关方；报道未提供能覆盖所有客户的具体退款安排。
处理结果：报道时监管称无法有效联系相关经营者，历史纠纷未在该篇闭环。
限制：既有 R007 回读；同一2022年关店事件的其他转载不重复计数，非2026年现状认定。
读取状态：本轮已打开原页面并核读正文与进度
来源：https://www.thepaper.cn/newsDetail_forward_18202100

案例：南宁月嫂劳动者上户押金退还诉求
日期：2022-11-25
工种：月嫂从业者押金
记录：从业者向好孕妈妈要求退还1,000元上户押金；属于人员与公司的押金关系。
回应：未见公司答复；消费保表示企业已停运、找不到可处理主体，无法进一步协助。
处理结果：2022年11月25日平台完结，原因是无法继续处理，不是已退押金。
限制：历史、异地、劳动者押金，不能计作北京家庭育儿嫂客户投诉。
读取状态：本轮已打开原页面并核读正文与进度
来源：https://www.xfb365.com/tousu/95689676","https://m.thepaper.cn/newsDetail_forward_16876594
https://www.thepaper.cn/newsDetail_forward_18202100
https://www.xfb365.com/tousu/95689676
https://tsgs.12315.cn/#/viewport","queries.resultUrls仅为搜索返回的候选链接，可能含无关、同名或未回读页面；不自动视为采信来源，不据此生成案例或评价。案例读取及归属边界以cases为准。
https://tousu.sina.com.cn/company/view/?couid=3649519857
https://tousu.sina.com.cn/complaint/view/17352730751/
https://tousu.sina.com.cn/complaint/view/17359096938/
https://tousu.sina.com.cn/articles/view/257932
https://jxfzb.jxnews.com.cn/system/2022/02/23/019544477.shtml
https://m.thepaper.cn/newsDetail_forward_16876594
https://zh.wikisource.org/zh-hans/%E6%9D%8E%E6%99%B4%E4%B8%8E%E6%B2%88%E9%98%B3%E5%A5%BD%E5%AD%95%E5%A6%88%E5%A6%88%E7%94%9F%E6%B4%BB%E6%9C%8D%E5%8A%A1%E6%9C%89%E9%99%90%E5%85%AC%E5%8F%B8%E6%9C%8D%E5%8A%A1%E5%90%88%E5%90%8C%E7%BA%A0%E7%BA%B7%E4%B8%80%E5%AE%A1%E6%B0%91%E4%BA%8B%E5%88%A4%E5%86%B3%E4%B9%A6
https://pccz.court.gov.cn/filedownloads/2024/2024-07-05/%EF%BC%882024%EF%BC%89%E5%B7%9D0104%E7%A0%B49%E5%8F%B7%E5%A5%BD%E5%AD%95%E5%A6%88%E5%A6%88%E7%94%B3%E6%8A%A5%E5%80%BA%E6%9D%83%E5%8F%8A%E4%B8%80%E5%80%BA%E4%BC%9A%E5%85%AC%E5%91%8A1720159261576.pdf?fn=%EF%BC%882024%EF%BC%89%E5%B7%9D0104%E7%A0%B49%E5%8F%B7%E5%A5%BD%E5%AD%95%E5%A6%88%E5%A6%88%E7%94%B3%E6%8A%A5%E5%80%BA%E6%9D%83%E5%8F%8A%E4%B8%80%E5%80%BA%E4%BC%9A%E5%85%AC%E5%91%8A.pdf
https://zh.wikisource.org/wiki/%E8%B0%AD%E8%8E%89%E8%8E%89%E3%80%81%E5%A4%A7%E8%BF%9E%E5%A5%BD%E5%AD%95%E5%A6%88%E5%A6%88%E7%94%9F%E6%B4%BB%E6%9C%8D%E5%8A%A1%E6%9C%89%E9%99%90%E5%85%AC%E5%8F%B8%E7%AD%89%E6%9C%8D%E5%8A%A1%E5%90%88%E5%90%8C%E7%BA%A0%E7%BA%B7%E6%B0%91%E4%BA%8B%E4%BA%8C%E5%AE%A1%E6%B0%91%E4%BA%8B%E5%88%A4%E5%86%B3%E4%B9%A6
https://zh.wikisource.org/zh-hans/%E8%BE%BD%E5%AE%81%E7%9C%81%E5%A4%A7%E8%BF%9E%E5%B8%82%E4%B8%AD%E7%BA%A7%E4%BA%BA%E6%B0%91%E6%B3%95%E9%99%A2%EF%BC%882023%EF%BC%89%E8%BE%BD02%E6%B0%91%E7%BB%882096%E5%8F%B7%E6%B0%91%E4%BA%8B%E5%88%A4%E5%86%B3%E4%B9%A6
https://zh.wikisource.org/zh-hans/%E8%BE%BD%E5%AE%81%E7%9C%81%E6%B2%88%E9%98%B3%E5%B8%82%E6%B2%88%E6%B2%B3%E5%8C%BA%E4%BA%BA%E6%B0%91%E6%B3%95%E9%99%A2%EF%BC%882022%EF%BC%89%E8%BE%BD0103%E6%B0%91%E5%88%9D13261%E5%8F%B7%E6%B0%91%E4%BA%8B%E5%88%A4%E5%86%B3%E4%B9%A6
https://www.zgrwj.com/news/sh/20220301/10047.html
https://zjnews.zjol.com.cn/202203/t20220315_23940966.shtml
https://www.thepaper.cn/newsDetail_forward_18202100
https://zh.wikisource.org/zh-hans/%E8%B0%AD%E8%8E%89%E8%8E%89%E3%80%81%E5%A4%A7%E8%BF%9E%E5%A5%BD%E5%AD%95%E5%A6%88%E5%A6%88%E7%94%9F%E6%B4%BB%E6%9C%8D%E5%8A%A1%E6%9C%89%E9%99%90%E5%85%AC%E5%8F%B8%E7%AD%89%E6%9C%8D%E5%8A%A1%E5%90%88%E5%90%8C%E7%BA%A0%E7%BA%B7%E6%B0%91%E4%BA%8B%E4%BA%8C%E5%AE%A1%E6%B0%91%E4%BA%8B%E5%88%A4%E5%86%B3%E4%B9%A6
https://epaper.gxrb.com.cn/gxrb2/page/1/2022-11-15/013/39831668465943888.pdf
https://www.by.gov.cn/attachment/7/7928/7928414/10533181.pdf
https://www.xfb365.com/tousu/95689676
https://www.xfb365.com/
https://zwdt.sh.gov.cn/govPortals/bsfw/item/1009a0a1-5960-4fae-9944-3821999c6b95
https://m.thepaper.cn/newsDetail_forward_18048726
https://m.jxnews.com.cn/nc/system/2022/02/23/019544599.shtml
https://www.ah315.cn/display.asp?id=146048
https://www.sohu.com/a/549173161_100661
https://t.cj.sina.com.cn/articles/view/1174882383/4607484f00101289t?from=tech&subch=internet
https://jx.ifeng.com/c/8DqTCcXuJ8E
https://www.culturechina.cn/m/139774.html
https://finance.sina.com.cn/chanjing/gsnews/2022-05-21/doc-imcwiwst8554035.shtml
https://fs-cdn.iyb.tm/data/stornwind/product/20230922153031886493.pdf
https://fs-cdn.iyb.tm/data/stornwind/product/20230922153415934568.pdf
https://zjjcmspublic.oss-cn-hangzhou-zwynet-d01-a.internet.cloud.zj.gov.cn/jcms_files/jcms1/web2977/site/attach/0/d427461e850243c68d047174110d28ca.pdf",2026-09-21
agency-18,婴之宝／靓婴堂,本轮公开索引未取得可归属的育儿履约投诉；历史名称与现主体的关系没有因本轮检索而闭环。,已按2组名称查询当前公示列表，本轮未见记录；不代表零投诉，公示期限、名称别称和公开范围会影响结果。,"[黑猫] site:tousu.sina.com.cn (""婴之宝"" OR ""靓婴堂"") 投诉
本次查询返回16个索引链接（可能含无关项）。该渠道合并判读：婴之宝/靓婴堂黑猫限定未取得可归属北京主体个案。 搜索页只据可见摘要判读；已回读来源另列，不把索引摘要当作已打开原文。

[消费保] site:xfb315.com (""婴之宝"" OR ""靓婴堂"") 投诉
本次查询返回12个索引链接（可能含无关项）。该渠道合并判读：消费保补查多为婴之皇等近名结果或其他月嫂品牌，未合并。 搜索页只据可见摘要判读；已回读来源另列，不把索引摘要当作已打开原文。

[监管媒体] (""婴之宝"" OR ""靓婴堂"") 投诉 退费 12315 消协 处罚 法院
本次查询返回13个索引链接（可能含无关项）。该渠道合并判读：分别补查北京靓婴堂咨询服务与北京婴之宝咨询服务，未取得明确对应的监管/退款个案。 搜索页只据可见摘要判读；已回读来源另列，不把索引摘要当作已打开原文。

[消费保补查] 婴之宝 消费保 投诉 退费
本次查询返回18个索引链接（可能含无关项）。该渠道合并判读：消费保补查多为婴之皇等近名结果或其他月嫂品牌，未合并。 搜索页只据可见摘要判读；已回读来源另列，不把索引摘要当作已打开原文。

[主体与别名补查] 北京靓婴堂咨询服务有限公司 投诉
本次查询返回15个索引链接（可能含无关项）。该渠道合并判读：分别补查北京靓婴堂咨询服务与北京婴之宝咨询服务，未取得明确对应的监管/退款个案。 搜索页只据可见摘要判读；已回读来源另列，不把索引摘要当作已打开原文。

[主体与别名补查] 北京婴之宝咨询服务有限公司 投诉
本次查询返回20个索引链接（可能含无关项）。该渠道合并判读：分别补查北京靓婴堂咨询服务与北京婴之宝咨询服务，未取得明确对应的监管/退款个案。 搜索页只据可见摘要判读；已回读来源另列，不把索引摘要当作已打开原文。

[12315站内] 北京靓婴堂咨询服务有限公司
查询“北京靓婴堂咨询服务有限公司”：该名称在此次公示列表未见记录，不代表零投诉或没有历史纠纷；公示期限、名称别称和公开范围会影响结果。

[12315站内] 北京婴之宝咨询服务有限公司
查询“北京婴之宝咨询服务有限公司”：该名称在此次公示列表未见记录，不代表零投诉或没有历史纠纷；公示期限、名称别称和公开范围会影响结果。",未取得本轮可单列案例；不代表没有投诉。,https://tsgs.12315.cn/#/viewport,"queries.resultUrls仅为搜索返回的候选链接，可能含无关、同名或未回读页面；不自动视为采信来源，不据此生成案例或评价。案例读取及归属边界以cases为准。
https://tousu.sina.com.cn/?oid=YMo
https://sh.tousu.sina.com.cn/
https://hunan.tousu.sina.com.cn/
https://ah.tousu.sina.com.cn/
https://ln.tousu.sina.com.cn/
https://hb.tousu.sina.com.cn/
https://tousu.sina.com.cn/complaint/view/17393887327?sld=e6846cdada124e1d065ec442b547f287
https://tousu.sina.com.cn/complaint/view/17394179868?sld=e97e003bbbcfdd0b133beda4350d9e9e
https://tousu.sina.com.cn/?wm=defaultwmdefault
https://tj.tousu.sina.com.cn/
https://hb.tousu.sina.com.cn/index
https://tousu.sina.com.cn/index.php
https://tj.tousu.sina.com.cn/static/company_guide.pdf
https://cq.tousu.sina.com.cn/static/company_guide.pdf
https://fj.tousu.sina.com.cn/static/company_guide.pdf
https://sc.tousu.sina.com.cn/static/company_guide.pdf
https://www.xfb315.com/tousu/101010500
https://m.xfb315.com/tousu/97591891
https://www.xfb315.com/tousu/100886140
https://www.xfb315.com/tousu/101030144
https://www.xfb315.com/tousu/99822042
https://www.xfb315.com/tousu/100369785
https://www.xfb315.com/tousu/100909371
https://www.xfb315.com/tousu/100889650
https://m.xfb315.com/tousu/98284670
https://m.xfb315.com/tousu/97821226
https://www.xfb315.com/tousu/100825590
https://www.xfb315.com/tousu/98713322
https://scjgj.cq.gov.cn/zwxx_225/bmdt/zj/202601/t20260129_15364317.html
https://www.yn12377.cn/c/2026-01-30/676515.shtml
https://www.samr.gov.cn/xw/zj/art/2023/art_32d884af3c7d4f9fbb1e5d2bb5f50aa9.html
https://amr.sz.gov.cn/hdjl/jgcx/
https://fw.scjgj.sh.gov.cn/shaic/12315/jb_index.htm
https://amr.sz.gov.cn/hdjl/
https://finance.sina.com.cn/wm/2026-06-08/doc-iniathze8517092.shtml
https://www.thepaper.cn/newsDetail_forward_32490730
https://www.hshfy.sh.cn/shfy/web/flws_view.jsp?pa=adGFoPaOoMjAyNKOpu6Y3MTAx0NCz9TMwNLrFJndzeGg9MgPdcssPdcssz
https://www.bjdx.gov.cn/bjsdxqrmzf/zwfw/tzgg/1381550/index.html
https://www.cnjjwb.com/uploadfile/202403/cee89e0280.pdf
https://wb.gywb.cn/epaper/gywb/res/2025-03/14/A03/gywbgywb20250314A03.pdf
https://szbz.hbfzb.com/hbfzbpaper/pc/att/202103/15/2e42458e-2c2b-47a1-a19b-26cf459ec0c6.pdf
https://apps.apple.com/cn/app/%E6%B6%88%E8%B4%B9%E4%BF%9D-%E6%B6%88%E8%B4%B9%E6%8A%95%E8%AF%89%E4%B8%8E%E6%B3%95%E5%BE%8B%E6%9C%8D%E5%8A%A1%E5%B9%B3%E5%8F%B0/id1052051394
https://apps.apple.com/pl/app/%E6%B6%88%E8%B4%B9%E4%BF%9D/id1052051394
https://www.xfb365.com/tousu/101570930
https://apps.apple.com/ae/app/%E6%B6%88%E8%B4%B9%E4%BF%9D/id1052051394
https://apps.apple.com/gb/app/%E6%B6%88%E8%B4%B9%E4%BF%9D/id1052051394
https://www.xfb365.com/
https://apps.apple.com/ca/app/%E6%B6%88%E8%B4%B9%E4%BF%9D/id1052051394
https://www.xfb365.com/complaint/create?channel=pc_head
https://www.xfb365.com/guide
https://www.ah315.cn/display.asp?id=146048
https://www.xinxing.gov.cn/yfxxscjg/gkmlpt/content/2/2030/post_2030294.html
https://yptimes.shyp.gov.cn/resfile/2025-03-13/07/ypsb-20250313-007.pdf
https://epaper.zjgrrb.com/images/2024-01/29/z2024012900004.pdf
https://www.bjfsh.gov.cn/zhxw/fsb/202103/P020210315318333482093.pdf
https://doss.xhby.net/zpaper/njcb/pc/att/202503/21/5e865d08-3e08-4d9e-9f13-087391904442.pdf
https://www.bjfsh.gov.cn/zhxw/fsb/202403/P020240314558659814033.pdf
https://zjjcmspublic.oss-cn-hangzhou-zwynet-d01-a.internet.cloud.zj.gov.cn/jcms_files/jcms1/web2977/site/attach/0/d427461e850243c68d047174110d28ca.pdf
https://www.muyingjie.com/item-425.html
https://app.gjzwfw.gov.cn/jmopen/webapp/html5/bjjyycmlxxcx/index.html
https://scjgj.beijing.gov.cn/hdjl/
https://www.hqol.cn/zixun/article-MTU1OQ%3D%3D-2077287.html
https://scjgj.beijing.gov.cn/
https://www.inxue.com/school-7932/
https://scjgj.beijing.gov.cn/sy/
https://banshi.beijing.gov.cn/pubtask/task/1/110000000000/fae4cb36-f482-4524-899d-64afbc8134f0.html
https://scjgj.beijing.gov.cn/sy/gg/
https://tousu.xincai.com/
https://www.xfb365.com/tousu/101614695
https://www.xfb365.com/tousu/100395650
https://www.bjhr.gov.cn/zwgk/zfxxgkjg/qzfbmdh/qscjgjdh/sczdgz/202308/P020230822345940614720.pdf
https://www.bjhd.gov.cn/ztzx/2020zt/hdqzfgs/dsz_62030/dtxx/zfjggs/xzcf/202109/P020210915349899864378.pdf
https://www.bjhd.gov.cn/ztzx/2020zt/hdqzfgs/dsz_62030/dtxx/zfjggs/xzxk/202110/P020211013546870376336.pdf
https://www.beijing.gov.cn/hudong/yonghu/static/zwfwj/tousu/index.html
https://www.beijing.gov.cn/fuwu/bmfw/bmjy/202504/t20250409_4060597.html
https://www.bjjubao.org.cn/2026-07/16/content_48934.html
https://ect.scjgj.beijing.gov.cn/index
https://www.bjjubao.org.cn/2026-07/21/content_48958.html
https://www.yingzhibaobj.cn/category_17.html
https://ect.scjgj.beijing.gov.cn/portal
https://www.bjjubao.org.cn/2026-05/09/content_48587.html
https://www.beijing.gov.cn/hudong/yonghu/static/zwfwj/tousu/detail.html?searchCode=zwfwj16496560302833912505
https://www.bj315.org/bjxfzzz/2024n/202508/P020250813496247819513.pdf
https://english.cnipa.gov.cn/transfer/2018-05/20180509082257491285.pdf
https://www.miit.gov.cn/cms_files/filemanager/1226211233/attach/20243/77f4b1fc922e420a8ff4b383e1ddaf4e.pdf
https://www.by.gov.cn/attachment/7/7719/7719314/9973825.pdf
https://zh.wikipedia.org/wiki/%E5%8C%97%E4%BA%AC%E5%B8%82%E6%96%87%E5%8C%96%E5%92%8C%E6%97%85%E6%B8%B8%E5%B1%80
https://www.reddit.com/r/China_irl/comments/1u91l42/%E6%AF%8D%E4%BA%B2%E5%B0%8626%E5%B2%81%E5%84%BF%E5%AD%90%E9%AA%97%E8%BF%9B%E6%88%92%E7%BD%91%E7%98%BE%E6%9C%BA%E6%9E%84%E5%85%B3%E4%BA%8682%E5%A4%A9%E4%BA%8B%E5%90%8E%E7%A7%B0%E5%81%9A%E4%B8%8D%E5%88%B0%E5%90%91%E5%84%BF%E5%AD%90%E9%81%93%E6%AD%89/",2026-09-21
agency-19,安恩贝,本轮公开索引未取得可归属北京安恩贝育儿服务投诉；异地裁判线索明确排除。,已按1组名称查询当前公示列表，本轮未见记录；不代表零投诉，公示期限、名称别称和公开范围会影响结果。,"[黑猫] site:tousu.sina.com.cn ""安恩贝"" 投诉
该具体查询返回空结果；不代表平台全库无投诉。

[消费保] site:xfb315.com ""安恩贝"" 投诉
该具体查询返回空结果；不代表平台全库无投诉。

[监管媒体] ""安恩贝"" 投诉 退费 12315 消协 处罚 法院
本次查询返回14个索引链接（可能含无关项）。该渠道合并判读：辽阳安恩贝服务合同裁判转载系异地主体且未核法院原文；北京予馨海韵补查未取得相关消费个案。 搜索页只据可见摘要判读；已回读来源另列，不把索引摘要当作已打开原文。

[消费保补查] 安恩贝 消费保 投诉 退费
本次查询返回18个索引链接（可能含无关项）。该渠道合并判读：消费保补查未取得可归属个案；出现其他培训公司投诉不能归入。 搜索页只据可见摘要判读；已回读来源另列，不把索引摘要当作已打开原文。

[主体与别名补查] 北京予馨海韵教育咨询有限公司 投诉
本次查询返回13个索引链接（可能含无关项）。该渠道合并判读：辽阳安恩贝服务合同裁判转载系异地主体且未核法院原文；北京予馨海韵补查未取得相关消费个案。 搜索页只据可见摘要判读；已回读来源另列，不把索引摘要当作已打开原文。

[12315站内] 北京予馨海韵教育咨询有限公司
查询“北京予馨海韵教育咨询有限公司”：该名称在此次公示列表未见记录，不代表零投诉或没有历史纠纷；公示期限、名称别称和公开范围会影响结果。",未取得本轮可单列案例；不代表没有投诉。,https://tsgs.12315.cn/#/viewport,"queries.resultUrls仅为搜索返回的候选链接，可能含无关、同名或未回读页面；不自动视为采信来源，不据此生成案例或评价。案例读取及归属边界以cases为准。
https://zh.wikisource.org/zh-hant/%E8%BE%BD%E9%98%B3%E5%B8%82%E7%99%BD%E5%A1%94%E5%8C%BA%E4%BA%BA%E6%B0%91%E6%B3%95%E9%99%A2%EF%BC%882023%EF%BC%89%E8%BE%BD1002%E6%B0%91%E5%88%9D546%E5%8F%B7%E6%B0%91%E4%BA%8B%E5%88%A4%E5%86%B3%E4%B9%A6
https://zh.wikisource.org/wiki/%E5%BC%A0%E5%86%AC%E5%86%AC%E3%80%81%E8%BE%BD%E9%98%B3%E5%AE%89%E6%81%A9%E8%B4%9D%E5%81%A5%E5%BA%B7%E7%AE%A1%E7%90%86%E6%9C%89%E9%99%90%E5%85%AC%E5%8F%B8%E6%9C%8D%E5%8A%A1%E5%90%88%E5%90%8C%E7%BA%A0%E7%BA%B7%E6%B0%91%E4%BA%8B%E4%B8%80%E5%AE%A1%E6%B0%91%E4%BA%8B%E5%88%A4%E5%86%B3%E4%B9%A6
https://zh.wikisource.org/zh-hans/%E8%BE%BD%E9%98%B3%E5%B8%82%E7%99%BD%E5%A1%94%E5%8C%BA%E4%BA%BA%E6%B0%91%E6%B3%95%E9%99%A2%EF%BC%882023%EF%BC%89%E8%BE%BD1002%E6%B0%91%E5%88%9D546%E5%8F%B7%E6%B0%91%E4%BA%8B%E5%88%A4%E5%86%B3%E4%B9%A6
https://weibo.com/2/detail/comos%3Aniqkzme7855256
https://www.taixing.gov.cn/cms_files/filemanager/2093841808/attach/20265/796a09a450b74feea33ffdbc88ef1485.pdf?fileName=%E3%80%8A%E8%BF%9E%E7%BB%AD2%E5%B9%B4%E6%9C%AA%E6%8C%89%E8%A7%84%E5%AE%9A%E5%B9%B4%E6%8A%A5%E4%BC%81%E4%B8%9A%E6%8F%90%E7%A4%BA%E3%80%8B.pdf
https://www.1288.tv/Companys/anenmuying/Intro.html
https://www.douyin.com/video/7665862424297388905
https://www.86hc.com/en/taiwan-andbaby-international-confinement-treatment-club-headquarters-holdings-co-limited
https://wen.baidu.com/question/434083232170340812.html
https://chengdu.pbc.gov.cn/chengdu/129320/129341/129346/5497600/3099076/2016071114581560155.pdf
https://static.cninfo.com.cn/finalpage/2025-04-25/1223281858.PDF
https://www.yuejiaxmz.com/news/view/809836
https://weibo.com/2/detail/comos%3Aniqkzme3028874
https://www.kuaidi100.com/network/networkdt792926193026788.htm
https://appeal.cpc.ey.gov.tw/
https://appeal.cpc.ey.gov.tw/WWW/step_two.aspx
https://appeal.cpc.ey.gov.tw/WWW/SiteMap.aspx
https://cpc.ey.gov.tw/
https://www.xfb365.com/complaint/create?channel=pc_head
https://www.xfb365.com/
https://www.consumer.org.hk/sc/complaints-and-services/complaint-and-enquiry-channels
https://www.consumer.org.hk/sc/complaints-and-services
https://www.xfb365.com/guide
https://www.anyongfresh.com/pages/refund
https://ah315.cn/display.asp?id=146048
https://ec2-18-163-36-20.ap-east-1.compute.amazonaws.com/tc/complaints-and-services
https://www.hub315.org.cn/u/cms/hub315/202512/17093821xn0f.pdf
https://aigc.idigital.com.cn/djyanbao/%E3%80%90%E7%BD%91%E7%BB%8F%E7%A4%BE%E3%80%912023%E5%B9%B4%E5%BA%A6%E4%B8%AD%E5%9B%BD%E7%94%B5%E5%95%86%E6%9C%8D%E5%8A%A1%E5%95%86%E6%B6%88%E8%B4%B9%E6%8A%95%E8%AF%89%E6%95%B0%E6%8D%AE%E4%B8%8E%E5%85%B8%E5%9E%8B%E6%A1%88%E4%BE%8B%E6%8A%A5%E5%91%8A-2024-03-28.pdf
https://www.why.com.cn/epublish/qnb/resfile/2025-03-14/A04/QNBA04B20250314C.pdf
https://www.ayrbs.com/szb/pc/attachment/202603/12/42e75552-bf3d-4616-9698-a17a53f21b5b.pdf
https://doss.xhby.net/zpaper/njcb/pc/att/202503/21/5e865d08-3e08-4d9e-9f13-087391904442.pdf
https://www.100ec.cn/zt/upload_data/2021q3tsal/images/ts.pdf
https://m.chinapp.com/company/62523
https://tousu.sina.com.cn/complaint/view/17369811746/
https://m.xfb315.com/tousu/98417640
https://www.xfb365.com/tousu/99782265
https://news.cnnb.com.cn/system/2025/01/21/030643647.shtml
https://tousu.sina.com.cn/complaint/view/17392375314?sld=a26903423d797548ecadacd7d75a15df
https://tousu.sina.com.cn/complaint/view/17376834910?sld=82c00c174c41f5f66a3eb40dc4424c19
https://tousu.sina.com.cn/complaint/view/17385783051?sld=e761ac9007e6c4e76840075ea51a3a56
https://zyk.bjhd.gov.cn/jbdt/auto4489_51785/auto4489_52237/auto4489_52267/auto4489_52271/201901/t20190123_4259316.shtml?type=computer
https://www.xfb365.com/tousu/100395650
https://www.xfb365.com/tousu/96302984
https://www.reddit.com/r/China_irl/comments/1u91l42/%E6%AF%8D%E4%BA%B2%E5%B0%8626%E5%B2%81%E5%84%BF%E5%AD%90%E9%AA%97%E8%BF%9B%E6%88%92%E7%BD%91%E7%98%BE%E6%9C%BA%E6%9E%84%E5%85%B3%E4%BA%8682%E5%A4%A9%E4%BA%8B%E5%90%8E%E7%A7%B0%E5%81%9A%E4%B8%8D%E5%88%B0%E5%90%91%E5%84%BF%E5%AD%90%E9%81%93%E6%AD%89/
https://www.bjhd.gov.cn/ztzx/2020zt/hdqzfgs/dsz_62030/dtxx/zfjggs/xzcf/202109/P020210915349899864378.pdf",2026-09-21
agency-20,阳光北亚家政,本轮公开索引未取得可归属的育儿服务投诉；历史荣誉或善后报道不能证明每次换人退费都能落实。,已按1组名称查询当前公示列表，本轮未见记录；不代表零投诉，公示期限、名称别称和公开范围会影响结果。,"[黑猫] site:tousu.sina.com.cn ""阳光北亚家政"" 投诉
该具体查询返回空结果；不代表平台全库无投诉。

[消费保] site:xfb315.com ""阳光北亚家政"" 投诉
该具体查询返回空结果；不代表平台全库无投诉。

[监管媒体] ""阳光北亚家政"" 投诉 退费 12315 消协 处罚 法院
本次查询返回17个索引链接（可能含无关项）。该渠道合并判读：结果为荣誉、保供/行业名录和历史正面服务报道；未取得能归属该公司的公开处罚或具体育儿争议。 搜索页只据可见摘要判读；已回读来源另列，不把索引摘要当作已打开原文。

[消费保补查] 阳光北亚家政 消费保 投诉 退费
本次查询返回17个索引链接（可能含无关项）。该渠道合并判读：消费保定向及补查未取得可归属个案。 搜索页只据可见摘要判读；已回读来源另列，不把索引摘要当作已打开原文。

[12315站内] 北京阳光北亚家政服务有限公司
查询“北京阳光北亚家政服务有限公司”：该名称在此次公示列表未见记录，不代表零投诉或没有历史纠纷；公示期限、名称别称和公开范围会影响结果。",未取得本轮可单列案例；不代表没有投诉。,https://tsgs.12315.cn/#/viewport,"queries.resultUrls仅为搜索返回的候选链接，可能含无关、同名或未回读页面；不自动视为采信来源，不据此生成案例或评价。案例读取及归属边界以cases为准。
https://rsj.beijing.gov.cn/bm/ztzl/ssjzlwpp/
https://rsj.beijing.gov.cn/bm/ztzl/ssjzlwpp/202511/t20251103_4251044.html
https://rsj.beijing.gov.cn/xxgk/tzgg/202401/t20240129_3548057.html
https://www.beijing.gov.cn/fuwu/lqfw/gggs/202401/t20240122_3542621.html
https://fgw.beijing.gov.cn/gzdt/tztg/202401/t20240126_3547052.htm
https://www.maigoo.com/company/154758.html
https://www.beijing.gov.cn/fuwu/lqfw/gggs/202402/t20240205_3557553.html
https://fgw.beijing.gov.cn/gzdt/tztg/202312/t20231229_3519460.htm
https://rsj.beijing.gov.cn/weimenhu/wmtgz/202511/t20251106_4264127.html
https://i.bjwmb.gov.cn/p/2023/04/07/215bd741d2385603b405ef7be6d95f36.pdf
https://www.amap.com/place/B0FFGHP6OE
https://union.yunshuren.com/moving/company_card-gsssnwwwpoooxiqo.html
https://www.cnpp.cn/pinpai/1626274.html
https://www.bjdch.gov.cn/ywdt/xdcb/202502/P020250211397540498250.pdf
https://sxhhy.com/uploadfile/file/20230817/f02e7c8b3.pdf
https://www.bjdch.gov.cn/zwgk/tzgg/202208/P020230410830730796781.pdf
https://pictradeinservices.mofcom.gov.cn/file/20200602/71521591063282746.pdf
https://www.ygbyjz.com/
https://sw.beijing.gov.cn/phone/zwxx/tzgg/202501/t20250121_3994560.html
https://www.ygbyjz.com/227
https://www.ygbyjz.com/212
https://www.xfb365.com/tousu/100288329
https://www.xfb365.com/tousu/101905489
https://www.xfb365.com/tousu/101341315
https://www.bjdch.gov.cn/ztzl/yhyshj/zxdt/202001/t20200108_2978414.html
https://www.cebscf.com/
https://m.cqn.com.cn/ms/att/2024-02/06/e19cb572-d546-4a13-ad60-fc7efca08f8e.pdf
https://dzb.xfrb.com.cn/UploadFiles/file/20240319/202403190103286721.pdf
https://www.bjfsh.gov.cn/zhxw/fsb/202103/P020210315318333482093.pdf
https://i-static.ygibao.com/store/script/b/doc/ibzszjc/gmxz_b1.pdf
https://epaper.sanqin.com/html/pic/202501/10/b1c4d4bd-b724-48f8-a4a9-6f602db7e9d5.pdf",2026-09-21
agency-21,唐顿世家,核心线索是无法继续匹配时的退费公式和等待期。同一投诉 R009 本轮回读显示已由处理中转为平台自动完成；未见消费者确认退款。,已核对当前公示列表。首屏同时包含成都分公司和北京总部名下的家政中介、人身财产及赔偿争议，必须区分分支及履约地点。名称匹配可含分支及其他工种，不能作为机构投诉率。,"[黑猫] site:tousu.sina.com.cn ""唐顿世家"" 投诉
本次查询返回9个索引链接（可能含无关项）。该渠道合并判读：回读 E14、R009 并补充替换失约、普通家务与护工退款投诉；多个页面“已完成”来自回复后30日自动结束。 搜索页只据可见摘要判读；已回读来源另列，不把索引摘要当作已打开原文。

[监管媒体] ""唐顿世家"" 投诉 退费 12315 消协 处罚 法院
本次查询返回17个索引链接（可能含无关项）。该渠道合并判读：2019/2020七天退款文章属于历史商业宣传，未当作现行合同或已履行售后证据。 搜索页只据可见摘要判读；已回读来源另列，不把索引摘要当作已打开原文。

[消费保] site:xfb315.com ""唐顿世家"" 投诉
该具体查询返回空结果；不代表平台全库无投诉。

[消费保补查] 唐顿世家 消费保 投诉 退费
本次查询返回18个索引链接（可能含无关项）。该渠道合并判读：消费保限定及补查未取得明确独立新增个案，主要复现黑猫及宣传。 搜索页只据可见摘要判读；已回读来源另列，不把索引摘要当作已打开原文。

[12315站内] 北京唐顿世家科技有限公司
查询“北京唐顿世家科技有限公司”此次页面显示11条关键词匹配公示。首屏同时包含成都分公司和北京总部名下的家政中介、人身财产及赔偿争议，必须区分分支及履约地点。以上数量是所列查询关键词此次匹配的公示记录数，可能含分支、近名和不同服务工种；不同查询之间可能重叠，不合计为机构投诉总数，不是投诉率或质量排名。公示期限为一年，不涵盖全部历史、未公开投诉或所有分支。投诉内容为当事人填写，调解结果不是违法认定；达成调解不等于退款已到账。","案例：育儿服务多次替换后的退费计算争议
日期：2026-04-29
工种：育儿嫂
记录：消费者称支付一年5,750元服务费、37天内更换四位人员；其主张退5,165.52元，与公司被转述的2,800元方案有分歧。
回应：7月28日有企业回复记录，但未读到回复正文。
处理结果：8月27日平台因30天未进一步操作自动完成；未见消费者确认退款。
限制：金额计算为投诉者主张，非裁决；机构名称含北京，履约城市未明确。既有 E14 回读。
读取状态：本轮已打开原页面并核读正文与进度
来源：https://tousu.sina.com.cn/complaint/view/17396580737

案例：育儿嫂离岗后未继续匹配与剩余合同退款争议
日期：2025-05-17
工种：育儿嫂
记录：消费者称续约一年服务费5,750元，2025年3月原人员离岗后未再匹配，申请退半年费用2,875元，对补充条款及折扣不退款说法有异议。
回应：页面有4月13日企业回复时间，正文不可读，时间线未显示年份。
处理结果：页面现为5月13日系统自动完成；不能沿用旧“处理中”，也不能写已退款。
限制：回复/自动完成节点未显示年份，不自行推断；既有 R009 同投诉编号，移动域与桌面域去重。
读取状态：本轮已打开原页面并核读正文与进度
来源：https://tousu.sina.com.cn/complaint/view/17383043718

案例：育儿候选到岗失约与退款争议
日期：2026-01-04
工种：育儿嫂
记录：消费者对育儿照护适配、短期人员安排及承诺到岗未兑现提出4,700元退款诉求。
回应：4月13日有企业回复记录，未见实质正文。
处理结果：5月13日平台自动完结，没有退款或消费者认可证明。
限制：正文包含晚于标示发帖日的日期，时间叙述不一致；照护相关指控未独立核验，城市未披露。
读取状态：本轮已打开原页面并核读正文与进度
来源：https://tousu.sina.com.cn/complaint/view/17392015965

案例：普通家务人员匹配与解约退费争议
日期：2025-09-01
工种：家务保姆
记录：消费者称一年服务费8,000元，更换多人后仍有不匹配与服务中断，对余期退费和合同条款提出异议。
回应：4月13日有企业回复节点，4月23日有消费者补充节点；本轮未读到这些节点的具体正文。
处理结果：页面已回复，未见明确退款确认。
限制：节点年份未显示，不强行还原跨年时间；工种为家务，城市未披露。
读取状态：本轮已打开原页面并核读正文与进度
来源：https://tousu.sina.com.cn/complaint/view/17387033732

案例：短期护工合同与退款争议
日期：2025-11-17
工种：护工
记录：消费者对短期护工服务和1,950元费用退款存在异议。
回应：4月13日有企业回复记录，未见实质正文。
处理结果：5月13日平台自动完成，未见退款确认。
限制：非育儿嫂；节点年份未显示，不能据此推定准确处理周期。
读取状态：本轮已打开原页面并核读正文与进度
来源：https://tousu.sina.com.cn/complaint/view/17390142637","https://tousu.sina.com.cn/complaint/view/17396580737
https://tousu.sina.com.cn/complaint/view/17383043718
https://tousu.sina.com.cn/complaint/view/17392015965
https://tousu.sina.com.cn/complaint/view/17387033732
https://tousu.sina.com.cn/complaint/view/17390142637
https://tsgs.12315.cn/#/viewport","queries.resultUrls仅为搜索返回的候选链接，可能含无关、同名或未回读页面；不自动视为采信来源，不据此生成案例或评价。案例读取及归属边界以cases为准。
https://tousu.sina.com.cn/complaint/view/17375373788
https://tousu.sina.com.cn/complaint/view/17371220728
https://tousu.sina.com.cn/complaint/view/17392015965?sld=5beed4fedc2805031f7b61a65fe28dae
https://tousu.sina.com.cn/complaint/view/17377613066?sld=c347e983a5cb72b10fb14d86f92a9d56
https://tousu.sina.com.cn/complaint/view/17387033732?sld=9c1101d2969aeaf0016a6b78dccb0f5f
https://tousu.sina.com.cn/complaint/view/17396580737?sld=8c90ed63681ed007b62fcfddcba6151a
https://tousu.sina.com.cn/complaint/view/17390142637?sld=46fc4f83e034273f1dcb6a42fd9907bf
https://tousu.sina.com.cn/complaint/view/17383043718?sld=31763c28a4ef630ca77059187741ed13
https://tousu.sina.com.cn/company/view/?couid=6307902995
https://m.tangdunshijia.com/
https://www.tangdunshijia.com/h-col-101.html
https://www.shyp.gov.cn/oarest9/epointtemp/xxgkfile/data/nfsshare/BigFileUpLoadStorage/oldtemp/2022-03-08/149b1521-f346-4d8a-980b-17868e7ddde7/%E4%B8%8A%E6%B5%B7%E5%B8%82%E6%9D%A8%E6%B5%A6%E5%8C%BA%E7%BB%9F%E8%AE%A1%E5%B1%80%E5%85%B3%E4%BA%8E%E5%8D%B0%E5%8F%912021%E5%B9%B4%E7%AC%AC%E5%8D%81%E4%B8%80%E6%89%B9%E4%BA%A7%E4%B8%9A%E9%A2%86%E5%9F%9F%E8%AE%A4%E5%AE%9A%E4%BC%81%E4%B8%9A%E5%90%8D%E5%8D%95%E7%9A%84%E9%80%9A%E7%9F%A5.pdf
https://m.tangdunshijia.com/col.jsp?id=107
https://www.cnblogs.com/xixi-pangu/p/22808242
https://stcsm.sh.gov.cn/cmsres/ce/ce0cc434b5fb45229c6d280ab6feaf90/438ff071d0ddadaa6047774c8b7e05cd.pdf
https://stcsm.sh.gov.cn/cmsres/59/5987933dfe204f11a4bd052e27c289eb/50438f169a91da14ee6fca820bd910a7.pdf
https://chinajob.mohrss.gov.cn/upload/resources/jnbzpdf/4ccc6a76ab911f6feae513.pdf
https://www.safe.gov.cn/beijing/file/file/20220719/8b1db594311740028eb2ea4d51ba2458.pdf
https://appeal.cpc.ey.gov.tw/
https://www.xfb365.com/complaint/create?channel=pc_head
https://www.tangdunshijia.com/
https://www.consumer.org.hk/sc/complaints-and-services
https://www.xfb365.com/
https://ec2-18-163-36-20.ap-east-1.compute.amazonaws.com/tc/complaints-and-services
https://www.xfb365.com/guide
https://pingquan.jiaju.sina.com.cn/zixun/q/20191205/6608255167802705282.shtml
https://pingquan.jiaju.sina.com.cn/zixun/20200629/6683217304689640462.shtml
https://www.yangkeduo.com/home/customer
https://www.100ec.cn/zt/2022nxxftsbg/img/ts.pdf
https://www.bjfsh.gov.cn/zhxw/fsb/202103/P020210315318333482093.pdf
https://doss.xhby.net/zpaper/yzwb/pc/att/202404/02/1e02c3b9-cabd-492b-84c6-541fbbb01009.pdf
https://www.100ec.cn/zt/24sbnsw/img/ts.pdf
https://epaper.guilinlife.com/glrbpc/glrb/20260312/05.pdf
https://epaper.qingdaonews.com/qdzb/resfile/2025-03-15/A04/qdzb-20250315-A04.pdf",2026-09-21
agency-22,艾禧悦,本轮公开索引未取得可归属个案；完整法人未闭环使投诉及信用归属仍有限。,已按1组名称查询当前公示列表，本轮未见记录；不代表零投诉，公示期限、名称别称和公开范围会影响结果。,"[监管媒体] ""艾禧悦"" 投诉 退费 12315 消协 处罚 法院
本次查询返回7个索引链接（可能含无关项）。该渠道合并判读：主要为业务网站和招聘信息，未取得可归属的媒体客诉或监管记录。 搜索页只据可见摘要判读；已回读来源另列，不把索引摘要当作已打开原文。

[黑猫] site:tousu.sina.com.cn ""艾禧悦"" 投诉
该具体查询返回空结果；不代表平台全库无投诉。

[消费保] site:xfb315.com ""艾禧悦"" 投诉
该具体查询返回空结果；不代表平台全库无投诉。

[消费保补查] 艾禧悦 消费保 投诉 退费
本次查询返回18个索引链接（可能含无关项）。该渠道合并判读：消费保定向及补查未取得可归属个案。 搜索页只据可见摘要判读；已回读来源另列，不把索引摘要当作已打开原文。

[12315站内] 艾禧悦
查询“艾禧悦”：该名称在此次公示列表未见记录，不代表零投诉或没有历史纠纷；公示期限、名称别称和公开范围会影响结果。",未取得本轮可单列案例；不代表没有投诉。,https://tsgs.12315.cn/#/viewport,"queries.resultUrls仅为搜索返回的候选链接，可能含无关、同名或未回读页面；不自动视为采信来源，不据此生成案例或评价。案例读取及归属边界以cases为准。
https://m.aixiyue.cn/
https://www.klmy.gov.cn/klmys/c100187/202605/7c922fd5890b42059d442b9264589e3c.shtml
https://www.licheng.gov.cn/resources/public/20250915/68c7cf092e3aee8561e4a866.pdf
https://file.m12333.cn/upfile/download/037f6044-4c0f-d692-15a1-7853e391f368.pdf
https://wjw.sz.gov.cn/attachment/1/1577/1577132/12147891.pdf
https://www.urumqi.gov.cn/wlmqs/c119191/202312/e896b5187e3543deb046430203be32e5/files/20210918gsmd.pdf
https://wjw.sz.gov.cn/attachment/1/1577/1577132/12148116.pdf
https://appeal.cpc.ey.gov.tw/
https://appeal.cpc.ey.gov.tw/WWW/step_two.aspx
https://www.xfb365.com/tousu/101399026
https://appeal.cpc.ey.gov.tw/WWW/SiteMap.aspx
https://www.xfb365.com/complaint/create?channel=pc_head
https://www.xfb365.com/
https://www.consumer.org.hk/sc/complaints-and-services/complaint-and-enquiry-channels
https://www.consumer.org.hk/sc/complaints-and-services
https://www.ah315.cn/display.asp?id=146048
https://www.xfb365.com/guide
https://ec2-18-163-36-20.ap-east-1.compute.amazonaws.com/tc/complaints-and-services
https://www.hsinchu.gov.tw/cp.aspx?n=2692
https://www.jiangyan.gov.cn/cms_files/filemanager/1574877257/attach/20237/9c823df654dc47cc93fd7549fcf8d554.pdf
https://www.ganzhou.gov.cn/zfxxgk/sjjtjxx/202511/79c5faac3ecd4c508c55e40ea6ab8564/files/2408356a08554f669428eea1560407a2.pdf
https://scjgj.sc.gov.cn/scjgj/c104529/2024/4/30/f907b5acf6044092ac651e80c5a90a4d/files/%E5%9B%9B%E5%B7%9D%E7%9C%812024%E5%B9%B4%E4%B8%80%E5%AD%A3%E5%BA%A6%E6%8A%95%E8%AF%89%E7%BB%9F%E8%AE%A1%E5%88%86%E6%9E%90%E6%8A%A5%E5%91%8A.pdf
https://www.ganzhou.gov.cn/zfxxgk/c116039/202502/efeda295f91d4e29b8db04509430786b/files/d4546fda91dc4e5bacd12701ae0cb58b.pdf
https://www.ganzhou.gov.cn/zfxxgk/sjjtjxx/202504/59381b1302e6493dbdb386edd7e368de/files/a0bfbafa97c743feae594664d7fc602c.pdf
https://www.bjfsh.gov.cn/zhxw/fsb/202103/P020210315318333482093.pdf",2026-09-21
agency-23,阿华妈咪,本轮公开索引未取得可归属的育儿服务投诉；已排除近名母婴品牌及无关内容。,已按2组名称查询当前公示列表，本轮未见记录；不代表零投诉，公示期限、名称别称和公开范围会影响结果。,"[黑猫] site:tousu.sina.com.cn ""阿华妈咪"" 投诉
该具体查询返回空结果；不代表平台全库无投诉。

[消费保] site:xfb315.com ""阿华妈咪"" 投诉
该具体查询返回空结果；不代表平台全库无投诉。

[监管媒体] ""阿华妈咪"" 投诉 退费 12315 消协 处罚 法院
本次查询返回15个索引链接（可能含无关项）。该渠道合并判读：补查北京阿华妈咪家政服务有限责任公司，未取得准确主体的独立投诉；家政与母婴护理两个法人名称关系待核。 搜索页只据可见摘要判读；已回读来源另列，不把索引摘要当作已打开原文。

[消费保补查] 阿华妈咪 消费保 投诉 退费
本次查询返回16个索引链接（可能含无关项）。该渠道合并判读：消费保检索主要出现阿姨来了、幸孕妈咪等其他品牌，未归入。 搜索页只据可见摘要判读；已回读来源另列，不把索引摘要当作已打开原文。

[主体与别名补查] 北京阿华妈咪家政服务有限责任公司 投诉
本次查询返回13个索引链接（可能含无关项）。该渠道合并判读：补查北京阿华妈咪家政服务有限责任公司，未取得准确主体的独立投诉；家政与母婴护理两个法人名称关系待核。 搜索页只据可见摘要判读；已回读来源另列，不把索引摘要当作已打开原文。

[12315站内] 北京阿华妈咪家政服务有限责任公司
查询“北京阿华妈咪家政服务有限责任公司”：该名称在此次公示列表未见记录，不代表零投诉或没有历史纠纷；公示期限、名称别称和公开范围会影响结果。

[12315站内] 北京阿华妈咪母婴护理有限责任公司
查询“北京阿华妈咪母婴护理有限责任公司”：该名称在此次公示列表未见记录，不代表零投诉或没有历史纠纷；公示期限、名称别称和公开范围会影响结果。",未取得本轮可单列案例；不代表没有投诉。,https://tsgs.12315.cn/#/viewport,"queries.resultUrls仅为搜索返回的候选链接，可能含无关、同名或未回读页面；不自动视为采信来源，不据此生成案例或评价。案例读取及归属边界以cases为准。
https://dushi.singtao.ca/toronto/%E5%81%A5%E5%BA%B7/%E6%B8%AF%E5%A5%B3%E5%88%86%E4%BA%AB%E8%A1%97%E5%9D%8A%E6%95%99%E9%98%BF%E5%8D%8E%E7%94%B0%E6%AD%A2%E7%96%B4%E5%A4%A7%E6%B3%95-%E5%8C%BB%E7%94%9F%E6%8B%86%E8%A7%A3%E8%83%8C%E5%90%8E%E5%8E%9F%E7%90%86/
https://www.mulanci.org/lyric/sl390620/
https://zjrb.zjol.com.cn/images/2025-05/03/zjrb2025050300002v03n.pdf
https://mychhsk.blogspot.com/2024/03/20240322_74.html
https://www.gecifang.com/song/2148037.html
https://baby.sina.cn/baike/2015-08-21/detail-ifxhcvsf1074816.d.html?wm=3049_0015
https://t.me/s/tnaot?after=31499
https://www.tfchaowan.com/
https://tantannews.com/food/4QbYEWAYbz
https://t.me/s/Cambodia15?q=%23%E7%BE%A4%E6%9C%89%E6%8A%95%E7%A8%BF
https://www.yamibuy.com/zh/p/awastea-black-bean-tea-15g-x-30-bags/1030014041
https://k.sina.com.cn/article_1249868467_4a7f7ab3001002cce.html
https://www.055110.com/xs/3/4981.html
https://xqdoc.imedao.com/13eead25b0d6a3fea56a688c.pdf
https://static.cninfo.com.cn/finalpage/2024-04-27/1219877597.PDF
https://appeal.cpc.ey.gov.tw/
https://consumer.huawei.com/cn/support/content/zh-cn16019794/
https://www.xfb365.com/complaint/create?channel=pc_head
https://www.consumer.org.hk/sc/complaints-and-services
https://www.ahic.com.cn/jiandujubao/index.jhtml
https://www.ah315.cn/display.asp?id=146048
https://www.xfb365.com/article/141336
https://www.xfb365.com/guide
https://ah.tousu.sina.com.cn/
https://fw.scjgj.sh.gov.cn/shaic/12315/jb_index.htm
https://www.beijing.gov.cn/fuwu/bmfw/bmjy/202504/t20250409_4060597.html
https://sh.tousu.sina.com.cn/
https://zjjcmspublic.oss-cn-hangzhou-zwynet-d01-a.internet.cloud.zj.gov.cn/jcms_files/jcms1/web2977/site/attach/0/d427461e850243c68d047174110d28ca.pdf
https://www.bjfsh.gov.cn/zhxw/fsb/202103/P020210315318333482093.pdf
https://szb.qzwb.com/qzwb/pc/att/202511/17/acb6a6aa-0e8f-47f5-a164-b6c2c67e6462.pdf
https://epaper.sanqin.com/html/pic/202501/10/b1c4d4bd-b724-48f8-a4a9-6f602db7e9d5.pdf
https://www.ahuamm.com/
https://www.xfb365.com/tousu/100901011
https://tousu.sina.com.cn/complaint/view/17367989584
https://www.xfb365.com/tousu/101614695
https://tousu.sina.com.cn/complaint/view/17388044504?sld=49a984c53730eb0e9e35dd35ca2a8517
https://scjgj.beijing.gov.cn/hdjl/xfts/201808/t20180820_108737.html
https://apps.apple.com/ca/app/%E9%98%BF%E5%A7%A8%E5%B8%AE%E5%AE%B6%E6%94%BF-%E9%AB%98%E5%93%81%E8%B4%A8%E4%B8%8A%E9%97%A8%E6%9C%8D%E5%8A%A1%E7%9B%B4%E7%BA%A6%E5%88%B0%E5%AE%B6/id683700520
https://www.beijing.gov.cn/zhengce/zhengcefagui/202609/t20260905_4851778.html
https://www.bjjubao.org.cn/
https://banshi.beijing.gov.cn/zcjd/202609/t20260910_428700.html
https://scjgj.beijing.gov.cn/bsfw/bmfw/sfwbbm/shxfl/qtwb/201911/t20191129_722530.html
https://www.beijing.gov.cn/fuwu/lqfw/gggs/202607/t20260717_4767950.html
https://www.beijing.gov.cn/zhengce/zhengcefagui/qtwj/202204/W020220608784133262108.pdf",2026-09-21
agency-24,瑞多帮家政,本轮公开索引未取得可归属育儿消费投诉；劳务结算线索按不同法律关系排除，没有当作本机构被判违约。,已按1组名称查询当前公示列表，本轮未见记录；不代表零投诉，公示期限、名称别称和公开范围会影响结果。,"[黑猫] site:tousu.sina.com.cn ""瑞多帮家政"" 投诉
该具体查询返回空结果；不代表平台全库无投诉。

[消费保] site:xfb315.com ""瑞多帮家政"" 投诉
该具体查询返回空结果；不代表平台全库无投诉。

[监管媒体] ""瑞多帮家政"" 投诉 退费 12315 消协 处罚 法院
本次查询返回12个索引链接（可能含无关项）。该渠道合并判读：检得第三方文书转载涉及瑞多帮作为第三人的劳务报酬争议，非雇主育儿嫂投诉，且未核法院原文。 搜索页只据可见摘要判读；已回读来源另列，不把索引摘要当作已打开原文。

[消费保补查] 瑞多帮家政 消费保 投诉 退费
本次查询返回16个索引链接（可能含无关项）。该渠道合并判读：消费保定向及补查未取得可归属个案。 搜索页只据可见摘要判读；已回读来源另列，不把索引摘要当作已打开原文。

[12315站内] 北京瑞多帮家政服务有限公司
查询“北京瑞多帮家政服务有限公司”：该名称在此次公示列表未见记录，不代表零投诉或没有历史纠纷；公示期限、名称别称和公开范围会影响结果。",未取得本轮可单列案例；不代表没有投诉。,https://tsgs.12315.cn/#/viewport,"queries.resultUrls仅为搜索返回的候选链接，可能含无关、同名或未回读页面；不自动视为采信来源，不据此生成案例或评价。案例读取及归属边界以cases为准。
https://zh.wikisource.org/zh-hans/%E8%96%9B%E7%BB%A7%E5%A6%B9%E4%B8%8E%E9%A9%AC%E5%88%A9%E5%8A%B3%E5%8A%A1%E5%90%88%E5%90%8C%E7%BA%A0%E7%BA%B7%E4%B8%80%E5%AE%A1%E6%B0%91%E4%BA%8B%E5%88%A4%E5%86%B3%E4%B9%A6
https://zh.wikisource.org/wiki/%E5%8C%97%E4%BA%AC%E5%B8%82%E6%B5%B7%E6%B7%80%E5%8C%BA%E4%BA%BA%E6%B0%91%E6%B3%95%E9%99%A2%EF%BC%882023%EF%BC%89%E4%BA%AC0108%E6%B0%91%E5%88%9D1773%E5%8F%B7%E6%B0%91%E4%BA%8B%E5%88%A4%E5%86%B3%E4%B9%A6
https://rsj.beijing.gov.cn/bm/ztzl/ssjzlwpp/
https://rsj.zjk.gov.cn/ggzp/ww/z/a/mobile_news_detail.html?articleId=8aa501d89cae221b019d85d21cbc042d&categoryID=8aa501d8771dd44f01771ddaafd90007&selected=0
https://zh.wikisource.org/wiki/%E8%96%9B%E7%BB%A7%E5%A6%B9%E4%B8%8E%E9%A9%AC%E5%88%A9%E5%8A%B3%E5%8A%A1%E5%90%88%E5%90%8C%E7%BA%A0%E7%BA%B7%E4%B8%80%E5%AE%A1%E6%B0%91%E4%BA%8B%E5%88%A4%E5%86%B3%E4%B9%A6
https://news.bjd.com.cn/2026/03/26/11652793.shtml
https://www.xy12315.cn/
https://xinwen.bjd.com.cn/content/s690c5cbfe4b02424b0c2997d.html
https://www.chinaiii.org.cn/Item/list.asp?id=1655
https://item.btime.com/4232ueltrae91urff48rb1grqcn
https://app.bjtitle.com/5620/newshow.php?did=ccd62265b3f140c19e2ebfdfe1630333&mood=wx&newsid=6590414&typeid=13&uid=273786
https://www.gswomen.org.cn/shouye/funvfazhan/qiaoshouchuangye/1593156039447130113.html
https://www.xfb365.com/tousu/100288329
https://www.xfb365.com/article/155417
https://www.xfb365.com/article/155465
https://www.xfb365.com/complaint/create?channel=pc_head
https://www.xfb365.com/brands/34809
https://www.xfb315.com/tousu/98616613
https://m.cqn.com.cn/ms/att/2024-02/06/e19cb572-d546-4a13-ad60-fc7efca08f8e.pdf
https://www.yangkeduo.com/home/customer
https://www.xfb365.com/
https://www.xfb365.com/guide
https://www.thepaper.cn/newsDetail_forward_24417494
https://www.ah315.cn/display.asp?id=146048
https://www.bjfsh.gov.cn/zhxw/fsb/202103/P020210315318333482093.pdf
https://epaper.sanqin.com/html/pic/202501/10/b1c4d4bd-b724-48f8-a4a9-6f602db7e9d5.pdf
https://paper.people.com.cn/rmrb/images/2024-01/15/07/rmrb2024011507.pdf
https://hxdsb.fjdaily.com/pc/att/202403/19/de789b56-b95b-4e9f-9cd3-2237a064bb43.pdf",2026-09-21
agency-25,京鋆管家,本轮公开索引未取得可归属的具体投诉；评价材料仍以商业宣传为主，无法验证实际售后表现。,已按1组名称查询当前公示列表，本轮未见记录；不代表零投诉，公示期限、名称别称和公开范围会影响结果。,"[黑猫] site:tousu.sina.com.cn ""京鋆管家"" 投诉
该具体查询返回空结果；不代表平台全库无投诉。

[消费保] site:xfb315.com ""京鋆管家"" 投诉
该具体查询返回空结果；不代表平台全库无投诉。

[监管媒体] ""京鋆管家"" 投诉 退费 12315 消协 处罚 法院
本次查询返回12个索引链接（可能含无关项）。该渠道合并判读：主要是自有业务页及排行榜宣传，“口碑标杆”等称号不提供独立交易证据。 搜索页只据可见摘要判读；已回读来源另列，不把索引摘要当作已打开原文。

[消费保补查] 京鋆管家 消费保 投诉 退费
本次查询返回18个索引链接（可能含无关项）。该渠道合并判读：消费保定向与补查未取得可归属个案。 搜索页只据可见摘要判读；已回读来源另列，不把索引摘要当作已打开原文。

[12315站内] 北京京鋆管家科技服务有限公司
查询“北京京鋆管家科技服务有限公司”：该名称在此次公示列表未见记录，不代表零投诉或没有历史纠纷；公示期限、名称别称和公开范围会影响结果。",未取得本轮可单列案例；不代表没有投诉。,https://tsgs.12315.cn/#/viewport,"queries.resultUrls仅为搜索返回的候选链接，可能含无关、同名或未回读页面；不自动视为采信来源，不据此生成案例或评价。案例读取及归属边界以cases为准。
https://www.jingyunhk.cn/jygj
https://www.jingyunhk.cn/zjbm
https://www.jingyunhk.cn/bsbm
https://www.jingyunhk.cn/yyfw
https://m.maigoo.com/brand/4233833.html
https://www.sohu.com/a/1020506620_122605088
https://www.jingyunhk.cn/bjfw
https://www.xudoodoo.com/Article-MzYyNg-47427.html
https://m.sohu.com/a/934423361_122473848/
https://www.sohu.com/a/999489686_122605088
https://www.sohu.com/a/1002085014_122605088
https://m.sohu.com/a/940411664_122473891/
https://www.xfb365.com/complaint/create?channel=pc_head
https://www.xfb365.com/tousu/100935036
https://scjgj.beijing.gov.cn/zwxx/scjgdt/202606/t20260617_4703643.html
https://www.beijing.gov.cn/fuwu/bmfw/bmjy/202504/t20250409_4060597.html
https://www.xfb365.com/guide
https://www.xfb365.com/
https://www.xfb365.com/complaint/tags/2_1_3124_25442.html
https://www.xfb365.com/complaint/tags/2_1_2637
https://fuwu.jd.com/
https://sh.tousu.sina.com.cn/
https://www.xfb365.com/complaint/tags/2_1_3080_19890_page9.html
https://zjjcmspublic.oss-cn-hangzhou-zwynet-d01-a.internet.cloud.zj.gov.cn/jcms_files/jcms1/web2247/site/attach/0/bb1f4384d99b4795b828fc7ed3b20f1f.pdf
https://zjjcmspublic.oss-cn-hangzhou-zwynet-d01-a.internet.cloud.zj.gov.cn/jcms_files/jcms1/web2977/site/attach/0/d427461e850243c68d047174110d28ca.pdf
https://www.bjfsh.gov.cn/zhxw/fsb/202403/P020240314558659814033.pdf
https://www.jiangyan.gov.cn/cms_files/filemanager/1574877257/attach/20237/4911bedc65f4401eba97a96dc37b890d.pdf?fileName=%E9%99%84%E4%BB%B6%E4%B8%8B%E8%BD%BD.pdf
https://www.bjfsh.gov.cn/zhxw/fsb/202103/P020210315318333482093.pdf
https://www.bj315.org/bjxfzzz/2021n/202104/U020250423636665899478.pdf",2026-09-21
agency-26,找个保姆,已用域名消歧。本轮公开索引未取得可归属该平台的独立履约投诉；自荐帖谈行业痛点不是投诉该平台。,已按1组名称查询当前公示列表，本轮未见记录；不代表零投诉，公示期限、名称别称和公开范围会影响结果。,"[消费保] site:xfb315.com ""找个保姆"" 投诉
该具体查询返回空结果；不代表平台全库无投诉。

[黑猫] site:tousu.sina.com.cn ""找个保姆"" 投诉
该具体查询返回空结果；不代表平台全库无投诉。

[监管媒体] ""找个保姆"" 投诉 退费 12315 消协 处罚 法院
本次查询返回18个索引链接（可能含无关项）。该渠道合并判读：增加准确域名 zhaogebaomu.com 查询，命中开发者V2EX自荐和品牌博客推广，未出现独立消费者投诉。 搜索页只据可见摘要判读；已回读来源另列，不把索引摘要当作已打开原文。

[消费保补查] 找个保姆 消费保 投诉 退费
本次查询返回17个索引链接（可能含无关项）。该渠道合并判读：消费保补查出现天鹅、爱侬等其他品牌或泛找保姆叙述，不能当作该网站投诉。 搜索页只据可见摘要判读；已回读来源另列，不把索引摘要当作已打开原文。

[域名消歧补查] ""zhaogebaomu.com"" 投诉 退款 消费保 黑猫
本次查询返回3个索引链接（可能含无关项）。该渠道合并判读：增加准确域名 zhaogebaomu.com 查询，命中开发者V2EX自荐和品牌博客推广，未出现独立消费者投诉。 搜索页只据可见摘要判读；已回读来源另列，不把索引摘要当作已打开原文。

[12315站内] 找个保姆
查询“找个保姆”：该名称在此次公示列表未见记录，不代表零投诉或没有历史纠纷；公示期限、名称别称和公开范围会影响结果。",未取得本轮可单列案例；不代表没有投诉。,https://tsgs.12315.cn/#/viewport,"queries.resultUrls仅为搜索返回的候选链接，可能含无关、同名或未回读页面；不自动视为采信来源，不据此生成案例或评价。案例读取及归属边界以cases为准。
https://www.315online.com/tousu/other/217984.html
https://zhaogebaomu.com/faq/
https://www.zhaogebaomu.com/about/
https://finance.cnr.cn/315/gz/201205/t20120507_509565362.shtml
https://news.sohu.com/20120507/n342550897.shtml
https://fegw.sh.gov.cn/ywxx/20260401/c3aad4888fcd47f0b040a69a666e3652.html
https://www.spp.gov.cn/spp/zdgz/202302/t20230214_601502.shtml
https://cn.govopendata.com/caipanwenshu/2013/8/8/ce772e1b-484e-4def-929a-37b5baf388df/
https://www.zhaogebaomu.com/beijing/
https://www.zhaogebaomu.com/tools/maternity-match/
https://jl.ifeng.com/a/20190731/7598617_0.shtml
https://news.cnr.cn/native/gd/20150313/t20150313_517987925.shtml
https://www.scdnews.com/images/paper/230306/230306A.pdf
https://static.0471tv.org.cn/wb/pc/att/202308/04/428439d1-0b96-4e2a-a45c-36dc3ca14204.pdf
https://www.bj315.org/bjxfzzz/201711/P020171108612737324468.pdf
https://epaper.qingdaonews.com/qdrb/resfile/2025-02-14/06/qdrb2025021406.pdf
https://hnrb.hunantoday.cn/hnrb_epaper/page/1/2010-09/30/16/2010093016_pdf.pdf
https://epaper.oss-cn-hangzhou.aliyuncs.com/jzwb/2024-11-18/082af80b532c64f0bac92957a6366854.pdf
https://www.xfb365.com/tousu/101738040
https://www.xfb365.com/tousu/100927871
https://www.xfb365.com/tousu/97997069
https://www.xfb365.com/tousu/100478700
https://www.xfb365.com/
https://apps.apple.com/cn/app/%E6%B6%88%E8%B4%B9%E4%BF%9D-%E6%B6%88%E8%B4%B9%E6%8A%95%E8%AF%89%E4%B8%8E%E6%B3%95%E5%BE%8B%E6%9C%8D%E5%8A%A1%E5%B9%B3%E5%8F%B0/id1052051394
https://apps.apple.com/id/app/%E6%B6%88%E8%B4%B9%E4%BF%9D-%E6%B6%88%E8%B4%B9%E6%8A%95%E8%AF%89%E4%B8%8E%E6%B3%95%E5%BE%8B%E6%9C%8D%E5%8A%A1%E5%B9%B3%E5%8F%B0/id1052051394?platform=watch
https://www.xfb315.com/tousu/97249801
https://www.xfb365.com/complaint/create?channel=pc_head
https://qnsh.youth.cn/mobile/show_case/1472
https://apps.apple.com/us/app/%E6%B6%88%E8%B4%B9%E4%BF%9D-%E6%B6%88%E8%B4%B9%E6%8A%95%E8%AF%89%E4%B8%8E%E6%B3%95%E5%BE%8B%E6%9C%8D%E5%8A%A1%E5%B9%B3%E5%8F%B0/id1052051394
https://scjgj.sc.gov.cn/scjgj/c104529/2024/2/5/616e211a151346f6af4cefaf6255d69c/files/%E7%9C%81%E6%B6%88%E5%A7%942023%E5%B9%B4%E5%BA%A6%E6%B6%88%E8%B4%B9%E8%80%85%E6%8A%95%E8%AF%89%E7%BB%9F%E8%AE%A1%E5%88%86%E6%9E%90%E6%8A%A5%E5%91%8A-.pdf
https://zjjcmspublic.oss-cn-hangzhou-zwynet-d01-a.internet.cloud.zj.gov.cn/jcms_files/jcms1/web2247/site/attach/0/bb1f4384d99b4795b828fc7ed3b20f1f.pdf
https://zjjcmspublic.oss-cn-hangzhou-zwynet-d01-a.internet.cloud.zj.gov.cn/jcms_files/jcms1/web2977/site/attach/0/d427461e850243c68d047174110d28ca.pdf
https://epaper.sanqin.com/html/pic/202501/10/b1c4d4bd-b724-48f8-a4a9-6f602db7e9d5.pdf
https://yptimes.shyp.gov.cn/resfile/2022-03-15/06/06.pdf
https://www.v2ex.com/t/1141085
https://www.cnblogs.com/zhaogebaomu/articles/18936520
https://ipv4.bgp.he.net/ip/172.67.166.221",2026-09-21
agency-27,国选到家（北京国选到家公司）,本轮公开索引未取得可归属国选到家的履约投诉；官网承诺和实际补位能力仍是两类证据。,已回读详情中最新公示（2026-08-31）：国选（北京）家庭服务有限公司，服务类别为家政中介服务，处理结果为“达成调解协议”。公示未披露协议细节及退款到账证据，不能据此推断北京育儿嫂整体服务质量。,"[黑猫] site:tousu.sina.com.cn ""国选到家"" 投诉
该具体查询返回空结果；不代表平台全库无投诉。

[消费保] site:xfb315.com ""国选到家"" 投诉
该具体查询返回空结果；不代表平台全库无投诉。

[监管媒体] ""国选到家"" 投诉 退费 12315 消协 处罚 法院
本次查询返回9个索引链接（可能含无关项）。该渠道合并判读：补查国选（北京）家庭服务主体，主要为业务与泛维权内容，未取得该公司明确客诉。 搜索页只据可见摘要判读；已回读来源另列，不把索引摘要当作已打开原文。

[消费保补查] 国选到家 消费保 投诉 退费
本次查询返回18个索引链接（可能含无关项）。该渠道合并判读：消费保定向与补查未取得可归属个案，阿姨到了等其他主体已排除。 搜索页只据可见摘要判读；已回读来源另列，不把索引摘要当作已打开原文。

[主体与别名补查] 国选 北京 家庭服务有限公司 投诉
本次查询返回14个索引链接（可能含无关项）。该渠道合并判读：补查国选（北京）家庭服务主体，主要为业务与泛维权内容，未取得该公司明确客诉。 搜索页只据可见摘要判读；已回读来源另列，不把索引摘要当作已打开原文。

[12315站内] 国选（北京）家庭服务有限公司
查询“国选（北京）家庭服务有限公司”此次页面显示8条关键词匹配公示。可见家政中介合同、售后和退赔公示，不能仅凭公司名确认全部是育儿嫂；选取最新记录回读具体调解结果。以上数量是所列查询关键词此次匹配的公示记录数，可能含分支、近名和不同服务工种；不同查询之间可能重叠，不合计为机构投诉总数，不是投诉率或质量排名。公示期限为一年，不涵盖全部历史、未公开投诉或所有分支。投诉内容为当事人填写，调解结果不是违法认定；达成调解不等于退款已到账。","案例：国选（北京）家庭服务有限公司消费投诉处理公示
日期：2026-08-18
工种：家政中介服务
记录：消费者反映2026-08-18购买的家政中介服务涉及其他合同与退赔争议。官方公示列出的处理结果为“达成调解协议”。
回应：公示没有展示企业具体答复。
处理结果：达成调解协议
处理部门：北京朝阳区市场监督管理局
限制：投诉基本信息与问题由当事人填报，不是违法认定。公示未披露协议具体内容、退款金额或到账证据；未确认该单为育儿嫂。公示期限为一年，本次只回读选取的具名详情。
读取状态：已打开12315官方详情，核对主体、服务及处理结果
来源：https://tsgs.12315.cn/#/viewport",https://tsgs.12315.cn/#/viewport,"queries.resultUrls仅为搜索返回的候选链接，可能含无关、同名或未回读页面；不自动视为采信来源，不据此生成案例或评价。案例读取及归属边界以cases为准。
https://www.zhaopin.com/jobdetail/CCL1430242840J40556897202.htm
https://ranks.amap.com/ranking/%E6%8A%A4%E5%B7%A5/%E5%8C%97%E4%BA%AC%E5%B8%82/%E7%99%BD%E9%A2%86
https://www.dt.gov.cn/dt12345/zcwdjh/listd.shtml
https://ranks.amap.com/ranking/%E8%82%B2%E5%84%BF%E5%AB%82/%E5%8C%97%E4%BA%AC%E5%B8%82/%E7%99%BD%E9%A2%86
https://coindollarpay.com/2023/09/
https://www.minghui.org/mh/articles/2017/8/27/2017-8-27.html
https://bj.114zr.com/search_lost.php?diqu=&leixing=&page=1&search-input=%E5%AE%A0%E7%89%A9
https://bfjyyw.com/www/zfxxgk/fdzdgknr1/qtfdxx/xwfbh/
https://bbs.youzan.com/thread-684551-1-1.html
https://appeal.cpc.ey.gov.tw/
https://www.xfb365.com/tousu/100478700
https://www.xfb365.com/
https://www.xfb365.com/guide
https://fw.scjgj.sh.gov.cn/shaic/12315/jb_index.htm
https://hunan.tousu.sina.com.cn/
https://ah.tousu.sina.com.cn/
https://sh.tousu.sina.com.cn/
https://www.beijing.gov.cn/fuwu/bmfw/bmjy/202504/t20250409_4060597.html
https://www.mixiaojin.com/consumer
https://hb.tousu.sina.com.cn/
https://www.sipac.gov.cn/szgyyqscjgj/xfwqwsts/list2.shtml
https://szb.xdplus.cn/xdkb/pc/attachment/202502/07/f45f31e7-a083-468e-8a39-a599beeae4d1.pdf
https://yhcb.eyh.cn/resfile/2025-02-11/07/yhsb-20250211-007.pdf
https://doss.xhby.net/zpaper/njcb/pc/att/202503/21/5e865d08-3e08-4d9e-9f13-087391904442.pdf
https://www.100ec.cn/zt/24Q1tsbg/img/ts.pdf
https://www.why.com.cn/epublish/qnb/resfile/2025-03-14/A04/QNBA04B20250314C.pdf
https://www.bjfsh.gov.cn/zhxw/fsb/202103/P020210315318333482093.pdf
https://wsxf.gjxfj.gov.cn/
https://ggzyfw.beijing.gov.cn/cmsbj/tsjb/index.jhtml
https://www.beijing.gov.cn/zhengce/zhengcefagui/qtwj/202204/W020220608784133262108.pdf
https://www.xfb365.com/tousu/100901011
https://ect.scjgj.beijing.gov.cn/index
https://www.bjjubao.org.cn/2026-07/21/content_48958.html
https://scjgj.beijing.gov.cn/cxfw/flfgcxfw/swl/202006/t20200619_1929145.html
https://zjw.beijing.gov.cn/bjjs/zbtb0/tscl/index.shtml
https://zyk.bjhd.gov.cn/jbdt/auto4502_51797/auto4502_53168/qlqd/201810/t20181003_3443282.shtml
https://zyk.bjhd.gov.cn/jbdt/auto4502_51797/auto4502_53168/201810/t20181003_3443280.shtml
https://zyk.bjhd.gov.cn/jbdt/auto4502_51797/auto4502_53168/201810/t20181003_3443281.shtml
https://www.beijing.gov.cn/hudong/yonghu/static/zwfwj/tousu/index.html
https://www.beijing.gov.cn/zhengce/gfxwj/202001/W020200123404392236140.pdf",2026-09-21
agency-28,天使来了（北京妈妈乐科技有限公司）,本轮公开索引未取得可归属北京妈妈乐天使来了的育儿履约投诉；同名按摩平台投诉不计入。,已按1组名称查询当前公示列表，本轮未见记录；不代表零投诉，公示期限、名称别称和公开范围会影响结果。,"[黑猫] site:tousu.sina.com.cn ""天使来了"" 投诉
本次查询返回1个索引链接（可能含无关项）。该渠道合并判读：黑猫出现同名“天使来了”上门按摩退款，服务业态不符，已排除。 搜索页只据可见摘要判读；已回读来源另列，不把索引摘要当作已打开原文。

[消费保] site:xfb315.com ""天使来了"" 投诉
该具体查询返回空结果；不代表平台全库无投诉。

[监管媒体] ""天使来了"" 投诉 退费 12315 消协 处罚 法院
本次查询返回17个索引链接（可能含无关项）。该渠道合并判读：补查北京妈妈乐科技有限公司，未取得可归属其育儿嫂业务的媒体/监管个案。 搜索页只据可见摘要判读；已回读来源另列，不把索引摘要当作已打开原文。

[消费保补查] 天使来了 消费保 投诉 退费
本次查询返回17个索引链接（可能含无关项）。该渠道合并判读：消费保定向与补查未取得能匹配北京妈妈乐家政业务的个案。 搜索页只据可见摘要判读；已回读来源另列，不把索引摘要当作已打开原文。

[主体与别名补查] 北京妈妈乐科技有限公司 投诉
本次查询返回18个索引链接（可能含无关项）。该渠道合并判读：补查北京妈妈乐科技有限公司，未取得可归属其育儿嫂业务的媒体/监管个案。 搜索页只据可见摘要判读；已回读来源另列，不把索引摘要当作已打开原文。

[12315站内] 北京妈妈乐科技有限公司
查询“北京妈妈乐科技有限公司”：该名称在此次公示列表未见记录，不代表零投诉或没有历史纠纷；公示期限、名称别称和公开范围会影响结果。",未取得本轮可单列案例；不代表没有投诉。,https://tsgs.12315.cn/#/viewport,"queries.resultUrls仅为搜索返回的候选链接，可能含无关、同名或未回读页面；不自动视为采信来源，不据此生成案例或评价。案例读取及归属边界以cases为准。
https://tousu.sina.com.cn/complaint/view/17388983267?sld=bc46028f5f431af14bb9bbf4c5d5cd92
https://epaper.guilinlife.com/glwbh5/glwb/20240314/Page05BC.htm
https://data2.dawateislami.net/Data/Books/Download/zh/pdf/2015/116-1.pdf?fn=faizan-e-bismillah
https://epaper.guilinlife.com/glrb/images/2020-03/09/06/RB06.pdf
https://369568.cn/exposures/
https://jxzy.gdpt.edu.cn/portal/blob?key=1268209
https://www.uwntek.com/upload/201709/14/201709141623150065.pdf
https://www.adream.org/wp-content/uploads/2015/12/2015-12-11-13590358.pdf
https://r.729ly.net/images/resources/ttb_cttb_gift07.pdf
https://m.sohu.com/a/897735981_121164821
https://www.sznews.com/zhuanti/content/mb/2015-11/19/content_16895850_0.htm
https://store.steampowered.com/app/1508270/Doctor_Who_The_Lonely_Assassins/?curator_clanid=4821953&l=schinese
https://www.977139.com/fanwendaquan/102111.html
https://www.jsfengmi.com/book/186215/11742131.html
https://m.cqn.com.cn/ms/content/2017-09/17/content_4886746.htm
https://moegirl.uk/%E9%A3%8E%E8%89%B2%E5%B9%BB%E6%83%B36%EF%BC%9A%E5%86%92%E9%99%A9%E5%A5%8F%E9%B8%A3
https://www.5068.com/zw/ht/855178.html
https://appeal.cpc.ey.gov.tw/
https://appeal.cpc.ey.gov.tw/WWW/step_two.aspx
https://www.xfb365.com/tousu/101570930
https://cpc.ey.gov.tw/
https://appeal.cpc.ey.gov.tw/WWW/SiteMap.aspx
https://apps.apple.com/cn/app/%E6%B6%88%E8%B4%B9%E4%BF%9D-%E6%B6%88%E8%B4%B9%E6%8A%95%E8%AF%89%E4%B8%8E%E6%B3%95%E5%BE%8B%E6%9C%8D%E5%8A%A1%E5%B9%B3%E5%8F%B0/id1052051394
https://www.xfb365.com/
https://www.xfb365.com/article/141336
https://www.consumer.org.hk/sc/complaints-and-services
https://www.ah315.cn/display.asp?id=146048
https://www.xfb365.com/guide
https://www.xinxing.gov.cn/yfxxscjg/gkmlpt/content/2/2030/post_2030294.html
https://yptimes.shyp.gov.cn/resfile/2022-03-15/06/06.pdf
https://epaper.sanqin.com/html/pic/202501/10/b1c4d4bd-b724-48f8-a4a9-6f602db7e9d5.pdf
https://www.bjfsh.gov.cn/zhxw/fsb/202103/P020210315318333482093.pdf
https://www.why.com.cn/epublish/qnb/resfile/2025-03-14/A04/QNBA04B20250314C.pdf
https://scjgj.sc.gov.cn/scjgj/c104529/2023/7/13/7abaafe32a9a47c295c719501d319174/files/%E5%9B%9B%E5%B7%9D%E7%9C%81%E4%BF%9D%E6%8A%A4%E6%B6%88%E8%B4%B9%E8%80%85%E6%9D%83%E7%9B%8A%E5%A7%94%E5%91%98%E4%BC%9A2023%E5%B9%B4%E4%B8%8A%E5%8D%8A%E5%B9%B4%E6%B6%88%E8%B4%B9%E8%80%85%E6%8A%95%E8%AF%89%E4%BF%A1%E6%81%AF%E7%BB%9F%E8%AE%A1%E5%88%86%E6%9E%90%E6%8A%A5%E5%91%8A.pdf
https://12389.mps.gov.cn/
https://www.beijing.gov.cn/fuwu/bmfw/bmjy/202504/t20250409_4060597.html
https://scjgj.beijing.gov.cn/
https://scjgj.beijing.gov.cn/hdjl/
https://scjgj.beijing.gov.cn/sy/
https://www.bjjubao.org/
https://www.bjjubao.org.cn/
https://tousu.xincai.com/
https://tj.tousu.sina.com.cn/
https://sc.tousu.sina.com.cn/
https://tousu.sina.com.cn/index.php
https://jl.tousu.sina.com.cn/
https://www.miit.gov.cn/cms_files/filemanager/1226211233/attach/20231/928d488c632c4e819d25a7a1473d63fd.pdf
https://reportdocs.static.szse.cn/UpFiles/rasinfodisc1/202206/RAS_202206_00018158B3C7643FD9E1F95F7458203F.pdf
https://www.miit.gov.cn/cms_files/filemanager/1226211233/attach/20243/77f4b1fc922e420a8ff4b383e1ddaf4e.pdf
https://www.reddit.com/r/China_irl/comments/km50d7
https://reportdocs.static.szse.cn/UpFiles/rasinfodisc1/202203/RAS_202203_00017F798748133FE65A339268A4FA3F.pdf
https://wap.miit.gov.cn/cms_files/filemanager/1226211233/attach/20238/8c475595d9124710b063c1ca6f8d20d6.pdf",2026-09-21
agency-29,北京贝亲贝乐家政有限公司,本轮公开索引未取得可归属北京贝亲贝乐的具体投诉；业务目录不能验证售后执行。,已按1组名称查询当前公示列表，本轮未见记录；不代表零投诉，公示期限、名称别称和公开范围会影响结果。,"[黑猫] site:tousu.sina.com.cn ""北京贝亲贝乐家政有限公司"" 投诉
该具体查询返回空结果；不代表平台全库无投诉。

[消费保] site:xfb315.com ""北京贝亲贝乐家政有限公司"" 投诉
该具体查询返回空结果；不代表平台全库无投诉。

[监管媒体] ""北京贝亲贝乐家政有限公司"" 投诉 退费 12315 消协 处罚 法院
本次查询返回12个索引链接（可能含无关项）。该渠道合并判读：主要返回公司目录、招聘和泛名录，未取得贝亲贝乐的监管/消费个案。 搜索页只据可见摘要判读；已回读来源另列，不把索引摘要当作已打开原文。

[消费保补查] 北京贝亲贝乐家政有限公司 消费保 投诉 退费
本次查询返回18个索引链接（可能含无关项）。该渠道合并判读：消费保全称定向及补查未取得可归属个案。 搜索页只据可见摘要判读；已回读来源另列，不把索引摘要当作已打开原文。

[12315站内] 北京贝亲贝乐家政有限公司
查询“北京贝亲贝乐家政有限公司”：该名称在此次公示列表未见记录，不代表零投诉或没有历史纠纷；公示期限、名称别称和公开范围会影响结果。",未取得本轮可单列案例；不代表没有投诉。,https://tsgs.12315.cn/#/viewport,"queries.resultUrls仅为搜索返回的候选链接，可能含无关、同名或未回读页面；不自动视为采信来源，不据此生成案例或评价。案例读取及归属边界以cases为准。
https://www.beijingbaomu.com/user/beiqinbeile/
https://bj.jiazhenggang.com/wap/xuqiu/19852662209.html
https://bj.jiazhenggang.com/wap/xuqiu/19852662598.html
https://bj.jiazhenggang.com/wap/xuqiu/19852662536.html
https://anthonyzhu1024.github.io/nav/
https://hao.itotii.com/life
https://hao.itotii.com/favorites/1895.html
https://www.linyi.gov.cn/zzllms/xwfbh1/1.htm
https://gdxk.southcn.com/sg/nxs/zsnj/content/post_566410.html
https://www.bjhr.gov.cn/zt/xzzfxxgs/ztqzfbm/bjhrrsj/xzzfjgrbj/202601/t20260112_4423358.html
https://www.bjhr.gov.cn/zt/xzzfxxgs/ztqzfbm/bjhrrsj/xzzfjgrbj/202601/t20260112_4423365.html
https://fliphtml5.com/rmqvj/smiz/%E3%80%8A%E7%BE%8E%E5%8D%8E%E5%95%86%E6%8A%A5%E3%80%8B2023%E5%B9%B407%E6%9C%8807%E6%97%A5/
https://www.beijing.gov.cn/fuwu/bmfw/bmjy/202504/t20250409_4060597.html
https://www.beijing.gov.cn/gate/big5/www.beijing.gov.cn/fuwu/bmfw/bmdh/sh/rcxf/rcshbmjy/202504/t20250409_4060597.html
https://www.beijing.gov.cn/fuwu/lqfw/gggs/202607/t20260717_4767950.html
https://www.bjcard.org.cn/html/27/index.html
https://btamr.cn/psout/jsp/gcloud/psout/network/btindex/rightWYC.jsp
https://scjgj.beijing.gov.cn/zwxx/scjgdt/202306/t20230601_3118911.html
https://www.beijing.gov.cn/zhengce/gfxwj/sj/201905/t20190522_58660.html
https://ec2-18-163-36-20.ap-east-1.compute.amazonaws.com/tc/complaints-and-services
https://www.bjxx315.org.cn/
https://www.bjxx315.org.cn/xfwq/
https://www.beijing.gov.cn/hudong/bmwd/jsjbmyyt/jsjblwjf/jsjblwjfyff/202207/t20220705_2763278.html
https://scjgj.beijing.gov.cn/hdjl/
https://epaper.bbtnews.com.cn/site1/bjsb/images/2018-04/10/05/2018041005_pdf.pdf
https://www.bjfsh.gov.cn/zhxw/fsb/202103/P020210315318333482093.pdf
https://bk.zzlib.net/FileUpload/202103/202103_15_B3_1_kobewfobrl0.pdf
https://www.bj315.org/bjxfzzz/2022n/202209/U020250423617731881966.pdf
https://www.bj315.org/bjxfzzz/201711/P020171108439531253813.pdf
https://www.bj315.org/bjxfzzz/2024n/202508/P020250813495659861386.pdf",2026-09-21
agency-30,北京顺康家政服务有限公司,本轮公开索引未取得可归属的育儿投诉；顺康服务、顺康家业及服务中心仍需合同主体区分。,已核对当前公示列表。可见2025-12-19公示的家政中介售后退赔争议；不能移用于顺康家业等尚未证实关联的主体。名称匹配可含分支及其他工种，不能作为机构投诉率。,"[黑猫] site:tousu.sina.com.cn ""北京顺康家政服务有限公司"" 投诉
该具体查询返回空结果；不代表平台全库无投诉。

[消费保] site:xfb315.com ""北京顺康家政服务有限公司"" 投诉
该具体查询返回空结果；不代表平台全库无投诉。

[监管媒体] ""北京顺康家政服务有限公司"" 投诉 退费 12315 消协 处罚 法院
本次查询返回8个索引链接（可能含无关项）。该渠道合并判读：进一步查顺康家业别名，未取得明确对应同一合同方的公开争议。 搜索页只据可见摘要判读；已回读来源另列，不把索引摘要当作已打开原文。

[消费保补查] 北京顺康家政服务有限公司 消费保 投诉 退费
本次查询返回18个索引链接（可能含无关项）。该渠道合并判读：消费保全称定向与补查未取得可归属个案。 搜索页只据可见摘要判读；已回读来源另列，不把索引摘要当作已打开原文。

[主体与别名补查] 北京顺康家业家政 投诉
本次查询返回15个索引链接（可能含无关项）。该渠道合并判读：进一步查顺康家业别名，未取得明确对应同一合同方的公开争议。 搜索页只据可见摘要判读；已回读来源另列，不把索引摘要当作已打开原文。

[12315站内] 北京顺康家政服务有限公司
查询“北京顺康家政服务有限公司”此次页面显示1条关键词匹配公示。可见2025-12-19公示的家政中介售后退赔争议；不能移用于顺康家业等尚未证实关联的主体。以上数量是所列查询关键词此次匹配的公示记录数，可能含分支、近名和不同服务工种；不同查询之间可能重叠，不合计为机构投诉总数，不是投诉率或质量排名。公示期限为一年，不涵盖全部历史、未公开投诉或所有分支。投诉内容为当事人填写，调解结果不是违法认定；达成调解不等于退款已到账。

[12315站内] 北京顺康家业家政服务有限公司
查询“北京顺康家业家政服务有限公司”：该名称在此次公示列表未见记录，不代表零投诉或没有历史纠纷；公示期限、名称别称和公开范围会影响结果。",未取得本轮可单列案例；不代表没有投诉。,https://tsgs.12315.cn/#/viewport,"queries.resultUrls仅为搜索返回的候选链接，可能含无关、同名或未回读页面；不自动视为采信来源，不据此生成案例或评价。案例读取及归属边界以cases为准。
https://www.zhaopin.com/jobdetail/CCL1347485280J40798336013.htm
https://bj.jiazhenggang.com/user/shunkang/
https://www.zhaopin.com/jobdetail/CCL1347485280J40749059313.htm
https://www.zhaopin.com/jobdetail/CCL1347485280J40775611213.htm
https://www.bjhr.gov.cn/zt/xzzfxxgs/ztqzfbm/bjhrscjgj/xzzfjgscj/202401/t20240125_3545804.html
https://www.e3z.cn/favorites/shfw/
https://www.58.com/ppefzy3128/
https://ggzyfw.beijing.gov.cn/xycg03/20251226/5397720.html
https://www.beijing.gov.cn/fuwu/bmfw/bmjy/202504/t20250409_4060597.html
https://www.beijing.gov.cn/fuwu/lqfw/gggs/202607/t20260717_4767950.html
https://www.xfb365.com/tousu/100288329
https://www.beijing.gov.cn/hudong/bmwd/jsjbmyyt/jsjblwjf/jsjblwjfyff/202207/t20220705_2763275.html
https://scjgj.beijing.gov.cn/zwxx/scjgdt/202209/t20220928_2824871.html
https://app.gjzwfw.gov.cn/jmopen/webapp/html5/bjjyycmlxxcx/index.html
https://www.beijing.gov.cn/zhengce/gfxwj/sj/201905/t20190522_58660.html
https://www.bjcard.org.cn/html/27/index.html
https://www.xfb365.com/
https://www.xfb365.com/article/155465
https://sw.beijing.gov.cn/zwxx/tzgg/202512/t20251204_4321288.html
https://sw.beijing.gov.cn/phone/zwxx/swxx/202607/t20260716_4766648.html
https://scjgj.sc.gov.cn/scjgj/c104529/2024/2/5/616e211a151346f6af4cefaf6255d69c/files/%E7%9C%81%E6%B6%88%E5%A7%942023%E5%B9%B4%E5%BA%A6%E6%B6%88%E8%B4%B9%E8%80%85%E6%8A%95%E8%AF%89%E7%BB%9F%E8%AE%A1%E5%88%86%E6%9E%90%E6%8A%A5%E5%91%8A-.pdf
https://epaper.bbtnews.com.cn/site1/bjsb/images/2018-04/10/05/2018041005_pdf.pdf
https://www.bjfsh.gov.cn/zhxw/fsb/202403/P020240314558659814033.pdf
https://www.bjfsh.gov.cn/zhxw/fsb/202103/P020210315318333482093.pdf
https://www.bj315.org/bjxfzzz/201401/P020140110408480491228.pdf
https://bk.zzlib.net/FileUpload/202103/202103_15_B3_1_kobewfobrl0.pdf
https://tousu.sina.com.cn/complaint/view/17380723348?sld=1c7c4f690d299d100b467cbf57c58126
https://www.xfb365.com/tousu/101614695
https://banshi.beijing.gov.cn/zcjd/202609/t20260910_428700.html
https://sw.beijing.gov.cn/phone/zwxx/2024zcwjphone/202609/t20260904_4850961.html
https://tousu.sina.com.cn/complaint/view/17376218111?sld=19bc83ff3897be62a6e3e60fb37c986f
https://tousu.sina.com.cn/complaint/view/17383275518?sld=38c11f5abd0d44a70505c4641edffe14
https://tousu.sina.com.cn/complaint/view/17372954963
https://tousu.sina.com.cn/complaint/view/17380662815?sld=bfde1da96557d3bc36ff9fa9bd1519e5
https://www.bjhd.gov.cn/ztzx/2020zt/hdqzfgs/dsz_62030/dtxx/zfjggs/xzxk/202110/P020211013548461532667.pdf
https://paper.people.com.cn/rmrb/images/2023-11/20/07/rmrb2023112007.pdf",2026-09-21
agency-31,北京鑫悦家政服务有限公司,本轮公开索引未取得可归属具体投诉；未把名单搜索结果自动解读为行政处罚。,已按1组名称查询当前公示列表，本轮未见记录；不代表零投诉，公示期限、名称别称和公开范围会影响结果。,"[黑猫] site:tousu.sina.com.cn ""北京鑫悦家政服务有限公司"" 投诉
该具体查询返回空结果；不代表平台全库无投诉。

[消费保] site:xfb315.com ""北京鑫悦家政服务有限公司"" 投诉
该具体查询返回空结果；不代表平台全库无投诉。

[监管媒体] ""北京鑫悦家政服务有限公司"" 投诉 退费 12315 消协 处罚 法院
本次查询返回10个索引链接（可能含无关项）。该渠道合并判读：地图、招聘及一般执法列表中未取得准确匹配的违法/争议事实。 搜索页只据可见摘要判读；已回读来源另列，不把索引摘要当作已打开原文。

[消费保补查] 北京鑫悦家政服务有限公司 消费保 投诉 退费
本次查询返回16个索引链接（可能含无关项）。该渠道合并判读：消费保全称定向与补查未取得可归属个案。 搜索页只据可见摘要判读；已回读来源另列，不把索引摘要当作已打开原文。

[12315站内] 北京鑫悦家政服务有限公司
查询“北京鑫悦家政服务有限公司”：该名称在此次公示列表未见记录，不代表零投诉或没有历史纠纷；公示期限、名称别称和公开范围会影响结果。",未取得本轮可单列案例；不代表没有投诉。,https://tsgs.12315.cn/#/viewport,"queries.resultUrls仅为搜索返回的候选链接，可能含无关、同名或未回读页面；不自动视为采信来源，不据此生成案例或评价。案例读取及归属边界以cases为准。
https://www.amap.com/place/B0J3O9XQWW
https://m.dianzhangzhipin.com/company/0nJ92Ny0GA~~.html
https://ggzyfw.beijing.gov.cn/xycg03/20251226/5397720.html
https://www.bjhr.gov.cn/zt/xzzfxxgs/ztqzfbm/bjhrscjgj/xzzfjgscj/202301/t20230112_2897724.html
https://www.315zg.org.cn/mlists?type=1
https://rsj.beijing.gov.cn/xxgk/zfxxgk/zdlygk/sj/202310/P020231010608434877150.pdf
https://www.58.com/npphy202212049011/
https://www.58.com/npphy202212046111/
https://www.bjhr.gov.cn/zt/xzzfxxgs/ztqzfbm/bjhrscjgj/xzzfjgscj/202601/t20260112_4423448.html
https://www.58.com/npphy202212047199/
https://www.beijing.gov.cn/fuwu/lqfw/gggs/202607/t20260717_4767950.html
https://scjgj.beijing.gov.cn/zwxx/scjgdt/202209/t20220928_2824871.html
https://www.bjcard.org.cn/html/27/index.html
https://scjgj.beijing.gov.cn/zwxx/scjgdt/202207/t20220701_2760973.html
https://www.beijing.gov.cn/zhengce/zhengcefagui/202206/t20220628_2754328.html
https://xinwen.bjd.com.cn/content/s6a58ce60e4b03fa51a8193af.html
https://sw.beijing.gov.cn/zwxx/2024zcwj/2024flfg/202410/t20241024_3926731.html
https://www.xfb365.com/tousu/101905489
https://www.bbtnews.com.cn/2026/0717/599654.shtml
https://www.beijing.gov.cn/hudong/bmwd/jsjbmyyt/jsjblwjf/jsjblwjfyff/202207/t20220705_2763278.html
https://sw.beijing.gov.cn/phone/zwxx/swxx/202607/t20260716_4766648.html
https://www.beijing.gov.cn/zhengce/zhengcefagui/202410/t20241024_3927430.html
https://www.bjfsh.gov.cn/zhxw/fsb/202103/P020210315318333482093.pdf
https://m.cqn.com.cn/ms/att/2024-02/06/e19cb572-d546-4a13-ad60-fc7efca08f8e.pdf
https://bk.zzlib.net/FileUpload/202103/202103_15_B3_1_kobewfobrl0.pdf
https://epaper.qingdaonews.com/qdzb/resfile/2025-03-15/A04/qdzb-20250315-A04.pdf",2026-09-21
agency-32,北京金有鑫家政公司,本轮公开索引未取得可归属育儿服务投诉，渠道公开信息较薄。,已按1组名称查询当前公示列表，本轮未见记录；不代表零投诉，公示期限、名称别称和公开范围会影响结果。,"[黑猫] site:tousu.sina.com.cn ""北京金有鑫家政公司"" 投诉
该具体查询返回空结果；不代表平台全库无投诉。

[消费保] site:xfb315.com ""北京金有鑫家政公司"" 投诉
该具体查询返回空结果；不代表平台全库无投诉。

[监管媒体] ""北京金有鑫家政公司"" 投诉 退费 12315 消协 处罚 法院
本次查询返回12个索引链接（可能含无关项）。该渠道合并判读：主要为招聘和家政目录；薪资/岗位信息不属于家庭消费者售后评价。 搜索页只据可见摘要判读；已回读来源另列，不把索引摘要当作已打开原文。

[消费保补查] 北京金有鑫家政公司 消费保 投诉 退费
本次查询返回16个索引链接（可能含无关项）。该渠道合并判读：消费保定向和补查未取得可归属个案。 搜索页只据可见摘要判读；已回读来源另列，不把索引摘要当作已打开原文。

[12315站内] 北京金有鑫家政有限公司
查询“北京金有鑫家政有限公司”：该名称在此次公示列表未见记录，不代表零投诉或没有历史纠纷；公示期限、名称别称和公开范围会影响结果。",未取得本轮可单列案例；不代表没有投诉。,https://tsgs.12315.cn/#/viewport,"queries.resultUrls仅为搜索返回的候选链接，可能含无关、同名或未回读页面；不自动视为采信来源，不据此生成案例或评价。案例读取及归属边界以cases为准。
https://m.58.com/bj/baomu/61798054603545x.shtml
https://www.yuejiaxmz.com/news/view/1206695
https://bj.jiazhenggang.com/xuqiu/198526636623.html
https://www.yuejiaxmz.com/news/view/514375
https://bj.jiazhenggang.com/user/jinyouxinjz/
https://www.jobui.com/company/10036678/
https://www.zhaopin.com/jobdetail/CC566452720J40993863304.htm
https://m.58.com/w/ppeyinlejiajiao/
https://www.zhaopin.com/zhaopin/857f6e80d2ac4a4a868a0dcf566fbe81/
https://www.zhaopin.com/zhaopin/4ed2228977e14060bcba540d52ef1e5a/
https://m.zhaopin.com/zhaopin/5807eb1f007e48c38c67af9070f0004a/
https://www.58.com/ppehxc2571433816/
https://www.beijing.gov.cn/fuwu/bmfw/bmjy/202504/t20250409_4060597.html
https://www.beijing.gov.cn/fuwu/lqfw/gggs/202607/t20260717_4767950.html
https://scjgj.beijing.gov.cn/zwxx/scjgdt/202209/t20220928_2824871.html
https://app.bbtnews.com.cn/print.php?contentid=587146
https://www.xfb365.com/article/155465
https://www.xfb365.com/
https://www.bjcard.org.cn/html/27/index.html
https://www.beijing.gov.cn/hudong/bmwd/jsjbmyyt/jsjblwjf/jsjblwjfyff/202207/t20220705_2763278.html
https://www.bjxx315.org.cn/xfwq/
https://scjgj.beijing.gov.cn/hdjl/xfts/201808/t20180820_108737.html
https://www.cnr.cn/sxpd/ws/20180414/t20180414_524199016.shtml
https://paper.people.com.cn/rmrb/images/2022-07/04/10/rmrb2022070410.pdf
https://www.bj315.org/bjxfzzz/201401/P020140110408480491228.pdf
https://www.bjfsh.gov.cn/zhxw/fsb/202103/P020210315318333482093.pdf
https://szb.northnews.cn/nmgrb/resfile/2022-06-14/08/nmgrb2022061408.pdf
https://bk.zzlib.net/FileUpload/202103/202103_15_B3_1_kobewfobrl0.pdf",2026-09-21
agency-33,北京丽洁世纪家政服务有限公司,本轮公开索引未取得可归属的育儿服务投诉；缺可核交易和售后执行材料。,已按1组名称查询当前公示列表，本轮未见记录；不代表零投诉，公示期限、名称别称和公开范围会影响结果。,"[消费保] site:xfb315.com ""北京丽洁世纪家政服务有限公司"" 投诉
该具体查询返回空结果；不代表平台全库无投诉。

[黑猫] site:tousu.sina.com.cn ""北京丽洁世纪家政服务有限公司"" 投诉
该具体查询返回空结果；不代表平台全库无投诉。

[监管媒体] ""北京丽洁世纪家政服务有限公司"" 投诉 退费 12315 消协 处罚 法院
本次查询返回11个索引链接（可能含无关项）。该渠道合并判读：公司目录和招聘信息未提供具体消费者争议或监管事实。 搜索页只据可见摘要判读；已回读来源另列，不把索引摘要当作已打开原文。

[消费保补查] 北京丽洁世纪家政服务有限公司 消费保 投诉 退费
本次查询返回17个索引链接（可能含无关项）。该渠道合并判读：消费保定向及补查未取得可归属个案。 搜索页只据可见摘要判读；已回读来源另列，不把索引摘要当作已打开原文。

[12315站内] 北京丽洁世纪家政服务有限公司
查询“北京丽洁世纪家政服务有限公司”：该名称在此次公示列表未见记录，不代表零投诉或没有历史纠纷；公示期限、名称别称和公开范围会影响结果。",未取得本轮可单列案例；不代表没有投诉。,https://tsgs.12315.cn/#/viewport,"queries.resultUrls仅为搜索返回的候选链接，可能含无关、同名或未回读页面；不自动视为采信来源，不据此生成案例或评价。案例读取及归属边界以cases为准。
https://bj.jiazhenggang.com/user/lijieshiji/
https://bj.jiazhenggang.com/wap/xuqiu/198526637551.html
https://bj.jiazhenggang.com/wap/xuqiu/198526638712.html
https://bj.58.com/jianwaidajie/baomu/
https://www.bjhr.gov.cn/zt/xzzfxxgs/ztqzfbm/bjhrscjgj/xzzfjgscj/202401/t20240125_3545804.html
https://bj.58.com/guoyuan/baomu/
https://www.58.com/npphy202212043940/
https://www.58.com/npphy2022120411618/
https://www.58.com/npphy202209070743/
https://ggzyfw.beijing.gov.cn/xycg03/20251226/5397720.html
https://www.58.com/npphy202212123084/
https://www.beijing.gov.cn/fuwu/bmfw/bmjy/202504/t20250409_4060597.html
https://www.beijing.gov.cn/fuwu/lqfw/gggs/202607/t20260717_4767950.html
https://www.bjcard.org.cn/html/27/index.html
https://www.xfb365.com/article/155465
https://www.xfb365.com/article/155417
https://www.beijing.gov.cn/hudong/bmwd/jsjbmyyt/jsjblwjf/jsjblwjfyff/202207/t20220705_2763278.html
https://scjgj.beijing.gov.cn/hdjl/
https://www.bbtnews.com.cn/2026/0717/599654.shtml
https://industry.people.com.cn/n1/2018/0414/c413883-29925958.html
https://xinwen.bjd.com.cn/content/s6a58ce60e4b03fa51a8193af.html
https://www.xfb365.com/brands/34809
https://epaper.bbtnews.com.cn/site1/bjsb/images/2018-04/10/05/2018041005_pdf.pdf
https://www.bjfsh.gov.cn/zhxw/fsb/202103/P020210315318333482093.pdf
https://scjgj.sc.gov.cn/scjgj/c104529/2024/2/5/616e211a151346f6af4cefaf6255d69c/files/%E7%9C%81%E6%B6%88%E5%A7%942023%E5%B9%B4%E5%BA%A6%E6%B6%88%E8%B4%B9%E8%80%85%E6%8A%95%E8%AF%89%E7%BB%9F%E8%AE%A1%E5%88%86%E6%9E%90%E6%8A%A5%E5%91%8A-.pdf
https://bk.zzlib.net/FileUpload/202103/202103_15_B3_1_kobewfobrl0.pdf
https://bk.zzlib.net/FileUpload/202007/202007_20_A09_1_bgl2g3xyvco.pdf",2026-09-21
agency-34,北京置业家政,本轮公开索引未取得可归属个案；首要缺口仍是准确机构与合同法人识别。,已按1组名称查询当前公示列表，本轮未见记录；不代表零投诉，公示期限、名称别称和公开范围会影响结果。,"[黑猫] site:tousu.sina.com.cn ""北京置业家政"" 投诉
该具体查询返回空结果；不代表平台全库无投诉。

[消费保] site:xfb315.com ""北京置业家政"" 投诉
该具体查询返回空结果；不代表平台全库无投诉。

[监管媒体] ""北京置业家政"" 投诉 退费 12315 消协 处罚 法院
本次查询返回10个索引链接（可能含无关项）。该渠道合并判读：完整法人仍不明确，公开检索难以排除同名地产公司及泛称。 搜索页只据可见摘要判读；已回读来源另列，不把索引摘要当作已打开原文。

[消费保补查] 北京置业家政 消费保 投诉 退费
本次查询返回17个索引链接（可能含无关项）。该渠道合并判读：消费保补查的置业/房产类结果与家政机构归属无证据，未纳入。 搜索页只据可见摘要判读；已回读来源另列，不把索引摘要当作已打开原文。

[12315站内] 北京置业家政
查询“北京置业家政”：该名称在此次公示列表未见记录，不代表零投诉或没有历史纠纷；公示期限、名称别称和公开范围会影响结果。",未取得本轮可单列案例；不代表没有投诉。,https://tsgs.12315.cn/#/viewport,"queries.resultUrls仅为搜索返回的候选链接，可能含无关、同名或未回读页面；不自动视为采信来源，不据此生成案例或评价。案例读取及归属边界以cases为准。
https://ghzrzyw.beijing.gov.cn/cs/
https://rsj.beijing.gov.cn/bm/ztzl/dxal/202412/t20241217_3968004.html
https://www.shjgdj.gov.cn/node20/detail/1775445723023.html
https://zt.cnnb.com.cn/system/2026/03/24/030757025.shtml
https://www.95ye.com/article/m/22697.html
https://www.yuejiaxmz.com/news/view/975960
https://www.scribd.com/document/951413151/%E8%B5%84%E6%96%99%E5%88%86%E6%9E%90%E9%A2%98%E6%9C%AC-2026%E5%B9%B4%E7%89%88-%E5%88%98%E6%96%87%E8%B6%85Vin
https://www.scribd.com/document/970490427/01f77e903ec94c6f843ccda83ac22488
https://www.dt.gov.cn/dt12345/zcwdjh/listd.shtml
https://paper.cnstock.com/html/2024-03/26/content_1890316.htm
https://www.beijing.gov.cn/fuwu/lqfw/gggs/202607/t20260717_4767950.html
https://www.beijing.gov.cn/gate/big5/www.beijing.gov.cn/zhengce/zczt/zcwjhb/tzxfzchb/sjzc/202410/t20241024_3927430.html
https://app.bbtnews.com.cn/print.php?contentid=587146
https://sw.beijing.gov.cn/zwxx/tzgg/202512/t20251204_4321288.html
https://www.beijing.gov.cn/zhengce/zhengcefagui/202410/t20241024_3927430.html
https://www.bbtnews.com.cn/2026/0717/599654.shtml
https://sw.beijing.gov.cn/zwxx/2024zcwj/2024gfxwj/202410/t20241024_3926870.html
https://xinwen.bjd.com.cn/content/s6a58ce60e4b03fa51a8193af.html
https://www.beijing.gov.cn/zhengce/zhengcefagui/202609/t20260905_4851778.html
https://banshi.beijing.gov.cn/zcjd/202609/t20260910_428700.html
https://scjgj.beijing.gov.cn/zwxx/scjgdt/202209/t20220928_2824871.html
https://sw.beijing.gov.cn/phone/zwxx/swxx/202607/t20260716_4766648.html
https://static-www.szlawyers.com/file/upload/20230301/file/20230301161125_1f97d74d75bf4110afb302f2757cb37f.pdf
https://www.bj315.org/bjxfzzz/201401/P020140110408480491228.pdf
https://scjgj.sc.gov.cn/scjgj/c104529/2024/2/5/616e211a151346f6af4cefaf6255d69c/files/%E7%9C%81%E6%B6%88%E5%A7%942023%E5%B9%B4%E5%BA%A6%E6%B6%88%E8%B4%B9%E8%80%85%E6%8A%95%E8%AF%89%E7%BB%9F%E8%AE%A1%E5%88%86%E6%9E%90%E6%8A%A5%E5%91%8A-.pdf
https://www.bjfsh.gov.cn/zhxw/fsb/202103/P020210315318333482093.pdf
https://dzb.xfrb.com.cn/UploadFiles/file/20241113/202411130911085789.pdf",2026-09-21
agency-35,北京新鑫家政服务有限公司,本轮公开索引未取得可归属的育儿服务投诉；没有把政府名单出现当处罚。,已按1组名称查询当前公示列表，本轮未见记录；不代表零投诉，公示期限、名称别称和公开范围会影响结果。,"[黑猫] site:tousu.sina.com.cn ""北京新鑫家政服务有限公司"" 投诉
该具体查询返回空结果；不代表平台全库无投诉。

[消费保] site:xfb315.com ""北京新鑫家政服务有限公司"" 投诉
该具体查询返回空结果；不代表平台全库无投诉。

[监管媒体] ""北京新鑫家政服务有限公司"" 投诉 退费 12315 消协 处罚 法院
本次查询返回10个索引链接（可能含无关项）。该渠道合并判读：政府检查/名录搜索未取得对应公司违法事实；新欣、欣馨语等近名不合并。 搜索页只据可见摘要判读；已回读来源另列，不把索引摘要当作已打开原文。

[消费保补查] 北京新鑫家政服务有限公司 消费保 投诉 退费
本次查询返回17个索引链接（可能含无关项）。该渠道合并判读：消费保定向及补查未取得可归属个案。 搜索页只据可见摘要判读；已回读来源另列，不把索引摘要当作已打开原文。

[12315站内] 北京新鑫家政服务有限公司
查询“北京新鑫家政服务有限公司”：该名称在此次公示列表未见记录，不代表零投诉或没有历史纠纷；公示期限、名称别称和公开范围会影响结果。",未取得本轮可单列案例；不代表没有投诉。,https://tsgs.12315.cn/#/viewport,"queries.resultUrls仅为搜索返回的候选链接，可能含无关、同名或未回读页面；不自动视为采信来源，不据此生成案例或评价。案例读取及归属边界以cases为准。
https://www.beijing.gov.cn/fuwu/lqfw/gggs/202110/P020211019602562911042.pdf
https://jform2.baidu.com/s?ie=utf-8&oq=%E7%94%B7%E5%AD%90%E7%85%A7%E9%A1%BE%E7%8B%AC%E5%B1%85%E8%80%81%E4%BA%BA12%E5%B9%B4%E7%BB%A7%E6%89%BF%E5%8C%97%E4%BA%AC5%E5%A5%97%E6%88%BF&rsf=101631202&rsv_dl=0_prs_28608_6&rsv_pq=85cf4d10028cdc0f&rsv_t=7237EODmsiEaTOH2SqLAW4JGPDKflMMi%2Ff6oYatG0VZV5Zdp3iAKtWyyBRk&usm=1&wd=%E5%8C%97%E4%BA%AC%E7%8B%AC%E5%B1%85%E8%80%81%E4%BA%BA%E7%A7%81%E4%BA%BA%E6%89%BE%E4%BF%9D%E5%A7%86%E7%94%B5%E8%AF%9D
https://www.bjhr.gov.cn/zt/xzzfxxgs/ztqzfbm/bjhrscjgj/xzzfjgscj/202401/t20240125_3545804.html
https://www.beijing.gov.cn/fuwu/lqfw/gggs/202110/P020211028623189822821.pdf
https://ggzyfw.beijing.gov.cn/xycg03/20251226/5397720.html
https://www.bjhr.gov.cn/zt/xzzfxxgs/ztqzfbm/bjhrscjgj/xzzfjgscj/202301/t20230112_2897724.html
https://www.bjhr.gov.cn/zt/xzzfxxgs/ztqzfbm/bjhrscjgj/xzzfjgscj/202401/t20240125_3545800.html
https://www.bjhr.gov.cn/zt/xzzfxxgs/ztqzfbm/bjhrscjgj/xzzfjgscj/202501/t20250110_3985956.html
https://www.bjhr.gov.cn/zt/xzzfxxgs/ztqzfbm/bjhrscjgj/xzzfjgscj/202601/t20260112_4423448.html
https://www.bjhr.gov.cn/zt/xzzfxxgs/ztqzfbm/bjhrrsj/xzzfjgrbj/202601/t20260112_4423358.html
https://www.beijing.gov.cn/fuwu/bmfw/bmjy/202504/t20250409_4060597.html
https://www.beijing.gov.cn/fuwu/lqfw/gggs/202607/t20260717_4767950.html
https://scjgj.beijing.gov.cn/zwxx/scjgdt/202209/t20220928_2824871.html
https://app.bbtnews.com.cn/print.php?contentid=587146
https://app.gjzwfw.gov.cn/jmopen/webapp/html5/bjjyycmlxxcx/index.html
https://www.bjcard.org.cn/html/27/index.html
https://www.xfb365.com/
https://xinwen.bjd.com.cn/content/s6a58ce60e4b03fa51a8193af.html
https://www.xfb365.com/article/155465
https://scjgj.beijing.gov.cn/zwxx/scjgdt/202207/t20220701_2760973.html
https://www.bbtnews.com.cn/2026/0717/599654.shtml
https://sw.beijing.gov.cn/zwxx/2024zcwj/2024gfxwj/202410/t20241024_3926870.html
https://www.bjfsh.gov.cn/zhxw/fsb/202403/P020240314558659814033.pdf
https://www.bjfsh.gov.cn/zhxw/fsb/202103/P020210315318333482093.pdf
https://www.bj315.org/bjxfzzz/201401/P020140110408480491228.pdf
https://bk.zzlib.net/FileUpload/202103/202103_15_B3_1_kobewfobrl0.pdf
https://szb.northnews.cn/nmgrb/resfile/2022-06-14/08/nmgrb2022061408.pdf",2026-09-21
agency-36,北京华夏逢缘家政服务有限公司,本轮公开索引未取得可归属育儿履约投诉；华夏中青和华夏逢缘不合并。,已按1组名称查询当前公示列表，本轮未见记录；不代表零投诉，公示期限、名称别称和公开范围会影响结果。,"[黑猫] site:tousu.sina.com.cn ""北京华夏逢缘家政服务有限公司"" 投诉
该具体查询返回空结果；不代表平台全库无投诉。

[消费保] site:xfb315.com ""北京华夏逢缘家政服务有限公司"" 投诉
该具体查询返回空结果；不代表平台全库无投诉。

[监管媒体] ""北京华夏逢缘家政服务有限公司"" 投诉 退费 12315 消协 处罚 法院
本次查询返回7个索引链接（可能含无关项）。该渠道合并判读：目录、历史正面月嫂报道及华夏银行/保险等无关结果中未取得本公司明确投诉。 搜索页只据可见摘要判读；已回读来源另列，不把索引摘要当作已打开原文。

[消费保补查] 北京华夏逢缘家政服务有限公司 消费保 投诉 退费
本次查询返回18个索引链接（可能含无关项）。该渠道合并判读：消费保定向与补查未取得可归属个案。 搜索页只据可见摘要判读；已回读来源另列，不把索引摘要当作已打开原文。

[12315站内] 北京华夏逢缘家政服务有限公司
查询“北京华夏逢缘家政服务有限公司”：该名称在此次公示列表未见记录，不代表零投诉或没有历史纠纷；公示期限、名称别称和公开范围会影响结果。",未取得本轮可单列案例；不代表没有投诉。,https://tsgs.12315.cn/#/viewport,"queries.resultUrls仅为搜索返回的候选链接，可能含无关、同名或未回读页面；不自动视为采信来源，不据此生成案例或评价。案例读取及归属边界以cases为准。
https://www.5idoc.com/doc/4919786557.html
https://pccz.court.gov.cn/pcajxxw/pcgg/ggxq?id=8B37FAE44697BF1E2AE671DFB8E9CEDD
https://sjrb.zj.gov.cn/art/2025/4/29/art_1229668460_58716173.html
https://ipzhihu.com/NewsDetail/4612126.html
https://zhenzhubay.com/upload/misc.php?id=9253&mod=tag
https://cnwhps.changning.sh.cn/cnCulture/sys/register
https://langxian.gov.cn/lx/xwzx/202504/dc43a5fd86444294a108835697de902d.shtml
https://wap.hxb.com.cn/wap/jrhx/tsslycl/index.shtml
https://creditcard.hxb.com.cn/creditcard/index/kfrx/index.shtml
https://www.beijing.gov.cn/fuwu/bmfw/bmjy/202504/t20250409_4060597.html
https://wap.hxb.com.cn/jrhx/hxzx/xfzqybh/gzdt/index.shtml
https://www.beijing.gov.cn/fuwu/lqfw/gggs/202607/t20260717_4767950.html
https://wap.hxb.com.cn/wap/gzdt/82666.shtml
https://12345wx.baoji.gov.cn/cns-bmfw-wsbsdt/website/pages/default/index
https://app.gjzwfw.gov.cn/jmopen/webapp/html5/bjjyycmlxxcx/index.html
https://www.xfb365.com/
https://www.xfb365.com/tousu/101341315
https://www.xfb365.com/article/155465
https://www.bjcard.org.cn/html/27/index.html
https://www.ganzhou.gov.cn/zfxxgk/sjjtjxx/202504/59381b1302e6493dbdb386edd7e368de/files/a0bfbafa97c743feae594664d7fc602c.pdf
https://www.bjfsh.gov.cn/zhxw/fsb/202103/P020210315318333482093.pdf
https://hbrb.hebiw.com/pc/att/202603/16/dbaabc8f-d5d1-4278-a78e-646703320bca.pdf
https://yhcb.eyh.cn/resfile/2025-02-11/07/yhsb-20250211-007.pdf
https://bk.zzlib.net/FileUpload/202103/202103_15_B3_1_kobewfobrl0.pdf
https://m.cqn.com.cn/ms/att/2024-02/06/e19cb572-d546-4a13-ad60-fc7efca08f8e.pdf",2026-09-21
agency-37,北京运成家政服务有限公司,本轮公开索引未取得可归属具体投诉；可验证的公开售后材料较少。,已按1组名称查询当前公示列表，本轮未见记录；不代表零投诉，公示期限、名称别称和公开范围会影响结果。,"[黑猫] site:tousu.sina.com.cn ""北京运成家政服务有限公司"" 投诉
该具体查询返回空结果；不代表平台全库无投诉。

[消费保] site:xfb315.com ""北京运成家政服务有限公司"" 投诉
该具体查询返回空结果；不代表平台全库无投诉。

[监管媒体] ""北京运成家政服务有限公司"" 投诉 退费 12315 消协 处罚 法院
本次查询返回12个索引链接（可能含无关项）。该渠道合并判读：主要是泛政府名单、采购和无关家政投诉，未核到对应运成公司的具体争议。 搜索页只据可见摘要判读；已回读来源另列，不把索引摘要当作已打开原文。

[消费保补查] 北京运成家政服务有限公司 消费保 投诉 退费
本次查询返回17个索引链接（可能含无关项）。该渠道合并判读：消费保定向及补查未取得可归属个案。 搜索页只据可见摘要判读；已回读来源另列，不把索引摘要当作已打开原文。

[12315站内] 北京运成家政服务有限公司
查询“北京运成家政服务有限公司”：该名称在此次公示列表未见记录，不代表零投诉或没有历史纠纷；公示期限、名称别称和公开范围会影响结果。",未取得本轮可单列案例；不代表没有投诉。,https://tsgs.12315.cn/#/viewport,"queries.resultUrls仅为搜索返回的候选链接，可能含无关、同名或未回读页面；不自动视为采信来源，不据此生成案例或评价。案例读取及归属边界以cases为准。
https://www.bjhr.gov.cn/zt/xzzfxxgs/ztqzfbm/bjhrscjgj/xzzfjgscj/202401/t20240125_3545804.html
https://ggzyfw.beijing.gov.cn/xycg03/20251226/5397720.html
https://www.bjhr.gov.cn/zt/xzzfxxgs/ztqzfbm/bjhrscjgj/xzzfjgscj/202601/t20260112_4423448.html
https://www.bjhr.gov.cn/zt/xzzfxxgs/ztqzfbm/bjhrrsj/xzzfjgrbj/202310/t20231007_3271202.html
https://www.bjhr.gov.cn/zt/xzzfxxgs/ztqzfbm/bjhrrsj/xzzfjgrbj/202601/t20260112_4423358.html
https://www.bjhr.gov.cn/zt/xzzfxxgs/ztqzfbm/bjhrscjgj/xzzfjgscj/202301/t20230112_2897724.html
https://www.bjhr.gov.cn/zt/xzzfxxgs/ztqzfbm/bjhrrsj/xzzfjgrbj/202407/t20240704_3737585.html
https://www.chinacloud.xin/
https://gdxk.southcn.com/sg/nxs/zsnj/content/post_592944.html
https://www.dmallplus.com/
https://u.51job.com/
https://www.vgmit.com/html/.xxgk.zcfg.201804t20180412_72207.html
https://www.beijing.gov.cn/fuwu/bmfw/bmjy/202504/t20250409_4060597.html
https://www.beijing.gov.cn/fuwu/lqfw/gggs/202607/t20260717_4767950.html
https://www.xfb365.com/tousu/100901011
https://scjgj.beijing.gov.cn/zwxx/scjgdt/202209/t20220928_2824871.html
https://app.gjzwfw.gov.cn/jmopen/webapp/html5/bjjyycmlxxcx/index.html
https://www.bjcard.org.cn/html/27/index.html
https://www.xfb365.com/article/155465
https://www.xfb365.com/
https://sw.beijing.gov.cn/phone/zwxx/swxx/202607/t20260716_4766648.html
https://www.bjxx315.org.cn/xfwq/
https://www.beijing.gov.cn/hudong/bmwd/jsjbmyyt/jsjblwjf/jsjblwjfyff/202207/t20220705_2763278.html
https://www.bbtnews.com.cn/2026/0717/599654.shtml
https://epaper.bbtnews.com.cn/site1/bjsb/images/2018-04/10/05/2018041005_pdf.pdf
https://www.bjfsh.gov.cn/zhxw/fsb/202103/P020210315318333482093.pdf
https://www.bj315.org/bjxfzzz/201401/P020140110408480491228.pdf
https://m.cqn.com.cn/ms/att/2024-02/06/e19cb572-d546-4a13-ad60-fc7efca08f8e.pdf
https://bk.zzlib.net/FileUpload/202103/202103_15_B3_1_kobewfobrl0.pdf",2026-09-21
agency-38,北京优贝优家政服务有限公司,本轮公开索引未取得可归属北京优贝优育儿服务的投诉；已明确排除优护家/育婴宝案件误归因。,已按1组名称查询当前公示列表，本轮未见记录；不代表零投诉，公示期限、名称别称和公开范围会影响结果。,"[黑猫] site:tousu.sina.com.cn ""北京优贝优家政服务有限公司"" 投诉
该具体查询返回空结果；不代表平台全库无投诉。

[消费保] site:xfb315.com ""北京优贝优家政服务有限公司"" 投诉
该具体查询返回空结果；不代表平台全库无投诉。

[监管媒体] ""北京优贝优家政服务有限公司"" 投诉 退费 12315 消协 处罚 法院
本次查询返回8个索引链接（可能含无关项）。该渠道合并判读：历史月嫂好评及同名/近名机构结果不足以形成当前独立评价。 搜索页只据可见摘要判读；已回读来源另列，不把索引摘要当作已打开原文。

[消费保补查] 北京优贝优家政服务有限公司 消费保 投诉 退费
本次查询返回17个索引链接（可能含无关项）。该渠道合并判读：消费保定向及补查未取得可归属优贝优个案。 搜索页只据可见摘要判读；已回读来源另列，不把索引摘要当作已打开原文。

[12315站内] 北京优贝优家政服务有限公司
查询“北京优贝优家政服务有限公司”：该名称在此次公示列表未见记录，不代表零投诉或没有历史纠纷；公示期限、名称别称和公开范围会影响结果。",未取得本轮可单列案例；不代表没有投诉。,https://tsgs.12315.cn/#/viewport,"queries.resultUrls仅为搜索返回的候选链接，可能含无关、同名或未回读页面；不自动视为采信来源，不据此生成案例或评价。案例读取及归属边界以cases为准。
https://beijing.liebiao.com/jiazheng/830344227.html
https://www.htool.com/domain/wanganbeian/youbeiyoucong.com
https://www.58.com/npphy202212045936/
https://mail.alljobsearch.com/fcgi-bin/comp_browser.fcgi?ajs=576&p=924&st=10000&total=94683
https://ggzyfw.beijing.gov.cn/xycg03/20251226/5397720.html
https://www.58.com/npphy202212044955/
https://www.bjft.gov.cn/ftq/zfjcgsrm/202301/1c155340f0a54f3d8a22e0b76d42c1e4.shtml
https://www.bjhr.gov.cn/zt/xzzfxxgs/ztqzfbm/bjhrscjgj/xzzfjgscj/202401/t20240125_3545800.html
https://www.beijing.gov.cn/fuwu/bmfw/bmjy/202504/t20250409_4060597.html
https://www.beijing.gov.cn/fuwu/lqfw/gggs/202607/t20260717_4767950.html
https://scjgj.beijing.gov.cn/zwxx/scjgdt/202209/t20220928_2824871.html
https://www.bjcard.org.cn/html/27/index.html
https://tousu.sina.com.cn/complaint/view/17380662815?sld=bfde1da96557d3bc36ff9fa9bd1519e5
https://www.xfb365.com/tousu/100428553
https://www.xfb365.com/article/155465
https://www.bjnews.com.cn/detail/1784235122189067.html
https://www.samr.gov.cn/xw/zj/art/2023/art_32d884af3c7d4f9fbb1e5d2bb5f50aa9.html
https://www.beijing.gov.cn/hudong/bmwd/jsjbmyyt/jsjblwjf/jsjblwjfyff/202207/t20220705_2763278.html
https://www.bbtnews.com.cn/2026/0717/599654.shtml
https://sw.beijing.gov.cn/zwxx/2024zcwj/2024gfxwj/202410/t20241024_3926870.html
https://epaper.bbtnews.com.cn/site1/bjsb/images/2018-04/10/05/2018041005_pdf.pdf
https://www.bjfsh.gov.cn/zhxw/fsb/202103/P020210315318333482093.pdf
https://www.zzgx.gov.cn/attachment/20260520A05_pdf.pdf?DtMX1mBC-jcGc-aSgGv54ohU7_420JLHBemH0jcgHwGX0aF_FQKwRitv9r_QWcAvRADKks6smJI4-Wo0wiEJziCMpZZj=
https://www.bj315.org/bjxfzzz/2020n/202012/U020250424614290585626.pdf
https://scjgj.sc.gov.cn/scjgj/c104529/2024/2/5/616e211a151346f6af4cefaf6255d69c/files/%E7%9C%81%E6%B6%88%E5%A7%942023%E5%B9%B4%E5%BA%A6%E6%B6%88%E8%B4%B9%E8%80%85%E6%8A%95%E8%AF%89%E7%BB%9F%E8%AE%A1%E5%88%86%E6%9E%90%E6%8A%A5%E5%91%8A-.pdf",2026-09-21
agency-39,北京齐家家政服务有限公司,本轮公开索引未取得可归属北京齐家家政育儿服务投诉。,已按1组名称查询当前公示列表，本轮未见记录；不代表零投诉，公示期限、名称别称和公开范围会影响结果。,"[黑猫] site:tousu.sina.com.cn ""北京齐家家政服务有限公司"" 投诉
该具体查询返回空结果；不代表平台全库无投诉。

[消费保] site:xfb315.com ""北京齐家家政服务有限公司"" 投诉
该具体查询返回空结果；不代表平台全库无投诉。

[监管媒体] ""北京齐家家政服务有限公司"" 投诉 退费 12315 消协 处罚 法院
本次查询返回3个索引链接（可能含无关项）。该渠道合并判读：泛齐家装修、天伦齐家等结果不能对应本机构；未取得该主体明确媒体/监管争议。 搜索页只据可见摘要判读；已回读来源另列，不把索引摘要当作已打开原文。

[消费保补查] 北京齐家家政服务有限公司 消费保 投诉 退费
本次查询返回17个索引链接（可能含无关项）。该渠道合并判读：消费保定向及补查未取得可归属北京齐家家政个案。 搜索页只据可见摘要判读；已回读来源另列，不把索引摘要当作已打开原文。

[12315站内] 北京齐家家政服务有限公司
查询“北京齐家家政服务有限公司”：该名称在此次公示列表未见记录，不代表零投诉或没有历史纠纷；公示期限、名称别称和公开范围会影响结果。",未取得本轮可单列案例；不代表没有投诉。,https://tsgs.12315.cn/#/viewport,"queries.resultUrls仅为搜索返回的候选链接，可能含无关、同名或未回读页面；不自动视为采信来源，不据此生成案例或评价。案例读取及归属边界以cases为准。
https://att.dahecube.com/f/220727/dd3facebd3314fa192a1d9e6b9f87695
https://www.bjchy.gov.cn/ztzl/chyzfgs/qtxzzfjg/4028805a8905eaad018906666ed60110.html
https://www.58.com/ppezp2023111124253/
https://www.beijing.gov.cn/fuwu/lqfw/gggs/202607/t20260717_4767950.html
https://www.beijing.gov.cn/fuwu/bmfw/bmjy/202504/t20250409_4060597.html
https://scjgj.beijing.gov.cn/zwxx/scjgdt/202209/t20220928_2824871.html
https://www.bjcard.org.cn/html/27/index.html
https://www.jia.com/page/declare.html
https://www.beijing.gov.cn/zhengce/zhengcefagui/201905/t20190522_58660.html
https://app.gjzwfw.gov.cn/jmopen/webapp/html5/bjjyycmlxxcx/index.html
https://xinwen.bjd.com.cn/content/s6a58ce60e4b03fa51a8193af.html
https://sw.beijing.gov.cn/zwxx/tzgg/202512/t20251204_4321288.html
https://scjgj.beijing.gov.cn/hdjl/xfts/201808/t20180820_108737.html
https://www.beijing.gov.cn/zhengce/zhengcefagui/202410/t20241024_3927430.html
https://sw.beijing.gov.cn/zwxx/2024zcwj/2024gfxwj/202410/t20241024_3926870.html
https://www.bjfsh.gov.cn/zhxw/fsb/202103/P020210315318333482093.pdf
https://scjgj.sc.gov.cn/scjgj/c104529/2024/2/5/616e211a151346f6af4cefaf6255d69c/files/%E7%9C%81%E6%B6%88%E5%A7%942023%E5%B9%B4%E5%BA%A6%E6%B6%88%E8%B4%B9%E8%80%85%E6%8A%95%E8%AF%89%E7%BB%9F%E8%AE%A1%E5%88%86%E6%9E%90%E6%8A%A5%E5%91%8A-.pdf
https://www.changzhi.gov.cn/xwzx/jrzz/202203/P020220315316410347794.pdf
https://www.bj315.org/bjxfzzz/2020n/202012/U020250424614290585626.pdf
https://bk.zzlib.net/FileUpload/202103/202103_15_B3_1_kobewfobrl0.pdf",2026-09-21
agency-40,北京三晋之家家政服务有限公司,本轮公开索引未取得可归属个案；前身与新品牌需要合同或工商关系闭环。,已按1组名称查询当前公示列表，本轮未见记录；不代表零投诉，公示期限、名称别称和公开范围会影响结果。,"[黑猫] site:tousu.sina.com.cn ""北京三晋之家家政服务有限公司"" 投诉
该具体查询返回空结果；不代表平台全库无投诉。

[消费保] site:xfb315.com ""北京三晋之家家政服务有限公司"" 投诉
该具体查询返回空结果；不代表平台全库无投诉。

[监管媒体] ""北京三晋之家家政服务有限公司"" 投诉 退费 12315 消协 处罚 法院
本次查询返回13个索引链接（可能含无关项）。该渠道合并判读：补查商家宣称前身北京齐心家政，未取得明确对应的公开消费争议；升级关系未有官方证明。 搜索页只据可见摘要判读；已回读来源另列，不把索引摘要当作已打开原文。

[消费保补查] 北京三晋之家家政服务有限公司 消费保 投诉 退费
本次查询返回17个索引链接（可能含无关项）。该渠道合并判读：消费保定向及补查未取得可归属个案。 搜索页只据可见摘要判读；已回读来源另列，不把索引摘要当作已打开原文。

[主体与别名补查] 北京三晋之家 北京齐心家政 投诉
本次查询返回18个索引链接（可能含无关项）。该渠道合并判读：补查商家宣称前身北京齐心家政，未取得明确对应的公开消费争议；升级关系未有官方证明。 搜索页只据可见摘要判读；已回读来源另列，不把索引摘要当作已打开原文。

[12315站内] 北京三晋之家家政服务有限公司
查询“北京三晋之家家政服务有限公司”：该名称在此次公示列表未见记录，不代表零投诉或没有历史纠纷；公示期限、名称别称和公开范围会影响结果。",未取得本轮可单列案例；不代表没有投诉。,https://tsgs.12315.cn/#/viewport,"queries.resultUrls仅为搜索返回的候选链接，可能含无关、同名或未回读页面；不自动视为采信来源，不据此生成案例或评价。案例读取及归属边界以cases为准。
https://www.bjfsh.gov.cn/ztzx/wqzt/xzzfgs/qzfbm_22985/qscjg/zfxx/202504/P020250421620997790388.pdf
https://www.dt.gov.cn/dt12345/zcwdjh/listd.shtml
https://www.haojian.cn/mm/case
https://www.sohu.com/a/990284138_121164821
https://www.xchdpf.org.cn/work_show/3022
https://sf.145ok.com/a/4141.html
https://sf.145ok.com/a/4269.html
https://sf.145ok.com/a/3513.html
https://tool.caizhichao.cn/beian/list.html
https://sf.145ok.com/a/3533.html
https://sf.145ok.com/a/7020.html
https://jwc.gyhvu.edu.cn/__local/E/43/4D/82CA020F580EA8351EC19D53B11_70E71F03_1DDB39.pdf
https://finance.sina.com.cn/oldnews/2009-10-12.html
https://www.beijing.gov.cn/fuwu/lqfw/gggs/202607/t20260717_4767950.html
https://xinwen.bjd.com.cn/content/s6a58ce60e4b03fa51a8193af.html
https://scjgj.beijing.gov.cn/bsfw/bmfw/sfwbbm/shxfl/qtwb/202511/t20251105_4262617.html
https://scjgj.beijing.gov.cn/bsfw/bmfw/sfwbbm/shxfl/qtwb/201911/t20191129_722530.html
https://scjgj.beijing.gov.cn/zwxx/scjgdt/202209/t20220928_2824871.html
https://sw.beijing.gov.cn/phone/zwxx/swxx/202607/t20260716_4766648.html
https://www.beijing.gov.cn/zhengce/zhengcefagui/202410/t20241024_3927430.html
https://www.bjcard.org.cn/html/27/index.html
https://www.bjnews.com.cn/detail/1784235122189067.html
https://scjgj.beijing.gov.cn/hdjl/xfts/201808/t20180820_108737.html
https://www.xfb365.com/article/155465
https://www.beijing.gov.cn/hudong/bmwd/jsjbmyyt/jsjblwjf/jsjblwjfyff/202207/t20220705_2763278.html
https://www.bj315.org/bjxfzzz/201401/P020140110408480491228.pdf
https://scjgj.sc.gov.cn/scjgj/c104529/2024/2/5/616e211a151346f6af4cefaf6255d69c/files/%E7%9C%81%E6%B6%88%E5%A7%942023%E5%B9%B4%E5%BA%A6%E6%B6%88%E8%B4%B9%E8%80%85%E6%8A%95%E8%AF%89%E7%BB%9F%E8%AE%A1%E5%88%86%E6%9E%90%E6%8A%A5%E5%91%8A-.pdf
https://www.ganzhou.gov.cn/zfxxgk/sjjtjxx/202511/79c5faac3ecd4c508c55e40ea6ab8564/files/2408356a08554f669428eea1560407a2.pdf
https://www.changzhi.gov.cn/xwzx/jrzz/202203/P020220315316410347794.pdf
https://bk.zzlib.net/FileUpload/202103/202103_15_B3_1_kobewfobrl0.pdf
https://app.gjzwfw.gov.cn/jmopen/webapp/html5/bjjyycmlxxcx/index.html
https://www.bjjubao.org.cn/2026-05/19/content_48643.html
https://xfb.beijing.gov.cn/xfzn/ywzn/wsxfzn/201912/t20191224_1442998.html
https://scjgj.beijing.gov.cn/zwxx/xzxkxzcfsgs/xzcf/
https://www.bjjubao.org.cn/
https://www.bjxx315.org.cn/xfwq/
https://scjgj.beijing.gov.cn/
https://www.bjxch.gov.cn/file/20180806/1533526900740085508.pdf
https://www.bjxch.gov.cn/xcdt/xxxq/pnidpv993886.html
https://www.bjxch.gov.cn/file/20210331/1617168184513047094.pdf
https://scjgj.beijing.gov.cn/hdjl/
https://www.bjxch.gov.cn/xcdt/xxxq/pnidpv969165.html
https://www.bjft.gov.cn/ftq/c100007/202501/4db776a3b7544e008978a2892c462ea9/files/443ce49c5056430c896fe5024c8d36e1.pdf
https://www.bjhd.gov.cn/ztzx/2022/hdqzfgs/qfzggw_73178/dtxx/xzzfjg/xzxc/202301/P020230109350961073365.pdf
https://www.reddit.com/r/real_China_irl/comments/1duci9r
https://www.beijing.gov.cn/fuwu/lqfw/gggs/202110/P020211028623189822821.pdf",2026-09-21
agency-41,北京康佑佳家政,本轮公开索引未取得可归属北京康佑佳的育儿投诉；未把其他健康管理公司的处罚贴到本机构。,已按1组名称查询当前公示列表，本轮未见记录；不代表零投诉，公示期限、名称别称和公开范围会影响结果。,"[黑猫] site:tousu.sina.com.cn ""北京康佑佳家政"" 投诉
该具体查询返回空结果；不代表平台全库无投诉。

[监管媒体] ""北京康佑佳家政"" 投诉 退费 12315 消协 处罚 法院
本次查询返回5个索引链接（可能含无关项）。该渠道合并判读：补查北京康佑佳健康管理，搜索出现京亿康（北京）处罚等近名材料，主体不同已排除。 搜索页只据可见摘要判读；已回读来源另列，不把索引摘要当作已打开原文。

[消费保] site:xfb315.com ""北京康佑佳家政"" 投诉
该具体查询返回空结果；不代表平台全库无投诉。

[消费保补查] 北京康佑佳家政 消费保 投诉 退费
本次查询返回17个索引链接（可能含无关项）。该渠道合并判读：消费保定向及补查未取得可归属个案。 搜索页只据可见摘要判读；已回读来源另列，不把索引摘要当作已打开原文。

[主体与别名补查] 北京康佑佳健康管理有限公司 投诉
本次查询返回15个索引链接（可能含无关项）。该渠道合并判读：补查北京康佑佳健康管理，搜索出现京亿康（北京）处罚等近名材料，主体不同已排除。 搜索页只据可见摘要判读；已回读来源另列，不把索引摘要当作已打开原文。

[12315站内] 北京康佑佳健康管理有限公司
查询“北京康佑佳健康管理有限公司”：该名称在此次公示列表未见记录，不代表零投诉或没有历史纠纷；公示期限、名称别称和公开范围会影响结果。",未取得本轮可单列案例；不代表没有投诉。,https://tsgs.12315.cn/#/viewport,"queries.resultUrls仅为搜索返回的候选链接，可能含无关、同名或未回读页面；不自动视为采信来源，不据此生成案例或评价。案例读取及归属边界以cases为准。
https://www.bjwmb.gov.cn/tzgg/2024/03/04/10057505.html
https://ggzyfw.beijing.gov.cn/xycg03/20251226/5397720.html
https://pccz.court.gov.cn/pcajxxw/pcgg/ggxq?id=8B37FAE44697BF1E2AE671DFB8E9CEDD
https://www.sh-tec.cn/tzbt/21565.html
https://www.bjft.gov.cn/ftq/zfjcgseg/202404/94dd7b5b24c34a00b79b097e079d8a2a.shtml
https://www.beijing.gov.cn/fuwu/lqfw/gggs/202607/t20260717_4767950.html
https://www.beijing.gov.cn/fuwu/bmfw/bmjy/202504/t20250409_4060597.html
https://appeal.cpc.ey.gov.tw/
https://www.bjcard.org.cn/html/27/index.html
https://www.beijing.gov.cn/zhengce/gfxwj/sj/201905/t20190522_58660.html
https://www.xfb365.com/tousu/101905489
https://www.xfb365.com/guide
https://www.beijing.gov.cn/hudong/bmwd/jsjbmyyt/jsjblwjf/jsjblwjfyff/202207/t20220705_2763278.html
https://xinwen.bjd.com.cn/content/s6a58ce60e4b03fa51a8193af.html
https://epaper.bbtnews.com.cn/site1/bjsb/images/2018-04/10/05/2018041005_pdf.pdf
https://www.bjxx315.org.cn/xfwq/
https://www.sohu.com/a/1051258244_163278
https://finance.sina.com.cn/jjxw/2026-07-17/doc-inihzrtq7556066.shtml
https://www.bjfsh.gov.cn/zhxw/fsb/202103/P020210315318333482093.pdf
https://m.cqn.com.cn/ms/att/2024-02/06/e19cb572-d546-4a13-ad60-fc7efca08f8e.pdf
https://www.bj315.org/bjxfzzz/201401/P020140110408480491228.pdf
https://bk.zzlib.net/FileUpload/202103/202103_15_B3_1_kobewfobrl0.pdf
https://app.gjzwfw.gov.cn/jmopen/webapp/html5/bjjyycmlxxcx/index.html
https://www.bjdch.gov.cn/ztzl/dcqxzzfgs/wbj/dcqscjgj/zfxxjgj/202310/t20231030_3290695.html
https://scjgj.beijing.gov.cn/
https://banshi.beijing.gov.cn/pubtask/bmhome.html?deptCode=11110000092921359M
https://scjgj.beijing.gov.cn/hdjl/
https://scjgj.beijing.gov.cn/sy/
https://xxcx.yjj.beijing.gov.cn/eportal/ui?exampleId=70f65b974c2c4105820175a48abd7a27&pageId=783953
https://www.bjxch.gov.cn/file/20260112/1768204993134058866.pdf
https://banshi.beijing.gov.cn/pubtask/sjbjgs.html?locationCode=110102000000
https://banshi.beijing.gov.cn/pubtask/bmfw.html?deptCode=111102270000976000&locationCode=110116000000
https://banshi.beijing.gov.cn/pubtask/bmfw.html?deptCode=11110227000097885J&locationCode=110116000000
https://banshi.beijing.gov.cn/pubtask/grbmfw.html?locationCode=110118000000
https://banshi.beijing.gov.cn/pubtask/task/1/110000000000/fae4cb36-f482-4524-899d-64afbc8134f0.html
https://www.bjxch.gov.cn/file/20230109/1673248366981068466.pdf
https://www.bjdch.gov.cn/zwgk/jgdh/qzfzcbmdh/qyjj/ssjyjj/202210/P020230411860981652231.pdf",2026-09-21
agency-42,北京康贝乐家政服务有限公司,本轮公开索引未取得可归属康贝乐/家贝乐家政投诉；已排除近名早教机构关停新闻。,已按1组名称查询当前公示列表，本轮未见记录；不代表零投诉，公示期限、名称别称和公开范围会影响结果。,"[黑猫] site:tousu.sina.com.cn ""北京康贝乐家政服务有限公司"" 投诉
该具体查询返回空结果；不代表平台全库无投诉。

[消费保] site:xfb315.com ""北京康贝乐家政服务有限公司"" 投诉
该具体查询返回空结果；不代表平台全库无投诉。

[监管媒体] ""北京康贝乐家政服务有限公司"" 投诉 退费 12315 消协 处罚 法院
本次查询返回12个索引链接（可能含无关项）。该渠道合并判读：补查家贝乐品牌，未取得准确主体的消费争议；易贝乐早教关停不是康贝乐家政。 搜索页只据可见摘要判读；已回读来源另列，不把索引摘要当作已打开原文。

[消费保补查] 北京康贝乐家政服务有限公司 消费保 投诉 退费
本次查询返回18个索引链接（可能含无关项）。该渠道合并判读：消费保定向及补查未取得可归属个案。 搜索页只据可见摘要判读；已回读来源另列，不把索引摘要当作已打开原文。

[主体与别名补查] 家贝乐 北京康贝乐 投诉
本次查询返回16个索引链接（可能含无关项）。该渠道合并判读：补查家贝乐品牌，未取得准确主体的消费争议；易贝乐早教关停不是康贝乐家政。 搜索页只据可见摘要判读；已回读来源另列，不把索引摘要当作已打开原文。

[12315站内] 北京康贝乐家政服务有限公司
查询“北京康贝乐家政服务有限公司”：该名称在此次公示列表未见记录，不代表零投诉或没有历史纠纷；公示期限、名称别称和公开范围会影响结果。",未取得本轮可单列案例；不代表没有投诉。,https://tsgs.12315.cn/#/viewport,"queries.resultUrls仅为搜索返回的候选链接，可能含无关、同名或未回读页面；不自动视为采信来源，不据此生成案例或评价。案例读取及归属边界以cases为准。
https://m.zhipin.com/companys/78c233ffcc82268d1HR839S1GFo~.html
https://www.bjhr.gov.cn/zt/xzzfxxgs/ztqzfbm/bjhrscjgj/xzzfjgscj/202401/t20240125_3545800.html
https://resource.emagecompany.com/firecontrol/2025beijingfire.html
https://pccz.court.gov.cn/pcajxxw/pcgg/ggxq?id=8B37FAE44697BF1E2AE671DFB8E9CEDD
https://ggzyfw.beijing.gov.cn/xycg03/20251226/5397720.html
https://www.bjft.gov.cn/ftq/zfjcgseg/202404/94dd7b5b24c34a00b79b097e079d8a2a.shtml
https://www.bjhr.gov.cn/zt/xzzfxxgs/ztqzfbm/bjhrrsj/xzzfjgrbj/202601/t20260112_4423358.html
https://www.chsa.com.cn/nd.jsp?fromColId=2&id=82
https://rsj.ankang.gov.cn/Content-2838401.html
https://www.cpco.cn/solution.aspx?nid=25&page=2&pageIndex=2&typeid=50020
https://item.btime.com/40c3itda5u8852rmjc61dtj143r
https://www.bjhr.gov.cn/zt/xzzfxxgs/ztqzfbm/bjhrscjgj/xzzfjgscj/202301/t20230116_2901471.html
https://www.beijing.gov.cn/fuwu/bmfw/bmjy/202504/t20250409_4060597.html
https://www.beijing.gov.cn/fuwu/lqfw/gggs/202607/t20260717_4767950.html
https://www.bjcard.org.cn/html/27/index.html
https://app.bbtnews.com.cn/print.php?contentid=587146
https://app.gjzwfw.gov.cn/jmopen/webapp/html5/bjjyycmlxxcx/index.html
https://www.xfb365.com/
https://www.xfb365.com/article/155465
https://www.consumer.org.hk/sc/complaints-and-services
https://www.beijing.gov.cn/hudong/bmwd/jsjbmyyt/jsjblwjf/jsjblwjfyff/202207/t20220705_2763278.html
https://www.xfb365.com/tousu/100574481
https://www.bjxx315.org.cn/xfwq/
https://xinwen.bjd.com.cn/content/s6a58ce60e4b03fa51a8193af.html
https://www.bjfsh.gov.cn/zhxw/fsb/202103/P020210315318333482093.pdf
https://epaper.bbtnews.com.cn/site1/bjsb/images/2018-04/10/05/2018041005_pdf.pdf
https://bk.zzlib.net/FileUpload/202103/202103_15_B3_1_kobewfobrl0.pdf
https://m.cqn.com.cn/ms/att/2024-02/06/e19cb572-d546-4a13-ad60-fc7efca08f8e.pdf
https://www.bj315.org/bjxfzzz/2020n/202012/U020250424614290585626.pdf
https://dzb.xfrb.com.cn/UploadFiles/file/20241113/202411130911085789.pdf
https://www.bjjubao.org.cn/
https://scjgj.beijing.gov.cn/
https://scjgj.beijing.gov.cn/sy/
https://www.xinhuanet.com/government/20260818/1522153356b8418bafc8c07a180f935c/c.html
https://scjgj.beijing.gov.cn/sy/gg/
https://gx.tousu.sina.com.cn/
https://sc.tousu.sina.com.cn/
https://www.jfdaily.com/wx/detail.do?id=402289
https://tousu.sina.com.cn/index.php
https://cq.tousu.sina.com.cn/index
https://tj.tousu.sina.com.cn/
https://post.smzdm.com/p/aggd936w/
https://cgj.beijing.gov.cn/xxgk/xzzfjgs/gcxx/gcxx/202107/P020230720618161368739.pdf
https://www.bjdx.gov.cn/bjsdxqrmzf/zwfw/zdly/ylws/2016983/2023022413540320278.pdf
https://qxb-pdf-osscache.qixin.com/AnBaseinfo/fa1dc4201e94a1d6d07a976c0505f3e8.pdf
https://qxb-pdf-osscache.qixin.com/AnBaseinfo/84693afac1f20d892e3b42ca6b5f90b2.pdf",2026-09-21
agency-43,北京君诚安家家政服务有限公司,结果以无关卫生抽查、私募注销、律师名单为主，不能对应君诚安家；本轮公开索引未取得可归属个案。,已按1组名称查询当前公示列表，本轮未见记录；不代表零投诉，公示期限、名称别称和公开范围会影响结果。,"[黑猫投诉公开索引] site:tousu.sina.com.cn ""君诚安家""
本轮该平台定向公开索引未取得可归属个案；搜索不命中不等于没有投诉。

[消费保公开索引] site:xfb315.com ""君诚安家""
本轮该平台定向公开索引未取得可归属个案；搜索不命中不等于没有投诉。

[投诉/媒体/监管/司法公开网页] ""北京君诚安家"" 投诉 退费 消协 12315 处罚 法院
结果以无关卫生抽查、私募注销、律师名单为主，不能对应君诚安家；本轮公开索引未取得可归属个案。

[12315站内] 北京君诚安家家政服务有限公司
查询“北京君诚安家家政服务有限公司”：该名称在此次公示列表未见记录，不代表零投诉或没有历史纠纷；公示期限、名称别称和公开范围会影响结果。",未取得本轮可单列案例；不代表没有投诉。,https://tsgs.12315.cn/#/viewport,"queries.resultUrls仅为搜索返回的候选链接，可能含无关、同名或未回读页面；不自动视为采信来源，不据此生成案例或评价。案例读取及归属边界以cases为准。
https://www.bjtzh.gov.cn/bjtz/zwgk/ssj/2026052914092480785/index.shtml
https://www.csrc.gov.cn/beijing/c105551/c7469915/content.shtml
https://www.beijinglawyers.org.cn/cac/1614328514058.htm
https://www.beijinglawyers.org.cn/qtmodel/lxgg.htm
https://www.ipzhihu.com/NewsDetail/6807736.html
https://www.beijinglawyers.org.cn/cac/1480919194716.htm
https://simu.eastmoney.com/html/companylist.html
https://map.mapbar.com/t_zunyi_0504_more/
https://www.scribd.com/document/844385786/%E4%BA%BA%E6%B0%91%E6%97%A5%E6%8A%A5-People-s-Daily-March-26-2025
https://mychhsk.blogspot.com/2023/12/2013100.html
https://basic.10jqka.com.cn/600340/company.html
https://map.mapbar.com/t_beijing_1408_more/",2026-09-21
agency-44,北京俊誉家政公司,出现怀柔市场监管检查表、外地处罚和全国消费报道，所示单位不对应俊誉家政；本轮公开索引未取得可归属个案。,已核对当前公示列表。公示服务分类为体育培训、问题为定金争议，分类是否填报准确未核，不能改写为育儿嫂定金投诉。名称匹配可含分支及其他工种，不能作为机构投诉率。,"[黑猫投诉公开索引] site:tousu.sina.com.cn ""俊誉家政""
本轮该平台定向公开索引未取得可归属个案；搜索不命中不等于没有投诉。

[消费保公开索引] site:xfb315.com ""俊誉家政""
本轮该平台定向公开索引未取得可归属个案；搜索不命中不等于没有投诉。

[投诉/媒体/监管/司法公开网页] ""俊誉家政"" 北京 投诉 退费 消协 12315 处罚 法院
出现怀柔市场监管检查表、外地处罚和全国消费报道，所示单位不对应俊誉家政；本轮公开索引未取得可归属个案。

[12315站内] 北京俊誉家政服务有限公司
查询“北京俊誉家政服务有限公司”此次页面显示1条关键词匹配公示。公示服务分类为体育培训、问题为定金争议，分类是否填报准确未核，不能改写为育儿嫂定金投诉。以上数量是所列查询关键词此次匹配的公示记录数，可能含分支、近名和不同服务工种；不同查询之间可能重叠，不合计为机构投诉总数，不是投诉率或质量排名。公示期限为一年，不涵盖全部历史、未公开投诉或所有分支。投诉内容为当事人填写，调解结果不是违法认定；达成调解不等于退款已到账。",未取得本轮可单列案例；不代表没有投诉。,https://tsgs.12315.cn/#/viewport,"queries.resultUrls仅为搜索返回的候选链接，可能含无关、同名或未回读页面；不自动视为采信来源，不据此生成案例或评价。案例读取及归属边界以cases为准。
https://www.bjhr.gov.cn/zt/xzzfxxgs/ztqzfbm/bjhrscjgj/xzzfjgscj/202401/t20240125_3545804.html
https://www.peopleapp.com/newspaper?date=2025.05.12
https://www.dongtai.gov.cn/art/2026/8/4/art_7278_4444383.html
https://ggzyfw.beijing.gov.cn/xycg03/20251226/5397720.html
https://scjgj.luan.gov.cn/zwzx/tzgg/5481489.html
https://www.bjhr.gov.cn/zt/xzzfxxgs/ztqzfbm/bjhrscjgj/xzzfjgscj/202501/t20250110_3985956.html
https://zh.wikisource.org/zh-hans/%E6%A5%8A%E6%96%87%E6%95%8F%E9%9B%86_%28%E5%9B%9B%E5%BA%AB%E5%85%A8%E6%9B%B8%E6%9C%AC%29/%E5%85%A8%E8%A6%BD
https://www.bjhr.gov.cn/zt/xzzfxxgs/ztqzfbm/bjhrscjgj/xzzfjgscj/202301/t20230112_2897724.html
https://stock.stockstar.com/notice/SN2026052900038878.shtml
https://gdxk.southcn.com/sg/nxs/zsnj/content/post_566410.html
https://www.peopleapp.com/newspaper?date=2026.08.20
https://zh.wikisource.org/zh-hans/%E4%BA%94%E7%99%BE%E5%AE%B6%E6%92%AD%E8%8A%B3%E5%A4%A7%E5%85%A8%E6%96%87%E7%B2%B9_%28%E5%9B%9B%E5%BA%AB%E5%85%A8%E6%9B%B8%E6%9C%AC%29/%E5%85%A8%E8%A6%BD2",2026-09-21
agency-45,北京昊煜坤城家政公司,仅取得同名企业管理咨询公司信息及无关监管列表；咨询公司与原家政商家主体关系尚未证明，本轮公开索引未取得可归属个案。,已按1组名称查询当前公示列表，本轮未见记录；不代表零投诉，公示期限、名称别称和公开范围会影响结果。,"[黑猫投诉公开索引] site:tousu.sina.com.cn ""昊煜坤城""
本轮该平台定向公开索引未取得可归属个案；搜索不命中不等于没有投诉。

[消费保公开索引] site:xfb315.com ""昊煜坤城""
本轮该平台定向公开索引未取得可归属个案；搜索不命中不等于没有投诉。

[投诉/媒体/监管/司法公开网页] ""昊煜坤城"" 北京 投诉 退费 消协 12315 处罚 法院
仅取得同名企业管理咨询公司信息及无关监管列表；咨询公司与原家政商家主体关系尚未证明，本轮公开索引未取得可归属个案。

[12315站内] 北京昊煜坤城
查询“北京昊煜坤城”：该名称在此次公示列表未见记录，不代表零投诉或没有历史纠纷；公示期限、名称别称和公开范围会影响结果。",未取得本轮可单列案例；不代表没有投诉。,https://tsgs.12315.cn/#/viewport,"queries.resultUrls仅为搜索返回的候选链接，可能含无关、同名或未回读页面；不自动视为采信来源，不据此生成案例或评价。案例读取及归属边界以cases为准。
https://www.shuididp.cn/yp-70f91c10142b306166eb142815307301.html
https://www.bjhr.gov.cn/zt/xzzfxxgs/ztqzfbm/bjhrscjgj/xzzfjgscj/202607/t20260709_4754820.html
https://www.bjhr.gov.cn/zt/xzzfxxgs/ztqzfbm/bjhrscjgj/xzzfjgscj/202601/t20260112_4423448.html
https://www.bjhr.gov.cn/zt/xzzfxxgs/ztqzfbm/bjhrscjgj/xzzfjgscj/202510/t20251016_4228649.html
https://www.bjhr.gov.cn/zt/xzzfxxgs/ztqzfbm/bjhrscjgj/xzzfjgscj/202601/t20260112_4423411.html
https://www.sohu.com/a/1053835026_121123737
https://peking.bjd.com.cn/content/s63b6e487e4b0fb99eeb2fc0a.html
https://www.bjhr.gov.cn/zt/xzzfxxgs/ztqzfbm/bjhrscjgj/xzzfjgscj/202510/t20251016_4228643.html
https://www.sohu.com/a/879350556_121164821
https://www.thepaper.cn/newsDetail_forward_28531607
https://zh.wikisource.org/wiki/%E6%98%8E%E5%8F%B2_%28%E5%9B%9B%E5%BA%AB%E5%85%A8%E6%9B%B8%E6%9C%AC%29/%E5%85%A8%E8%A6%BD1
https://www.lxjxys.com/",2026-09-21
agency-46,北京春宇家政服务有限公司（简介写春雨，名称需核实）,同时追查春宇、简介中的春雨；结果中的贵阳春雨心、上海春雨和人名春宇未能对应北京本店。本轮公开索引未取得可归属个案，名称歧义仍限制覆盖。,已按2组名称查询当前公示列表，本轮未见记录；不代表零投诉，公示期限、名称别称和公开范围会影响结果。,"[黑猫投诉公开索引] site:tousu.sina.com.cn ""春宇家政""
本轮该平台定向公开索引未取得可归属个案；搜索不命中不等于没有投诉。

[消费保公开索引] site:xfb315.com ""春宇家政""
本轮该平台定向公开索引未取得可归属个案；搜索不命中不等于没有投诉。

[投诉/媒体/监管/司法公开网页] ""春宇家政"" 北京 投诉 退费 消协 12315 处罚 法院
同时追查春宇、简介中的春雨；结果中的贵阳春雨心、上海春雨和人名春宇未能对应北京本店。本轮公开索引未取得可归属个案，名称歧义仍限制覆盖。

[别名/精确主体/个案补充公开检索] ""北京春雨家政服务有限公司"" 投诉
补充检索人工归属结论：同时追查春宇、简介中的春雨；结果中的贵阳春雨心、上海春雨和人名春宇未能对应北京本店。本轮公开索引未取得可归属个案，名称歧义仍限制覆盖。

[别名/精确主体/个案补充公开检索] ""春雨家政"" 北京 消费保
补充检索人工归属结论：同时追查春宇、简介中的春雨；结果中的贵阳春雨心、上海春雨和人名春宇未能对应北京本店。本轮公开索引未取得可归属个案，名称歧义仍限制覆盖。

[12315站内] 北京春宇家政服务有限公司
查询“北京春宇家政服务有限公司”：该名称在此次公示列表未见记录，不代表零投诉或没有历史纠纷；公示期限、名称别称和公开范围会影响结果。

[12315站内] 北京春雨家政服务有限公司
查询“北京春雨家政服务有限公司”：该名称在此次公示列表未见记录，不代表零投诉或没有历史纠纷；公示期限、名称别称和公开范围会影响结果。",未取得本轮可单列案例；不代表没有投诉。,https://tsgs.12315.cn/#/viewport,"queries.resultUrls仅为搜索返回的候选链接，可能含无关、同名或未回读页面；不自动视为采信来源，不据此生成案例或评价。案例读取及归属边界以cases为准。
https://ggzyfw.beijing.gov.cn/xycg03/20251226/5397720.html
https://www.bjhr.gov.cn/zt/xzzfxxgs/ztqzfbm/bjhrscjgj/xzzfjgscj/202401/t20240125_3545804.html
https://www.bjhr.gov.cn/zt/xzzfxxgs/ztqzfbm/bjhrscjgj/xzzfjgscj/202301/t20230112_2897724.html
https://www.bjhr.gov.cn/zt/xzzfxxgs/ztqzfbm/bjhrscjgj/xzzfjgscj/202501/t20250110_3985956.html
https://www.bjhr.gov.cn/zt/xzzfxxgs/ztqzfbm/bjhrrsj/xzzfjgrbj/202407/t20240704_3737585.html
https://pingshen.szpu.edu.cn/__local/0/6E/8D/595144052F5ED1F68D26F43C8F9_8463CA94_DC1917.pdf
https://www.bjhr.gov.cn/zt/xzzfxxgs/ztqzfbm/bjhrrsj/xzzfjgrbj/202310/t20231007_3271202.html
https://www.bjhr.gov.cn/zt/xzzfxxgs/ztqzfbm/bjhrscjgj/xzzfjgscj/202401/t20240125_3545800.html
https://www.zxbcpt.com/bmjz_89642/bm/scjdglj/zwgk_94944/fdzdgknr_94946/xzxk/bljg/202112/t20211213_10152014.html
https://www.12371.gov.cn/h5/article/1438675821295587328/h5/content_1438675821295587328.html
https://zh.wikisource.org/zh-hant/%E5%AE%97%E4%BC%AF%E9%9B%86_%28%E5%9B%9B%E5%BA%AB%E5%85%A8%E6%9B%B8%E6%9C%AC%29/%E5%85%A8%E8%A6%BD
https://www.zjg.gov.cn/zjgszwz/scjdj_tzgg/202512/30291bd33d34422f98d88cef3fc7bc37.shtml
https://www.zhq.gov.cn/contents/61469/461500.html
https://pingshen.szpu.edu.cn/__local/0/B7/53/567185545EAE8B3A0609D01B37E_02C4309A_1C189E.pdf
https://www.hpsh.tp.edu.tw/uploads/1732867374116FKbLmr68.pdf
https://map.beijing.gov.cn/place?categoryId=yljg&placeId=68f0502c3161b24f39460b71
https://video.bjchy.gov.cn/vodfiles/992/2015/09/23/cyb/images/2024-04/24/04/04.pdf
https://rsj.beijing.gov.cn/xxgk/tzgg/202401/t20240129_3548057.html
https://www.bjhd.gov.cn/ztzx/2020zt/hdqzfgs/dsz_62030/dtxx/zfjggs/xzxk/202110/P020211009334469344126.pdf
https://www.chsa.com.cn/nr.jsp?_np=0_31_38
https://www.anyang100.com/beijing/1946080.html
https://www.ndrc.gov.cn/xwdt/ztzl/jzfwytzkr/zxxd/202008/P020200820648957071954.pdf
https://fgw.beijing.gov.cn/gzdt/tztg/202301/P020230110612533374214.pdf
https://www.bjzgh.org/upload/ueditor/uploadfile/202502/20250226/2025022608471740530833341043969.pdf
https://www.bjie.ac.cn/d/file/xwzx/sxsd/qthd/2024-04-30/c363b72e6b4046bdf74c9bbe56f64a14.pdf
https://top.qcc.com/tc/e7d27ee3a514.html
https://tousu.sina.com.cn/complaint/view/17393603670?sld=2a69916178f4f9d487172fbf3c7e79d7
https://www.bjxch.gov.cn/file/20221229/1672278815187073105.pdf
https://rsj.beijing.gov.cn/bm/ztzl/ssjzlwpp/
https://sw.beijing.gov.cn/zmhd/dczjj/202306/t20230601_3119537.html
https://www.chatm.com/log/search?keyword=990024&queryType=3
https://www.sohu.com/a/1049953639_253235
https://www.shuididp.cn/yp-dd55d281b4a02bd469efc20f2b5de601.html
https://m.jiemian.com/article/13669726.html
https://gongshang.mingluji.com/beijing/shangquan/%E5%8C%97%E4%BA%AC%E5%90%89%E9%87%8E%E5%AE%B6%E5%BF%AB%E9%A4%90%E6%9C%89%E9%99%90%E5%85%AC%E5%8F%B8%E7%A3%81%E5%99%A8%E5%8F%A3%E5%BA%97/337
https://www.sohu.com/a/1035281853_121106842
https://dzb.xfrb.com.cn/UploadFiles/file/20240129/202401291101206457.pdf
https://rsj.beijing.gov.cn/xxgk/zfxxgk/zdlygk/sj/202310/P020231010608434877150.pdf
https://www.bjft.gov.cn/fengtaibao/resfile/2025-01-22/03/ftb-20250122-003.pdf
https://finance.sina.com.cn/china/gncj/2020-03-09/doc-iimxxstf7678084.shtml
https://www.sic.gov.cn/sic/82/568/0229/7304.pdf
https://rsj.beijing.gov.cn/xxgk/zfxxgk/zdlygk/sj/202310/P020231010608880226383.pdf
https://app.bjtitle.com/8816/newshow.php?did=867950049830928&mood=&newsid=6554754&typeid=107&uid=0",2026-09-21
agency-47,轻喜到家,黑猫、消费保有多个品牌退款和预约争议；本轮回读一个用户确认已解决退款单、一个系统自动完结单。城市和工种不详的记录仅作品牌售后线索，不等同北京育儿嫂质量。,已核对当前公示列表。首屏包含各城市分支的培训、清洁、房屋保洁等，另有明显与主营不一致的填报分类；这些均不能作为北京育儿嫂投诉率。名称匹配可含分支及其他工种，不能作为机构投诉率。,"[黑猫投诉公开索引] site:tousu.sina.com.cn ""轻喜到家""
合并搜索结果中取得该平台链接；逐条核对品牌/主体，黑猫、消费保有多个品牌退款和预约争议；本轮回读一个用户确认已解决退款单、一个系统自动完结单。城市和工种不详的记录仅作品牌售后线索，不等同北京育儿嫂质量。

[消费保公开索引] site:xfb315.com ""轻喜到家""
合并搜索结果中取得该平台链接；逐条核对品牌/主体，黑猫、消费保有多个品牌退款和预约争议；本轮回读一个用户确认已解决退款单、一个系统自动完结单。城市和工种不详的记录仅作品牌售后线索，不等同北京育儿嫂质量。

[投诉/媒体/监管/司法公开网页] ""轻喜到家"" 投诉
黑猫、消费保有多个品牌退款和预约争议；本轮回读一个用户确认已解决退款单、一个系统自动完结单。城市和工种不详的记录仅作品牌售后线索，不等同北京育儿嫂质量。

[12315站内] 深圳轻喜到家科技有限公司
查询“深圳轻喜到家科技有限公司”此次页面显示449条关键词匹配公示。首屏包含各城市分支的培训、清洁、房屋保洁等，另有明显与主营不一致的填报分类；这些均不能作为北京育儿嫂投诉率。以上数量是所列查询关键词此次匹配的公示记录数，可能含分支、近名和不同服务工种；不同查询之间可能重叠，不合计为机构投诉总数，不是投诉率或质量排名。公示期限为一年，不涵盖全部历史、未公开投诉或所有分支。投诉内容为当事人填写，调解结果不是违法认定；达成调解不等于退款已到账。","案例：轻喜未消费服务退款诉求，用户后续确认解决
日期：2026-02-01
工种：家政套餐，具体工种未披露
记录：消费者就378元未消费服务申请退款，称原退款渠道和沟通不顺畅。
回应：平台显示转交企业；未见具体企业答复。
处理结果：2026-02-01用户申请完结，页面标已解决、方案退款；无退款到账明细。
限制：非可确认北京育儿订单；问题事实为投诉者陈述。
读取状态：已读原网页
来源：https://www.xfb365.com/tousu/100478700

案例：轻喜套餐无法预约后的退款诉求
日期：2026-07-04
工种：家政套餐，具体工种未披露
记录：用户称购买449元套餐后不能预约，申请退款需找客服但沟通无果。
回应：2026-07-07企业表示已反馈负责人跟进处理。
处理结果：2026-08-06因30天无后续操作系统自动完成；没有退款凭证。
限制：自动完成不等于实质解决；非可确认北京育儿订单。
读取状态：已读原网页
来源：https://tousu.sina.com.cn/complaint/view/17399394056/?sld=d5e83a11deb1af3621e12c5ef4e92b75","https://www.xfb365.com/tousu/100478700
https://tousu.sina.com.cn/complaint/view/17399394056/?sld=d5e83a11deb1af3621e12c5ef4e92b75
https://tsgs.12315.cn/#/viewport","queries.resultUrls仅为搜索返回的候选链接，可能含无关、同名或未回读页面；不自动视为采信来源，不据此生成案例或评价。案例读取及归属边界以cases为准。
https://tousu.sina.com.cn/complaint/view/17371394674
https://tousu.sina.com.cn/complaint/view/17393601609?sld=05c64e2275b7fa783f1746f36b56a7e9
https://tousu.sina.com.cn/complaint/view/17399394056/?sld=d5e83a11deb1af3621e12c5ef4e92b75
https://tousu.sina.com.cn/complaint/view/17380983662?sld=82ac2849f4c97e7e56d01f0ad12a39f5
https://sh.tousu.sina.com.cn/company/view/?couid=6348057208
https://tousu.sina.com.cn/complaint/view/17395342611?sld=6c38400d8a922f2757ad28330802b3a2
https://gd.tousu.sina.com.cn/company/view/?couid=6348057208
https://tousu.sina.com.cn/complaint/view/17391361823?sld=257e6344f3a103e87120d1ae4b766f60
https://www.xfb365.com/tousu/101048007
https://www.xfb365.com/tousu/100931761
https://www.xfb365.com/tousu/100478700
https://apps.apple.com/us/app/%E8%BD%BB%E5%96%9C%E5%88%B0%E5%AE%B6-%E4%BF%9D%E6%B4%81%E4%BF%9D%E5%A7%86%E5%AE%B6%E7%94%B5%E6%B8%85%E6%B4%97%E5%AE%B6%E6%94%BF%E6%9C%8D%E5%8A%A1%E5%B9%B3%E5%8F%B0/id1550723001?platform=iphone&see-all=reviews
https://static.cninfo.com.cn/finalpage/2024-08-28/1221031501.PDF
https://www.ipd.gov.hk/hkipjournal/28012022/PUBLICATION_TYPE_ACCEPTANCE_FOR_REGISTRATION_FULL_VERSION_41-45.pdf
https://www.ipd.gov.hk/hkipjournal/28012022/PUBLICATION_TYPE_ACCEPTANCE_FOR_REGISTRATION_SUMMARY.pdf
https://static.cninfo.com.cn/finalpage/2023-06-05/1217055222.PDF
https://file.retail.tencent.com/files/default/2025/1/7a65bf6309c4408eb45a7ce5bba8fc5e.pdf",2026-09-21
agency-48,爱贝佳,检得2017年伤婴报道相关索引，但同时有企业声明称涉事人2013年已终止合作、该订单未经公司签约；归属存在实质争议，不能把标题直接当作该机构订单事故。黑猫/消费保未取得明确归属新增原单。,已按1组名称查询当前公示列表，本轮未见记录；不代表零投诉，公示期限、名称别称和公开范围会影响结果。,"[黑猫投诉公开索引] site:tousu.sina.com.cn ""爱贝佳""
本轮该平台定向公开索引未取得可归属个案；搜索不命中不等于没有投诉。

[消费保公开索引] site:xfb315.com ""爱贝佳""
本轮该平台定向公开索引未取得可归属个案；搜索不命中不等于没有投诉。

[投诉/媒体/监管/司法公开网页] ""爱贝佳"" 投诉
检得2017年伤婴报道相关索引，但同时有企业声明称涉事人2013年已终止合作、该订单未经公司签约；归属存在实质争议，不能把标题直接当作该机构订单事故。黑猫/消费保未取得明确归属新增原单。

[别名/精确主体/个案补充公开检索] ""爱贝佳"" ""2013"" 月嫂
补充检索人工归属结论：检得2017年伤婴报道相关索引，但同时有企业声明称涉事人2013年已终止合作、该订单未经公司签约；归属存在实质争议，不能把标题直接当作该机构订单事故。黑猫/消费保未取得明确归属新增原单。

[12315站内] 北京爱贝佳
查询“北京爱贝佳”：该名称在此次公示列表未见记录，不代表零投诉或没有历史纠纷；公示期限、名称别称和公开范围会影响结果。",未取得本轮可单列案例；不代表没有投诉。,https://tsgs.12315.cn/#/viewport,"queries.resultUrls仅为搜索返回的候选链接，可能含无关、同名或未回读页面；不自动视为采信来源，不据此生成案例或评价。案例读取及归属边界以cases为准。
https://www.abjmyw.com/
https://www.dlabj.com/
https://m.dlabj.com/col.jsp?id=106
https://m.dlabj.com/
https://read01.com/jM2QnB.html
https://m.5888.tv/qiyeku/aibeijia/
https://k.sina.cn/article_7879849092_1d5acf48406801re1u.html
https://enwwb.com/n/myhl/10170.html
https://read01.com/PGogR7.html
https://edu.people.com.cn/n/2012/1209/c1006-19836424.html
https://www.hhky.gov.cn/virtual_attach_file.vsb?afc=uM8-UiLNrkoRW7Unm-sM4-DMNWRUzGS8oRlPM7lbUmfknzl0gihFp2hmCIa0n1hVL1y8oShVnRnRnRNZnz-ZMmMRMzARnz6knRNsL4U8n7nFMmNaLlr2nzWFnNCZnN-Jv2nto4OeoDxbvsWx_tC0qIbtpYyiMm-Pg4vioRCaL1bw62z8c
https://www.gc.gov.cn/attachments/1/202507/29/2024%E5%B9%B4%E8%97%81%E5%9F%8E%E5%8C%BA%E6%9C%AC%E7%BA%A7%E9%A3%9F%E5%93%81%E7%9B%91%E7%9D%A3%E6%8A%BD%E6%A3%80%E5%90%88%E6%A0%BC%E6%A0%B7%E5%93%81%E4%BF%A1%E6%81%AF%EF%BC%88%E7%AC%AC2%E6%9C%9F%EF%BC%8920250729165958168.pdf?sid=3a3d67a8-dd91-450a-a4e6-b53383522e7a
https://m.cqn.com.cn/ms/att/2025-08/21/35d9f7b7-8451-4679-9ca2-9a56c25e4a09.pdf
https://www.cepf.org.cn/gyxm/lsfzyxczx/QSJH/STWM_XMDT/202302/P020240108612162166805.pdf
https://www.hp.gov.cn/attachment/0/104/104216/3641477.pdf
https://www.cepf.org.cn/gyxm/lsfzyxczx/QSJH/STWM_XMDT/202005/P020240109322617247437.pdf
https://www.bjxch.gov.cn/file/20221229/1672278815187073105.pdf
https://cd.com.cn/index.php/Home/Index/info/id/543
https://m.chinapp.net.cn/faxianpinpai/2026/0707/83150.html
https://ewsdata.rightsindevelopment.org/files/documents/02/ADB-46048-002_t0LtWch.pdf
https://news.sohu.com/20170614/n497010172.shtml
https://sd.ifeng.com/cj/caifutouzi/detail_2013_12/23/1627630_1.shtml
https://www.sohu.com/a/1049932688_122495486
https://qccdata.qichacha.com/ReportData/PDF/9dd928183c19524ab2a20e8d8e2d6a2f.pdf
https://www.gonyn.com/report/1306125.html
https://m.cqn.com.cn/ms/content/2023-03/31/content_8924602.htm
https://www.qiyeku.cn/tag/company8e264e-4.html
https://m.chinapp.com/brand/5361
https://www.1288.tv/companys/product_330965.html
https://www.cqn.com.cn/ms/content/2025-07/25/content_9115996.htm
https://www.ldqxn.com/qynews/article-NDYyNw-1816486.html
https://www.sundiallawfirm.com/static/upload/file/20220105/1641368322743135.pdf",2026-09-21
agency-49,华夏中青,主要命中华夏中青官网、工会企业资料及行业报道；异地分支和中青宝等不同主体不混入。本轮公开索引未取得可归属消费个案。,已按1组名称查询当前公示列表，本轮未见记录；不代表零投诉，公示期限、名称别称和公开范围会影响结果。,"[黑猫投诉公开索引] site:tousu.sina.com.cn ""华夏中青""
本轮该平台定向公开索引未取得可归属个案；搜索不命中不等于没有投诉。

[消费保公开索引] site:xfb315.com ""华夏中青""
本轮该平台定向公开索引未取得可归属个案；搜索不命中不等于没有投诉。

[投诉/媒体/监管/司法公开网页] ""华夏中青"" 投诉
主要命中华夏中青官网、工会企业资料及行业报道；异地分支和中青宝等不同主体不混入。本轮公开索引未取得可归属消费个案。

[12315站内] 北京华夏中青家政服务有限公司
查询“北京华夏中青家政服务有限公司”：该名称在此次公示列表未见记录，不代表零投诉或没有历史纠纷；公示期限、名称别称和公开范围会影响结果。",未取得本轮可单列案例；不代表没有投诉。,https://tsgs.12315.cn/#/viewport,"queries.resultUrls仅为搜索返回的候选链接，可能含无关、同名或未回读页面；不自动视为采信来源，不据此生成案例或评价。案例读取及归属边界以cases为准。
https://www.cyhs.cn/aboutus/about/
https://www.greenchina.tv/index.php/magazine/detail/id/3158.html
https://www.cyhs.cn/
https://www.bjzgh12351.org/template/1/file.jsp?aid=1137&cid=300
https://www.ccgp.gov.cn/cggg/dfgg/zbgg/202310/t20231008_20827173.htm
https://m.100ye.com/index20725371
https://finance.sina.cn/sa/2006-01-25/detail-ikknscsi3050554.d.html?from=wap
https://m.zhipin.com/companys/2e20cbbf19cf1a901nx-3N29FA~~.html
https://www.cyhs.cn/Category_1342/Index.aspx
https://575534.beijing.12580.tv/
https://disc.static.szse.cn/disc/disk03/finalpage/2024-08-28/be530fcf-8f45-4765-8501-542268c281c0.PDF
https://epaper.stcn.com/pic/202408/29/88bafff59d87f36f6cb72789488a921d.pdf?u_asig=a0caa&u_atoken=49f21c3817c3762eb1829a5481bf381b
https://qxb-pdf-osscache.qixin.com/AnBaseinfo/3238f1a75c2bb92eab5372aee9e04abe.pdf
https://notice.10jqka.com.cn/api/pdf/56c47249bd24bb5d.pdf
https://wb.xxrb.com.cn/page/2/2023-02/17/A04/20230217A04_pdf.pdf",2026-09-21
agency-50,管家帮,回读2020南京欠薪、2021北京欠薪及雇主预付款报道，均有历史经营连续性信号。北京报道含创始人回应，南京报道时仍待处理；不能将历史争议写成2026仍未清偿或育儿照护事故。,已按1组名称查询当前公示列表，本轮未见记录；不代表零投诉，公示期限、名称别称和公开范围会影响结果。,"[黑猫投诉公开索引] site:tousu.sina.com.cn 管家帮
合并搜索结果中取得该平台链接；逐条核对品牌/主体，回读2020南京欠薪、2021北京欠薪及雇主预付款报道，均有历史经营连续性信号。北京报道含创始人回应，南京报道时仍待处理；不能将历史争议写成2026仍未清偿或育儿照护事故。

[消费保公开索引] site:xfb315.com 管家帮
本轮该平台定向公开索引未取得可归属个案；搜索不命中不等于没有投诉。

[投诉/媒体/监管/司法公开网页] 管家帮 投诉
回读2020南京欠薪、2021北京欠薪及雇主预付款报道，均有历史经营连续性信号。北京报道含创始人回应，南京报道时仍待处理；不能将历史争议写成2026仍未清偿或育儿照护事故。

[12315站内] 北京易盟天地信息技术股份有限公司
查询“北京易盟天地信息技术股份有限公司”：该名称在此次公示列表未见记录，不代表零投诉或没有历史纠纷；公示期限、名称别称和公开范围会影响结果。","案例：南京管家帮历史欠薪报道
日期：2020-01-08
工种：家政员工工资，非育儿消费订单
记录：员工称被拖欠半年工资；报道载南京分公司员工寻求法律援助并有法院立案。
回应：报道中当地负责人拒绝说明，公司经营状况被询问。
处理结果：报道时调解未果；本轮未取得后来清偿或判决结论。
限制：历史异地劳动报酬问题；不得写成当前欠薪或北京育儿护理事件。
读取状态：已读原网页
来源：https://news.jstv.com/a/20200108/cb5c13144acf4007b12c4d83e12dd5a7.shtml

案例：管家帮北京欠薪与预付款争议调查
日期：2021-01-30（原稿2021-01-29）
工种：一般保姆/家政及预付款
记录：记者采访北京家政人员称工资拖欠，也采访预付数万元但服务人员离岗后未获退款的雇主。
回应：创始人傅彦生承认欠薪及客户资金问题，称疫情影响现金流，介绍融资和协调方案；对2019问题称基本解决。
处理结果：报道时相关人员仍在追索；本轮未取得这些当事人此后清偿证据。
限制：来自2021年历史报道；不能推断2026状况，也不把劳动争议等同育儿技能缺陷。
读取状态：已读原网页
来源：https://finance.sina.cn/tech/2021-01-30/detail-ikftpnny2934766.d.html?fromtech=1","https://news.jstv.com/a/20200108/cb5c13144acf4007b12c4d83e12dd5a7.shtml
https://finance.sina.cn/tech/2021-01-30/detail-ikftpnny2934766.d.html?fromtech=1
https://tsgs.12315.cn/#/viewport","queries.resultUrls仅为搜索返回的候选链接，可能含无关、同名或未回读页面；不自动视为采信来源，不据此生成案例或评价。案例读取及归属边界以cases为准。
https://tousu.sina.com.cn/?oid=1.pwa
https://tousu.sina.com.cn/?oid=94
https://sc.tousu.sina.com.cn/?wm=3292_9003
https://news.jstv.com/a/20200108/cb5c13144acf4007b12c4d83e12dd5a7.shtml
https://casecenter.buaa.edu.cn/__local/F/1E/D3/3C9848FC9E13923FA27C4C8679B_5989F0A5_BA120.pdf
https://12389.mps.gov.cn/
https://casecenter.buaa.edu.cn/__local/2/61/44/59E5D39BA85D48F8BB503CD1B34_EAD32F35_F905B.pdf
https://finance.sina.com.cn/consume/puguangtai/2018-09-04/doc-ihiixzkm4021890.shtml
https://36kr.com/p/1954576271098757
https://finance.ifeng.com/c/7t2pgKwQZEP?from=timeline
https://file.finance.sina.com.cn/hkdata98/hk/hk_realtime_announcement/news/20230428/10716123-0.PDF
https://finance.sina.cn/tech/2021-01-30/detail-ikftpnny2934766.d.html?fromtech=1
https://szb.nxrb.cn/xxxb/pc/att/202508/21/44cd0ffb-45ad-4559-8b2d-86a20cf6d8fe.pdf
https://life.pingan.com/syncFile/20220315183905264465.pdf
https://m.onlinedown.net/soft/10023809.htm
https://m.ziyuanm.com/jiazheng/guanjia/
https://asset2.qieman.com/agreement/0abdefef-b411-4f64-91ce-2ce2a3c2c369.pdf
https://www.reddit.com/r/chonglangTV/comments/qermao
https://www.reddit.com/r/China_irl/comments/u5tl25
https://www.reddit.com/r/China_irl/comments/qa0rw5",2026-09-21
agency-51,三替（北京）,短品牌检索噪音较多，追加北京三替养老护理集团有限公司全称，取得养老/家政企业名单但无可归属个案；杭州三替与北京主体须分开。,已按1组名称查询当前公示列表，本轮未见记录；不代表零投诉，公示期限、名称别称和公开范围会影响结果。,"[黑猫投诉公开索引] site:tousu.sina.com.cn 三替 北京
本轮该平台定向公开索引未取得可归属个案；搜索不命中不等于没有投诉。

[消费保公开索引] site:xfb315.com 三替 北京
本轮该平台定向公开索引未取得可归属个案；搜索不命中不等于没有投诉。

[投诉/媒体/监管/司法公开网页] 三替 北京 投诉
短品牌检索噪音较多，追加北京三替养老护理集团有限公司全称，取得养老/家政企业名单但无可归属个案；杭州三替与北京主体须分开。

[别名/精确主体/个案补充公开检索] ""北京三替养老护理集团有限公司"" 投诉
补充检索人工归属结论：短品牌检索噪音较多，追加北京三替养老护理集团有限公司全称，取得养老/家政企业名单但无可归属个案；杭州三替与北京主体须分开。

[12315站内] 北京三替养老护理集团有限公司
查询“北京三替养老护理集团有限公司”：该名称在此次公示列表未见记录，不代表零投诉或没有历史纠纷；公示期限、名称别称和公开范围会影响结果。",未取得本轮可单列案例；不代表没有投诉。,https://tsgs.12315.cn/#/viewport,"queries.resultUrls仅为搜索返回的候选链接，可能含无关、同名或未回读页面；不自动视为采信来源，不据此生成案例或评价。案例读取及归属边界以cases为准。
https://12389.mps.gov.cn/
https://beijing.12388.gov.cn/html/sjjb2.html
https://xfb.beijing.gov.cn/xfzn/ywzn/wsxfzn/201912/t20191224_1442998.html
https://rsj.beijing.gov.cn/bm/ztzl/12333rx/
https://zjw.beijing.gov.cn/bjjs/zbtb0/tscl/index.shtml
https://www.beijing.gov.cn/fwcj/qyfw2/jjsyjf/647ea63e99e8fd066d6683ea.html
https://yjj.beijing.gov.cn/yjj/zdxx/1793604/index.html
https://gjj.beijing.gov.cn/web/index/325741013/744122284/index.html
https://map.beijing.gov.cn/place?categoryId=pcs&placeId=68fedc903161b24f3946908e
https://jrj.beijing.gov.cn/hdjl/index.html
https://scjgj.beijing.gov.cn/zwxx/scjgdt/202306/t20230601_3118911.html
https://sfj.beijing.gov.cn/sfj/zmhd15/hdjl/index.html
https://zh.wikipedia.org/wiki/%E4%B8%89%E9%B9%BF%E9%9B%86%E5%9B%A2
https://banshi.beijing.gov.cn/pubtask/bhyjs/gqzr/bszn.pdf
https://sw.beijing.gov.cn/zwxx/swxx/202308/P020251019111803514535.pdf
https://yjglj.beijing.gov.cn/attach/0/2020%E5%B9%B4%E5%8C%97%E4%BA%AC%E5%B8%82%E5%BA%94%E6%80%A5%E7%AE%A1%E7%90%86%E4%BA%8B%E4%B8%9A%E5%8F%91%E5%B1%95%E7%BB%9F%E8%AE%A1%E5%85%AC%E6%8A%A5.pdf
https://zh.wikipedia.org/wiki/%E5%9B%BD%E5%AE%B6%E6%8A%95%E8%AF%89%E5%8F%97%E7%90%86%E5%8A%9E%E5%85%AC%E5%AE%A4
https://gjj.beijing.gov.cn/web/index/325741013/543465970/2024112217522259532.pdf
https://gjj.beijing.gov.cn/web/index/325741013/743624347/2025051917251964562.pdf
https://www.beijing.gov.cn/hudong/jpzt/2021fwrxndbg/202203/P020220411551547650399.pdf
https://zh.wikipedia.org/wiki/%E5%8C%97%E4%BA%AC%E9%BA%BB%E5%B0%87
https://map.beijing.gov.cn/place?categoryId=yljg&placeId=68f0502c3161b24f39460b71
https://video.bjchy.gov.cn/vodfiles/992/2015/09/23/cyb/images/2024-04/24/04/04.pdf
https://rsj.beijing.gov.cn/xxgk/tzgg/202401/t20240129_3548057.html
https://www.bjhd.gov.cn/ztzx/2020zt/hdqzfgs/dsz_62030/dtxx/zfjggs/xzxk/202110/P020211009334469344126.pdf
https://www.chsa.com.cn/nr.jsp?_np=0_31_38
https://www.anyang100.com/beijing/1946080.html
https://www.ndrc.gov.cn/xwdt/ztzl/jzfwytzkr/zxxd/202008/P020200820648957071954.pdf
https://fgw.beijing.gov.cn/gzdt/tztg/202301/P020230110612533374214.pdf
https://www.bjzgh.org/upload/ueditor/uploadfile/202502/20250226/2025022608471740530833341043969.pdf
https://www.bjie.ac.cn/d/file/xwzx/sxsd/qthd/2024-04-30/c363b72e6b4046bdf74c9bbe56f64a14.pdf
https://top.qcc.com/tc/e7d27ee3a514.html
https://ggzyfw.beijing.gov.cn/xycg03/20251226/5397720.html",2026-09-21
agency-52,育天使,消费保97344817与既有R014同案，本轮索引补到2024-11-19企业宣称已办理退款；2024-09-01自动关闭不是最终可见状态。原单直接读取失败；嘉佑天使投诉属于另一品牌，已排除。,已回读详情中最新公示（2026-09-01）：北京育天使家政服务有限公司，服务类别为保姆（未注明育儿），处理结果为“未达成调解协议”。公示未披露协议细节及退款到账证据，不能据此推断北京育儿嫂整体服务质量。,"[黑猫投诉公开索引] site:tousu.sina.com.cn 育天使
合并搜索结果中取得该平台链接；逐条核对品牌/主体，消费保97344817与既有R014同案，本轮索引补到2024-11-19企业宣称已办理退款；2024-09-01自动关闭不是最终可见状态。原单直接读取失败；嘉佑天使投诉属于另一品牌，已排除。

[消费保公开索引] site:xfb315.com 育天使
合并搜索结果中取得该平台链接；逐条核对品牌/主体，消费保97344817与既有R014同案，本轮索引补到2024-11-19企业宣称已办理退款；2024-09-01自动关闭不是最终可见状态。原单直接读取失败；嘉佑天使投诉属于另一品牌，已排除。

[投诉/媒体/监管/司法公开网页] 育天使 投诉
消费保97344817与既有R014同案，本轮索引补到2024-11-19企业宣称已办理退款；2024-09-01自动关闭不是最终可见状态。原单直接读取失败；嘉佑天使投诉属于另一品牌，已排除。

[别名/精确主体/个案补充公开检索] site:xfb365.com ""育天使""
补充检索人工归属结论：消费保97344817与既有R014同案，本轮索引补到2024-11-19企业宣称已办理退款；2024-09-01自动关闭不是最终可见状态。原单直接读取失败；嘉佑天使投诉属于另一品牌，已排除。

[12315站内] 北京育天使家政服务有限公司
查询“北京育天使家政服务有限公司”此次页面显示10条关键词匹配公示。首屏可见保姆及家政中介合同、格式条款和退赔记录；公示未充分细分专职育儿嫂，处理结果另见回读材料。以上数量是所列查询关键词此次匹配的公示记录数，可能含分支、近名和不同服务工种；不同查询之间可能重叠，不合计为机构投诉总数，不是投诉率或质量排名。公示期限为一年，不涵盖全部历史、未公开投诉或所有分支。投诉内容为当事人填写，调解结果不是违法认定；达成调解不等于退款已到账。","案例：育天使双语育儿及照护争议（既有R014补后续）
日期：2024-07-17
工种：双语育儿嫂
记录：用户称中介费19500元、阿姨工资13000元/26天，双语能力和照护表现与宣传不符，并提出婴儿呛奶住院争议。
回应：搜索索引显示2024-11-19企业修改处理结果，称已经办理完退款。
处理结果：索引最新后续为企业声明已退款、已解决；此前2024-09-01为平台自动关闭。未核具体到账金额。
限制：本轮原单读取失败，只有搜索索引可见进度；医疗因果和投诉事实未经独立核验。本条与既有 R014 是同一来源，合并更新；与小红书 X10 未确认同一订单，企业单方退款声明不能覆盖另一帖子中的消费者异议。
读取状态：仅搜索索引可读，原单回读失败
来源：https://www.xfb315.com/tousu/97344817

案例：北京育天使家政服务有限公司消费投诉公示
日期：2026-08-13
工种：保姆（未注明育儿）
记录：公示载消费者2026-08-13现场购买保姆服务，反映其他合同问题并要求退赔费用；处理结果为未达成调解协议。
回应：公示未展示企业具体答复。
处理结果：未达成调解协议
处理部门：北京朝阳区市场监督管理局
限制：按完整法人在官方公示平台公开查询，并打开最新一条详情核对。基本信息和问题是投诉人自行填写；调解结果不是违法或事实认定。服务分类未写育儿嫂，不能推断育儿；公示期限为1年，不是终身全量。
读取状态：已读12315官方页面具名详情和处理结果
来源：https://tsgs.12315.cn/#/viewport","https://www.xfb315.com/tousu/97344817
https://tsgs.12315.cn/#/viewport","queries.resultUrls仅为搜索返回的候选链接，可能含无关、同名或未回读页面；不自动视为采信来源，不据此生成案例或评价。案例读取及归属边界以cases为准。
https://tousu.sina.com.cn/complaint/view/17388192840?sld=1a07b580b0f0cc8b1b0ad50968b7145c
https://www.xfb315.com/tousu/97344817
https://12389.mps.gov.cn/
https://wechat.12321.cn/web
https://12321.cn/report.php
https://www.angelheart.org.tw/news/news_detail/1760
https://wechat.12321.cn/cheat_site
https://trust.dianping.com/home
https://wechat.12321.cn/
https://innohere.com/ir/140909/frame.html
https://app.eduyun.cn/rpt/rptUserInfoAdd
https://www1.hkexnews.hk/listedco/listconews/sehk/2022/0420/2022042001419_c.pdf
https://www.wjcs.org.hk/upload/mini/379/file1/64d3510e9c6b1.pdf
https://www.hkexnews.hk/listedco/listconews/sehk/2023/0323/2023032300989_c.pdf
https://www.reddit.com/r/kfq/comments/1qhne68/%E7%94%9F%E6%B4%BB%E5%A4%AA%E7%A9%BA%E8%99%9B%E7%94%B7%E8%AD%B7%E5%B8%AB%E8%87%AA%E7%88%86%E5%8E%BB%E7%95%B6%E6%89%8B%E5%A4%A9%E4%BD%BF_%E5%BC%9F%E4%B8%8D%E8%A7%A3%E8%A6%BA%E5%BE%97%E6%80%AA%E6%80%AA%E7%9A%84/
https://service.elchk.org.hk/filedata/tbl_annual_report/doc/15_4.pdf
https://www.bjxch.gov.cn/file/20221229/1672278815187073105.pdf
https://cd.com.cn/index.php/Home/Index/info/id/543
https://m.chinapp.net.cn/faxianpinpai/2026/0707/83150.html
https://ewsdata.rightsindevelopment.org/files/documents/02/ADB-46048-002_t0LtWch.pdf
https://news.sohu.com/20170614/n497010172.shtml
https://sd.ifeng.com/cj/caifutouzi/detail_2013_12/23/1627630_1.shtml
https://www.sohu.com/a/1049932688_122495486
https://qccdata.qichacha.com/ReportData/PDF/9dd928183c19524ab2a20e8d8e2d6a2f.pdf
https://www.gonyn.com/report/1306125.html
https://m.cqn.com.cn/ms/content/2023-03/31/content_8924602.htm
https://www.qiyeku.cn/tag/company8e264e-4.html
https://m.chinapp.com/brand/5361
https://www.1288.tv/companys/product_330965.html
https://www.cqn.com.cn/ms/content/2025-07/25/content_9115996.htm
https://www.ldqxn.com/qynews/article-NDYyNw-1816486.html
https://www.sundiallawfirm.com/static/upload/file/20220105/1641368322743135.pdf",2026-09-21
agency-53,58到家（58同城运营的当前入口）,回读2026年育儿嫂换人补差价争议，投诉对象58同城客服，系统于3月27日自动完成。实际签约法人及服务城市未披露，不能混为天鹅到家或写成已退款。另有保洁及育儿单索引，未逐单充作独立北京案例。,已核对当前公示列表。按品牌关键词会匹配多个主体及各类服务，旧58到家、天鹅和当前58同城入口责任不能据关键词合并；不把查询总量归给当前入口。名称匹配可含分支及其他工种，不能作为机构投诉率。,"[黑猫投诉公开索引] site:tousu.sina.com.cn 58到家
合并搜索结果中取得该平台链接；逐条核对品牌/主体，回读2026年育儿嫂换人补差价争议，投诉对象58同城客服，系统于3月27日自动完成。实际签约法人及服务城市未披露，不能混为天鹅到家或写成已退款。另有保洁及育儿单索引，未逐单充作独立北京案例。

[消费保公开索引] site:xfb315.com 58到家
合并搜索结果中取得该平台链接；逐条核对品牌/主体，回读2026年育儿嫂换人补差价争议，投诉对象58同城客服，系统于3月27日自动完成。实际签约法人及服务城市未披露，不能混为天鹅到家或写成已退款。另有保洁及育儿单索引，未逐单充作独立北京案例。

[投诉/媒体/监管/司法公开网页] 58到家 投诉
回读2026年育儿嫂换人补差价争议，投诉对象58同城客服，系统于3月27日自动完成。实际签约法人及服务城市未披露，不能混为天鹅到家或写成已退款。另有保洁及育儿单索引，未逐单充作独立北京案例。

[别名/精确主体/个案补充公开检索] ""58同城育儿嫂更换遭刁难""
补充检索人工归属结论：回读2026年育儿嫂换人补差价争议，投诉对象58同城客服，系统于3月27日自动完成。实际签约法人及服务城市未披露，不能混为天鹅到家或写成已退款。另有保洁及育儿单索引，未逐单充作独立北京案例。

[12315站内] 58到家
查询“58到家”此次页面显示134条关键词匹配公示。按品牌关键词会匹配多个主体及各类服务，旧58到家、天鹅和当前58同城入口责任不能据关键词合并；不把查询总量归给当前入口。以上数量是所列查询关键词此次匹配的公示记录数，可能含分支、近名和不同服务工种；不同查询之间可能重叠，不合计为机构投诉总数，不是投诉率或质量排名。公示期限为一年，不涵盖全部历史、未公开投诉或所有分支。投诉内容为当事人填写，调解结果不是违法认定；达成调解不等于退款已到账。","案例：58同城育儿嫂更换补差价争议
日期：2026-02-13
工种：育儿嫂
记录：标题反映免费换人承诺与补差价争议，涉诉3500元，投诉对象为58同城客服。
回应：可见2月13日、24日、25日客服回复时间；回复正文未公开显示。
处理结果：2026-03-27因距企业回复30天、用户未操作而自动完成；未核退款。
限制：原页未展示投诉详情全文、合同和城市。归当前58客服处理线索，不能证明具体签约法人或指向天鹅；不重复放商家频道。
读取状态：已读原页标题、对象及处理时间线；正文缺失
来源：https://tousu.sina.com.cn/complaint/view/17393603670?sld=2a69916178f4f9d487172fbf3c7e79d7","https://tousu.sina.com.cn/complaint/view/17393603670?sld=2a69916178f4f9d487172fbf3c7e79d7
https://tsgs.12315.cn/#/viewport","queries.resultUrls仅为搜索返回的候选链接，可能含无关、同名或未回读页面；不自动视为采信来源，不据此生成案例或评价。案例读取及归属边界以cases为准。
https://fj.tousu.sina.com.cn/complaint/view/17393575061/?sld=68fe884f385ec02f883731367c9ed373
https://tousu.sina.com.cn/complaint/view/17396697938?sld=549dd694f273627baab9ed565d1668b3
https://m.xfb315.com/tousu/100821382
https://m.xfb315.com/tousu/100200788
https://m.xfb315.com/tousu/99255027
https://daojiajx.58.com/
https://static.58.com/arthurupload/lbg-fe/app/58daojiaapp_information_protection.html
https://static.58.com/58daojia/jz/vipProtocol.html
https://jingyan.baidu.com/article/11c17a2c2c8739b547e39d72.html
https://daojiajx.58.com/app/brand/value/brandPic
https://static.58.com/ds/daojia/intro/daoj.html
https://static.58.com/ds/other/zhuanti/safeguard.html
https://imgs-b2b.100ec.cn/zt/24Q1tsbg/img/ts.pdf
https://www.100ec.cn/zt/24Q1tsbg/img/ts.pdf
https://www.100ec.cn/zt/2022Q3tsbg/img/ts.pdf
https://yanqitong.cn/uploads/20260130/418e7a140809d5dd5cefaedbec18e6f8.pdf
https://ep.shxwcb.com/2025/03/21/img/040321.pdf
https://zh.wikipedia.org/wiki/58%E5%90%8C%E5%9F%8E
https://zh.wikipedia.org/wiki/%E5%BF%AB%E7%8B%97%E6%89%93%E8%BD%A6
https://tousu.sina.com.cn/complaint/view/17393603670?sld=2a69916178f4f9d487172fbf3c7e79d7
https://www.bjxch.gov.cn/file/20221229/1672278815187073105.pdf
https://rsj.beijing.gov.cn/bm/ztzl/ssjzlwpp/
https://sw.beijing.gov.cn/zmhd/dczjj/202306/t20230601_3119537.html
https://www.chatm.com/log/search?keyword=990024&queryType=3
https://www.sohu.com/a/1049953639_253235
https://www.shuididp.cn/yp-dd55d281b4a02bd469efc20f2b5de601.html
https://m.jiemian.com/article/13669726.html
https://gongshang.mingluji.com/beijing/shangquan/%E5%8C%97%E4%BA%AC%E5%90%89%E9%87%8E%E5%AE%B6%E5%BF%AB%E9%A4%90%E6%9C%89%E9%99%90%E5%85%AC%E5%8F%B8%E7%A3%81%E5%99%A8%E5%8F%A3%E5%BA%97/337
https://www.sohu.com/a/1035281853_121106842
https://dzb.xfrb.com.cn/UploadFiles/file/20240129/202401291101206457.pdf
https://rsj.beijing.gov.cn/xxgk/zfxxgk/zdlygk/sj/202310/P020231010608434877150.pdf
https://www.bjft.gov.cn/fengtaibao/resfile/2025-01-22/03/ftb-20250122-003.pdf
https://finance.sina.com.cn/china/gncj/2020-03-09/doc-iimxxstf7678084.shtml
https://www.sic.gov.cn/sic/82/568/0229/7304.pdf
https://rsj.beijing.gov.cn/xxgk/zfxxgk/zdlygk/sj/202310/P020231010608880226383.pdf
https://app.bjtitle.com/8816/newshow.php?did=867950049830928&mood=&newsid=6554754&typeid=107&uid=0",2026-09-21
agency-54,京东家政,消费保保洁预约/地址争议原单显示已退款；黑猫杭州培训工具包争议有京东客服回复但未展示解决结论。均非已确认北京育儿嫂案例；第三方店铺不能泛归京东家政自营。,已核对当前公示列表。首屏含家政中介、清洁及食品制作等多类服务，商品服务类别为投诉人填报；不是北京自营育儿嫂订单数量，也不能归给第三方商户频道。名称匹配可含分支及其他工种，不能作为机构投诉率。,"[黑猫投诉公开索引] site:tousu.sina.com.cn 京东家政
合并搜索结果中取得该平台链接；逐条核对品牌/主体，消费保保洁预约/地址争议原单显示已退款；黑猫杭州培训工具包争议有京东客服回复但未展示解决结论。均非已确认北京育儿嫂案例；第三方店铺不能泛归京东家政自营。

[消费保公开索引] site:xfb315.com 京东家政
合并搜索结果中取得该平台链接；逐条核对品牌/主体，消费保保洁预约/地址争议原单显示已退款；黑猫杭州培训工具包争议有京东客服回复但未展示解决结论。均非已确认北京育儿嫂案例；第三方店铺不能泛归京东家政自营。

[投诉/媒体/监管/司法公开网页] 京东家政 投诉
消费保保洁预约/地址争议原单显示已退款；黑猫杭州培训工具包争议有京东客服回复但未展示解决结论。均非已确认北京育儿嫂案例；第三方店铺不能泛归京东家政自营。

[12315站内] 北京京东家政服务有限公司
查询“北京京东家政服务有限公司”此次页面显示753条关键词匹配公示。首屏含家政中介、清洁及食品制作等多类服务，商品服务类别为投诉人填报；不是北京自营育儿嫂订单数量，也不能归给第三方商户频道。以上数量是所列查询关键词此次匹配的公示记录数，可能含分支、近名和不同服务工种；不同查询之间可能重叠，不合计为机构投诉总数，不是投诉率或质量排名。公示期限为一年，不涵盖全部历史、未公开投诉或所有分支。投诉内容为当事人填写，调解结果不是违法认定；达成调解不等于退款已到账。

[12315站内] 北京京东厚行科技有限公司
查询“北京京东厚行科技有限公司”：该名称在此次公示列表未见记录，不代表零投诉或没有历史纠纷；公示期限、名称别称和公开范围会影响结果。","案例：京东家政保洁预约地址及未履约争议
日期：2024-10-06（消费日10-04）
工种：保洁
记录：用户称预约地址变回旧址、服务通知不足、未打扫却自动完成，涉诉149元。
回应：页面未展示详细企业回复。
处理结果：页面当前标已退款；未展示具体退款日期和到账明细。
限制：投诉对象京东商城、用户称京东家政；合同主体未展示，非育儿嫂服务。
读取状态：已读原网页
来源：https://m.xfb315.com/tousu/97711345

案例：杭州京东家政培训工具包退款争议
日期：2026-04-17
工种：家政培训/工具包
记录：学员称培训需购买450元工具包且工作规则与招聘宣传不同，要求退费。
回应：2026-04-18京东客服回复，公开抓取未显示回复正文。
处理结果：页面已回复，未显示退款或实体结论。
限制：标题称京东家政（上海），实际为杭州培训；是否属本项目北京签约主体未核。不作为北京雇主育儿服务评价。
读取状态：已读原网页
来源：https://tousu.sina.com.cn/complaint/view/17396081576?sld=bb4eff0cb3817562f5540c25c1533fa6","https://m.xfb315.com/tousu/97711345
https://tousu.sina.com.cn/complaint/view/17396081576?sld=bb4eff0cb3817562f5540c25c1533fa6
https://tsgs.12315.cn/#/viewport","queries.resultUrls仅为搜索返回的候选链接，可能含无关、同名或未回读页面；不自动视为采信来源，不据此生成案例或评价。案例读取及归属边界以cases为准。
https://tousu.sina.com.cn/complaint/view/17396081576?sld=bb4eff0cb3817562f5540c25c1533fa6
https://tousu.sina.com.cn/complaint/view/17381309173?sld=0b622710290d34f8388096658315f62b
https://sc.tousu.sina.com.cn/?wm=b212
https://m.xfb315.com/tousu/97711345
https://www.xfb365.com/tousu/100902456
https://m.xfb315.com/brands/tousu_80030
https://www.xfb365.com/tousu/98896072
https://apps.apple.com/cn/app/%E4%BA%AC%E5%AE%B6%E6%94%BF/id6569234324
https://helpcenter.jd.com/vender/issue/1000-48061.html
https://helpcenter.jd.com/
https://help.jd.com/user/custom.html
https://help.jd.com/user/issue/list-450-464.html
https://ir.jd.com/static-files/26afb5c0-41a8-4d14-b186-2616b9fda67e
https://ir.jd.com/system/files-encrypted/nasdaq_kms/assets/2025/06/19/15-19-22/2024_jingdongjituanhuanjingshehuijizhilibaogao_.pdf
https://ir.jd.com/system/files-encrypted/nasdaq_kms/assets/2022/05/30/14-31-40/2021%E5%B9%B4%E4%BA%AC%E4%B8%9C%E9%9B%86%E5%9B%A2%E7%8E%AF%E5%A2%83%E3%80%81%E7%A4%BE%E4%BC%9A%E5%8F%8A%E6%B2%BB%E7%90%86%E6%8A%A5%E5%91%8A.pdf
https://ir.jd.com/index.php/system/files-encrypted/nasdaq_kms/assets/2021/04/19/2-48-19/2020%E5%B9%B4%E4%BA%AC%E4%B8%9C%E9%9B%86%E5%9B%A2%E7%8E%AF%E5%A2%83%E3%80%81%E7%A4%BE%E4%BC%9A%E5%8F%8A%E7%AE%A1%E6%B2%BB%E6%8A%A5%E5%91%8A.pdf
https://www1.hkexnews.hk/listedco/listconews/sehk/2025/0425/2025042501745_c.pdf
https://ir.jd.com/static-files/99686c72-ffeb-4d82-82b2-cbbe80184104",2026-09-21
agency-55,58同城北京育儿嫂商家频道,该项是58商家信息频道而非单一履约机构。检得58同城客服处理的育儿换人争议，统一记在当前58入口agency-53，不重复算频道案例；具体独立商户须按合同主体另查。,该条目是多商户平台频道，未将平台作为单一家政机构查询或合并投诉。应按实际商户、合同及收款主体分别核查；没有统一可比较的机构公示数。,"[黑猫投诉公开索引] site:tousu.sina.com.cn 58同城 育儿嫂
合并搜索结果中取得该平台链接；逐条核对品牌/主体，该项是58商家信息频道而非单一履约机构。检得58同城客服处理的育儿换人争议，统一记在当前58入口agency-53，不重复算频道案例；具体独立商户须按合同主体另查。

[消费保公开索引] site:xfb315.com 58同城 育儿嫂
本轮该平台定向公开索引未取得可归属个案；搜索不命中不等于没有投诉。

[投诉/媒体/监管/司法公开网页] 58同城 育儿嫂 投诉
该项是58商家信息频道而非单一履约机构。检得58同城客服处理的育儿换人争议，统一记在当前58入口agency-53，不重复算频道案例；具体独立商户须按合同主体另查。",未取得本轮可单列案例；不代表没有投诉。,,"queries.resultUrls仅为搜索返回的候选链接，可能含无关、同名或未回读页面；不自动视为采信来源，不据此生成案例或评价。案例读取及归属边界以cases为准。
https://tousu.sina.com.cn/complaint/view/17393603670?sld=2a69916178f4f9d487172fbf3c7e79d7
https://tousu.sina.com.cn/complaint/view/17371796923/
https://tousu.sina.com.cn/complaint/view/17398379777?sld=2fddb773573542088fdaa94a0a0af303
https://static.zhoudaosh.com/files/cnews/2022/20220630/27370B2047590F5B461394015831F730D31BB660D09B3C0542619A16D08F20FE/6.html
https://www.qdxin.cn/xin/2026/390396.html
https://www.58.com/npphytf2552613377/
https://www.58.com/yuyingshi/
https://pages.58.com/daojia2/ayiInfoProtect.html
https://finance.sina.com.cn/wm/2024-09-06/doc-incnfieh8065928.shtml
https://news.cqnews.net/1/detail/1226909620898295808/h5/content_1226909620898295808.html
https://news.qingdaonews.com/wap/2023-03/04/content_23416993.htm
https://fanqizha.58.com/help/hc_rule.html
https://paper.people.com.cn/zgcsb/images/2022-02/14/12/zgcsb2022021412.pdf
https://zh.wikipedia.org/wiki/58%E5%90%8C%E5%9F%8E
https://scjgj.sc.gov.cn/scjgj/c104529/2024/2/5/616e211a151346f6af4cefaf6255d69c/files/%E7%9C%81%E6%B6%88%E5%A7%942023%E5%B9%B4%E5%BA%A6%E6%B6%88%E8%B4%B9%E8%80%85%E6%8A%95%E8%AF%89%E7%BB%9F%E8%AE%A1%E5%88%86%E6%9E%90%E6%8A%A5%E5%91%8A-.pdf
https://www.100ec.cn/zt/202202tsal/img/ts.pdf?v=1.5
https://www.100ec.cn/zt/202207tsbg/img/tz_1.pdf",2026-09-21
agency-56,京东商城育儿嫂第三方商家,该项为京东第三方育儿嫂商品频道；结果主要是商品页和京东综合投诉，无法归给一个独立家政商家。本轮公开索引未取得可归属的频道级个案，自营京东家政另列。,该条目是多商户平台频道，未将平台作为单一家政机构查询或合并投诉。应按实际商户、合同及收款主体分别核查；没有统一可比较的机构公示数。,"[黑猫投诉公开索引] site:tousu.sina.com.cn ""京东商城 育儿嫂""
合并搜索结果中取得该平台链接；逐条核对品牌/主体，该项为京东第三方育儿嫂商品频道；结果主要是商品页和京东综合投诉，无法归给一个独立家政商家。本轮公开索引未取得可归属的频道级个案，自营京东家政另列。

[消费保公开索引] site:xfb315.com ""京东商城 育儿嫂""
本轮该平台定向公开索引未取得可归属个案；搜索不命中不等于没有投诉。

[投诉/媒体/监管/司法公开网页] ""京东商城 育儿嫂"" 投诉
该项为京东第三方育儿嫂商品频道；结果主要是商品页和京东综合投诉，无法归给一个独立家政商家。本轮公开索引未取得可归属的频道级个案，自营京东家政另列。",未取得本轮可单列案例；不代表没有投诉。,,"queries.resultUrls仅为搜索返回的候选链接，可能含无关、同名或未回读页面；不自动视为采信来源，不据此生成案例或评价。案例读取及归属边界以cases为准。
https://sx.tousu.sina.com.cn/?cid=207071&node_id=207071&oid=5_sewu123
https://tousu.sina.com.cn/?wm=1010%2F%3Fp%3D%24
https://www.jd.com/chanpin/129212.html
https://www.jd.com/hotitem/162014c60416d561e44b.html
https://www.jd.com/chanpin/134080.html
https://www.jd.com/tupian/159015f08ba414eea01f9.html
https://www.jd.com/chanpin/469586.html
https://www.jd.com/chanpin/452278.html
https://www.jd.com/chanpin/133807.html
https://www.jd.com/chanpin/480426.html",2026-09-21
candidate-local-01,利人家政,主要为中国家协企业介绍、招聘和生活服务活动；定州利人家政及陈利人微博与北京机构不同。本轮公开索引未取得可归属个案。,已按1组名称查询当前公示列表，本轮未见记录；不代表零投诉，公示期限、名称别称和公开范围会影响结果。,"[黑猫投诉公开索引] site:tousu.sina.com.cn ""利人家政""
本轮该平台定向公开索引未取得可归属个案；搜索不命中不等于没有投诉。

[消费保公开索引] site:xfb315.com ""利人家政""
本轮该平台定向公开索引未取得可归属个案；搜索不命中不等于没有投诉。

[投诉/媒体/监管/司法公开网页] ""利人家政"" 投诉
主要为中国家协企业介绍、招聘和生活服务活动；定州利人家政及陈利人微博与北京机构不同。本轮公开索引未取得可归属个案。

[12315站内] 北京利人家政有限公司
查询“北京利人家政有限公司”：该名称在此次公示列表未见记录，不代表零投诉或没有历史纠纷；公示期限、名称别称和公开范围会影响结果。",未取得本轮可单列案例；不代表没有投诉。,https://tsgs.12315.cn/#/viewport,"queries.resultUrls仅为搜索返回的候选链接，可能含无关、同名或未回读页面；不自动视为采信来源，不据此生成案例或评价。案例读取及归属边界以cases为准。
https://www.chsa.com.cn/nd.jsp?_ngc=-1&fromColId=-1&id=862
https://www.chsa.com.cn/nr.jsp?_np=0_548_46
https://www.chsa.com.cn/nr.jsp?_np=0_31_38
https://www.shuididp.cn/yp-31f67709c5218119de846161f1c88701.html
https://bj.jiazhenggang.com/user/bjjzg26/
https://www.visitbeijing.com.cn/article/4OzXCrSMgM3
https://m.zhipin.com/zhaopin/6f5d237bdaf0d5771HVy2di4EQ~~/
https://news.bjd.com.cn/2025/09/28/11327825.shtml
https://weibo.com/lirenchen?refer_flag=1005055013_
https://m.zhipin.com/zhaopin/ee7260d40652b3401n143tW_EQ~~/
https://www.sjz.gov.cn/columns/8e2f0b12-4574-4ced-b339-bcb378d54b2d/202509/22/f121ce3b-7648-4f45-8716-af25a36cdb1f.html
https://www.sina.cn/news/detail/5279328675824655.html",2026-09-21
candidate-local-02,陈诚家政,主要命中协会介绍；“陈诚”作为自然人的康依家养老劳务诉讼不能归入北京陈诚家政公司。本轮公开索引未取得可归属个案。,已按1组名称查询当前公示列表，本轮未见记录；不代表零投诉，公示期限、名称别称和公开范围会影响结果。,"[黑猫投诉公开索引] site:tousu.sina.com.cn ""陈诚家政""
本轮该平台定向公开索引未取得可归属个案；搜索不命中不等于没有投诉。

[消费保公开索引] site:xfb315.com ""陈诚家政""
本轮该平台定向公开索引未取得可归属个案；搜索不命中不等于没有投诉。

[投诉/媒体/监管/司法公开网页] ""陈诚家政"" 投诉
主要命中协会介绍；“陈诚”作为自然人的康依家养老劳务诉讼不能归入北京陈诚家政公司。本轮公开索引未取得可归属个案。

[12315站内] 北京陈诚家政服务有限公司
查询“北京陈诚家政服务有限公司”：该名称在此次公示列表未见记录，不代表零投诉或没有历史纠纷；公示期限、名称别称和公开范围会影响结果。",未取得本轮可单列案例；不代表没有投诉。,https://tsgs.12315.cn/#/viewport,"queries.resultUrls仅为搜索返回的候选链接，可能含无关、同名或未回读页面；不自动视为采信来源，不据此生成案例或评价。案例读取及归属边界以cases为准。
https://www.chsa.com.cn/nd.jsp?fromColId=129&id=825
https://www.chsa.com.cn/col.jsp?id=129&m516pageno=1
https://www.nbebi.com/tel.htm
https://www.chsa.com.cn/nd.jsp?id=823
https://www.chsa.com.cn/nr.jsp?_np=0_31_38
https://www.chsa.com.cn/col.jsp?id=129
https://zh.wikisource.org/wiki/%E5%8C%97%E4%BA%AC%E5%B8%82%E7%AC%AC%E4%B8%80%E4%B8%AD%E7%BA%A7%E4%BA%BA%E6%B0%91%E6%B3%95%E9%99%A2%EF%BC%882023%EF%BC%89%E4%BA%AC01%E6%B0%91%E7%BB%88144%E5%8F%B7%E6%B0%91%E4%BA%8B%E5%88%A4%E5%86%B3%E4%B9%A6
https://zh.wikisource.org/zh-hans/%E5%8C%97%E4%BA%AC%E5%B8%82%E7%AC%AC%E4%B8%80%E4%B8%AD%E7%BA%A7%E4%BA%BA%E6%B0%91%E6%B3%95%E9%99%A2%EF%BC%882023%EF%BC%89%E4%BA%AC01%E6%B0%91%E7%BB%88144%E5%8F%B7%E6%B0%91%E4%BA%8B%E5%88%A4%E5%86%B3%E4%B9%A6
https://www.shuididp.cn/yp-410b11388b6d57452beffafa03ea1e01.html
https://www.shuididp.cn/yp-dd7ea42569b2634d0d6995187e531301.html
https://pdf.dfcfw.com/pdf/H3_AP202409141639886175_1.pdf
https://www.shuididp.cn/yp-923b895d39e92c0bfdbb90b1af3c6e01.html
https://jiangsu.chinatax.gov.cn/module/download/downfile.jsp?classid=0&filename=b52c042d20a4456fbfe6302377bae18f.pdf
https://www.shuididp.cn/yp-f8a8fb613a3c15d12160975032c54901.html",2026-09-21
candidate-local-03,春和万家,检索结果有地图商家线索，但大多为“春和万家欢”文艺活动等词语碰撞。本轮公开索引未取得可归属个案。,已按1组名称查询当前公示列表，本轮未见记录；不代表零投诉，公示期限、名称别称和公开范围会影响结果。,"[黑猫投诉公开索引] site:tousu.sina.com.cn ""春和万家""
本轮该平台定向公开索引未取得可归属个案；搜索不命中不等于没有投诉。

[消费保公开索引] site:xfb315.com ""春和万家""
本轮该平台定向公开索引未取得可归属个案；搜索不命中不等于没有投诉。

[投诉/媒体/监管/司法公开网页] ""春和万家"" 投诉
检索结果有地图商家线索，但大多为“春和万家欢”文艺活动等词语碰撞。本轮公开索引未取得可归属个案。

[12315站内] 北京春和万家家政服务有限公司
查询“北京春和万家家政服务有限公司”：该名称在此次公示列表未见记录，不代表零投诉或没有历史纠纷；公示期限、名称别称和公开范围会影响结果。",未取得本轮可单列案例；不代表没有投诉。,https://tsgs.12315.cn/#/viewport,"queries.resultUrls仅为搜索返回的候选链接，可能含无关、同名或未回读页面；不自动视为采信来源，不据此生成案例或评价。案例读取及归属边界以cases为准。
https://pyzy.hncourt.gov.cn/public/detail.php?id=15491
https://map.baidu.com/mobile/webapp/place/list/wd%3D%E5%8F%91%E5%B1%95%E8%B7%AF8%E5%8F%B75%E5%8F%B7%E6%A5%BC%26c%3D131%26qt%3Ds/
https://jinwanbaoepaper.enorth.com.cn/jwb/resfile/2026-02-04/02/jwb2026020402.pdf
https://www.sina.cn/news/detail/5262890666035731.html
https://ctext.org/wiki.pl?chapter=186799&if=gb&remap=gb
https://epaper.tianjinwe.com/tjrb/resfile/2026-02-04/07/07.pdf
https://www.taptap.cn/moment/796706135330523062
https://epaper.cs.com.cn/zgzqb/images/2025-11/19/B002/zqB00219.pdf
https://news.enorth.com.cn/system/2026/02/04/059129063.shtml
https://tj.people.com.cn/n2/2026/0204/c408648-41493229.html
https://www.zhaopin.com/zhaopin/e23ae6c8900e4d76bd4406680f7f59e1/
https://www.cnxiaoyuan.com/juqing/1812.html",2026-09-21
candidate-local-04,神灯阿姨,短品牌出现神灯设备、账号昵称及无关社会新闻；补精确法人后仅取得协会企业信息。本轮公开索引未取得可归属个案。,已按1组名称查询当前公示列表，本轮未见记录；不代表零投诉，公示期限、名称别称和公开范围会影响结果。,"[黑猫投诉公开索引] site:tousu.sina.com.cn ""神灯阿姨""
本轮该平台定向公开索引未取得可归属个案；搜索不命中不等于没有投诉。

[消费保公开索引] site:xfb315.com ""神灯阿姨""
本轮该平台定向公开索引未取得可归属个案；搜索不命中不等于没有投诉。

[投诉/媒体/监管/司法公开网页] ""神灯阿姨"" 投诉
短品牌出现神灯设备、账号昵称及无关社会新闻；补精确法人后仅取得协会企业信息。本轮公开索引未取得可归属个案。

[别名/精确主体/个案补充公开检索] ""北京神灯阿姨科技有限公司"" 投诉
补充检索人工归属结论：短品牌出现神灯设备、账号昵称及无关社会新闻；补精确法人后仅取得协会企业信息。本轮公开索引未取得可归属个案。

[12315站内] 北京神灯阿姨科技有限公司
查询“北京神灯阿姨科技有限公司”：该名称在此次公示列表未见记录，不代表零投诉或没有历史纠纷；公示期限、名称别称和公开范围会影响结果。",未取得本轮可单列案例；不代表没有投诉。,https://tsgs.12315.cn/#/viewport,"queries.resultUrls仅为搜索返回的候选链接，可能含无关、同名或未回读页面；不自动视为采信来源，不据此生成案例或评价。案例读取及归属边界以cases为准。
https://www.douyin.com/shipin/7643613680613394472
https://www.sina.cn/media/7534675177
https://www.sina.cn/media/5655366406
https://www.sina.cn/news/detail/5289032766721102.html
https://yp.jd.com/91921787bb91e93489cd.html
https://finance.sina.cn/2024-09-22/detail-incpytwy8175920.d.html?cid=76729&node_id=76729&oid=%E4%B8%8A%E6%9E%B6%E8%81%8A%E5%A4%A9%E8%BD%AF%E4%BB%B6%E6%BA%90%E7%A0%81ION%EF%BC%88TG%EF%BC%9Akxkjww%EF%BC%89&vt=4
https://xueqiu.com/1034624503/384888017
https://www.sina.cn/media/2166786343
https://www.jjwxc.net/onebook.php?chapterid=5&novelid=4000487
https://www.westca.com/Forums/viewtopic/t%3D919800/view%3Dnext/lang%3Dschinese.html
https://www.weibo.com/u/5818972435
https://map.beijing.gov.cn/place?categoryId=yljg&placeId=68f0502c3161b24f39460b71
https://video.bjchy.gov.cn/vodfiles/992/2015/09/23/cyb/images/2024-04/24/04/04.pdf
https://rsj.beijing.gov.cn/xxgk/tzgg/202401/t20240129_3548057.html
https://www.bjhd.gov.cn/ztzx/2020zt/hdqzfgs/dsz_62030/dtxx/zfjggs/xzxk/202110/P020211009334469344126.pdf
https://www.chsa.com.cn/nr.jsp?_np=0_31_38
https://www.anyang100.com/beijing/1946080.html
https://www.ndrc.gov.cn/xwdt/ztzl/jzfwytzkr/zxxd/202008/P020200820648957071954.pdf
https://fgw.beijing.gov.cn/gzdt/tztg/202301/P020230110612533374214.pdf
https://www.bjzgh.org/upload/ueditor/uploadfile/202502/20250226/2025022608471740530833341043969.pdf
https://www.bjie.ac.cn/d/file/xwzx/sxsd/qthd/2024-04-30/c363b72e6b4046bdf74c9bbe56f64a14.pdf
https://top.qcc.com/tc/e7d27ee3a514.html
https://ggzyfw.beijing.gov.cn/xycg03/20251226/5397720.html",2026-09-21
candidate-local-05,正点家政,主要取得员工制家政名单、春节保供、校企合作、商业榜单。名单内的公示监督电话和推广评价不等于投诉记录；本轮公开索引未取得可归属个案。,已按1组名称查询当前公示列表，本轮未见记录；不代表零投诉，公示期限、名称别称和公开范围会影响结果。,"[黑猫投诉公开索引] site:tousu.sina.com.cn ""正点家政""
本轮该平台定向公开索引未取得可归属个案；搜索不命中不等于没有投诉。

[消费保公开索引] site:xfb315.com ""正点家政""
本轮该平台定向公开索引未取得可归属个案；搜索不命中不等于没有投诉。

[投诉/媒体/监管/司法公开网页] ""正点家政"" 投诉
主要取得员工制家政名单、春节保供、校企合作、商业榜单。名单内的公示监督电话和推广评价不等于投诉记录；本轮公开索引未取得可归属个案。

[12315站内] 北京正点家政集团有限公司
查询“北京正点家政集团有限公司”：该名称在此次公示列表未见记录，不代表零投诉或没有历史纠纷；公示期限、名称别称和公开范围会影响结果。",未取得本轮可单列案例；不代表没有投诉。,https://tsgs.12315.cn/#/viewport,"queries.resultUrls仅为搜索返回的候选链接，可能含无关、同名或未回读页面；不自动视为采信来源，不据此生成案例或评价。案例读取及归属边界以cases为准。
https://rsj.beijing.gov.cn/xxgk/tzgg/202112/t20211231_2579685.html
https://sw.beijing.gov.cn/phone/zwxx/tzgg/202401/t20240122_3542390.html
https://www.beijing.gov.cn/fuwu/lqfw/gggs/202401/t20240122_3542621.html
https://www.bjhd.gov.cn/ztzx/2020zt/hdqzfgs/dsz_62030/dtxx/zfjggs/xzxk/202110/P020211013546870376336.pdf
https://sw.beijing.gov.cn/tzgg/202401/t20240131_3550205.html
https://rsj.beijing.gov.cn/xxgk/tzgg/202312/t20231229_3518883_ext.html
https://www.chsa.com.cn/nd.jsp?id=59
https://www.svchr.edu.cn/hlxy/info/1046/1984.htm
https://m.cityhui.com/shop/17542.html
https://sw.beijing.gov.cn/tzgg/202303/t20230309_2932793.html
https://fgw.beijing.gov.cn/gzdt/tztg/202301/P020230110612533374214.pdf
https://jy.daxing.net/qyzs/190763.jhtml
https://zyk.bjhd.gov.cn/jbdt/auto4502_51797/auto4502_53178/auto4502/auto4502/202605/t20260512_4814793.shtml
https://www.bjhd.gov.cn/ztzx/2020zt/hdqzfgs/dsz_62030/dtxx/zfjggs/xzxk/202110/P020211019541054988580.pdf
https://epaper.huanbohainews.com.cn/tsldrb/pc/attachment/202405/14/278b2ff4-d7fc-4d0f-b08c-22d8309885d5.pdf
https://www.bjft.gov.cn/fengtaibao/resfile/2025-01-27/04/ftb-20250127-004.pdf",2026-09-21
candidate-local-06,家家福宁,政府原PDF明确记载2022-10-26北京家家福宁家政有限公司公共场所卫生抽查不合格，已视觉复核表格。未列具体不合格项目、处罚或后续整改；不能据此推断育儿服务事故或当前状况。,已按1组名称查询当前公示列表，本轮未见记录；不代表零投诉，公示期限、名称别称和公开范围会影响结果。,"[黑猫投诉公开索引] site:tousu.sina.com.cn ""家家福宁""
本轮该平台定向公开索引未取得可归属个案；搜索不命中不等于没有投诉。

[消费保公开索引] site:xfb315.com ""家家福宁""
本轮该平台定向公开索引未取得可归属个案；搜索不命中不等于没有投诉。

[投诉/媒体/监管/司法公开网页] ""家家福宁"" 投诉
政府原PDF明确记载2022-10-26北京家家福宁家政有限公司公共场所卫生抽查不合格，已视觉复核表格。未列具体不合格项目、处罚或后续整改；不能据此推断育儿服务事故或当前状况。

[别名/精确主体/个案补充公开检索] ""家家福宁"" ""不合格""
补充检索人工归属结论：政府原PDF明确记载2022-10-26北京家家福宁家政有限公司公共场所卫生抽查不合格，已视觉复核表格。未列具体不合格项目、处罚或后续整改；不能据此推断育儿服务事故或当前状况。

[别名/精确主体/个案补充公开检索] ""北京家家福宁家政有限公司"" 处罚 整改
补充检索人工归属结论：政府原PDF明确记载2022-10-26北京家家福宁家政有限公司公共场所卫生抽查不合格，已视觉复核表格。未列具体不合格项目、处罚或后续整改；不能据此推断育儿服务事故或当前状况。

[12315站内] 北京家家福宁家政有限公司
查询“北京家家福宁家政有限公司”：该名称在此次公示列表未见记录，不代表零投诉或没有历史纠纷；公示期限、名称别称和公开范围会影响结果。","案例：2022年公共场所卫生抽查不合格
日期：2022-10-26（PDF公布于2022-12目录）
工种：公共场所卫生监督
记录：2022年10月北京市卫生健康随机抽查结果PDF第1页第26行：北京家家福宁家政有限公司，公共场所，2022-10-26 16:02，不合格。
回应：该表无企业答复。
处理结果：只公开当次检查结果；未列具体项目、处罚决定或整改复查。
限制：已下载原PDF、文本提取并视觉复核；这是历史公共场所检查，不能推断育儿护理质量或当前违法。
读取状态：已读政府原PDF并视觉复核第1页第26行
来源：https://www.bjxch.gov.cn/file/20221229/1672278815187073105.pdf","https://www.bjxch.gov.cn/file/20221229/1672278815187073105.pdf
https://tsgs.12315.cn/#/viewport","queries.resultUrls仅为搜索返回的候选链接，可能含无关、同名或未回读页面；不自动视为采信来源，不据此生成案例或评价。案例读取及归属边界以cases为准。
https://www.bjxch.gov.cn/file/20221229/1672278815187073105.pdf
https://sw.beijing.gov.cn/phone/zmhd/dczj/201912/t20191221_1402685.html
https://sw.beijing.gov.cn/zmhd/dczjj/202306/t20230601_3119537.html
https://rsj.beijing.gov.cn/xxgk/tzgg/202511/t20251103_4251298.html
https://data.beijing.gov.cn/dataDetail/sjyl/%E5%8C%97%E4%BA%AC%E5%B8%82%E5%95%86%E5%8A%A1%E5%B1%80/%E6%98%A5%E8%8A%82%E5%AE%B6%E6%94%BF%E6%9C%8D%E5%8A%A1%E5%B8%82%E5%9C%BA%E4%BF%9D%E4%BE%9B%E8%A1%8C%E5%8A%A8%E9%A1%B9%E7%9B%AE%E5%8F%82%E4%B8%8E%E4%BC%81%E4%B8%9A%EF%BC%88%E6%9C%BA%E6%9E%84%EF%BC%89%E5%8F%8A%E7%BB%84%E7%BB%87%E5%8D%95%E4%BD%8D%E4%BF%A1%E6%81%AF/%E6%98%A5%E8%8A%82%E5%AE%B6%E6%94%BF%E6%9C%8D%E5%8A%A1%E5%B8%82%E5%9C%BA%E4%BF%9D%E4%BE%9B%E8%A1%8C%E5%8A%A8%E9%A1%B9%E7%9B%AE%E5%8F%82%E4%B8%8E%E4%BC%81%E4%B8%9A%EF%BC%88%E6%9C%BA%E6%9E%84%EF%BC%89%E5%8F%8A%E7%BB%84%E7%BB%87%E5%8D%95%E4%BD%8D%E4%BF%A1%E6%81%AF.html
https://sw.beijing.gov.cn/zwxx/swzjzczc/201912/t20191218_1260417.html
https://sw.beijing.gov.cn/zwxx/swzjzczc/201912/t20191218_1260430.html
https://www.chatm.com/log/search?keyword=990024&queryType=3
https://www.cnblogs.com/niuniugailv/p/20408352
https://rsj.beijing.gov.cn/weimenhu/wmtgz/202511/t20251106_4264127.html
https://www.cqn.com.cn/ms/content/2026-03/13/content_9148268.htm
https://biz.tom.com/202101/1587081813.html
https://www.toohuu.com/release/article22408.htm
https://cd.com.cn/index.php/Home/Index/info/id/543
https://m.chinapp.net.cn/faxianpinpai/2026/0707/83150.html
https://ewsdata.rightsindevelopment.org/files/documents/02/ADB-46048-002_t0LtWch.pdf
https://news.sohu.com/20170614/n497010172.shtml
https://sd.ifeng.com/cj/caifutouzi/detail_2013_12/23/1627630_1.shtml
https://www.sohu.com/a/1049932688_122495486
https://qccdata.qichacha.com/ReportData/PDF/9dd928183c19524ab2a20e8d8e2d6a2f.pdf
https://www.gonyn.com/report/1306125.html
https://m.cqn.com.cn/ms/content/2023-03/31/content_8924602.htm
https://www.qiyeku.cn/tag/company8e264e-4.html
https://m.chinapp.com/brand/5361
https://www.1288.tv/companys/product_330965.html
https://www.cqn.com.cn/ms/content/2025-07/25/content_9115996.htm
https://www.ldqxn.com/qynews/article-NDYyNw-1816486.html
https://www.sundiallawfirm.com/static/upload/file/20220105/1641368322743135.pdf
https://tousu.sina.com.cn/complaint/view/17393603670?sld=2a69916178f4f9d487172fbf3c7e79d7
https://rsj.beijing.gov.cn/bm/ztzl/ssjzlwpp/
https://www.sohu.com/a/1049953639_253235
https://www.shuididp.cn/yp-dd55d281b4a02bd469efc20f2b5de601.html
https://m.jiemian.com/article/13669726.html
https://gongshang.mingluji.com/beijing/shangquan/%E5%8C%97%E4%BA%AC%E5%90%89%E9%87%8E%E5%AE%B6%E5%BF%AB%E9%A4%90%E6%9C%89%E9%99%90%E5%85%AC%E5%8F%B8%E7%A3%81%E5%99%A8%E5%8F%A3%E5%BA%97/337
https://www.sohu.com/a/1035281853_121106842
https://dzb.xfrb.com.cn/UploadFiles/file/20240129/202401291101206457.pdf
https://rsj.beijing.gov.cn/xxgk/zfxxgk/zdlygk/sj/202310/P020231010608434877150.pdf
https://www.bjft.gov.cn/fengtaibao/resfile/2025-01-22/03/ftb-20250122-003.pdf
https://finance.sina.com.cn/china/gncj/2020-03-09/doc-iimxxstf7678084.shtml
https://www.sic.gov.cn/sic/82/568/0229/7304.pdf
https://rsj.beijing.gov.cn/xxgk/zfxxgk/zdlygk/sj/202310/P020231010608880226383.pdf
https://app.bjtitle.com/8816/newshow.php?did=867950049830928&mood=&newsid=6554754&typeid=107&uid=0",2026-09-21
candidate-local-07,妇婴乐,取得人社名录、历史连锁资料、分支登记及匿名正向问答；乌鲁木齐同名单位不并入。匿名问答中的换嫂经历缺独立核验，本轮公开索引未取得可归属投诉个案。,已按1组名称查询当前公示列表，本轮未见记录；不代表零投诉，公示期限、名称别称和公开范围会影响结果。,"[黑猫投诉公开索引] site:tousu.sina.com.cn ""妇婴乐""
本轮该平台定向公开索引未取得可归属个案；搜索不命中不等于没有投诉。

[消费保公开索引] site:xfb315.com ""妇婴乐""
本轮该平台定向公开索引未取得可归属个案；搜索不命中不等于没有投诉。

[投诉/媒体/监管/司法公开网页] ""妇婴乐"" 投诉
取得人社名录、历史连锁资料、分支登记及匿名正向问答；乌鲁木齐同名单位不并入。匿名问答中的换嫂经历缺独立核验，本轮公开索引未取得可归属投诉个案。

[12315站内] 北京妇婴乐家政服务有限公司
查询“北京妇婴乐家政服务有限公司”：该名称在此次公示列表未见记录，不代表零投诉或没有历史纠纷；公示期限、名称别称和公开范围会影响结果。",未取得本轮可单列案例；不代表没有投诉。,https://tsgs.12315.cn/#/viewport,"queries.resultUrls仅为搜索返回的候选链接，可能含无关、同名或未回读页面；不自动视为采信来源，不据此生成案例或评价。案例读取及归属边界以cases为准。
https://zhidao.baidu.com/question/321802709.html
https://www.bjhd.gov.cn/ztzx/2020zt/hdqzfgs/dsz_62030/dtxx/zfjggs/xzxk/202110/P020211013548900927093.pdf
https://szb.nmgnews.com.cn/bfxb/resfile/2023-12-14/07/bfxb2023121407.pdf
https://www.wlmq.gov.cn/wlmqs/c119191/202401/6eb3cec61de740e1badaa94c9d3a0b3a/files/20240117190759702.pdf
https://rsj.beijing.gov.cn/bm/ztzl/ssjzlwpp/202511/t20251103_4251001.html
https://sw.beijing.gov.cn/sy/nsjg/fwjy/xxtg/201912/P020191220502682848030.pdf
https://www.inxue.com/school-8009/
https://www.bjhd.gov.cn/ztzx/2020zt/hdqzfgs/dsz_62030/dtxx/zfjggs/xzxk/202110/P020211009337767317193.pdf
https://www.wlmq.gov.cn/wlmqs/c119191/202003/84f5675868c04207951b224f120fabef/files/20200313164654900002.pdf
https://www.ibixue.com/school-8009/
https://www.octsunshine.com/m/newscon-3111
https://fgw.beijing.gov.cn/fzggzl/zyhz/gzdt/jjbf/xggz/202608/t20260812_4820195.htm
https://www.sohu.com/a/399842444_163628
https://www.szdushi.com.cn/news/1654503190139739.shtml
https://www.sohu.com/a/342872560_99935108
https://finance.sina.com.cn/jjxw/2025-11-06/doc-infwmzsx1928789.shtml?froms=ggmp
https://www.bang.cn/article/276332.html
https://www.bang.cn/top10/56168.html",2026-09-21
new-yijiamei,北京易家美,结果为协会介绍和招聘信息，标题科技公司与正文家政公司仍须核对应关系。本轮公开索引未取得可归属个案。,已按1组名称查询当前公示列表，本轮未见记录；不代表零投诉，公示期限、名称别称和公开范围会影响结果。,"[黑猫投诉公开索引] site:tousu.sina.com.cn ""北京易家美""
本轮该平台定向公开索引未取得可归属个案；搜索不命中不等于没有投诉。

[消费保公开索引] site:xfb315.com ""北京易家美""
本轮该平台定向公开索引未取得可归属个案；搜索不命中不等于没有投诉。

[投诉/媒体/监管/司法公开网页] ""北京易家美"" 投诉
结果为协会介绍和招聘信息，标题科技公司与正文家政公司仍须核对应关系。本轮公开索引未取得可归属个案。

[12315站内] 北京易家美
查询“北京易家美”：该名称在此次公示列表未见记录，不代表零投诉或没有历史纠纷；公示期限、名称别称和公开范围会影响结果。",未取得本轮可单列案例；不代表没有投诉。,https://tsgs.12315.cn/#/viewport,"queries.resultUrls仅为搜索返回的候选链接，可能含无关、同名或未回读页面；不自动视为采信来源，不据此生成案例或评价。案例读取及归属边界以cases为准。
https://www.chsa.com.cn/nd.jsp?id=725
https://www.chsa.com.cn/col.jsp?id=129&m516pageno=5
https://www.zhaopin.com/zhaopin/4cea92a6c333422da7368c72319d99b3/
https://www.zhaopin.com/zhaopin/defd3ca7f3594f3da570d1ab52167687/
https://m.yupao.com/s/yp26978338/
https://m.yupao.com/s/yp32026001/
https://www.zhaopin.com/zhaopin/445b605b951d47cf8796444ec1d5f748/
https://m.yupao.com/s/yp36592885/
https://www.yupao.com/s/yp10726843/
https://www.zhaopin.com/zhaopin/fa5955a96dfa493f99e4e7824b2e6814/
https://www.zhaopin.com/zhaopin/e12c120f00af475d82de764f77a9e393/
https://m.yupao.com/s/yp41453158/",2026-09-21
new-yilian,依链家政,结果主要是官网、养老照护宣传、政策及招聘；其他地区企业的投诉不能归依链。本轮公开索引未取得可归属个案。,已按1组名称查询当前公示列表，本轮未见记录；不代表零投诉，公示期限、名称别称和公开范围会影响结果。,"[黑猫投诉公开索引] site:tousu.sina.com.cn ""依链家政""
本轮该平台定向公开索引未取得可归属个案；搜索不命中不等于没有投诉。

[消费保公开索引] site:xfb315.com ""依链家政""
本轮该平台定向公开索引未取得可归属个案；搜索不命中不等于没有投诉。

[投诉/媒体/监管/司法公开网页] ""依链家政"" 投诉
结果主要是官网、养老照护宣传、政策及招聘；其他地区企业的投诉不能归依链。本轮公开索引未取得可归属个案。

[12315站内] 依链（北京）家政服务管理有限公司
查询“依链（北京）家政服务管理有限公司”：该名称在此次公示列表未见记录，不代表零投诉或没有历史纠纷；公示期限、名称别称和公开范围会影响结果。",未取得本轮可单列案例；不代表没有投诉。,https://tsgs.12315.cn/#/viewport,"queries.resultUrls仅为搜索返回的候选链接，可能含无关、同名或未回读页面；不自动视为采信来源，不据此生成案例或评价。案例读取及归属边界以cases为准。
https://www.yljiazheng.com/
https://www.douyin.com/shipin/7505250472157087778
https://rsj.beijing.gov.cn/bm/ztzl/ssjzlwpp/
https://www.chsa.com.cn/nd.jsp?_ngc=-1&fromColId=-1&id=632
https://www.sohu.com/a/997711513_121106854
https://finance.sina.com.cn/jjxw/2026-08-18/doc-ininuefi7279905.shtml
https://www.mofcom.gov.cn/zwgk/zcjd/art/2025/art_cdf3a1fb5c99423189899758d61be0b1.html
https://www.sznews.com/zhuanti/content/2026-04/30/content_32034598.htm
https://www.xy12315.cn/
https://www.dmallplus.com/
https://scyxs.mofcom.gov.cn/zcfg/art/2026/art_e232d75093ef422a8fb482ae1fe8242e.html",2026-09-21
new-weijiahui,北京为家汇,结果主要是协会介绍、商标及无关文档；本轮公开索引未取得可归属个案。,已按1组名称查询当前公示列表，本轮未见记录；不代表零投诉，公示期限、名称别称和公开范围会影响结果。,"[黑猫投诉公开索引] site:tousu.sina.com.cn ""北京为家汇""
本轮该平台定向公开索引未取得可归属个案；搜索不命中不等于没有投诉。

[消费保公开索引] site:xfb315.com ""北京为家汇""
本轮该平台定向公开索引未取得可归属个案；搜索不命中不等于没有投诉。

[投诉/媒体/监管/司法公开网页] ""北京为家汇"" 投诉
结果主要是协会介绍、商标及无关文档；本轮公开索引未取得可归属个案。

[12315站内] 北京为家汇家庭服务有限公司
查询“北京为家汇家庭服务有限公司”：该名称在此次公示列表未见记录，不代表零投诉或没有历史纠纷；公示期限、名称别称和公开范围会影响结果。",未取得本轮可单列案例；不代表没有投诉。,https://tsgs.12315.cn/#/viewport,"queries.resultUrls仅为搜索返回的候选链接，可能含无关、同名或未回读页面；不自动视为采信来源，不据此生成案例或评价。案例读取及归属边界以cases为准。
https://www.chsa.com.cn/nd.jsp?id=696
https://www.chsa.com.cn/col.jsp?id=129&m516pageno=6
https://www.chatm.com/log/search?keyword=32378079&queryType=1
https://www.chsa.com.cn/nd.jsp?fromColId=129&id=698
https://www.scribd.com/document/753011689/2d7c1590b505427288f47d42230ea2c7
https://www.kuaidi100.com/network/networkdt79292819349626.htm
https://www.scribd.com/document/946223108/%E6%99%BA%E6%85%A7%E7%AE%A1%E7%90%86%E6%8C%87%E6%8C%A5%E5%B9%B3%E5%8F%B0-%E4%BA%8C%E6%9C%9F-%E9%A1%B9%E7%9B%AE%E5%88%9D%E6%AD%A5%E8%AE%BE%E8%AE%A1%E5%8F%8A%E6%A6%82%E7%AE%97-%E5%88%9D%E8%AE%BE%E9%80%81%E5%AE%A1%E7%A8%BF-%E4%B8%80%E7%BD%91%E9%80%9A-20210415-Temp
https://www.scribd.com/document/844385786/%E4%BA%BA%E6%B0%91%E6%97%A5%E6%8A%A5-People-s-Daily-March-26-2025",2026-09-21
new-daxi,北京达喜母婴护理,取得协会会员条目和少量名称相似的零售/企业结果，未形成可核消费者记录。本轮公开索引未取得可归属个案。,已按1组名称查询当前公示列表，本轮未见记录；不代表零投诉，公示期限、名称别称和公开范围会影响结果。,"[黑猫投诉公开索引] site:tousu.sina.com.cn ""北京达喜母婴""
本轮该平台定向公开索引未取得可归属个案；搜索不命中不等于没有投诉。

[消费保公开索引] site:xfb315.com ""北京达喜母婴""
本轮该平台定向公开索引未取得可归属个案；搜索不命中不等于没有投诉。

[投诉/媒体/监管/司法公开网页] ""北京达喜母婴"" 投诉
取得协会会员条目和少量名称相似的零售/企业结果，未形成可核消费者记录。本轮公开索引未取得可归属个案。

[12315站内] 北京达喜母婴护理有限公司
查询“北京达喜母婴护理有限公司”：该名称在此次公示列表未见记录，不代表零投诉或没有历史纠纷；公示期限、名称别称和公开范围会影响结果。",未取得本轮可单列案例；不代表没有投诉。,https://tsgs.12315.cn/#/viewport,"queries.resultUrls仅为搜索返回的候选链接，可能含无关、同名或未回读页面；不自动视为采信来源，不据此生成案例或评价。案例读取及归属边界以cases为准。
https://www.chsa.com.cn/nr.jsp?_np=0_31_76
https://www.chsa.com.cn/nd.jsp?fromColId=129&id=691
https://www.chsa.com.cn/col.jsp?id=132
https://www.chsa.com.cn/col.jsp?id=129&m516pageno=7
https://www.chsa.com.cn/col.jsp?id=132&m552pageno=2
https://www.chsa.com.cn/nd.jsp?fromColId=129&id=692
https://creditcard.cmbc.com.cn/tyglweb/active/wap/wonderful/active/bfblj51/bfblj51.pdf
https://m.zhipin.com/companys/72b50d42df59172403J-2dS1E1A~.html
https://scjgj.sc.gov.cn/scjgj/c104536/2020/12/17/4fd2de715f9e48d7ac183f3e7267e293/files/7a87acb6476047d498c18b79f647b47b.pdf",2026-09-21
new-aibaobei,爱宝蓓 / 北京爱月宝,北京爱月宝/爱宝蓓命中协会介绍、培训销售和大量选型推广；全国加盟门店不能直接汇总到北京爱宝蓓。本轮公开索引未取得可归属个案。,已按1组名称查询当前公示列表，本轮未见记录；不代表零投诉，公示期限、名称别称和公开范围会影响结果。,"[黑猫投诉公开索引] site:tousu.sina.com.cn 爱宝蓓 北京爱月宝
本轮该平台定向公开索引未取得可归属个案；搜索不命中不等于没有投诉。

[消费保公开索引] site:xfb315.com 爱宝蓓 北京爱月宝
本轮该平台定向公开索引未取得可归属个案；搜索不命中不等于没有投诉。

[投诉/媒体/监管/司法公开网页] 爱宝蓓 北京爱月宝 投诉
北京爱月宝/爱宝蓓命中协会介绍、培训销售和大量选型推广；全国加盟门店不能直接汇总到北京爱宝蓓。本轮公开索引未取得可归属个案。

[12315站内] 爱宝蓓（北京）家政服务有限责任公司
查询“爱宝蓓（北京）家政服务有限责任公司”：该名称在此次公示列表未见记录，不代表零投诉或没有历史纠纷；公示期限、名称别称和公开范围会影响结果。",未取得本轮可单列案例；不代表没有投诉。,https://tsgs.12315.cn/#/viewport,"queries.resultUrls仅为搜索返回的候选链接，可能含无关、同名或未回读页面；不自动视为采信来源，不据此生成案例或评价。案例读取及归属边界以cases为准。
https://www.chsa.com.cn/nd.jsp?id=675
https://www.hezegd.com/brand/article/66503.html
https://www.bjjubao.org.cn/2026-05/19/content_48643.html
https://banshi.beijing.gov.cn/
https://www.hezegd.com/brand/article/72078.html
https://www.10huan.com/fenlei/article/124171.html
https://m.jiaoyubao.cn/bj/edu/bjayb/
https://www.jiaodong.net/px/j_1e4fe/intro/
https://www.ldqxn.com/qiye/article/14764.html
https://www.jiaodong.net/px/j_1e4fe/pic/
https://www.bjjubao.org.cn/
https://scjgj.beijing.gov.cn/zwxx/gs/202509/P020250924588268999418.pdf",2026-09-21
new-aijiali,爱嘉里家政,检得服务商品页；搜索返回的爱侬及佳禾投诉不是爱嘉里，均排除。本轮公开索引未取得可归属个案，精确签约法人仍不清晰。,已按1组名称查询当前公示列表，本轮未见记录；不代表零投诉，公示期限、名称别称和公开范围会影响结果。,"[黑猫投诉公开索引] site:tousu.sina.com.cn 爱嘉里家政
本轮该平台定向公开索引未取得可归属个案；搜索不命中不等于没有投诉。

[消费保公开索引] site:xfb315.com 爱嘉里家政
合并搜索结果中取得该平台链接；逐条核对品牌/主体，检得服务商品页；搜索返回的爱侬及佳禾投诉不是爱嘉里，均排除。本轮公开索引未取得可归属个案，精确签约法人仍不清晰。

[投诉/媒体/监管/司法公开网页] 爱嘉里家政 投诉
检得服务商品页；搜索返回的爱侬及佳禾投诉不是爱嘉里，均排除。本轮公开索引未取得可归属个案，精确签约法人仍不清晰。

[12315站内] 爱嘉里家政
查询“爱嘉里家政”：该名称在此次公示列表未见记录，不代表零投诉或没有历史纠纷；公示期限、名称别称和公开范围会影响结果。",未取得本轮可单列案例；不代表没有投诉。,https://tsgs.12315.cn/#/viewport,"queries.resultUrls仅为搜索返回的候选链接，可能含无关、同名或未回读页面；不自动视为采信来源，不据此生成案例或评价。案例读取及归属边界以cases为准。
https://www.xfb365.com/tousu/101905489
https://g.apps.cn/detail?CNtag=%E4%BF%9D%E5%A7%86%E6%9C%88%E5%AB%82&detailId=2680837
https://shuidi.cn/company-9b4097621254bddd56551daaad455401.html
https://zwfw.jinan.gov.cn/col/col125392/art/2026/art_b4127ffd72c94efeba71d8506a99b871.html
https://ynjzpt.com/
https://www.315online.com/tousu/other/217984.html
https://www.ayilaile.com/help/promise
https://zwdt.sh.gov.cn/govPortals/bsfw/item/a2587dc4-c383-4395-8f44-6b672740f3cf
https://www.ainong.cn/onlineServer.shtml
https://www.ayilaile.com/help/faq
https://www.huilinda.com.cn/
https://scjgj.changzhou.gov.cn/class/JBOBKIDN?a=info&c=index&dataid=52640&m=formguide&t=tsgs
https://qccdata.qichacha.com/ReportData/PDF/6f38315208899623c65cf94a92e86cd1.pdf",2026-09-21
new-ejiabang,e家帮,命中官网FAQ、用户协议、意见反馈入口和应用页；出现投诉联系方式不等于实际投诉。本轮公开索引未取得可归属个案，北京履约主体仍不明。,已核对当前公示列表。可见广州运营主体名下的家政中介及其他家政服务售后、价格争议；北京育儿业务承接仍未确认。名称匹配可含分支及其他工种，不能作为机构投诉率。,"[黑猫投诉公开索引] site:tousu.sina.com.cn e家帮
本轮该平台定向公开索引未取得可归属个案；搜索不命中不等于没有投诉。

[消费保公开索引] site:xfb315.com e家帮
本轮该平台定向公开索引未取得可归属个案；搜索不命中不等于没有投诉。

[投诉/媒体/监管/司法公开网页] e家帮 投诉
命中官网FAQ、用户协议、意见反馈入口和应用页；出现投诉联系方式不等于实际投诉。本轮公开索引未取得可归属个案，北京履约主体仍不明。

[12315站内] 广州互缘网络科技有限公司
查询“广州互缘网络科技有限公司”此次页面显示3条关键词匹配公示。可见广州运营主体名下的家政中介及其他家政服务售后、价格争议；北京育儿业务承接仍未确认。以上数量是所列查询关键词此次匹配的公示记录数，可能含分支、近名和不同服务工种；不同查询之间可能重叠，不合计为机构投诉总数，不是投诉率或质量排名。公示期限为一年，不涵盖全部历史、未公开投诉或所有分支。投诉内容为当事人填写，调解结果不是违法认定；达成调解不等于退款已到账。",未取得本轮可单列案例；不代表没有投诉。,https://tsgs.12315.cn/#/viewport,"queries.resultUrls仅为搜索返回的候选链接，可能含无关、同名或未回读页面；不自动视为采信来源，不据此生成案例或评价。案例读取及归属边界以cases为准。
https://apps.apple.com/cn/app/e%E5%AE%B6%E5%B8%AE%E5%AE%B6%E6%94%BF%E6%9C%8D%E5%8A%A1/id1095223739
https://www.ejbang.com/website/question.jsp
https://ejbang.com/website/suggest.jsp
https://12389.mps.gov.cn/
https://ejbang.com/
https://www.ejbang.com/index.html
https://www.ejbang.com/about.html
https://ejbang.com/website/clause.jsp
https://www.ejbang.com/weixin/agreement.html
https://ejbang.com/worker_apply.html
https://www.mumudroid.com/detail/4374.html
https://pitchhub.36kr.com/project/1678209904636928
https://cmsweb.aegonthtf.com/upload/jfimg/2024-13/8bcf706a47c34626b0ac2a30d4bab801.pdf",2026-09-21
new-youbaobei,北京优宝贝国际家政,追加完整法人及黑猫定向仍未返回新的可归属索引，保留既有两条具名培训退款记录但本轮原单回读失败，不能冒称刷新了处理状态。优优宝贝教育的租赁判决属于不同法人，已排除。,已按1组名称查询当前公示列表，本轮未见记录；不代表零投诉，公示期限、名称别称和公开范围会影响结果。,"[黑猫投诉公开索引] site:tousu.sina.com.cn ""北京优宝贝""
本轮该平台定向公开索引未取得可归属个案；搜索不命中不等于没有投诉。

[消费保公开索引] site:xfb315.com ""北京优宝贝""
本轮该平台定向公开索引未取得可归属个案；搜索不命中不等于没有投诉。

[投诉/媒体/监管/司法公开网页] ""北京优宝贝"" 投诉
追加完整法人及黑猫定向仍未返回新的可归属索引，保留既有两条具名培训退款记录但本轮原单回读失败，不能冒称刷新了处理状态。优优宝贝教育的租赁判决属于不同法人，已排除。

[别名/精确主体/个案补充公开检索] ""北京优宝贝国际家政服务有限公司"" 投诉
补充检索人工归属结论：追加完整法人及黑猫定向仍未返回新的可归属索引，保留既有两条具名培训退款记录但本轮原单回读失败，不能冒称刷新了处理状态。优优宝贝教育的租赁判决属于不同法人，已排除。

[别名/精确主体/个案补充公开检索] site:tousu.sina.com.cn ""优宝贝"" 家政
补充检索人工归属结论：追加完整法人及黑猫定向仍未返回新的可归属索引，保留既有两条具名培训退款记录但本轮原单回读失败，不能冒称刷新了处理状态。优优宝贝教育的租赁判决属于不同法人，已排除。

[别名/精确主体/个案补充公开检索] ""北京优宝贝国际家政"" 黑猫
补充检索人工归属结论：追加完整法人及黑猫定向仍未返回新的可归属索引，保留既有两条具名培训退款记录但本轮原单回读失败，不能冒称刷新了处理状态。优优宝贝教育的租赁判决属于不同法人，已排除。

[12315站内] 北京优宝贝国际家政服务有限公司
查询“北京优宝贝国际家政服务有限公司”：该名称在此次公示列表未见记录，不代表零投诉或没有历史纠纷；公示期限、名称别称和公开范围会影响结果。","案例：培训收费与退款争议（既有R017）
日期：2025-03-23
工种：培训/招合伙人，非雇主育儿嫂
记录：投诉者称家人经网络招募缴纳培训和工位相关费用合计6780元，申请退款未获同意。
回应：本轮未取得新企业答复。
处理结果：页面显示待分配商家、商家匹配失败；未见退款证据。
限制：单方陈述，没有可核验的裁判或商家回复，不可写成已认定诈骗或育儿服务退费失败。 本轮原页面及替代读取均失败；原有状态尚未刷新。
读取状态：既有证据，本轮回读失败
来源：https://tousu.sina.cn/complaint/view/17381183349?sld=eb3fdbdb97ac8db01811032b201c9fbd

案例：培训宣传与退费争议（既有R018）
日期：2025-04-03
工种：高级护理员培训，非雇主育儿嫂
记录：投诉者就2370元培训费用申请退款，称报名后的培训/住宿安排和沟通体验与预期不符。
回应：本轮未取得新企业答复。
处理结果：待分配商家；未见办结或退款回执，部分补充内容隐藏。
限制：投诉指向本公司全称，但属于学员培训经历；不推断所有阿姨服务质量。 本轮原页面及替代读取均失败；原有状态尚未刷新。
读取状态：既有证据，本轮回读失败
来源：https://tousu.sina.com.cn/complaint/view/17381548714?sld=73664d0336f47572856c26704ac6125a","https://tousu.sina.cn/complaint/view/17381183349?sld=eb3fdbdb97ac8db01811032b201c9fbd
https://tousu.sina.com.cn/complaint/view/17381548714?sld=73664d0336f47572856c26704ac6125a
https://tsgs.12315.cn/#/viewport","queries.resultUrls仅为搜索返回的候选链接，可能含无关、同名或未回读页面；不自动视为采信来源，不据此生成案例或评价。案例读取及归属边界以cases为准。
https://cn.govopendata.com/caipanwenshu/2014/9/18/c2770dc5-9398-45cd-8753-dfb7a4be4b85/
https://cn.govopendata.com/caipanwenshu/2013/8/14/f4628101-61cc-413e-9bf2-5fa1d9354636/
https://interview.mofcom.gov.cn/mofcom_interview/front/advice/list?mofcom_no=336
https://www.megbook.com.hk/mall/detail.jsp?proID=2557843
https://wjyt.smartinfo.cn/about/council
https://www.safe.gov.cn/beijing/file/file/20201027/deb601db40e544ef9115fe242ea244f0.pdf
https://m.xiuxianshipin.com.cn/jm/400/
https://www.maigoo.com/brand/29664.html
https://map.beijing.gov.cn/place?categoryId=yljg&placeId=68f0502c3161b24f39460b71
https://video.bjchy.gov.cn/vodfiles/992/2015/09/23/cyb/images/2024-04/24/04/04.pdf
https://rsj.beijing.gov.cn/xxgk/tzgg/202401/t20240129_3548057.html
https://www.bjhd.gov.cn/ztzx/2020zt/hdqzfgs/dsz_62030/dtxx/zfjggs/xzxk/202110/P020211009334469344126.pdf
https://www.chsa.com.cn/nr.jsp?_np=0_31_38
https://www.anyang100.com/beijing/1946080.html
https://www.ndrc.gov.cn/xwdt/ztzl/jzfwytzkr/zxxd/202008/P020200820648957071954.pdf
https://fgw.beijing.gov.cn/gzdt/tztg/202301/P020230110612533374214.pdf
https://www.bjzgh.org/upload/ueditor/uploadfile/202502/20250226/2025022608471740530833341043969.pdf
https://www.bjie.ac.cn/d/file/xwzx/sxsd/qthd/2024-04-30/c363b72e6b4046bdf74c9bbe56f64a14.pdf
https://top.qcc.com/tc/e7d27ee3a514.html
https://ggzyfw.beijing.gov.cn/xycg03/20251226/5397720.html
https://www.bjxch.gov.cn/file/20221229/1672278815187073105.pdf
https://cd.com.cn/index.php/Home/Index/info/id/543
https://m.chinapp.net.cn/faxianpinpai/2026/0707/83150.html
https://ewsdata.rightsindevelopment.org/files/documents/02/ADB-46048-002_t0LtWch.pdf
https://news.sohu.com/20170614/n497010172.shtml
https://sd.ifeng.com/cj/caifutouzi/detail_2013_12/23/1627630_1.shtml
https://www.sohu.com/a/1049932688_122495486
https://qccdata.qichacha.com/ReportData/PDF/9dd928183c19524ab2a20e8d8e2d6a2f.pdf
https://www.gonyn.com/report/1306125.html
https://m.cqn.com.cn/ms/content/2023-03/31/content_8924602.htm
https://www.qiyeku.cn/tag/company8e264e-4.html
https://m.chinapp.com/brand/5361
https://www.1288.tv/companys/product_330965.html
https://www.cqn.com.cn/ms/content/2025-07/25/content_9115996.htm
https://www.ldqxn.com/qynews/article-NDYyNw-1816486.html
https://www.sundiallawfirm.com/static/upload/file/20220105/1641368322743135.pdf
https://tousu.sina.com.cn/complaint/view/17393603670?sld=2a69916178f4f9d487172fbf3c7e79d7
https://rsj.beijing.gov.cn/bm/ztzl/ssjzlwpp/
https://sw.beijing.gov.cn/zmhd/dczjj/202306/t20230601_3119537.html
https://www.chatm.com/log/search?keyword=990024&queryType=3
https://www.sohu.com/a/1049953639_253235
https://www.shuididp.cn/yp-dd55d281b4a02bd469efc20f2b5de601.html
https://m.jiemian.com/article/13669726.html
https://gongshang.mingluji.com/beijing/shangquan/%E5%8C%97%E4%BA%AC%E5%90%89%E9%87%8E%E5%AE%B6%E5%BF%AB%E9%A4%90%E6%9C%89%E9%99%90%E5%85%AC%E5%8F%B8%E7%A3%81%E5%99%A8%E5%8F%A3%E5%BA%97/337
https://www.sohu.com/a/1035281853_121106842
https://dzb.xfrb.com.cn/UploadFiles/file/20240129/202401291101206457.pdf
https://rsj.beijing.gov.cn/xxgk/zfxxgk/zdlygk/sj/202310/P020231010608434877150.pdf
https://www.bjft.gov.cn/fengtaibao/resfile/2025-01-22/03/ftb-20250122-003.pdf
https://finance.sina.com.cn/china/gncj/2020-03-09/doc-iimxxstf7678084.shtml
https://www.sic.gov.cn/sic/82/568/0229/7304.pdf
https://rsj.beijing.gov.cn/xxgk/zfxxgk/zdlygk/sj/202310/P020231010608880226383.pdf
https://app.bjtitle.com/8816/newshow.php?did=867950049830928&mood=&newsid=6554754&typeid=107&uid=0",2026-09-21
new-platform-01,晞悦嘉贝,命中京东服务商品、分公司工商摘录及人社品牌名录，未见可归属消费个案；商品频道信息不是第三方履约质量验证。,已按1组名称查询当前公示列表，本轮未见记录；不代表零投诉，公示期限、名称别称和公开范围会影响结果。,"[黑猫投诉公开索引] site:tousu.sina.com.cn ""晞悦嘉贝""
本轮该平台定向公开索引未取得可归属个案；搜索不命中不等于没有投诉。

[消费保公开索引] site:xfb315.com ""晞悦嘉贝""
本轮该平台定向公开索引未取得可归属个案；搜索不命中不等于没有投诉。

[投诉/媒体/监管/司法公开网页] ""晞悦嘉贝"" 投诉
命中京东服务商品、分公司工商摘录及人社品牌名录，未见可归属消费个案；商品频道信息不是第三方履约质量验证。

[12315站内] 北京晞悦嘉贝家政服务有限公司
查询“北京晞悦嘉贝家政服务有限公司”：该名称在此次公示列表未见记录，不代表零投诉或没有历史纠纷；公示期限、名称别称和公开范围会影响结果。",未取得本轮可单列案例；不代表没有投诉。,https://tsgs.12315.cn/#/viewport,"queries.resultUrls仅为搜索返回的候选链接，可能含无关、同名或未回读页面；不自动视为采信来源，不据此生成案例或评价。案例读取及归属边界以cases为准。
https://www.jd.com/hprm/17138cbbc56d1be9d9f9.html?electedExtAttrSet=878%2C&extAttrValue=expand_name%2C%40300103%3A%3A878&sort_type=sort_default
https://www.shuididp.cn/yp-33e899bee82db27a59c793087f7f8701.html
https://www.jd.com/hprm/17138cbbc56d1be9d9f9.html?electedExtAttrSet=878%2C&extAttrValue=expand_name%2C%4095925%3A%3A878&sort_type=sort_default
https://www.jd.com/jiage/1319265b3d55e167fa35.html?brand=%E6%99%9E%E6%82%A6%E5%98%89%E8%B4%9D&electedExtAttrSet=&extAttrValue=expand_name%2C&sort_type=sort_default
https://cj.sina.com.cn/articles/view/1893892941/70e2834d02001v4bs?froms=ggmp
https://www.jd.com/jiage/162095844b79edd567c4.html?electedExtAttrSet=878%2C&extAttrValue=expand_name%2C%4098534%3A%3A878&sort_type=sort_default
https://m.douyin.com/qishui/playlist/7480017508439787559
https://www.jd.com/jiage/9847192bc4439a02f060.html?electedExtAttrSet=878%2C&extAttrValue=expand_name%2C%4095924%3A%3A878&sort_type=sort_default",2026-09-21
new-platform-02,沪上睿知,命中沪上睿知招聘和京东商品页，本轮公开索引未取得可归属个案；上海主体与北京实际履约仍需对合同。,已按1组名称查询当前公示列表，本轮未见记录；不代表零投诉，公示期限、名称别称和公开范围会影响结果。,"[黑猫投诉公开索引] site:tousu.sina.com.cn ""沪上睿知""
本轮该平台定向公开索引未取得可归属个案；搜索不命中不等于没有投诉。

[消费保公开索引] site:xfb315.com ""沪上睿知""
本轮该平台定向公开索引未取得可归属个案；搜索不命中不等于没有投诉。

[投诉/媒体/监管/司法公开网页] ""沪上睿知"" 投诉
命中沪上睿知招聘和京东商品页，本轮公开索引未取得可归属个案；上海主体与北京实际履约仍需对合同。

[12315站内] 沪上睿知（上海）科技服务有限公司
查询“沪上睿知（上海）科技服务有限公司”：该名称在此次公示列表未见记录，不代表零投诉或没有历史纠纷；公示期限、名称别称和公开范围会影响结果。",未取得本轮可单列案例；不代表没有投诉。,https://tsgs.12315.cn/#/viewport,"queries.resultUrls仅为搜索返回的候选链接，可能含无关、同名或未回读页面；不自动视为采信来源，不据此生成案例或评价。案例读取及归属边界以cases为准。
https://www.tuiyirencai.com/job/index.php?c=comapply&id=4077
https://www.jd.com/jiage/1524870505626e2120e78.html
https://www.zhipin.com/zhaopin/45cf24528032b3441nZ73NS4FQ~~/
https://job.138job.com/8087453
https://jd.veryeast.cn/sh/jiaotongyunshu/
https://www.jd.com/jiage/6703647bc687b132f15.html
https://www.jd.com/hprm/17138cbbc56d1be9d9f9.html?electedExtAttrSet=878%2C&extAttrValue=expand_name%2C%40300103%3A%3A878&sort_type=sort_default
https://job.138job.com/8087453/2814268
https://www.jd.com/xinghao/6703647bc687b132f15.html
https://m.yupao.com/s/yp15614891/
https://m.yupao.com/s/yp14983483/
https://www.zhipin.com/zhaopin/49f14ffcf1b41d601Xx73t21Ew~~/",2026-09-21
new-platform-03,京南领航,搜索结果集中58服务广告，没有可归属投诉处理记录；本轮公开索引未取得可归属个案。,已按1组名称查询当前公示列表，本轮未见记录；不代表零投诉，公示期限、名称别称和公开范围会影响结果。,"[黑猫投诉公开索引] site:tousu.sina.com.cn ""京南领航""
本轮该平台定向公开索引未取得可归属个案；搜索不命中不等于没有投诉。

[消费保公开索引] site:xfb315.com ""京南领航""
本轮该平台定向公开索引未取得可归属个案；搜索不命中不等于没有投诉。

[投诉/媒体/监管/司法公开网页] ""京南领航"" 投诉
搜索结果集中58服务广告，没有可归属投诉处理记录；本轮公开索引未取得可归属个案。

[12315站内] 北京京南领航家政有限公司
查询“北京京南领航家政有限公司”：该名称在此次公示列表未见记录，不代表零投诉或没有历史纠纷；公示期限、名称别称和公开范围会影响结果。",未取得本轮可单列案例；不代表没有投诉。,https://tsgs.12315.cn/#/viewport,"queries.resultUrls仅为搜索返回的候选链接，可能含无关、同名或未回读页面；不自动视为采信来源，不据此生成案例或评价。案例读取及归属边界以cases为准。
https://www.58.com/npphy202212047318/
https://www.58.com/npphy202212044325/
https://www.58.com/npphyjm202208022174/
https://www.58.com/npphy202212046775/",2026-09-21
new-platform-04,益友嘉,命中旧家政广告与店铺页；负面标题中的“益友荟”是另一名称/投资项目，不能归为益友嘉家政。本轮公开索引未取得可归属个案。,已按1组名称查询当前公示列表，本轮未见记录；不代表零投诉，公示期限、名称别称和公开范围会影响结果。,"[黑猫投诉公开索引] site:tousu.sina.com.cn ""益友嘉""
本轮该平台定向公开索引未取得可归属个案；搜索不命中不等于没有投诉。

[消费保公开索引] site:xfb315.com ""益友嘉""
本轮该平台定向公开索引未取得可归属个案；搜索不命中不等于没有投诉。

[投诉/媒体/监管/司法公开网页] ""益友嘉"" 投诉
命中旧家政广告与店铺页；负面标题中的“益友荟”是另一名称/投资项目，不能归为益友嘉家政。本轮公开索引未取得可归属个案。

[12315站内] 北京益友嘉
查询“北京益友嘉”：该名称在此次公示列表未见记录，不代表零投诉或没有历史纠纷；公示期限、名称别称和公开范围会影响结果。",未取得本轮可单列案例；不代表没有投诉。,https://tsgs.12315.cn/#/viewport,"queries.resultUrls仅为搜索返回的候选链接，可能含无关、同名或未回读页面；不自动视为采信来源，不据此生成案例或评价。案例读取及归属边界以cases为准。
https://bj.jiazhenggang.com/xuqiu/19852650117.html
https://bj.jiazhenggang.com/xuqiu/19852650102.html
https://www.axqcn.cn/info/list_20_1_-1_-1_0_0_6050_6005_-1_-1.html
https://bj.jiazhenggang.com/user/yyjjz2008/
https://bj.jiazhenggang.com/wap/xuqiu/19852642728.html
https://www.cna.com.tw/news/aipl/202205200082.aspx
https://bj.jiazhenggang.com/wap/xuqiu/19852642688.html
https://tatehaku.jp/wp-content/themes/tatehaku/common/images/pdf/bulletin/2002/09_2002_02.pdf
https://www.wazi.cc/article/2532.html
https://m.xiangmuhezuo.com/wenda/221.html
https://www.cmnn.cc/article/4825.html
https://yule.360.com/detail/4808500",2026-09-21
new-platform-05,阿依妈妈,回读2023年法院文书第三方转载：阿依妈妈起诉前员工返还工作财物，属于公司与员工争议，非雇主消费投诉；天津同品牌培训不自动归北京。本轮未取得可归属北京育儿消费个案。,已按1组名称查询当前公示列表，本轮未见记录；不代表零投诉，公示期限、名称别称和公开范围会影响结果。,"[黑猫投诉公开索引] site:tousu.sina.com.cn ""阿依妈妈""
本轮该平台定向公开索引未取得可归属个案；搜索不命中不等于没有投诉。

[消费保公开索引] site:xfb315.com ""阿依妈妈""
本轮该平台定向公开索引未取得可归属个案；搜索不命中不等于没有投诉。

[投诉/媒体/监管/司法公开网页] ""阿依妈妈"" 投诉
回读2023年法院文书第三方转载：阿依妈妈起诉前员工返还工作财物，属于公司与员工争议，非雇主消费投诉；天津同品牌培训不自动归北京。本轮未取得可归属北京育儿消费个案。

[12315站内] 北京阿依妈妈教育咨询有限公司
查询“北京阿依妈妈教育咨询有限公司”：该名称在此次公示列表未见记录，不代表零投诉或没有历史纠纷；公示期限、名称别称和公开范围会影响结果。",未取得本轮可单列案例；不代表没有投诉。,https://tsgs.12315.cn/#/viewport,"queries.resultUrls仅为搜索返回的候选链接，可能含无关、同名或未回读页面；不自动视为采信来源，不据此生成案例或评价。案例读取及归属边界以cases为准。
https://www.tmkoo.com/spw-ws%21info.php?idEn=a75192bdfb3e8282
https://zh.wikisource.org/wiki/%E5%8C%97%E4%BA%AC%E5%B8%82%E4%B8%B0%E5%8F%B0%E5%8C%BA%E4%BA%BA%E6%B0%91%E6%B3%95%E9%99%A2%EF%BC%882023%EF%BC%89%E4%BA%AC0106%E6%B0%91%E5%88%9D4972%E5%8F%B7%E6%B0%91%E4%BA%8B%E5%88%A4%E5%86%B3%E4%B9%A6
https://zh.wikisource.org/wiki/%E5%8C%97%E4%BA%AC%E9%98%BF%E4%BE%9D%E5%A6%88%E5%A6%88%E6%95%99%E8%82%B2%E5%92%A8%E8%AF%A2%E6%9C%89%E9%99%90%E5%85%AC%E5%8F%B8%E4%B8%8E%E8%B5%B5%E5%BB%BA%E6%AC%A3%E8%BF%94%E8%BF%98%E5%8E%9F%E7%89%A9%E7%BA%A0%E7%BA%B7%E4%B8%80%E5%AE%A1%E6%B0%91%E4%BA%8B%E5%88%A4%E5%86%B3%E4%B9%A6
https://zh.wikisource.org/zh-hans/%E5%8C%97%E4%BA%AC%E9%98%BF%E4%BE%9D%E5%A6%88%E5%A6%88%E6%95%99%E8%82%B2%E5%92%A8%E8%AF%A2%E6%9C%89%E9%99%90%E5%85%AC%E5%8F%B8%E4%B8%8E%E8%B5%B5%E5%BB%BA%E6%AC%A3%E8%BF%94%E8%BF%98%E5%8E%9F%E7%89%A9%E7%BA%A0%E7%BA%B7%E4%B8%80%E5%AE%A1%E6%B0%91%E4%BA%8B%E5%88%A4%E5%86%B3%E4%B9%A6
https://peixun.dzwww.com/tj/edu/j_c459/0_7144f.html
https://tj.jiaoyubao.cn/edu/aymm/
https://peixun.dzwww.com/tj/edu/j_c459/
https://www.jiaoyubao.cn/top/tj-zhengli/
https://www.58.com/npphy202209070979/
https://tj.jiaoyubao.cn/edu/aymm/0.html
https://edu.dzwww.com/px/j_c459/ping/
https://m.58.com/bj/baomu/58722808572320x.shtml
https://www.aksrb.cn/att/201907/12/f0e86529-8224-4024-bcc8-cfdedc27b77a.pdf",2026-09-21
new-platform-06,众合瑞家,回读2017新京报菲佣调查，众合瑞家员工称公司不能承接涉外业务，但可通过私人关系联系。属于历史媒体风险线索，没有该页行政处罚或判决；不将其它中介2万元定金等情节移植给本店。,已回读详情中最新公示（2026-06-12）：北京众合瑞家健康科技有限公司，服务类别为家政中介服务（未注明育儿），处理结果为“未达成调解协议”。公示未披露协议细节及退款到账证据，不能据此推断北京育儿嫂整体服务质量。,"[黑猫投诉公开索引] site:tousu.sina.com.cn ""众合瑞家""
本轮该平台定向公开索引未取得可归属个案；搜索不命中不等于没有投诉。

[消费保公开索引] site:xfb315.com ""众合瑞家""
本轮该平台定向公开索引未取得可归属个案；搜索不命中不等于没有投诉。

[投诉/媒体/监管/司法公开网页] ""众合瑞家"" 投诉
回读2017新京报菲佣调查，众合瑞家员工称公司不能承接涉外业务，但可通过私人关系联系。属于历史媒体风险线索，没有该页行政处罚或判决；不将其它中介2万元定金等情节移植给本店。

[12315站内] 北京众合瑞家健康科技有限公司
查询“北京众合瑞家健康科技有限公司”此次页面显示1条关键词匹配公示。可见2026-06-12公示的家政中介合同与退赔争议，网店名为众合瑞家家政月嫂专营店；实际工种未明确为育儿嫂。以上数量是所列查询关键词此次匹配的公示记录数，可能含分支、近名和不同服务工种；不同查询之间可能重叠，不合计为机构投诉总数，不是投诉率或质量排名。公示期限为一年，不涵盖全部历史、未公开投诉或所有分支。投诉内容为当事人填写，调解结果不是违法认定；达成调解不等于退款已到账。","案例：2017年涉外家政私人渠道报道线索
日期：2017-08-04
工种：涉外家政，不详是否育儿
记录：记者探访华普花园众合瑞家，员工称国内公司不能承接涉外家政，但可通过私人关系帮忙联系菲律宾家政人员。
回应：文中呈现员工对业务边界和私人联系渠道的说法；没有独立公司后续说明。
处理结果：该篇无行政处罚、法院认定或后续处理结论。
限制：历史员工表述；报道其它中介收费/证件问题不能全部移植给众合瑞家；品牌与当前合同主体仍需核对。
读取状态：已读原网页
来源：https://finance.sina.cn/china/gncj/2017-08-04/detail-ifyitamv4892516.d.html

案例：北京众合瑞家健康科技有限公司消费投诉公示
日期：2026-04-02
工种：家政中介服务（未注明育儿）
记录：公示载消费者在其他平台的众合瑞家家政月嫂专营店购买家政中介服务，提出订约信息争议和退赔诉求；处理结果为未达成调解协议。
回应：公示未展示企业具体答复。
处理结果：未达成调解协议
处理部门：北京朝阳区市场监督管理局
限制：按完整法人在官方公示平台公开查询，并打开最新一条详情核对。基本信息和问题是投诉人自行填写；调解结果不是违法或事实认定。服务分类未写育儿嫂，不能推断育儿；公示期限为1年，不是终身全量。
读取状态：已读12315官方页面具名详情和处理结果
来源：https://tsgs.12315.cn/#/viewport","https://finance.sina.cn/china/gncj/2017-08-04/detail-ifyitamv4892516.d.html
https://tsgs.12315.cn/#/viewport","queries.resultUrls仅为搜索返回的候选链接，可能含无关、同名或未回读页面；不自动视为采信来源，不据此生成案例或评价。案例读取及归属边界以cases为准。
https://m.58.com/bj/baomu/28894981157162x.shtml
https://www.chahaoba.com/13131287698
https://www.cs.com.cn/xwzx/msxf/201708/t20170802_5403672.html
https://finance.sina.cn/china/gncj/2017-08-04/detail-ifyitamv4892516.d.html
https://www.chinabaogao.com/detail/291431.html
https://www.rmzxw.com.cn/c/2017-08-02/1694278_2.shtml?n2m=1
https://tracklog.58.com/detail/m/shenghuo/79183847829700x.shtml
https://www.inxue.com/school-9585/
https://xudoodoo.com/Article-NDYyNw-192135.html
https://www.hqol.cn/zixun/article-MTU1OQ%3D%3D-1985750.html
https://www.bjdch.gov.cn/zwgk/tzgg/202208/P020230410830730796781.pdf
https://info.51.ca/articles/565648
https://www.sohu.com/a/1036566375_122721128",2026-09-21
new-platform-07,邦巧手,命中北京邦巧手科技有限公司第三方登记线索，机器人灵心巧手及台湾企业诉讼并非本机构。本轮公开索引未取得可归属个案，店铺执照与同名主体未核。,已按1组名称查询当前公示列表，本轮未见记录；不代表零投诉，公示期限、名称别称和公开范围会影响结果。,"[黑猫投诉公开索引] site:tousu.sina.com.cn ""邦巧手""
本轮该平台定向公开索引未取得可归属个案；搜索不命中不等于没有投诉。

[消费保公开索引] site:xfb315.com ""邦巧手""
本轮该平台定向公开索引未取得可归属个案；搜索不命中不等于没有投诉。

[投诉/媒体/监管/司法公开网页] ""邦巧手"" 投诉
命中北京邦巧手科技有限公司第三方登记线索，机器人灵心巧手及台湾企业诉讼并非本机构。本轮公开索引未取得可归属个案，店铺执照与同名主体未核。

[12315站内] 北京邦巧手科技有限公司
查询“北京邦巧手科技有限公司”：该名称在此次公示列表未见记录，不代表零投诉或没有历史纠纷；公示期限、名称别称和公开范围会影响结果。",未取得本轮可单列案例；不代表没有投诉。,https://tsgs.12315.cn/#/viewport,"queries.resultUrls仅为搜索返回的候选链接，可能含无关、同名或未回读页面；不自动视为采信来源，不据此生成案例或评价。案例读取及归属边界以cases为准。
https://www.shuididp.cn/yp-87cacb9566178f263a718078f2804601.html
https://www.jingfu.org.tw/doc/jff_mgz_m28-12.pdf?P_MID=MGZ102004012
https://laij76.pixnet.net/blog/posts/10352756928
https://lawplayer.com/company/53711211
https://szb.hkwb.net/epaper/xml/hkrb/20240111/A05B20240111C.pdf
https://static.cninfo.com.cn/finalpage/2024-03-27/1219412282.PDF
https://ivantsoi.myds.me/web/schoolebook/pdf/034042.pdf
https://www.tospolighting.com.cn/uploads/File/CpImage/202008/20200810142633500.pdf
https://www.tospolighting.com.cn/uploads/File/CpImage/201609/20160906123022660.pdf
https://www.chinapp.net.cn/shangwu/article-lrcy-1302225.html
https://www.huxiu.com/article/4869607.html?type=text
https://twonline9007.pixnet.net/blog/posts/15347282925
https://keicolin.pixnet.net/blog/posts/8192090336
https://www.cyzone.cn/article/839757.html
https://dldtby.com/zfhcxjsj/
https://lcn0819.pixnet.net/blog/post/320527332
https://vivian681221.pixnet.net/blog/posts/46987292",2026-09-21
new-platform-08,汇众万家,回读2023年法院转载文书：汇众万家为家政合同中介，但诉讼是护老人员向个人雇主追春节工资，机构不是被告。不可当机构败诉或育儿投诉，且与京东店铺关系未核。,已按1组名称查询当前公示列表，本轮未见记录；不代表零投诉，公示期限、名称别称和公开范围会影响结果。,"[黑猫投诉公开索引] site:tousu.sina.com.cn ""汇众万家""
本轮该平台定向公开索引未取得可归属个案；搜索不命中不等于没有投诉。

[消费保公开索引] site:xfb315.com ""汇众万家""
本轮该平台定向公开索引未取得可归属个案；搜索不命中不等于没有投诉。

[投诉/媒体/监管/司法公开网页] ""汇众万家"" 投诉
回读2023年法院转载文书：汇众万家为家政合同中介，但诉讼是护老人员向个人雇主追春节工资，机构不是被告。不可当机构败诉或育儿投诉，且与京东店铺关系未核。

[12315站内] 汇众万家
查询“汇众万家”：该名称在此次公示列表未见记录，不代表零投诉或没有历史纠纷；公示期限、名称别称和公开范围会影响结果。",未取得本轮可单列案例；不代表没有投诉。,https://tsgs.12315.cn/#/viewport,"queries.resultUrls仅为搜索返回的候选链接，可能含无关、同名或未回读页面；不自动视为采信来源，不据此生成案例或评价。案例读取及归属边界以cases为准。
https://zh.wikisource.org/zh-hans/%E5%8C%97%E4%BA%AC%E5%B8%82%E4%B8%9C%E5%9F%8E%E5%8C%BA%E4%BA%BA%E6%B0%91%E6%B3%95%E9%99%A2%EF%BC%882023%EF%BC%89%E4%BA%AC0101%E6%B0%91%E5%88%9D2582%E5%8F%B7%E6%B0%91%E4%BA%8B%E5%88%A4%E5%86%B3%E4%B9%A6
https://zh.wikisource.org/zh-hans/%E5%AD%99%E6%96%87%E4%B8%8E%E5%AD%99%E8%BF%9B%E5%BF%A0%E5%AE%B6%E6%94%BF%E6%9C%8D%E5%8A%A1%E5%90%88%E5%90%8C%E7%BA%A0%E7%BA%B7%E4%B8%80%E5%AE%A1%E6%B0%91%E4%BA%8B%E5%88%A4%E5%86%B3%E4%B9%A6
https://www.jd.com/jiage/9847192bc4439a02f060.html?electedExtAttrSet=878%2C&extAttrValue=expand_name%2C%4069287%3A%3A878&sort_type=sort_default
https://www.jd.com/jiage/91923db1a51bfd03b428.html?brand=%E6%B1%87%E4%BC%97%E4%BA%BF%E4%B8%87%E5%AE%B6&electedExtAttrSet=&extAttrValue=expand_name%2C&sort_type=sort_default
https://www.jd.com/jiage/137659b7385001877b496.html?electedExtAttrSet=878%2C&extAttrValue=expand_name%2C%4069287%3A%3A878&sort_type=sort_default
https://www.jd.com/jiage/9847192bc4439a02f060.html?electedExtAttrSet=878%2C&extAttrValue=expand_name%2C%40300096%3A%3A878&sort_type=sort_default
https://www.jd.com/jiage/17133e87425ec5049f37.html
https://www.jd.com/jiage/1713c462ae5b46cc464c.html
https://www.jd.com/jiage/159010fc16bbebe6b1eb1.html
https://www.jd.com/brand/1713cc4d3f38a549d9a5.html
https://amr.sz.gov.cn/xxgk/qt/ztlm/yxhaqjg/rcjggs/yxjdjc/content/post_9813337.html
https://static.cninfo.com.cn/finalpage/2023-05-16/1216817194.PDF
https://amr.sz.gov.cn/xxgk/qt/ztlm/yxhaqjg/rcjggs/ypjdjc/content/post_12241831.html",2026-09-21
new-zhongxiang,中享家政,命中协会企业简介、招聘等；服务承诺中的投诉机制属于企业宣传，不是实际记录。本轮公开索引未取得可归属个案。,已按1组名称查询当前公示列表，本轮未见记录；不代表零投诉，公示期限、名称别称和公开范围会影响结果。,"[黑猫投诉公开索引] site:tousu.sina.com.cn ""中享家政""
本轮该平台定向公开索引未取得可归属个案；搜索不命中不等于没有投诉。

[消费保公开索引] site:xfb315.com ""中享家政""
本轮该平台定向公开索引未取得可归属个案；搜索不命中不等于没有投诉。

[投诉/媒体/监管/司法公开网页] ""中享家政"" 投诉
命中协会企业简介、招聘等；服务承诺中的投诉机制属于企业宣传，不是实际记录。本轮公开索引未取得可归属个案。

[12315站内] 北京中享家政服务有限公司
查询“北京中享家政服务有限公司”：该名称在此次公示列表未见记录，不代表零投诉或没有历史纠纷；公示期限、名称别称和公开范围会影响结果。",未取得本轮可单列案例；不代表没有投诉。,https://tsgs.12315.cn/#/viewport,"queries.resultUrls仅为搜索返回的候选链接，可能含无关、同名或未回读页面；不自动视为采信来源，不据此生成案例或评价。案例读取及归属边界以cases为准。
https://www.chsa.com.cn/nd.jsp?fromColId=132&id=797
https://www.chsa.com.cn/col.jsp?id=132
https://qy.58.com/detail_1897462535372722177/
https://www.chsa.com.cn/col.jsp?id=128
https://www.chsa.com.cn/nd.jsp?id=823
https://www.chsa.com.cn/col.jsp?id=132&m552pageno=2
https://www.chsa.com.cn/nr.jsp?_np=0_31_38
https://m.zhipin.com/companys/b62d115bedc94e2e03J9096_GVA~.html
https://zp.58.com/w/zhiwei/hugong/xinzi/
https://qy.58.com/detail_1504072079794823168/
https://qy.58.com/detail_1631074063382278144/
https://beijing.zjcqzx.cn/app-city-path/20363.html",2026-09-21
new-xinghu,星护星选,公开索引被大量“口碑榜”“避坑指南”等推广稿覆盖，不能用推广中的好评/零投诉作为独立口碑。本轮索引未取得可归属消费者个案。,已回读详情中最新公示（2026-05-26）：北京星护星选科技有限公司，服务类别为家政中介服务（未注明育儿），处理结果为“未达成调解协议”。公示未披露协议细节及退款到账证据，不能据此推断北京育儿嫂整体服务质量。,"[黑猫投诉公开索引] site:tousu.sina.com.cn ""星护星选""
本轮该平台定向公开索引未取得可归属个案；搜索不命中不等于没有投诉。

[消费保公开索引] site:xfb315.com ""星护星选""
本轮该平台定向公开索引未取得可归属个案；搜索不命中不等于没有投诉。

[投诉/媒体/监管/司法公开网页] ""星护星选"" 投诉
公开索引被大量“口碑榜”“避坑指南”等推广稿覆盖，不能用推广中的好评/零投诉作为独立口碑。本轮索引未取得可归属消费者个案。

[12315站内] 北京星护星选科技有限公司
查询“北京星护星选科技有限公司”此次页面显示1条关键词匹配公示。可见2026-05-26公示的家政中介合同履约与退赔争议，未披露具体照护工种。以上数量是所列查询关键词此次匹配的公示记录数，可能含分支、近名和不同服务工种；不同查询之间可能重叠，不合计为机构投诉总数，不是投诉率或质量排名。公示期限为一年，不涵盖全部历史、未公开投诉或所有分支。投诉内容为当事人填写，调解结果不是违法认定；达成调解不等于退款已到账。","案例：北京星护星选科技有限公司消费投诉公示
日期：2026-05-18
工种：家政中介服务（未注明育儿）
记录：公示载消费者现场购买家政中介服务，反映合同履行问题并要求退赔费用；处理结果为未达成调解协议。
回应：公示未展示企业具体答复。
处理结果：未达成调解协议
处理部门：北京大兴区市场监督管理局
限制：按完整法人在官方公示平台公开查询，并打开最新一条详情核对。基本信息和问题是投诉人自行填写；调解结果不是违法或事实认定。服务分类未写育儿嫂，不能推断育儿；公示期限为1年，不是终身全量。
读取状态：已读12315官方页面具名详情和处理结果
来源：https://tsgs.12315.cn/#/viewport",https://tsgs.12315.cn/#/viewport,"queries.resultUrls仅为搜索返回的候选链接，可能含无关、同名或未回读页面；不自动视为采信来源，不据此生成案例或评价。案例读取及归属边界以cases为准。
https://www.sohu.com/a/1077515801_122940793
https://www.cnblogs.com/myqiye/p/21189328
https://www.chsa.com.cn/nr.jsp?_np=0_548_46
https://www.cnblogs.com/mypinpai/p/21188943
https://www.chsa.com.cn/nr.jsp?_np=0_31_38
https://www.sohu.com/a/1077544844_122940793
https://www.youthcn.com.cn/qiyezixun/7848486.html
https://www.cnblogs.com/mygysb/p/21188954
https://www.sohu.com/a/1078004015_122940793
https://www.cnblogs.com/mypinpai/p/archive/2026/07/31
https://www.sohu.com/a/1049941523_122495486
https://www.sohu.com/a/1069703201_122940793",2026-09-21
new-qingyuan,清源管家,结果为协会名录与招聘，没有可归属的投诉处理记录；本轮公开索引未取得可归属个案。,已回读详情中最新公示（2026-06-29）：北京清源管家家政有限公司，服务类别为职业教育服务，处理结果为“未达成调解协议”。公示未披露协议细节及退款到账证据，不能据此推断北京育儿嫂整体服务质量。,"[黑猫投诉公开索引] site:tousu.sina.com.cn ""清源管家""
本轮该平台定向公开索引未取得可归属个案；搜索不命中不等于没有投诉。

[消费保公开索引] site:xfb315.com ""清源管家""
本轮该平台定向公开索引未取得可归属个案；搜索不命中不等于没有投诉。

[投诉/媒体/监管/司法公开网页] ""清源管家"" 投诉
结果为协会名录与招聘，没有可归属的投诉处理记录；本轮公开索引未取得可归属个案。

[12315站内] 北京清源管家家政有限公司
查询“北京清源管家家政有限公司”此次页面显示3条关键词匹配公示。可见职业教育、技能培训及家政中介定金等不同类别公示；培训投诉不能当作育儿嫂履约投诉。以上数量是所列查询关键词此次匹配的公示记录数，可能含分支、近名和不同服务工种；不同查询之间可能重叠，不合计为机构投诉总数，不是投诉率或质量排名。公示期限为一年，不涵盖全部历史、未公开投诉或所有分支。投诉内容为当事人填写，调解结果不是违法认定；达成调解不等于退款已到账。","案例：北京清源管家家政有限公司消费投诉公示
日期：2026-04-21
工种：职业教育服务
记录：公示载消费者现场购买职业教育服务，反映宣传问题并要求退赔费用；处理结果为未达成调解协议。该例明确属于教育培训，不是雇主育儿服务。
回应：公示未展示企业具体答复。
处理结果：未达成调解协议
处理部门：北京朝阳区市场监督管理局
限制：按完整法人在官方公示平台公开查询，并打开最新一条详情核对。基本信息和问题是投诉人自行填写；调解结果不是违法或事实认定。服务分类未写育儿嫂，不能推断育儿；公示期限为1年，不是终身全量。
读取状态：已读12315官方页面具名详情和处理结果
来源：https://tsgs.12315.cn/#/viewport",https://tsgs.12315.cn/#/viewport,"queries.resultUrls仅为搜索返回的候选链接，可能含无关、同名或未回读页面；不自动视为采信来源，不据此生成案例或评价。案例读取及归属边界以cases为准。
https://www.chsa.com.cn/nr.jsp?_np=0_31_38
https://www.chsa.com.cn/nr.jsp?_np=0_548_46
https://m.zhipin.com/companys/10e2781043f1d63b03N429W9EFU~.html
https://www.zhaopin.com/zhaopin/aa0aaf8b1a83434f9c16eff0c8a08205/
https://www.zhaopin.com/zhaopin/fa40011fcca1404fba8ba3b7e716346b/
https://www.zhaopin.com/zhaopin/94647664fc6e47ea98ebb18a0988bc53/
https://www.zhaopin.com/zhaopin/e6fb46b5512c41e8950afa05050a9244/
https://www.zhaopin.com/sou/jl530/kwBER6AFO
https://www.58.com/ppezp2024032820038/
https://m.zhipin.com/zhaopin/d76071ea3a99531b1nx429q6/
https://www.zhaopin.com/zhaopin/8b0826d26b6a492e9b66e4285a283e42/
https://m.zhaopin.com/zhaopin/5ac907cfd679423781c23c142b934c6a/
https://sbcg.fzu.edu.cn/sfw_cms/r/s/cms/ede823361d7641dfb5929b26ea6e6a28/0/%E7%A6%8F%E5%B7%9E%E5%A4%A7%E5%AD%A6%E6%B3%89%E6%B8%AF%E6%A0%A1%E5%8C%BA%E7%89%A9%E4%B8%9A%E6%9C%8D%E5%8A%A1%E9%A1%B9%E7%9B%AE%E6%8B%9B%E6%A0%87%E6%96%87%E4%BB%B6%EF%BC%88%E9%A2%84%E5%85%AC%E5%91%8A%E7%A8%BF%EF%BC%89.docx",2026-09-21
new-association-jiahe,佳和誉泰,结果为官网、培训页和商标；四川同名企业管理公司不同主体。宣传里的“零投诉”未获独立验证，本轮公开索引未取得可归属个案。,已按1组名称查询当前公示列表，本轮未见记录；不代表零投诉，公示期限、名称别称和公开范围会影响结果。,"[黑猫投诉公开索引] site:tousu.sina.com.cn ""佳和誉泰""
本轮该平台定向公开索引未取得可归属个案；搜索不命中不等于没有投诉。

[消费保公开索引] site:xfb315.com ""佳和誉泰""
本轮该平台定向公开索引未取得可归属个案；搜索不命中不等于没有投诉。

[投诉/媒体/监管/司法公开网页] ""佳和誉泰"" 投诉
结果为官网、培训页和商标；四川同名企业管理公司不同主体。宣传里的“零投诉”未获独立验证，本轮公开索引未取得可归属个案。

[12315站内] 北京佳和誉泰家政服务有限公司
查询“北京佳和誉泰家政服务有限公司”：该名称在此次公示列表未见记录，不代表零投诉或没有历史纠纷；公示期限、名称别称和公开范围会影响结果。",未取得本轮可单列案例；不代表没有投诉。,https://tsgs.12315.cn/#/viewport,"queries.resultUrls仅为搜索返回的候选链接，可能含无关、同名或未回读页面；不自动视为采信来源，不据此生成案例或评价。案例读取及归属边界以cases为准。
https://www.jhytjz.cn/col.jsp?id=104
https://www.shuididp.cn/yp-88193df6e178b77120f1f31c28966e01.html
https://www.byxue.com/school-7992/
https://tm.aliyun.com/detail/0214_21438294_45
https://www.ibixue.com/school-7992/
https://www.58.com/npphy202211245124/
https://m.bj.bendibao.com/wangdian/jiazheng/list4.htm
https://www.dongdongchai.com/so/24883_2.html
https://news.sina.cn/2020-09-25/detail-iivhuipp6468365.d.html
https://www.58.com/npphy202212046775/",2026-09-21
new-association-jiayi,佳翊会,回读三联2023医院停业报道：提及的佳翊会咨询服务公司为被拖欠月嫂费用的一方，报道并称其垫付月嫂工资；不能反向归为该家政欠薪。与协会教育科技主体关系未核。,已按1组名称查询当前公示列表，本轮未见记录；不代表零投诉，公示期限、名称别称和公开范围会影响结果。,"[黑猫投诉公开索引] site:tousu.sina.com.cn ""佳翊会""
本轮该平台定向公开索引未取得可归属个案；搜索不命中不等于没有投诉。

[消费保公开索引] site:xfb315.com ""佳翊会""
本轮该平台定向公开索引未取得可归属个案；搜索不命中不等于没有投诉。

[投诉/媒体/监管/司法公开网页] ""佳翊会"" 投诉
回读三联2023医院停业报道：提及的佳翊会咨询服务公司为被拖欠月嫂费用的一方，报道并称其垫付月嫂工资；不能反向归为该家政欠薪。与协会教育科技主体关系未核。

[12315站内] 北京佳翊教育科技服务有限公司
查询“北京佳翊教育科技服务有限公司”：该名称在此次公示列表未见记录，不代表零投诉或没有历史纠纷；公示期限、名称别称和公开范围会影响结果。",未取得本轮可单列案例；不代表没有投诉。,https://tsgs.12315.cn/#/viewport,"queries.resultUrls仅为搜索返回的候选链接，可能含无关、同名或未回读页面；不自动视为采信来源，不据此生成案例或评价。案例读取及归属边界以cases为准。
https://paper.people.com.cn/rmrbhwb/page/2018-01/24/06/rmrbhwb2018012406.pdf
https://paper.people.com.cn/rmrbhwb/page/2017-09/02/10/rmrbhwb2017090210.pdf
https://tm.aliyun.com/detail/a495_36519969_35
https://m.91goodschool.com/school/10791.html
https://www.lifeweek.com.cn/h5/article/detail.do?artId=204593
https://m.city8.com/bj/life/88945t8202yzbd15e3_address
https://www.91goodschool.com/course/10791-187876.html
https://bj.jiaoyubao.cn/edu/jymy/
https://edu.sdnews.com.cn/bj/j_1ee63/index.html
https://www.jiaoyubao.cn/ka/521433.html
https://www.91goodschool.com/course/10791-187870.html
https://www.youbangkeyi.com/newdetail/106044
https://edu.sdnews.com.cn/bj/j_1ee63/about/index.html
https://peixun.dzwww.com/bj/edu/j_f706/
https://paper.people.com.cn/zgcsb/pc/attachement/202502/24/8a1c857b-060f-44e3-bb08-679ecfe001dc.pdf",2026-09-21
new-association-yangguang21,阳光二十一 / 阳光21,核对北京阳光二十一文化发展有限公司及阳光二十一别称。结果以培训、员工制名录和点评相册为主；消费保返回阳光人寿保险及旅游等同词结果，均不属该家政主体。 本轮公开索引未取得可归属的投诉或处罚个案。,已按1组名称查询当前公示列表，本轮未见记录；不代表零投诉，公示期限、名称别称和公开范围会影响结果。,"[黑猫投诉公开索引] site:tousu.sina.com.cn 阳光二十一 OR 阳光21
已实际检索 site:tousu.sina.com.cn 阳光二十一 OR 阳光21；同批输出候选经主体人工核对，本轮公开索引未取得可归属的平台投诉个案。

[消费保旧域公开索引] site:xfb315.com 阳光二十一 OR 阳光21
已实际检索 site:xfb315.com 阳光二十一 OR 阳光21；同批输出候选经主体人工核对，本轮公开索引未取得可归属的平台投诉个案。

[监管/司法/媒体公开索引] ""北京阳光二十一文化发展有限公司"" 投诉 退费 12315 消协 处罚 法院 媒体
核对北京阳光二十一文化发展有限公司及阳光二十一别称。结果以培训、员工制名录和点评相册为主；消费保返回阳光人寿保险及旅游等同词结果，均不属该家政主体。

[消费保新域公开索引] 阳光二十一 OR 阳光21 消费保 site:xfb365.com
已实际检索 阳光二十一 OR 阳光21 消费保 site:xfb365.com；同批输出候选经主体人工核对，本轮公开索引未取得可归属的平台投诉个案。 返回的平台同名或其他商户候选见排除说明，不能视为本机构投诉。

[品牌别称/个案后续补查] ""阳光二十一"" 家政 投诉
补查实际执行。核对北京阳光二十一文化发展有限公司及阳光二十一别称。结果以培训、员工制名录和点评相册为主；消费保返回阳光人寿保险及旅游等同词结果，均不属该家政主体。

[12315站内] 北京阳光二十一文化发展有限公司
查询“北京阳光二十一文化发展有限公司”：该名称在此次公示列表未见记录，不代表零投诉或没有历史纠纷；公示期限、名称别称和公开范围会影响结果。",未取得本轮可单列案例；不代表没有投诉。,https://tsgs.12315.cn/#/viewport,"queries.resultUrls仅为搜索返回的候选链接，可能含无关、同名或未回读页面；不自动视为采信来源，不据此生成案例或评价。案例读取及归属边界以cases为准。
https://sw.beijing.gov.cn/phone/zwxx/swzjzczc/201912/t20191220_1349535.html
https://www.chinaparkm.com/beijing/article/17062.html
https://fgw.beijing.gov.cn/gzdt/tztg/202301/P020230110612533374214.pdf
https://www.xfb365.com/
https://www.xfb365.com/article
https://www.xfb365.com/brands/1214
https://m.xfb365.com/
https://www.xfb365.com/tousu/101705909
https://www.xfb365.com/article/155496
https://www.xfb365.com/complaint/tags/2_1_3012_35344.html
https://m.xfb365.com/tousu/99250221
https://m.xfb365.com/tousu/97328204
https://www.xfb365.com/article/142014
https://rsj.beijing.gov.cn/xxgk/tzgg/202511/t20251103_4251298.html
https://www.bjdch.gov.cn/zwgk/zdlygk/wgjyzdly/qyzp/202604/t20260430_4630359.html
https://www.zhaopin.com/jobdetail/CCL1249778540J40946557702.htm
https://he.people.com.cn/BIG5/n2/2025/1110/c192235-41406308.html
https://www.reddit.com/r/China_irl/comments/1wccra5/%E6%88%91%E7%9A%84%E5%AD%A9%E5%AD%90%E5%9C%A8%E4%B8%AD%E5%9B%BD%E4%B8%8A%E5%B0%8F%E5%AD%A61%E5%B9%B4%E7%BA%A7%E4%BA%86%E6%88%91%E7%9A%84%E5%BF%83%E6%83%85%E5%BE%88%E6%B2%89%E9%87%8D/
https://www.bjdch.gov.cn/ywdt/xdcb/202509/P020250912383799723188.pdf
https://he.people.com.cn/n2/2026/0730/c192235-41654581.html
https://net.hebccw.cn/system/2025/12/09/102131851.shtml
https://www.imline.cn/news/guonei/2026/032G9A422026.html
https://www.dianping.com/shop/3540088/photos/album
https://www.bjmy.gov.cn/zwgk/ztbd/xymy/xyxx/202506/t20250609_497514.html
https://www.reddit.com/r/China_irl/comments/1t9m6kd/%E7%8F%AD%E9%87%8C%E4%BC%9A%E7%AA%81%E7%84%B6%E5%B0%91%E6%8E%89%E4%B8%80%E6%89%B9%E5%AD%A9%E5%AD%90/
https://qspfw.moe.gov.cn/html/sublaws/20201019/17827.html
https://www.gswomen.org.cn/shouye/funvfazhan/qiaoshouchuangye/1593156039447130113.html
https://mp.sohu.com/profile?xpt=Y2FjYmU5YzktNTRmYy00MWFlLWIzOGMtMDM5NTQxNzk3Zjhh
https://www.reddit.com/r/LiberalGooseGroup/comments/x2hjgy
https://www.reddit.com/r/China_irl/comments/peeexl
https://yzdsb.hbfzb.com/yzdsbpaper/pc/att/202603/25/82e0250a-639f-43b3-8977-9b5290fb9d40.pdf
https://www.reddit.com/r/China_irl/comments/1it77gp/removed/",2026-09-21
new-association-enci,恩赐月嫂,新增2013年京华时报暗访：明确指向恩赐第一分公司，涉及未培训、未核健康证明和包装育婴经验；保留报道中协会回应以及记者未实际入户的界限。旧生命时报走访也已回读，其恩赐段仅涉及健康证明和复检答复，不能把其他公司的办假证情节归给恩赐。,已按1组名称查询当前公示列表，本轮未见记录；不代表零投诉，公示期限、名称别称和公开范围会影响结果。,"[黑猫投诉公开索引] site:tousu.sina.com.cn 恩赐月嫂
已实际检索 site:tousu.sina.com.cn 恩赐月嫂；同批输出候选经主体人工核对，本轮公开索引未取得可归属的平台投诉个案。

[消费保旧域公开索引] site:xfb315.com 恩赐月嫂
已实际检索 site:xfb315.com 恩赐月嫂；同批输出候选经主体人工核对，本轮公开索引未取得可归属的平台投诉个案。

[监管/司法/媒体公开索引] ""北京恩赐月嫂家政服务有限公司"" 投诉 退费 12315 消协 处罚 法院 媒体
新增2013年京华时报暗访：明确指向恩赐第一分公司，涉及未培训、未核健康证明和包装育婴经验；保留报道中协会回应以及记者未实际入户的界限。旧生命时报走访也已回读，其恩赐段仅涉及健康证明和复检答复，不能把其他公司的办假证情节归给恩赐。

[消费保新域公开索引] 恩赐月嫂 消费保 site:xfb365.com
已实际检索 恩赐月嫂 消费保 site:xfb365.com；同批输出候选经主体人工核对，本轮公开索引未取得可归属的平台投诉个案。 返回的平台同名或其他商户候选见排除说明，不能视为本机构投诉。

[品牌别称/个案后续补查] ""恩赐"" ""2013"" ""整改""
补查实际执行。新增2013年京华时报暗访：明确指向恩赐第一分公司，涉及未培训、未核健康证明和包装育婴经验；保留报道中协会回应以及记者未实际入户的界限。旧生命时报走访也已回读，其恩赐段仅涉及健康证明和复检答复，不能把其他公司的办假证情节归给恩赐。

[12315站内] 北京恩赐月嫂家政服务有限公司
查询“北京恩赐月嫂家政服务有限公司”：该名称在此次公示列表未见记录，不代表零投诉或没有历史纠纷；公示期限、名称别称和公开范围会影响结果。","案例：京城月嫂行业乱象调查
日期：2013-02-17刊发；2013年1–2月暗访
工种：育婴嫂
记录：记者无育儿经历、未出示身份证健康证且未受培训，报道称该分公司仍收300元培训费，指导将23岁改25岁、虚构带孩子经历；面谈后口头约定三天试用、月薪3500元，记者最终未实际入户。
回应：报道记录分公司负责人在面谈时称健康证刚过期、接受一个月正规培训；北京家政服务协会工作人员未正面回应恩赐行为。未取得报道后的公司正式答复。
处理结果：暗访止于面谈及口头协议；未取得监管处理、退费或后续整改结果。
限制：历史单一分公司媒体调查，非当前各店统一情况；文中雇主曾换十余育儿嫂涉及多家公司，不能全归恩赐。
读取状态：原生web解码失败后curl直连GBK解码，已读全文，HTML/文本留存
来源：https://style.sina.com.cn/news/p/2013-02-17/0928116250.shtml

案例：家政市场还是很乱，没干过也能上岗
日期：网页显示2024-03-09；正文仍将2016标准实施写作将来，事件年未确认
工种：普通保姆
记录：恩赐段记录健康证明是否齐全及雇主提出复检的问答；同篇其他公司可代办证件的情节未归恩赐。
回应：恩赐门店答复健康证齐全，雇主可自费复检，查出问题可以换。
处理结果：报道未对应具体成交及退款处置。
限制：文章正文时间与页面时间冲突，不能作为2024现行服务承诺；非客户投诉。
读取状态：已用原生web回读正文、当事人意见及处理结果
来源：https://www.lifetimes.cn/article/9CaKrnJQcvF","https://style.sina.com.cn/news/p/2013-02-17/0928116250.shtml
https://www.lifetimes.cn/article/9CaKrnJQcvF
https://tsgs.12315.cn/#/viewport","queries.resultUrls仅为搜索返回的候选链接，可能含无关、同名或未回读页面；不自动视为采信来源，不据此生成案例或评价。案例读取及归属边界以cases为准。
https://style.sina.com.cn/news/p/2013-02-17/0928116250.shtml
https://www.bjfsh.gov.cn/zwgk/qrlsbj/zdly_999/fshcyjy/rlzyscgqxx/202607/t20260710_40115508.shtml
https://top.qcc.com/tc/1b11607d75b1.html
https://www.lifetimes.cn/article/9CaKrnJQcvF
https://www.xfb365.com/tousu/101738040
https://www.xfb365.com/article/156105
https://www.xfb365.com/article/154191
https://www.xfb365.com/article
https://www.xfb365.com/
https://www.xfb365.com/article/155465
https://www.xfb365.com/brands/data_78592
https://www.xfb365.com/article/116494
https://zh.wikisource.org/zh-hans/%E5%8C%97%E4%BA%AC%E9%87%91%E8%90%8C%E6%B3%B0%E5%8C%BB%E9%99%A2%E7%AE%A1%E7%90%86%E9%9B%86%E5%9B%A2%E6%9C%89%E9%99%90%E5%85%AC%E5%8F%B8%E4%B8%8E%E6%88%B4%E6%B7%91%E5%8D%8E%E4%B8%80%E5%AE%A1%E6%B0%91%E4%BA%8B%E5%88%A4%E5%86%B3%E4%B9%A6
https://www.bjxch.gov.cn/zt/xzxkhxzcfgszl/syx/xxxq4/pnidpv675e8cb4eac84379be96256b74bda00e.html
https://www.fjls0591.com/nd.jsp?id=445
https://nh.cnnb.com.cn/system/2015/01/29/011135350.shtml
https://www.ccphistory.org.cn/images/thumbnailimg/month_1408/201408251857236791.pdf
https://static.cninfo.com.cn/finalpage/2020-07-15/1208043554.PDF
https://www.huian.gov.cn/zwgk/zdxxgk/zdjsxm/xmsphz/202608/t20260821_3321470.htm
https://dangjian.people.com.cn/n/2013/1022/c117092-23282179.html
https://finance.sina.com.cn/roll/2026-01-10/doc-inhfvnnn9400980.shtml
https://www.renrendoc.com/p-59339104.html
https://www.gdszjgdj.org/gzpp/qzlx/ywyl/content/post_244957.html
https://www.srhj.org.cn/CN/volumn/volumn_53.shtml
https://ribao.xyxww.com.cn/html/14/2013-05/16/03/2013051603_pdf.pdf
https://img1.xinmin.cn/xmwb/2024-11-04/151104.pdf
https://www.cxshb.gov.cn/info/46277/599942.htm
https://www.shzx.org/web/info/39-7154-0.html
https://2bur.cscec.com/xwzx6/qykw6/201310/P020171223018658579291.pdf",2026-09-21
new-association-super,超级保姆,以北京超级保姆家政服务有限公司核归属。消费保返回阿姨到了（北京）家政有限公司的5600元中介费争议，属于另一法人，不能并入超级保姆；自如等结果同样排除。 本轮公开索引未取得可归属的投诉或处罚个案。,已回读详情中最新公示（2025-12-11）：北京超级保姆家政服务有限公司，服务类别为家政中介服务，处理结果为“未达成调解协议”。公示未披露协议细节及退款到账证据，不能据此推断北京育儿嫂整体服务质量。,"[黑猫投诉公开索引] site:tousu.sina.com.cn 北京超级保姆
已实际检索 site:tousu.sina.com.cn 北京超级保姆；同批输出候选经主体人工核对，本轮公开索引未取得可归属的平台投诉个案。

[消费保旧域公开索引] site:xfb315.com 北京超级保姆
已实际检索 site:xfb315.com 北京超级保姆；同批输出候选经主体人工核对，本轮公开索引未取得可归属的平台投诉个案。

[监管/司法/媒体公开索引] ""北京超级保姆家政服务有限公司"" 投诉 退费 12315 消协 处罚 法院 媒体
以北京超级保姆家政服务有限公司核归属。消费保返回阿姨到了（北京）家政有限公司的5600元中介费争议，属于另一法人，不能并入超级保姆；自如等结果同样排除。

[消费保新域公开索引] 北京超级保姆 消费保 site:xfb365.com
已实际检索 北京超级保姆 消费保 site:xfb365.com；同批输出候选经主体人工核对，本轮公开索引未取得可归属的平台投诉个案。 返回的平台同名或其他商户候选见排除说明，不能视为本机构投诉。

[12315站内] 北京超级保姆家政服务有限公司
查询“北京超级保姆家政服务有限公司”此次页面显示1条关键词匹配公示。可见2025-12-11公示的家政中介定金及退赔争议，服务工种未细分。以上数量是所列查询关键词此次匹配的公示记录数，可能含分支、近名和不同服务工种；不同查询之间可能重叠，不合计为机构投诉总数，不是投诉率或质量排名。公示期限为一年，不涵盖全部历史、未公开投诉或所有分支。投诉内容为当事人填写，调解结果不是违法认定；达成调解不等于退款已到账。","案例：北京超级保姆家政服务有限公司消费投诉处理公示
日期：2025-09-30
工种：家政中介服务
记录：消费者反映2025-09-29购买的家政中介服务涉及定金及退赔争议。官方公示列出的处理结果为“未达成调解协议”。
回应：公示没有展示企业具体答复。
处理结果：未达成调解协议
处理部门：北京朝阳区市场监督管理局
限制：投诉基本信息与问题由当事人填报，不是违法认定。公示未披露协议具体内容、退款金额或到账证据；未确认该单为育儿嫂。公示期限为一年，本次只回读选取的具名详情。
读取状态：已打开12315官方详情，核对主体、服务及处理结果
来源：https://tsgs.12315.cn/#/viewport",https://tsgs.12315.cn/#/viewport,"queries.resultUrls仅为搜索返回的候选链接，可能含无关、同名或未回读页面；不自动视为采信来源，不据此生成案例或评价。案例读取及归属边界以cases为准。
https://www.xfb365.com/tousu/100901011
https://m.xfb365.com/tousu/101905913
https://www.xfb365.com/article/154783
https://www.xfb365.com/guide
https://www.xfb365.com/article/155465
https://www.xfb365.com/article
https://www.xfb365.com/brands/41362
https://www.xfb365.com/brands/data_45408
https://m.xfb365.com/tousu/102003973
https://www.xfb365.com/article/155496
https://m.xfb365.com/tousu/101589928
https://www.xfb365.com/brands/101106",2026-09-21
new-association-guanjia,管家多多,结果有河北福嫂输入基地、家政之家住宿和培训学员评价；这些不是雇主育儿订单口碑。桔多多网贷、链家房产和轻松到家投诉均非管家多多。 本轮公开索引未取得可归属的投诉或处罚个案。,已回读详情中最新公示（2026-07-22）：北京管家多多家政有限公司，服务类别为其他技能培训服务，处理结果为“未达成调解协议”。公示未披露协议细节及退款到账证据，不能据此推断北京育儿嫂整体服务质量。,"[黑猫投诉公开索引] site:tousu.sina.com.cn 管家多多
已实际检索 site:tousu.sina.com.cn 管家多多；同批输出候选经主体人工核对，本轮公开索引未取得可归属的平台投诉个案。

[消费保旧域公开索引] site:xfb315.com 管家多多
已实际检索 site:xfb315.com 管家多多；同批输出候选经主体人工核对，本轮公开索引未取得可归属的平台投诉个案。

[监管/司法/媒体公开索引] ""北京管家多多家政有限公司"" 投诉 退费 12315 消协 处罚 法院 媒体
结果有河北福嫂输入基地、家政之家住宿和培训学员评价；这些不是雇主育儿订单口碑。桔多多网贷、链家房产和轻松到家投诉均非管家多多。

[消费保新域公开索引] 管家多多 消费保 site:xfb365.com
已实际检索 管家多多 消费保 site:xfb365.com；同批输出候选经主体人工核对，本轮公开索引未取得可归属的平台投诉个案。 返回的平台同名或其他商户候选见排除说明，不能视为本机构投诉。

[12315站内] 北京管家多多家政有限公司
查询“北京管家多多家政有限公司”此次页面显示5条关键词匹配公示。首屏包含技能培训及其他家政服务，涉及合同、售后与宣传争议；不同服务不能合并为育儿嫂评价。以上数量是所列查询关键词此次匹配的公示记录数，可能含分支、近名和不同服务工种；不同查询之间可能重叠，不合计为机构投诉总数，不是投诉率或质量排名。公示期限为一年，不涵盖全部历史、未公开投诉或所有分支。投诉内容为当事人填写，调解结果不是违法认定；达成调解不等于退款已到账。","案例：北京管家多多家政有限公司消费投诉处理公示
日期：2026-05-18
工种：其他技能培训服务
记录：消费者反映2026-05-18购买的其他技能培训服务涉及合同履行与退赔争议。官方公示列出的处理结果为“未达成调解协议”。
回应：公示没有展示企业具体答复。
处理结果：未达成调解协议
处理部门：北京朝阳区市场监督管理局
限制：投诉基本信息与问题由当事人填报，不是违法认定。公示未披露协议具体内容、退款金额或到账证据；未确认该单为育儿嫂。公示期限为一年，本次只回读选取的具名详情。
读取状态：已打开12315官方详情，核对主体、服务及处理结果
来源：https://tsgs.12315.cn/#/viewport",https://tsgs.12315.cn/#/viewport,"queries.resultUrls仅为搜索返回的候选链接，可能含无关、同名或未回读页面；不自动视为采信来源，不据此生成案例或评价。案例读取及归属边界以cases为准。
https://rsj.beijing.gov.cn/xxgk/tzgg/202511/t20251103_4251298.html
https://rsj.beijing.gov.cn/bm/ztzl/ssjzlwpp/
https://he.people.com.cn/n2/2026/0719/c192235-41643224.html
https://bj.jiaoyubao.cn/edu/bjgjdd/
https://www.lf.gov.cn/Item/148916.aspx
https://m.xfb365.com/
https://www.xfb365.com/brands/41948
https://www.xfb365.com/article
https://m.xfb365.com/tousu/101189969
https://m.xfb365.com/tousu/100921563
https://www.xfb365.com/brands/34809
https://www.xfb365.com/guide",2026-09-21
new-association-fuping,福平家政,精确主体和品牌补查仍以福嫂住宿、培训、公益及招聘报道为主。招聘自述提到原富平家政，尚不足独立证明全部历史法人沿革；不把其他富平主体争议直接并入。 本轮公开索引未取得可归属的投诉或处罚个案。,已按1组名称查询当前公示列表，本轮未见记录；不代表零投诉，公示期限、名称别称和公开范围会影响结果。,"[黑猫投诉公开索引] site:tousu.sina.com.cn ""北京福平家政""
已实际检索 site:tousu.sina.com.cn ""北京福平家政""；同批输出候选经主体人工核对，本轮公开索引未取得可归属的平台投诉个案。

[消费保旧域公开索引] site:xfb315.com ""北京福平家政""
已实际检索 site:xfb315.com ""北京福平家政""；同批输出候选经主体人工核对，本轮公开索引未取得可归属的平台投诉个案。

[监管/司法/媒体公开索引] ""北京福平家政服务有限公司"" 投诉 退费 12315 消协 处罚 法院 媒体
精确主体和品牌补查仍以福嫂住宿、培训、公益及招聘报道为主。招聘自述提到原富平家政，尚不足独立证明全部历史法人沿革；不把其他富平主体争议直接并入。

[消费保新域公开索引] ""北京福平家政"" 消费保 site:xfb365.com
已实际检索 ""北京福平家政"" 消费保 site:xfb365.com；同批输出候选经主体人工核对，本轮公开索引未取得可归属的平台投诉个案。

[品牌别称/个案后续补查] ""北京福平"" 家政 投诉 退费
补查实际执行。精确主体和品牌补查仍以福嫂住宿、培训、公益及招聘报道为主。招聘自述提到原富平家政，尚不足独立证明全部历史法人沿革；不把其他富平主体争议直接并入。

[12315站内] 北京福平家政服务有限公司
查询“北京福平家政服务有限公司”：该名称在此次公示列表未见记录，不代表零投诉或没有历史纠纷；公示期限、名称别称和公开范围会影响结果。",未取得本轮可单列案例；不代表没有投诉。,https://tsgs.12315.cn/#/viewport,"queries.resultUrls仅为搜索返回的候选链接，可能含无关、同名或未回读页面；不自动视为采信来源，不据此生成案例或评价。案例读取及归属边界以cases为准。
https://rsj.beijing.gov.cn/xxgk/tzgg/202511/t20251103_4251298.html
https://he.people.com.cn/n2/2026/0512/c192235-41577829.html
https://he.people.com.cn/n2/2025/1209/c192235-41436369.html
https://yzdsb.hbfzb.com/yzdsbpaper/pc/content/202603/25/content_99100.html
https://www.zhaopin.com/jobdetail/CCL1249778540J40953907602.htm
https://www.zhaopin.com/jobdetail/CCL1249778540J40944321402.htm
https://www.zhaopin.com/jobdetail/CCL1249778540J40859918602.htm
https://www.xiongan.gov.cn/20260603/0490d8632e304962862899d01a842fdb/c.html
https://www.zhaopin.com/jobdetail/CCL1249778540J40946557702.htm
https://society.people.com.cn/n1/2026/0111/c1008-40642839.html
https://www.bjdch.gov.cn/ywdt/xdcb/202509/P020250912383799723188.pdf
https://pdf.dfcfw.com/pdf/H2_AN202007291395112958_1.pdf
https://www.bjdch.gov.cn/zwgk/zdlygk/wgjyzdly/qyzp/202604/t20260430_4630359.html
https://fgw.beijing.gov.cn/gzdt/tztg/202301/P020230110612533374214.pdf
https://he.people.com.cn/BIG5/n2/2025/1110/c192235-41406308.html
https://www.reddit.com/r/China_irl/comments/1wccra5/%E6%88%91%E7%9A%84%E5%AD%A9%E5%AD%90%E5%9C%A8%E4%B8%AD%E5%9B%BD%E4%B8%8A%E5%B0%8F%E5%AD%A61%E5%B9%B4%E7%BA%A7%E4%BA%86%E6%88%91%E7%9A%84%E5%BF%83%E6%83%85%E5%BE%88%E6%B2%89%E9%87%8D/
https://he.people.com.cn/n2/2026/0730/c192235-41654581.html
https://net.hebccw.cn/system/2025/12/09/102131851.shtml
https://www.imline.cn/news/guonei/2026/032G9A422026.html
https://www.dianping.com/shop/3540088/photos/album
https://www.bjmy.gov.cn/zwgk/ztbd/xymy/xyxx/202506/t20250609_497514.html
https://www.reddit.com/r/China_irl/comments/1t9m6kd/%E7%8F%AD%E9%87%8C%E4%BC%9A%E7%AA%81%E7%84%B6%E5%B0%91%E6%8E%89%E4%B8%80%E6%89%B9%E5%AD%A9%E5%AD%90/
https://qspfw.moe.gov.cn/html/sublaws/20201019/17827.html
https://www.gswomen.org.cn/shouye/funvfazhan/qiaoshouchuangye/1593156039447130113.html
https://mp.sohu.com/profile?xpt=Y2FjYmU5YzktNTRmYy00MWFlLWIzOGMtMDM5NTQxNzk3Zjhh
https://www.reddit.com/r/LiberalGooseGroup/comments/x2hjgy
https://www.reddit.com/r/China_irl/comments/peeexl
https://yzdsb.hbfzb.com/yzdsbpaper/pc/att/202603/25/82e0250a-639f-43b3-8977-9b5290fb9d40.pdf
https://www.reddit.com/r/China_irl/comments/1it77gp/removed/",2026-09-21
new-association-aiyingbao,爱婴宝,已以北京爱婴宝主体核查；结果是2018培训等历史项目及工商/招聘资料。万婴宝、亿婴宝和异地爱婴宝名称接近，不能互相替代。 本轮公开索引未取得可归属的投诉或处罚个案。,已按1组名称查询当前公示列表，本轮未见记录；不代表零投诉，公示期限、名称别称和公开范围会影响结果。,"[黑猫投诉公开索引] site:tousu.sina.com.cn ""北京爱婴宝家政""
已实际检索 site:tousu.sina.com.cn ""北京爱婴宝家政""；同批输出候选经主体人工核对，本轮公开索引未取得可归属的平台投诉个案。

[消费保旧域公开索引] site:xfb315.com ""北京爱婴宝家政""
已实际检索 site:xfb315.com ""北京爱婴宝家政""；同批输出候选经主体人工核对，本轮公开索引未取得可归属的平台投诉个案。

[监管/司法/媒体公开索引] ""北京爱婴宝家政服务有限公司"" 投诉 退费 12315 消协 处罚 法院 媒体
已以北京爱婴宝主体核查；结果是2018培训等历史项目及工商/招聘资料。万婴宝、亿婴宝和异地爱婴宝名称接近，不能互相替代。

[消费保新域公开索引] ""北京爱婴宝家政"" 消费保 site:xfb365.com
已实际检索 ""北京爱婴宝家政"" 消费保 site:xfb365.com；同批输出候选经主体人工核对，本轮公开索引未取得可归属的平台投诉个案。

[12315站内] 北京爱婴宝家政服务有限公司
查询“北京爱婴宝家政服务有限公司”：该名称在此次公示列表未见记录，不代表零投诉或没有历史纠纷；公示期限、名称别称和公开范围会影响结果。",未取得本轮可单列案例；不代表没有投诉。,https://tsgs.12315.cn/#/viewport,"queries.resultUrls仅为搜索返回的候选链接，可能含无关、同名或未回读页面；不自动视为采信来源，不据此生成案例或评价。案例读取及归属边界以cases为准。
https://sw.beijing.gov.cn/zwxx/swzjzczc/201912/t20191218_1260430.html
https://top.qcc.com/tc/eeffe8913fad.html
https://rsj.ankang.gov.cn/Content-2838763.html
https://news.sina.com.cn/c/2007-01-01/023510905731s.shtml
https://www.chsa.com.cn/nd.jsp?fromColId=2&id=82
https://www.xudoodoo.com/Article-MTU1OQ-48883.html
https://www.e3z.cn/favorites/shfw/
https://www.sohu.com/a/872726850_121106869
https://wap.bjd.com.cn/news/2026/04/09/11677749.shtml
https://finance.sina.com.cn/zt_d/xfhe/
https://m.thepaper.cn/newsDetail_forward_22695587",2026-09-21
new-association-zhengde,正德社区服务中心,以北京市昌平区正德社区服务中心核查，结果主要为社区服务、养老文章和名录。回查搜索返回的民政局2025年三季度检查公示，未找到该中心名称，不能据标题写成其处罚。 本轮公开索引未取得可归属的投诉或处罚个案。,已按1组名称查询当前公示列表，本轮未见记录；不代表零投诉，公示期限、名称别称和公开范围会影响结果。,"[黑猫投诉公开索引] site:tousu.sina.com.cn ""北京正德社区服务中心""
已实际检索 site:tousu.sina.com.cn ""北京正德社区服务中心""；同批输出候选经主体人工核对，本轮公开索引未取得可归属的平台投诉个案。

[消费保旧域公开索引] site:xfb315.com ""北京正德社区服务中心""
已实际检索 site:xfb315.com ""北京正德社区服务中心""；同批输出候选经主体人工核对，本轮公开索引未取得可归属的平台投诉个案。

[监管/司法/媒体公开索引] ""北京市昌平区正德社区服务中心"" 投诉 退费 12315 消协 处罚 法院 媒体
以北京市昌平区正德社区服务中心核查，结果主要为社区服务、养老文章和名录。回查搜索返回的民政局2025年三季度检查公示，未找到该中心名称，不能据标题写成其处罚。

[消费保新域公开索引] ""北京正德社区服务中心"" 消费保 site:xfb365.com
已实际检索 ""北京正德社区服务中心"" 消费保 site:xfb365.com；同批输出候选经主体人工核对，本轮公开索引未取得可归属的平台投诉个案。

[12315站内] 北京市昌平区正德社区服务中心
查询“北京市昌平区正德社区服务中心”：该名称在此次公示列表未见记录，不代表零投诉或没有历史纠纷；公示期限、名称别称和公开范围会影响结果。",未取得本轮可单列案例；不代表没有投诉。,https://tsgs.12315.cn/#/viewport,"queries.resultUrls仅为搜索返回的候选链接，可能含无关、同名或未回读页面；不自动视为采信来源，不据此生成案例或评价。案例读取及归属边界以cases为准。
https://web.chinde.com.cn/
https://biaozhunxiaozhi.com/standards/t-iot-0701-2022
https://www.sohu.com/a/1056356260_122639070
https://cj.sina.com.cn/articles/view/5953466483/162dab07301901gghw
https://www.beijing.gov.cn/zhengce/zhengcefagui/201908/t20190819_103866.html
https://m.bjnews.com.cn/detail/1718875882169202.html
https://www.beijing.gov.cn/zhengce/zcjd/201908/t20190819_103867.html
https://fgw.beijing.gov.cn/fgwzwgk/2024zcwj/ghjhwb/wngh/202204/W020240628790984392896.pdf
https://yjsy.bucea.edu.cn/docs/2022-04/08c18ade213840039e87e8a81043f2bb.pdf
https://app.bjtitle.com/8816/newshow.php?did=867540036296033&mood=&newsid=6635687&typeid=92&uid=0
https://mzj.beijing.gov.cn/art/2025/10/14/art_363_690086.html
https://static.cninfo.com.cn/finalpage/2018-04-25/1204739610.PDF
https://banshi.beijing.gov.cn/pubtask/task/1/110114009000/243c95bd-bb20-4e6a-bd33-e1d31e296aa1.html?locationCode=11110221061333060U12",2026-09-21
candidate-assoc-589,家和贝婴家政,用家和贝婴品牌及北京家和贝婴健康科技有限公司检索，公开投诉索引稀疏。搜索返回两份怀柔区检查表，回读未找到家和贝婴，未取得可关联该店铺的监管个案；58店铺与法人关系仍应以合同核验。 本轮公开索引未取得可归属的投诉或处罚个案。,已按1组名称查询当前公示列表，本轮未见记录；不代表零投诉，公示期限、名称别称和公开范围会影响结果。,"[黑猫投诉公开索引] site:tousu.sina.com.cn ""家和贝婴""
已实际检索 site:tousu.sina.com.cn ""家和贝婴""；同批输出候选经主体人工核对，本轮公开索引未取得可归属的平台投诉个案。

[消费保旧域公开索引] site:xfb315.com ""家和贝婴""
已实际检索 site:xfb315.com ""家和贝婴""；同批输出候选经主体人工核对，本轮公开索引未取得可归属的平台投诉个案。

[监管/司法/媒体公开索引] ""北京家和贝婴健康科技有限公司"" 投诉 退费 12315 消协 处罚 法院 媒体
用家和贝婴品牌及北京家和贝婴健康科技有限公司检索，公开投诉索引稀疏。搜索返回两份怀柔区检查表，回读未找到家和贝婴，未取得可关联该店铺的监管个案；58店铺与法人关系仍应以合同核验。

[消费保新域公开索引] ""家和贝婴"" 消费保 site:xfb365.com
已实际检索 ""家和贝婴"" 消费保 site:xfb365.com；同批输出候选经主体人工核对，本轮公开索引未取得可归属的平台投诉个案。

[品牌别称/个案后续补查] ""家和贝婴"" 投诉 退款
补查实际执行。用家和贝婴品牌及北京家和贝婴健康科技有限公司检索，公开投诉索引稀疏。搜索返回两份怀柔区检查表，回读未找到家和贝婴，未取得可关联该店铺的监管个案；58店铺与法人关系仍应以合同核验。

[12315站内] 北京家和贝婴健康科技有限公司
查询“北京家和贝婴健康科技有限公司”：该名称在此次公示列表未见记录，不代表零投诉或没有历史纠纷；公示期限、名称别称和公开范围会影响结果。",未取得本轮可单列案例；不代表没有投诉。,https://tsgs.12315.cn/#/viewport,"queries.resultUrls仅为搜索返回的候选链接，可能含无关、同名或未回读页面；不自动视为采信来源，不据此生成案例或评价。案例读取及归属边界以cases为准。
https://www.bjhr.gov.cn/zt/xzzfxxgs/ztqzfbm/bjhrscjgj/xzzfjgscj/202401/t20240125_3545855.html
https://bkztfund.com/h-nd-7404.html
https://ipzhihu.com/NewsDetail/4612126.html
https://www.58.com/npphyhx25916139892/
https://zyk.bjhd.gov.cn/zwdt/xxgk/tzgg/201810/t20181009_3757012_hd.shtml
https://www.bjhr.gov.cn/zt/xzzfxxgs/ztqzfbm/bjhrscjgj/xzzfjgscj/202301/t20230116_2901471.html
https://money.finance.sina.com.cn/corp/view/vCB_AllBulletinDetail.php?id=10975004&stockid=300957
https://zyk.bjhd.gov.cn/zwdt/xxgk/tzgg/201812/t20181226_4182451_hd.shtml
https://vip.stock.finance.sina.com.cn/corp/view/vCB_AllBulletinDetail.php?id=10783420
https://www.juliyangliao.com/nd.jsp?id=80
https://amr.sz.gov.cn/xxgk/qt/ztlm/yxhaqjg/rcjggs/yxjdjc/content/post_12474025.html
https://rsj.ankang.gov.cn/Content-2838763.html
https://rsj.beijing.gov.cn/xxgk/tzgg/202511/t20251103_4251298.html
https://www.bjdch.gov.cn/zwgk/zdlygk/wgjyzdly/qyzp/202604/t20260430_4630359.html
https://fgw.beijing.gov.cn/gzdt/tztg/202301/P020230110612533374214.pdf
https://www.zhaopin.com/jobdetail/CCL1249778540J40946557702.htm
https://he.people.com.cn/BIG5/n2/2025/1110/c192235-41406308.html
https://www.reddit.com/r/China_irl/comments/1wccra5/%E6%88%91%E7%9A%84%E5%AD%A9%E5%AD%90%E5%9C%A8%E4%B8%AD%E5%9B%BD%E4%B8%8A%E5%B0%8F%E5%AD%A61%E5%B9%B4%E7%BA%A7%E4%BA%86%E6%88%91%E7%9A%84%E5%BF%83%E6%83%85%E5%BE%88%E6%B2%89%E9%87%8D/
https://www.bjdch.gov.cn/ywdt/xdcb/202509/P020250912383799723188.pdf
https://he.people.com.cn/n2/2026/0730/c192235-41654581.html
https://net.hebccw.cn/system/2025/12/09/102131851.shtml
https://www.imline.cn/news/guonei/2026/032G9A422026.html
https://www.dianping.com/shop/3540088/photos/album
https://www.bjmy.gov.cn/zwgk/ztbd/xymy/xyxx/202506/t20250609_497514.html
https://www.reddit.com/r/China_irl/comments/1t9m6kd/%E7%8F%AD%E9%87%8C%E4%BC%9A%E7%AA%81%E7%84%B6%E5%B0%91%E6%8E%89%E4%B8%80%E6%89%B9%E5%AD%A9%E5%AD%90/
https://qspfw.moe.gov.cn/html/sublaws/20201019/17827.html
https://www.gswomen.org.cn/shouye/funvfazhan/qiaoshouchuangye/1593156039447130113.html
https://mp.sohu.com/profile?xpt=Y2FjYmU5YzktNTRmYy00MWFlLWIzOGMtMDM5NTQxNzk3Zjhh
https://www.reddit.com/r/LiberalGooseGroup/comments/x2hjgy
https://www.reddit.com/r/China_irl/comments/peeexl
https://yzdsb.hbfzb.com/yzdsbpaper/pc/att/202603/25/82e0250a-639f-43b3-8977-9b5290fb9d40.pdf
https://www.reddit.com/r/China_irl/comments/1it77gp/removed/",2026-09-21
new-association-fumushijian,父母时间,父母时间是易泛化词，已限定北京父母时间教育科技有限公司并补父母时间教育。命中协会和公益活动，其他家长教育讨论、互联网隐私条款不构成这家机构投诉。 本轮公开索引未取得可归属的投诉或处罚个案。,已按1组名称查询当前公示列表，本轮未见记录；不代表零投诉，公示期限、名称别称和公开范围会影响结果。,"[黑猫投诉公开索引] site:tousu.sina.com.cn ""北京父母时间""
已实际检索 site:tousu.sina.com.cn ""北京父母时间""；同批输出候选经主体人工核对，本轮公开索引未取得可归属的平台投诉个案。

[消费保旧域公开索引] site:xfb315.com ""北京父母时间""
已实际检索 site:xfb315.com ""北京父母时间""；同批输出候选经主体人工核对，本轮公开索引未取得可归属的平台投诉个案。

[监管/司法/媒体公开索引] ""北京父母时间教育科技有限公司"" 投诉 退费 处罚 法院
父母时间是易泛化词，已限定北京父母时间教育科技有限公司并补父母时间教育。命中协会和公益活动，其他家长教育讨论、互联网隐私条款不构成这家机构投诉。

[消费保新域公开索引] ""北京父母时间"" 消费保 site:xfb365.com
已实际检索 ""北京父母时间"" 消费保 site:xfb365.com；同批输出候选经主体人工核对，本轮公开索引未取得可归属的平台投诉个案。

[品牌别称/个案后续补查] ""父母时间教育"" 投诉
补查实际执行。父母时间是易泛化词，已限定北京父母时间教育科技有限公司并补父母时间教育。命中协会和公益活动，其他家长教育讨论、互联网隐私条款不构成这家机构投诉。

[12315站内] 北京父母时间教育科技有限公司
查询“北京父母时间教育科技有限公司”：该名称在此次公示列表未见记录，不代表零投诉或没有历史纠纷；公示期限、名称别称和公开范围会影响结果。",未取得本轮可单列案例；不代表没有投诉。,https://tsgs.12315.cn/#/viewport,"queries.resultUrls仅为搜索返回的候选链接，可能含无关、同名或未回读页面；不自动视为采信来源，不据此生成案例或评价。案例读取及归属边界以cases为准。
https://www.chsa.com.cn/nd.jsp?id=823
https://www.zqjz.com/index/index/wlist?id=113
https://cctvjingji.com/part-139/14910.html
https://m.zhipin.com/companys/31da5a5883f84f171HB92dS1GFc~.html
https://www.xhslw.com/m/view.php?aid=4236
https://basic.10jqka.com.cn/002607/operate.html
https://www.kimi.com/user/agreement/kimiClawPrivacy
https://basic.10jqka.com.cn/ajax/usaph/pubDetail/c2d0f815eab9fc87_translation
https://basic.10jqka.com.cn/ajax/usaph/pubDetail/40027d75b367b1c5_translation
https://www.myq3.com/m/79396.html
https://basic.10jqka.com.cn/ajax/usaph/pubDetail/a1501aaa08273387_translation
https://basic.10jqka.com.cn/ajax/usaph/pubDetail/cbadbdd587c1070c_translation
https://rsj.beijing.gov.cn/xxgk/tzgg/202511/t20251103_4251298.html
https://www.bjdch.gov.cn/zwgk/zdlygk/wgjyzdly/qyzp/202604/t20260430_4630359.html
https://fgw.beijing.gov.cn/gzdt/tztg/202301/P020230110612533374214.pdf
https://www.zhaopin.com/jobdetail/CCL1249778540J40946557702.htm
https://he.people.com.cn/BIG5/n2/2025/1110/c192235-41406308.html
https://www.reddit.com/r/China_irl/comments/1wccra5/%E6%88%91%E7%9A%84%E5%AD%A9%E5%AD%90%E5%9C%A8%E4%B8%AD%E5%9B%BD%E4%B8%8A%E5%B0%8F%E5%AD%A61%E5%B9%B4%E7%BA%A7%E4%BA%86%E6%88%91%E7%9A%84%E5%BF%83%E6%83%85%E5%BE%88%E6%B2%89%E9%87%8D/
https://www.bjdch.gov.cn/ywdt/xdcb/202509/P020250912383799723188.pdf
https://he.people.com.cn/n2/2026/0730/c192235-41654581.html
https://net.hebccw.cn/system/2025/12/09/102131851.shtml
https://www.imline.cn/news/guonei/2026/032G9A422026.html
https://www.dianping.com/shop/3540088/photos/album
https://www.bjmy.gov.cn/zwgk/ztbd/xymy/xyxx/202506/t20250609_497514.html
https://www.reddit.com/r/China_irl/comments/1t9m6kd/%E7%8F%AD%E9%87%8C%E4%BC%9A%E7%AA%81%E7%84%B6%E5%B0%91%E6%8E%89%E4%B8%80%E6%89%B9%E5%AD%A9%E5%AD%90/
https://qspfw.moe.gov.cn/html/sublaws/20201019/17827.html
https://www.gswomen.org.cn/shouye/funvfazhan/qiaoshouchuangye/1593156039447130113.html
https://mp.sohu.com/profile?xpt=Y2FjYmU5YzktNTRmYy00MWFlLWIzOGMtMDM5NTQxNzk3Zjhh
https://www.reddit.com/r/LiberalGooseGroup/comments/x2hjgy
https://www.reddit.com/r/China_irl/comments/peeexl
https://yzdsb.hbfzb.com/yzdsbpaper/pc/att/202603/25/82e0250a-639f-43b3-8977-9b5290fb9d40.pdf
https://www.reddit.com/r/China_irl/comments/1it77gp/removed/",2026-09-21
new-association-wenwu,文武家政,精确核对北京文武家政服务有限公司；命中通州招聘与分类信息，未取得可归属个案。不得把河北等外地同名字号一并认定。 本轮公开索引未取得可归属的投诉或处罚个案。,已按1组名称查询当前公示列表，本轮未见记录；不代表零投诉，公示期限、名称别称和公开范围会影响结果。,"[黑猫投诉公开索引] site:tousu.sina.com.cn ""北京文武家政""
已实际检索 site:tousu.sina.com.cn ""北京文武家政""；同批输出候选经主体人工核对，本轮公开索引未取得可归属的平台投诉个案。

[消费保旧域公开索引] site:xfb315.com ""北京文武家政""
已实际检索 site:xfb315.com ""北京文武家政""；同批输出候选经主体人工核对，本轮公开索引未取得可归属的平台投诉个案。

[监管/司法/媒体公开索引] ""北京文武家政服务有限公司"" 投诉 退费 处罚 法院
精确核对北京文武家政服务有限公司；命中通州招聘与分类信息，未取得可归属个案。不得把河北等外地同名字号一并认定。

[消费保新域公开索引] ""北京文武家政"" 消费保 site:xfb365.com
已实际检索 ""北京文武家政"" 消费保 site:xfb365.com；同批输出候选经主体人工核对，本轮公开索引未取得可归属的平台投诉个案。

[12315站内] 北京文武家政服务有限公司
查询“北京文武家政服务有限公司”：该名称在此次公示列表未见记录，不代表零投诉或没有历史纠纷；公示期限、名称别称和公开范围会影响结果。",未取得本轮可单列案例；不代表没有投诉。,https://tsgs.12315.cn/#/viewport,"queries.resultUrls仅为搜索返回的候选链接，可能含无关、同名或未回读页面；不自动视为采信来源，不据此生成案例或评价。案例读取及归属边界以cases为准。
https://xinwen.bjd.com.cn/content/s69a6f2dfe4b0687a289204ed.html
https://www.sohu.com/a/991884243_121106842
https://www.58.com/ppe2023100714867/
https://www.58.com/ppezwxsg4207/
https://m.zhipin.com/companys/97d162c401485ef903x939y-FlA~.html",2026-09-21
new-association-liuba,六八到家,六八到家命中招聘、课程和政府就业信息；未取得可归属个案。六八到家与58到家是不同检索对象，不能挪用58相关投诉。 本轮公开索引未取得可归属的投诉或处罚个案。,已回读详情中最新公示（2026-08-05）：北京六八到家家政服务有限公司，服务类别为家政中介服务，处理结果为“达成调解协议”。公示未披露协议细节及退款到账证据，不能据此推断北京育儿嫂整体服务质量。,"[黑猫投诉公开索引] site:tousu.sina.com.cn ""六八到家""
已实际检索 site:tousu.sina.com.cn ""六八到家""；同批输出候选经主体人工核对，本轮公开索引未取得可归属的平台投诉个案。

[消费保旧域公开索引] site:xfb315.com ""六八到家""
已实际检索 site:xfb315.com ""六八到家""；同批输出候选经主体人工核对，本轮公开索引未取得可归属的平台投诉个案。

[监管/司法/媒体公开索引] ""北京六八到家家政服务有限公司"" 投诉 退费 处罚 法院
六八到家命中招聘、课程和政府就业信息；未取得可归属个案。六八到家与58到家是不同检索对象，不能挪用58相关投诉。

[消费保新域公开索引] ""六八到家"" 消费保 site:xfb365.com
已实际检索 ""六八到家"" 消费保 site:xfb365.com；同批输出候选经主体人工核对，本轮公开索引未取得可归属的平台投诉个案。

[12315站内] 北京六八到家家政服务有限公司
查询“北京六八到家家政服务有限公司”此次页面显示2条关键词匹配公示。可见家政中介定金和售后争议；六八到家与58到家不是同一名称或已证实的同一主体。以上数量是所列查询关键词此次匹配的公示记录数，可能含分支、近名和不同服务工种；不同查询之间可能重叠，不合计为机构投诉总数，不是投诉率或质量排名。公示期限为一年，不涵盖全部历史、未公开投诉或所有分支。投诉内容为当事人填写，调解结果不是违法认定；达成调解不等于退款已到账。","案例：北京六八到家家政服务有限公司消费投诉处理公示
日期：2026-05-30
工种：家政中介服务
记录：消费者反映2026-05-30购买的家政中介服务涉及定金及退赔争议。官方公示列出的处理结果为“达成调解协议”。
回应：公示没有展示企业具体答复。
处理结果：达成调解协议
处理部门：北京朝阳区市场监督管理局
限制：投诉基本信息与问题由当事人填报，不是违法认定。公示未披露协议具体内容、退款金额或到账证据；未确认该单为育儿嫂。公示期限为一年，本次只回读选取的具名详情。
读取状态：已打开12315官方详情，核对主体、服务及处理结果
来源：https://tsgs.12315.cn/#/viewport",https://tsgs.12315.cn/#/viewport,"queries.resultUrls仅为搜索返回的候选链接，可能含无关、同名或未回读页面；不自动视为采信来源，不据此生成案例或评价。案例读取及归属边界以cases为准。
https://rsj.beijing.gov.cn/xxgk/tzgg/202511/t20251103_4251298.html
https://www.zhaopin.com/jobdetail/CCL1364788190J40713418504.htm
https://chinatrademarkoffice.com/trademarklist/45/225640.html
https://www.bjcrjyxh.com/tzgg/202507/P020250709339454889962.pdf
https://www.zhaopin.com/jobdetail/CCL1364788190J40713574004.htm
https://chinatrademarkoffice.com/trademarklist/45/411700.html
https://www.zqjz.com/index/index/wlist?id=113
https://www.sohu.com/a/820345439_121106842
https://finance.sina.com.cn/jjxw/2024-11-30/doc-incxvtup0867379.shtml
https://www.bdpf.org.cn/cms68/web1459/subject/n1/n1459/n1551/n5605/n5606/c140113/content.html
https://www.zhaopin.com/jobdetail/CCL1364788190J40714370404.htm
https://xinwen.bjd.com.cn/content/s674ac8c3e4b00bb8087af703.html",2026-09-21
new-association-chengyouqing,诚友情,复核已知2023年中介合同判决，并补全公司答辩与部分退款结果。公司未细化服务面积等被判退中介费600元；涉案服务发生在三亚，属于普通家政，非北京育儿嫂。,已按1组名称查询当前公示列表，本轮未见记录；不代表零投诉，公示期限、名称别称和公开范围会影响结果。,"[黑猫投诉公开索引] site:tousu.sina.com.cn ""诚友情""
已实际检索 site:tousu.sina.com.cn ""诚友情""；同批输出候选经主体人工核对，本轮公开索引未取得可归属的平台投诉个案。

[消费保旧域公开索引] site:xfb315.com ""诚友情""
已实际检索 site:xfb315.com ""诚友情""；同批输出候选经主体人工核对，本轮公开索引未取得可归属的平台投诉个案。

[监管/司法/媒体公开索引] ""北京诚友情家政服务有限公司"" 投诉 退费 处罚 法院
复核已知2023年中介合同判决，并补全公司答辩与部分退款结果。公司未细化服务面积等被判退中介费600元；涉案服务发生在三亚，属于普通家政，非北京育儿嫂。

[消费保新域公开索引] ""诚友情"" 消费保 site:xfb365.com
已实际检索 ""诚友情"" 消费保 site:xfb365.com；同批输出候选经主体人工核对，本轮公开索引未取得可归属的平台投诉个案。

[12315站内] 北京诚友情家政服务有限公司
查询“北京诚友情家政服务有限公司”：该名称在此次公示列表未见记录，不代表零投诉或没有历史纠纷；公示期限、名称别称和公开范围会影响结果。","案例：主皓与北京诚友情家政服务有限公司等中介合同纠纷，（2022）京0108民初6589号
日期：2023-03-28判决；2021年订单
工种：普通家政/保姆
记录：雇主要求返工资、机票、家具损失和1000元中介费。法院认为公司促成合同时未细化服务面积和内容、未完全履行义务，判退600元中介费；家具损坏等未获证明。
回应：公司辩称已完成介绍且一直协调，不同意退中介费和连带赔偿；称服务人员有保险，但否认本案存在已证实的财物损害。
处理结果：判公司退600元中介费，服务人员退671元回程机票，驳回其他请求；未取得执行到账。
限制：第三方转载未登录裁判网复验；异地普通家政不能当北京育儿嫂案。
读取状态：已用原生web回读正文、当事人意见及处理结果
来源：https://zh.wikisource.org/wiki/北京市海淀区人民法院（2022）京0108民初6589号民事判决书","https://zh.wikisource.org/wiki/北京市海淀区人民法院（2022）京0108民初6589号民事判决书
https://tsgs.12315.cn/#/viewport","queries.resultUrls仅为搜索返回的候选链接，可能含无关、同名或未回读页面；不自动视为采信来源，不据此生成案例或评价。案例读取及归属边界以cases为准。
https://zh.wikisource.org/zh-hant/%E4%B8%BB%E7%9A%93%E4%B8%8E%E5%8C%97%E4%BA%AC%E8%AF%9A%E5%8F%8B%E6%83%85%E5%AE%B6%E6%94%BF%E6%9C%8D%E5%8A%A1%E6%9C%89%E9%99%90%E5%85%AC%E5%8F%B8%E7%AD%89%E4%B8%AD%E4%BB%8B%E5%90%88%E5%90%8C%E7%BA%A0%E7%BA%B7%E4%B8%80%E5%AE%A1%E6%B0%91%E4%BA%8B%E5%88%A4%E5%86%B3%E4%B9%A6
https://zh.wikisource.org/wiki/%E5%8C%97%E4%BA%AC%E5%B8%82%E6%B5%B7%E6%B7%80%E5%8C%BA%E4%BA%BA%E6%B0%91%E6%B3%95%E9%99%A2%EF%BC%882022%EF%BC%89%E4%BA%AC0108%E6%B0%91%E5%88%9D6589%E5%8F%B7%E6%B0%91%E4%BA%8B%E5%88%A4%E5%86%B3%E4%B9%A6
https://zh.wikisource.org/wiki/%E4%B8%BB%E7%9A%93%E4%B8%8E%E5%8C%97%E4%BA%AC%E8%AF%9A%E5%8F%8B%E6%83%85%E5%AE%B6%E6%94%BF%E6%9C%8D%E5%8A%A1%E6%9C%89%E9%99%90%E5%85%AC%E5%8F%B8%E7%AD%89%E4%B8%AD%E4%BB%8B%E5%90%88%E5%90%8C%E7%BA%A0%E7%BA%B7%E4%B8%80%E5%AE%A1%E6%B0%91%E4%BA%8B%E5%88%A4%E5%86%B3%E4%B9%A6
https://sw.beijing.gov.cn/tzgg/202401/t20240131_3550205.html
https://zh.wikisource.org/zh-hans/%E5%8C%97%E4%BA%AC%E5%B8%82%E6%B5%B7%E6%B7%80%E5%8C%BA%E4%BA%BA%E6%B0%91%E6%B3%95%E9%99%A2%EF%BC%882022%EF%BC%89%E4%BA%AC0108%E6%B0%91%E5%88%9D6589%E5%8F%B7%E6%B0%91%E4%BA%8B%E5%88%A4%E5%86%B3%E4%B9%A6
https://sw.beijing.gov.cn/phone/zwxx/tzgg/202401/t20240122_3542390.html
https://www.beijing.gov.cn/fuwu/lqfw/gggs/202401/t20240122_3542621.html
https://sw.beijing.gov.cn/zwxx/swzjzczc/201912/t20191218_1260417.html
https://sw.beijing.gov.cn/phone/zmhd/dczj/201912/t20191221_1402685.html
https://sw.beijing.gov.cn/phone/zwxx/swzjzczc/201912/t20191220_1349535.html
https://rsj.beijing.gov.cn/xxgk/tzgg/202312/t20231229_3518883.html
https://data.beijing.gov.cn/dataDetail/sjyl/%E5%8C%97%E4%BA%AC%E5%B8%82%E5%95%86%E5%8A%A1%E5%B1%80/%E6%98%A5%E8%8A%82%E5%AE%B6%E6%94%BF%E6%9C%8D%E5%8A%A1%E5%B8%82%E5%9C%BA%E4%BF%9D%E4%BE%9B%E8%A1%8C%E5%8A%A8%E9%A1%B9%E7%9B%AE%E5%8F%82%E4%B8%8E%E4%BC%81%E4%B8%9A%EF%BC%88%E6%9C%BA%E6%9E%84%EF%BC%89%E5%8F%8A%E7%BB%84%E7%BB%87%E5%8D%95%E4%BD%8D%E4%BF%A1%E6%81%AF/%E6%98%A5%E8%8A%82%E5%AE%B6%E6%94%BF%E6%9C%8D%E5%8A%A1%E5%B8%82%E5%9C%BA%E4%BF%9D%E4%BE%9B%E8%A1%8C%E5%8A%A8%E9%A1%B9%E7%9B%AE%E5%8F%82%E4%B8%8E%E4%BC%81%E4%B8%9A%EF%BC%88%E6%9C%BA%E6%9E%84%EF%BC%89%E5%8F%8A%E7%BB%84%E7%BB%87%E5%8D%95%E4%BD%8D%E4%BF%A1%E6%81%AF.html",2026-09-21
new-association-yunduo,云朵家政,核对北京云朵家政服务有限公司，结果以工商及招聘为主；未取得可归属个案。其他云朵文化、云朵序等近名不能归入。 本轮公开索引未取得可归属的投诉或处罚个案。,已回读详情中最新公示（2026-09-04）：北京云朵家政服务有限公司，服务类别为其他家政服务，处理结果为“达成调解协议”。公示未披露协议细节及退款到账证据，不能据此推断北京育儿嫂整体服务质量。,"[黑猫投诉公开索引] site:tousu.sina.com.cn ""北京云朵家政""
已实际检索 site:tousu.sina.com.cn ""北京云朵家政""；同批输出候选经主体人工核对，本轮公开索引未取得可归属的平台投诉个案。

[消费保旧域公开索引] site:xfb315.com ""北京云朵家政""
已实际检索 site:xfb315.com ""北京云朵家政""；同批输出候选经主体人工核对，本轮公开索引未取得可归属的平台投诉个案。

[监管/司法/媒体公开索引] ""北京云朵家政服务有限公司"" 投诉 退费 处罚 法院
核对北京云朵家政服务有限公司，结果以工商及招聘为主；未取得可归属个案。其他云朵文化、云朵序等近名不能归入。

[消费保新域公开索引] ""北京云朵家政"" 消费保 site:xfb365.com
已实际检索 ""北京云朵家政"" 消费保 site:xfb365.com；同批输出候选经主体人工核对，本轮公开索引未取得可归属的平台投诉个案。

[12315站内] 北京云朵家政服务有限公司
查询“北京云朵家政服务有限公司”此次页面显示30条关键词匹配公示。首屏含技能培训、其他家政及家政中介售后宣传争议，没有足够信息把记录逐一判作育儿嫂。以上数量是所列查询关键词此次匹配的公示记录数，可能含分支、近名和不同服务工种；不同查询之间可能重叠，不合计为机构投诉总数，不是投诉率或质量排名。公示期限为一年，不涵盖全部历史、未公开投诉或所有分支。投诉内容为当事人填写，调解结果不是违法认定；达成调解不等于退款已到账。","案例：北京云朵家政服务有限公司消费投诉处理公示
日期：2026-07-30
工种：其他家政服务
记录：消费者反映2026-07-30购买的其他家政服务涉及售后与退赔争议。官方公示列出的处理结果为“达成调解协议”。
回应：公示没有展示企业具体答复。
处理结果：达成调解协议
处理部门：北京朝阳区市场监督管理局
限制：投诉基本信息与问题由当事人填报，不是违法认定。公示未披露协议具体内容、退款金额或到账证据；未确认该单为育儿嫂。公示期限为一年，本次只回读选取的具名详情。
读取状态：已打开12315官方详情，核对主体、服务及处理结果
来源：https://tsgs.12315.cn/#/viewport",https://tsgs.12315.cn/#/viewport,"queries.resultUrls仅为搜索返回的候选链接，可能含无关、同名或未回读页面；不自动视为采信来源，不据此生成案例或评价。案例读取及归属边界以cases为准。
https://chinatrademarkoffice.com/trademarklist/45/225600.html
https://www.qiyeku.cn/tag/company93b487.html
https://www.qiyeku.cn/tag/company9b1e28-9.html
https://www.58.com/ppezp2023083110352/
https://www.58.com/ppezx308061/",2026-09-21
new-association-qiaoguanjia,俏管家（北京）,以俏管家（北京）家政服务有限公司核查；命中招聘、企业资料、合作商名录和推广榜单。商业推荐文没有可核客户订单，未作为独立好评。 本轮公开索引未取得可归属的投诉或处罚个案。,已回读详情中最新公示（2026-07-23）：俏管家（北京）家政服务有限公司，服务类别为家政中介服务，处理结果为“双方自行和解或者投诉人撤回投诉”。公示未披露协议细节及退款到账证据，不能据此推断北京育儿嫂整体服务质量。,"[黑猫投诉公开索引] site:tousu.sina.com.cn ""北京俏管家""
已实际检索 site:tousu.sina.com.cn ""北京俏管家""；同批输出候选经主体人工核对，本轮公开索引未取得可归属的平台投诉个案。

[消费保旧域公开索引] site:xfb315.com ""北京俏管家""
已实际检索 site:xfb315.com ""北京俏管家""；同批输出候选经主体人工核对，本轮公开索引未取得可归属的平台投诉个案。

[监管/司法/媒体公开索引] ""俏管家（北京）家政服务有限公司"" 投诉 退费 处罚 法院
以俏管家（北京）家政服务有限公司核查；命中招聘、企业资料、合作商名录和推广榜单。商业推荐文没有可核客户订单，未作为独立好评。

[消费保新域公开索引] ""北京俏管家"" 消费保 site:xfb365.com
已实际检索 ""北京俏管家"" 消费保 site:xfb365.com；同批输出候选经主体人工核对，本轮公开索引未取得可归属的平台投诉个案。

[12315站内] 俏管家（北京）家政服务有限公司
查询“俏管家（北京）家政服务有限公司”此次页面显示2条关键词匹配公示。可见家政中介与技能培训两类公示，商户名虽含保姆月嫂育儿嫂，仍不能由商户名确定该单工种。以上数量是所列查询关键词此次匹配的公示记录数，可能含分支、近名和不同服务工种；不同查询之间可能重叠，不合计为机构投诉总数，不是投诉率或质量排名。公示期限为一年，不涵盖全部历史、未公开投诉或所有分支。投诉内容为当事人填写，调解结果不是违法认定；达成调解不等于退款已到账。","案例：俏管家（北京）家政服务有限公司消费投诉处理公示
日期：2026-07-08
工种：家政中介服务
记录：消费者反映2026-07-08购买的家政中介服务涉及其他合同与退赔争议。官方公示列出的处理结果为“双方自行和解或者投诉人撤回投诉”。
回应：公示没有展示企业具体答复。
处理结果：双方自行和解或者投诉人撤回投诉
处理部门：北京顺义区市场监督管理局
限制：投诉基本信息与问题由当事人填报，不是违法认定。公示未披露协议具体内容、退款金额或到账证据；未确认该单为育儿嫂。公示期限为一年，本次只回读选取的具名详情。
读取状态：已打开12315官方详情，核对主体、服务及处理结果
来源：https://tsgs.12315.cn/#/viewport",https://tsgs.12315.cn/#/viewport,"queries.resultUrls仅为搜索返回的候选链接，可能含无关、同名或未回读页面；不自动视为采信来源，不据此生成案例或评价。案例读取及归属边界以cases为准。
https://rsj.zjk.gov.cn/ggzp/ww/z/a/mobile_news_detail.html?articleId=8aa501d89cae221b019d85d21cbc042d&categoryID=8aa501d8771dd44f01771ddaafd90007&selected=0
https://top.qcc.com/tc/8b6e31b9d8bf.html
https://m.zhaopin.com/company/CZL1277792890.htm
https://www.zhaopin.com/jobdetail/CCL1277792890J40576423916.htm
https://www.jiazhengbuchou.com/gj_bj
https://www.zhaopin.com/sou/jl530/kwBER6AFO/p1
https://www.zhaopin.com/sou/jl530/kwCBDO0M2FRLCSC/p1
https://www.zhaopin.com/companydetail/jobs-CZL1472327040/
https://www.cnblogs.com/koubeituijian/p/21222229
https://www.beijingbaomu.com/fuwu/gongzi-104-xuqiufenlei-107-diqu-113.html
https://www.zhaopin.com/companydetail/jobs-CZL1277792890/
https://m.yupao.com/zhaogong/a501c566/",2026-09-21
candidate-assoc-835,安得家政,以北京安得家政有限公司核查；结果为协会介绍、58企业认证及招聘。未取得可归属公开投诉个案；既有小红书经验由原档案保留，本轮检索未命中不冲销旧证据。 本轮公开索引未取得可归属的投诉或处罚个案。,已按1组名称查询当前公示列表，本轮未见记录；不代表零投诉，公示期限、名称别称和公开范围会影响结果。,"[黑猫投诉公开索引] site:tousu.sina.com.cn ""北京安得家政""
已实际检索 site:tousu.sina.com.cn ""北京安得家政""；同批输出候选经主体人工核对，本轮公开索引未取得可归属的平台投诉个案。

[消费保旧域公开索引] site:xfb315.com ""北京安得家政""
已实际检索 site:xfb315.com ""北京安得家政""；同批输出候选经主体人工核对，本轮公开索引未取得可归属的平台投诉个案。

[监管/司法/媒体公开索引] ""北京安得家政有限公司"" 投诉 退费 处罚 法院
以北京安得家政有限公司核查；结果为协会介绍、58企业认证及招聘。未取得可归属公开投诉个案；既有小红书经验由原档案保留，本轮检索未命中不冲销旧证据。

[消费保新域公开索引] ""北京安得家政"" 消费保 site:xfb365.com
已实际检索 ""北京安得家政"" 消费保 site:xfb365.com；同批输出候选经主体人工核对，本轮公开索引未取得可归属的平台投诉个案。

[12315站内] 北京安得家政有限公司
查询“北京安得家政有限公司”：该名称在此次公示列表未见记录，不代表零投诉或没有历史纠纷；公示期限、名称别称和公开范围会影响结果。",未取得本轮可单列案例；不代表没有投诉。,https://tsgs.12315.cn/#/viewport,"queries.resultUrls仅为搜索返回的候选链接，可能含无关、同名或未回读页面；不自动视为采信来源，不据此生成案例或评价。案例读取及归属边界以cases为准。
https://www.chsa.com.cn/nr.jsp?_np=0_31_38
https://qy.58.com/detail_1541717472569262081/
https://www.zhaopin.com/jobdetail/CCL1505764020J41007433204.htm
https://www.chsa.com.cn/nr.jsp?_np=0_548_46
https://www.chsa.com.cn/nr.jsp?m31pageno=4
https://www.58.com/ppezp202208050767/
https://www.chsa.com.cn/nd.jsp?fromColId=129&id=836",2026-09-21
new-gov-youhaoheping,友好和平,核对北京友好和平护理服务有限公司并补和平家政。结果以名录、保供、招聘和2006春节用工报道为主；和平精英游戏退款误标到家政分类，明确排除。 本轮公开索引未取得可归属的投诉或处罚个案。,已按1组名称查询当前公示列表，本轮未见记录；不代表零投诉，公示期限、名称别称和公开范围会影响结果。,"[黑猫投诉公开索引] site:tousu.sina.com.cn ""友好和平""
已实际检索 site:tousu.sina.com.cn ""友好和平""；同批输出候选经主体人工核对，本轮公开索引未取得可归属的平台投诉个案。

[消费保旧域公开索引] site:xfb315.com ""友好和平""
已实际检索 site:xfb315.com ""友好和平""；同批输出候选经主体人工核对，本轮公开索引未取得可归属的平台投诉个案。

[监管/司法/媒体公开索引] ""北京友好和平护理服务有限公司"" 投诉 退费 处罚 法院
核对北京友好和平护理服务有限公司并补和平家政。结果以名录、保供、招聘和2006春节用工报道为主；和平精英游戏退款误标到家政分类，明确排除。

[消费保新域公开索引] ""友好和平"" 消费保 site:xfb365.com
已实际检索 ""友好和平"" 消费保 site:xfb365.com；同批输出候选经主体人工核对，本轮公开索引未取得可归属的平台投诉个案。

[品牌别称/个案后续补查] ""和平家政"" 北京 投诉 退费
补查实际执行。核对北京友好和平护理服务有限公司并补和平家政。结果以名录、保供、招聘和2006春节用工报道为主；和平精英游戏退款误标到家政分类，明确排除。

[12315站内] 北京友好和平护理服务有限公司
查询“北京友好和平护理服务有限公司”：该名称在此次公示列表未见记录，不代表零投诉或没有历史纠纷；公示期限、名称别称和公开范围会影响结果。",未取得本轮可单列案例；不代表没有投诉。,https://tsgs.12315.cn/#/viewport,"queries.resultUrls仅为搜索返回的候选链接，可能含无关、同名或未回读页面；不自动视为采信来源，不据此生成案例或评价。案例读取及归属边界以cases为准。
https://rsj.beijing.gov.cn/bm/ztzl/ssjzlwpp/
https://www.elc.gov.cn/OpennessContent/show/488620.html
https://rsj.beijing.gov.cn/weimenhu/wmtgz/202511/t20251106_4264127.html
https://hp-jia.com/aboutus?cid=2
https://www.bjwmb.gov.cn/wmdt/fsq/10092384.html
https://finance.sina.com.cn/jjxw/2025-03-06/doc-inenthxf6672764.shtml
https://finance.sina.com.cn/jjxw/2025-11-07/doc-infwpuac1225603.shtml
https://www.sohu.com/a/865804680_121123759
https://m.sohu.com/a/1019494530_121106854
https://www.sohu.com/a/997711513_121106854
https://rsj.beijing.gov.cn/bm/ztzl/ssjzlwpp/index_1.html
https://www.sznews.com/zhuanti/content/2026-04/30/content_32034598.htm
https://lawyers.66law.cn/s2e1660e32914f_i1676314.aspx
https://tousu.sina.com.cn/complaint/view/17379899906/?sld=2e770f71d46a23c9a6d42dbaaebbbc23
https://www.wmttfc.com/zhichang/9715.html
https://www.ayrbs.com/szb/pc/attachment/202311/09/f7d3c933-1175-48d6-89c3-8a29119229f5.pdf
https://zsj.gz.gov.cn/gkmlpt/content/6/6986/post_6986358.html
https://fgw.pingliang.gov.cn/gzzd/art/2022/art_58cb4a2b5abe4509a554bc7951638496.html
https://jingkids.com/issuepdf/Jingkids2013-06.pdf
https://www.nationalreading.gov.cn/
https://www.peopleapp.com/newspaper?date=2026.08.20
https://fanwenm.hao86.com/jieshaoxin/1015056.html
https://news.sina.com.cn/s/p/2006-01-17/19258894245.shtml
https://epaper.qingdaonews.com/lnshb/resfile/2023-04-26/A04/A04.pdf
https://zt.bjcc.gov.cn/resources/topics/PC/zxyd/item52.pdf",2026-09-21
new-gov-laobingaimin,老兵爱民,核对北京老兵爱民家政服务有限公司；春节代班、养老用工、保供和输入基地报道不是育儿客户投诉；推广榜单不作口碑证据。 本轮公开索引未取得可归属的投诉或处罚个案。,已按1组名称查询当前公示列表，本轮未见记录；不代表零投诉，公示期限、名称别称和公开范围会影响结果。,"[黑猫投诉公开索引] site:tousu.sina.com.cn ""老兵爱民""
已实际检索 site:tousu.sina.com.cn ""老兵爱民""；同批输出候选经主体人工核对，本轮公开索引未取得可归属的平台投诉个案。

[消费保旧域公开索引] site:xfb315.com ""老兵爱民""
已实际检索 site:xfb315.com ""老兵爱民""；同批输出候选经主体人工核对，本轮公开索引未取得可归属的平台投诉个案。

[监管/司法/媒体公开索引] ""北京老兵爱民家政服务有限公司"" 投诉 退费 处罚 法院
核对北京老兵爱民家政服务有限公司；春节代班、养老用工、保供和输入基地报道不是育儿客户投诉；推广榜单不作口碑证据。

[消费保新域公开索引] ""老兵爱民"" 消费保 site:xfb365.com
已实际检索 ""老兵爱民"" 消费保 site:xfb365.com；同批输出候选经主体人工核对，本轮公开索引未取得可归属的平台投诉个案。

[12315站内] 北京老兵爱民家政服务有限公司
查询“北京老兵爱民家政服务有限公司”：该名称在此次公示列表未见记录，不代表零投诉或没有历史纠纷；公示期限、名称别称和公开范围会影响结果。",未取得本轮可单列案例；不代表没有投诉。,https://tsgs.12315.cn/#/viewport,"queries.resultUrls仅为搜索返回的候选链接，可能含无关、同名或未回读页面；不自动视为采信来源，不据此生成案例或评价。案例读取及归属边界以cases为准。
https://rsj.beijing.gov.cn/bm/ztzl/ssjzlwpp/index_1.html
https://www.beijing.gov.cn/fuwu/lqfw/gggs/202401/t20240122_3542621.html
https://sw.beijing.gov.cn/phone/zwxx/tzgg/202401/t20240131_3550205.html
https://rsj.beijing.gov.cn/xxgk/tzgg/202511/t20251103_4251298.html
https://sw.beijing.gov.cn/phone/zwxx/tzgg/202401/t20240122_3542390.html
https://rsj.beijing.gov.cn/xxgk/tzgg/202312/t20231229_3518883.html
https://sw.beijing.gov.cn/zmhd/dczjj/202306/t20230601_3119537.html
https://rsj.beijing.gov.cn/weimenhu/wmtgz/202511/t20251106_4264127.html
https://www.bjft.gov.cn/ftq/qjzfyjs/202209/f42f73a6454e42839996008f2e8a5ec9/files/3b39ee2cc9c748579d6fe235af3fd7b2.pdf
https://www.bkztfund.com/h-nd-6502.html
https://xinwen.bjd.com.cn/content/s67919be3e4b068c68f0ee0fe.html
https://bjwb-app.bjd.com.cn/content/s696dbf74e4b0cd719e9c5b89.html
https://www.cnblogs.com/tzmm/p/19569456
https://epaper.voc.com.cn/wcb/images/2026-02/13/01/2026021301_pdf.pdf",2026-09-21
new-gov-qijieli,祺捷利,以北京祺捷利技术发展有限公司核查，命中品牌名录和人物报道。搜索误返回ICP备案清理转载，回读未找到祺捷利，不能写成该公司监管处罚。 本轮公开索引未取得可归属的投诉或处罚个案。,已按1组名称查询当前公示列表，本轮未见记录；不代表零投诉，公示期限、名称别称和公开范围会影响结果。,"[黑猫投诉公开索引] site:tousu.sina.com.cn ""祺捷利""
已实际检索 site:tousu.sina.com.cn ""祺捷利""；同批输出候选经主体人工核对，本轮公开索引未取得可归属的平台投诉个案。

[消费保旧域公开索引] site:xfb315.com ""祺捷利""
已实际检索 site:xfb315.com ""祺捷利""；同批输出候选经主体人工核对，本轮公开索引未取得可归属的平台投诉个案。

[监管/司法/媒体公开索引] ""北京祺捷利技术发展有限公司"" 投诉 退费 处罚 法院
以北京祺捷利技术发展有限公司核查，命中品牌名录和人物报道。搜索误返回ICP备案清理转载，回读未找到祺捷利，不能写成该公司监管处罚。

[消费保新域公开索引] ""祺捷利"" 消费保 site:xfb365.com
已实际检索 ""祺捷利"" 消费保 site:xfb365.com；同批输出候选经主体人工核对，本轮公开索引未取得可归属的平台投诉个案。

[12315站内] 北京祺捷利技术发展有限公司
查询“北京祺捷利技术发展有限公司”：该名称在此次公示列表未见记录，不代表零投诉或没有历史纠纷；公示期限、名称别称和公开范围会影响结果。",未取得本轮可单列案例；不代表没有投诉。,https://tsgs.12315.cn/#/viewport,"queries.resultUrls仅为搜索返回的候选链接，可能含无关、同名或未回读页面；不自动视为采信来源，不据此生成案例或评价。案例读取及归属边界以cases为准。
https://rsj.beijing.gov.cn/bm/ztzl/ssjzlwpp/202511/t20251103_4250973.html
https://rsj.beijing.gov.cn/bm/ztzl/ssjzlwpp/index_1.html
https://brt.sn.cn/article/amstb65nklo63
https://zx.bjmtg.gov.cn/zx/c101214/202603/9cdc01a803fc433fa87b64c3276987c6.shtml
https://rsj.beijing.gov.cn/weimenhu/wmtgz/202511/t20251106_4264127.html
https://www.cs003.vip/Mobile/Index/beian/p/19855.html
https://www.bjmtg.gov.cn/mtg11J026/gzdt53/202102/6a13f1766437474a8b3cf9c3b302e3fb.shtml
https://kw.beijing.gov.cn/zwgk/tzgg/202508/P020250818588933007395.pdf
https://www.safe.gov.cn/beijing/file/file/20220620/e1ac1279d4b44d79bd8a9ea78fc7e2dd.pdf
https://www.qcc.huiqiyidiantong.com/Upload/2025/10/29/2025_10_29_1761705862_485549.pdf
https://www.pbc.gov.cn/eportal/fileDir/image_public/UserFiles/huobizhengceersi/upload/File/%E5%8C%97%E4%BA%AC%E5%B8%82%E5%87%BA%E5%8F%A3%E8%B4%A7%E7%89%A9%E8%B4%B8%E6%98%93%E4%BA%BA%E6%B0%91%E5%B8%81%E7%BB%93%E7%AE%97%E8%AF%95%E7%82%B9%E4%BC%81%E4%B8%9A%E5%90%8D%E5%8D%95.pdf",2026-09-21
new-gov-jinridongfang,今日东方,保留并回读2025年生活节新手父亲咨询今日东方的媒体采访，仅支持现场咨询体验，不证明签约、换人或退款。其余政府名录、招聘与资源库未提供投诉处理个案。 本轮公开索引未取得可归属的投诉或处罚个案。,已按1组名称查询当前公示列表，本轮未见记录；不代表零投诉，公示期限、名称别称和公开范围会影响结果。,"[黑猫投诉公开索引] site:tousu.sina.com.cn ""北京今日东方家政""
已实际检索 site:tousu.sina.com.cn ""北京今日东方家政""；同批输出候选经主体人工核对，本轮公开索引未取得可归属的平台投诉个案。

[消费保旧域公开索引] site:xfb315.com ""北京今日东方家政""
已实际检索 site:xfb315.com ""北京今日东方家政""；同批输出候选经主体人工核对，本轮公开索引未取得可归属的平台投诉个案。

[监管/司法/媒体公开索引] ""北京今日东方家政服务有限公司"" 投诉 退费 处罚 法院
保留并回读2025年生活节新手父亲咨询今日东方的媒体采访，仅支持现场咨询体验，不证明签约、换人或退款。其余政府名录、招聘与资源库未提供投诉处理个案。

[消费保新域公开索引] ""北京今日东方家政"" 消费保 site:xfb365.com
已实际检索 ""北京今日东方家政"" 消费保 site:xfb365.com；同批输出候选经主体人工核对，本轮公开索引未取得可归属的平台投诉个案。

[12315站内] 北京今日东方家政服务有限公司
查询“北京今日东方家政服务有限公司”：该名称在此次公示列表未见记录，不代表零投诉或没有历史纠纷；公示期限、名称别称和公开范围会影响结果。","案例：品质升级加速，家政服务激发消费新活力
日期：2025-10-15刊发；10月11–12日活动
工种：育儿嫂咨询
记录：一名新手父亲在今日东方展台咨询育儿嫂，向记者评价工作人员按需求推荐了方案。
回应：报道未涉及争议，不适用投诉答复。
处理结果：未记签约、入户、换人或退款结果。
限制：仅咨询环节的单个现场采访，不能概括整体履约满意度。
读取状态：原生web不稳定后curl原页成功，已读全文并留存
来源：https://www.sygcnews.com.cn/sy2/112197.jhtml","https://www.sygcnews.com.cn/sy2/112197.jhtml
https://tsgs.12315.cn/#/viewport","queries.resultUrls仅为搜索返回的候选链接，可能含无关、同名或未回读页面；不自动视为采信来源，不据此生成案例或评价。案例读取及归属边界以cases为准。
https://rsj.beijing.gov.cn/xxgk/tzgg/202201/t20220107_2585220.html
https://www.beijing.gov.cn/ywdt/jiedu/zxjd/202010/P020201030624350424059.pdf
https://www.beijing.gov.cn/fuwu/lqfw/gggs/202110/P020211019602562911042.pdf
https://www.beijing.gov.cn/fuwu/lqfw/gggs/202401/t20240122_3542621.html
https://rsj.beijing.gov.cn/xxgk/tzgg/202112/t20211231_2579685.html
https://rsj.beijing.gov.cn/xxgk/tzgg/202302/t20230208_2913405.html
https://sw.beijing.gov.cn/phone/zwxx/tzgg/202401/t20240122_3542390.html
https://sw.beijing.gov.cn/tzgg/202401/t20240131_3550205.html
https://sw.beijing.gov.cn/phone/zmhd/dczj/201912/t20191221_1402685.html
https://sw.beijing.gov.cn/sy/nsjg/fwjy/xxtg/202303/t20230309_2932793.html
https://www.bjfsh.gov.cn/ztzx/wqzt/xzzfgs/qzfbm_22985/qcsglw_22988/zfxx/202405/P020240527357996096326.pdf
https://rsj.beijing.gov.cn/bm/ztzl/ssjzlwpp/index_1.html
https://sw.beijing.gov.cn/zwxx/swzjzczc/201912/t20191218_1260417.html
https://chinajob.mohrss.gov.cn/c/2025-12-17/470679.shtml
https://rsj.beijing.gov.cn/xxgk/tzgg/202312/t20231229_3518883.html
https://fgw.beijing.gov.cn/gzdt/tztg/202301/P020230110612533374214.pdf
https://www.bjfsh.gov.cn/zwgk/tzgg/202407/P020240703631405933393.pdf
https://www.bjfsh.gov.cn/zhxw/fsb/202503/P020250306543309910518.pdf",2026-09-21
new-gov-wenzhutang,闻竹堂,北京闻竹堂家政及九阅整理双名称补查。命中培训、收纳及生活节宣传，未取得可归属投诉处理记录；收纳服务宣传不等于育儿嫂口碑。 本轮公开索引未取得可归属的投诉或处罚个案。,已按1组名称查询当前公示列表，本轮未见记录；不代表零投诉，公示期限、名称别称和公开范围会影响结果。,"[黑猫投诉公开索引] site:tousu.sina.com.cn ""闻竹堂""
已实际检索 site:tousu.sina.com.cn ""闻竹堂""；同批输出候选经主体人工核对，本轮公开索引未取得可归属的平台投诉个案。

[消费保旧域公开索引] site:xfb315.com ""闻竹堂""
已实际检索 site:xfb315.com ""闻竹堂""；同批输出候选经主体人工核对，本轮公开索引未取得可归属的平台投诉个案。

[监管/司法/媒体公开索引] ""北京闻竹堂家政服务有限公司"" 投诉 退费 处罚 法院
北京闻竹堂家政及九阅整理双名称补查。命中培训、收纳及生活节宣传，未取得可归属投诉处理记录；收纳服务宣传不等于育儿嫂口碑。

[消费保新域公开索引] ""闻竹堂"" 消费保 site:xfb365.com
已实际检索 ""闻竹堂"" 消费保 site:xfb365.com；同批输出候选经主体人工核对，本轮公开索引未取得可归属的平台投诉个案。

[品牌别称/个案后续补查] ""九阅"" ""整理"" 投诉
补查实际执行。北京闻竹堂家政及九阅整理双名称补查。命中培训、收纳及生活节宣传，未取得可归属投诉处理记录；收纳服务宣传不等于育儿嫂口碑。

[12315站内] 北京闻竹堂家政服务有限公司
查询“北京闻竹堂家政服务有限公司”：该名称在此次公示列表未见记录，不代表零投诉或没有历史纠纷；公示期限、名称别称和公开范围会影响结果。",未取得本轮可单列案例；不代表没有投诉。,https://tsgs.12315.cn/#/viewport,"queries.resultUrls仅为搜索返回的候选链接，可能含无关、同名或未回读页面；不自动视为采信来源，不据此生成案例或评价。案例读取及归属边界以cases为准。
https://rsj.beijing.gov.cn/bm/ztzl/ssjzlwpp/index_1.html
https://rsj.beijing.gov.cn/weimenhu/wmtgz/202511/t20251106_4264127.html
https://www.shuididp.cn/yp-350a9ab2a83d3f3684041d20acf1ae01.html
https://www.dongdongchai.com/so/24883_2.html
https://www.chinesewiki.zh-cn.nina.az/%E7%AC%AC%E5%8D%81%E5%9B%9B%E5%B1%8A%E5%85%A8%E5%9B%BD%E4%BA%BA%E6%B0%91%E4%BB%A3%E8%A1%A8%E5%A4%A7%E4%BC%9A%E4%BB%A3%E8%A1%A8%E5%90%8D%E5%8D%95.html
https://www.scribd.com/document/844385786/%E4%BA%BA%E6%B0%91%E6%97%A5%E6%8A%A5-People-s-Daily-March-26-2025
https://item.btime.com/40c3itda5u8852rmjc61dtj143r
https://duoduosucai.com/article/982.html
https://www.scribd.com/document/965876222/%E9%97%A8%E5%BA%97%E6%95%B0%E6%8D%AE-%E6%97%A5%E6%95%B0%E6%8D%AE-2025-05-31-2025-05-311145044227
https://www.dt.gov.cn/dt12345/zcwdjh/listd.shtml
https://www.scribd.com/document/912585765/%E6%96%87%E5%AD%97%E7%89%88-%E8%A7%82%E4%B8%96%E7%95%8C
https://www.sznews.com/zhuanti/content/2026-04/30/content_32034598.htm
https://lawyers.66law.cn/s2e1660e32914f_i1676314.aspx
https://tousu.sina.com.cn/complaint/view/17379899906/?sld=2e770f71d46a23c9a6d42dbaaebbbc23
https://www.wmttfc.com/zhichang/9715.html
https://www.ayrbs.com/szb/pc/attachment/202311/09/f7d3c933-1175-48d6-89c3-8a29119229f5.pdf
https://zsj.gz.gov.cn/gkmlpt/content/6/6986/post_6986358.html
https://fgw.pingliang.gov.cn/gzzd/art/2022/art_58cb4a2b5abe4509a554bc7951638496.html
https://jingkids.com/issuepdf/Jingkids2013-06.pdf
https://www.nationalreading.gov.cn/
https://www.peopleapp.com/newspaper?date=2026.08.20
https://fanwenm.hao86.com/jieshaoxin/1015056.html
https://news.sina.com.cn/s/p/2006-01-17/19258894245.shtml
https://epaper.qingdaonews.com/lnshb/resfile/2023-04-26/A04/A04.pdf
https://zt.bjcc.gov.cn/resources/topics/PC/zxyd/item52.pdf",2026-09-21
new-gov-hemeijia,和美家,以北京和美家社区服务有限公司及北京家政场景限定，命中技能评价备案、养老驿站和公益活动。另有北碚和美家医院商标案，主体与业务不同，明确排除。 本轮公开索引未取得可归属的投诉或处罚个案。,已按1组名称查询当前公示列表，本轮未见记录；不代表零投诉，公示期限、名称别称和公开范围会影响结果。,"[黑猫投诉公开索引] site:tousu.sina.com.cn ""北京和美家社区服务""
已实际检索 site:tousu.sina.com.cn ""北京和美家社区服务""；同批输出候选经主体人工核对，本轮公开索引未取得可归属的平台投诉个案。

[消费保旧域公开索引] site:xfb315.com ""北京和美家社区服务""
已实际检索 site:xfb315.com ""北京和美家社区服务""；同批输出候选经主体人工核对，本轮公开索引未取得可归属的平台投诉个案。

[监管/司法/媒体公开索引] ""北京和美家社区服务有限公司"" 投诉 退费 处罚 法院
以北京和美家社区服务有限公司及北京家政场景限定，命中技能评价备案、养老驿站和公益活动。另有北碚和美家医院商标案，主体与业务不同，明确排除。

[消费保新域公开索引] ""北京和美家社区服务"" 消费保 site:xfb365.com
已实际检索 ""北京和美家社区服务"" 消费保 site:xfb365.com；同批输出候选经主体人工核对，本轮公开索引未取得可归属的平台投诉个案。

[品牌别称/个案后续补查] ""和美家"" ""北京"" 家政 投诉
补查实际执行。以北京和美家社区服务有限公司及北京家政场景限定，命中技能评价备案、养老驿站和公益活动。另有北碚和美家医院商标案，主体与业务不同，明确排除。

[12315站内] 北京和美家社区服务有限公司
查询“北京和美家社区服务有限公司”：该名称在此次公示列表未见记录，不代表零投诉或没有历史纠纷；公示期限、名称别称和公开范围会影响结果。",未取得本轮可单列案例；不代表没有投诉。,https://tsgs.12315.cn/#/viewport,"queries.resultUrls仅为搜索返回的候选链接，可能含无关、同名或未回读页面；不自动视为采信来源，不据此生成案例或评价。案例读取及归属边界以cases为准。
https://rsj.beijing.gov.cn/ywsite/zyjd/zyjd_jnrd/zyjd_bjrs/bjrs_yrdw/index_5.html
https://rsj.beijing.gov.cn/ywsite/zyjd/zyjd_jnrd/zyjd_bjrs/bjrs_yrdw/202010/t20201023_2119318.html
https://sw.beijing.gov.cn/zwxx/swzjzczc/201912/t20191218_1260417.html
https://rsj.beijing.gov.cn/bm/ztzl/ssjzlwpp/index_1.html
https://sw.beijing.gov.cn/phone/zmhd/dczj/201912/t20191221_1402685.html
https://rsj.beijing.gov.cn/weimenhu/wmtgz/202511/t20251106_4264127.html
https://zw.china.com.cn/2019-12/04/content_75475547.html
https://spdf.askci.com/839881-%E8%82%A1%E8%BD%AC%E4%B9%A6.pdf
https://www.linkolder.com/article/4041336
https://zw.china.com.cn/2021-06/10/content_77560374.html
https://www.chsa.com.cn/nd.jsp?groupId=-1&id=264
https://www.fenbi.com/page/positions/4/321555?department=%E5%8C%97%E4%BA%AC%E5%92%8C%E7%BE%8E%E5%AE%B6%E7%A4%BE%E5%8C%BA%E6%9C%8D%E5%8A%A1%E6%9C%89%E9%99%90%E5%85%AC%E5%8F%B8
https://item.btime.com/45g9d8nt2qi8emrop1oa1h3lamo
https://www.bjxch.gov.cn/zt/xzxkhxzcfgszl/syx/xxxq4/pnidpv675e8cb4eac84379be96256b74bda00e.html
https://www.yhjcare.com/
https://rsj.beijing.gov.cn/xxgk/zfxxgk/zdlygk/sj/202310/P020231010608434877150.pdf
https://zh.wikisource.org/zh-hans/%E8%B4%BA%E5%87%A4%E7%90%B4%E4%B8%8E%E5%8C%97%E4%BA%AC%E5%B8%82%E6%83%A0%E4%BD%B3%E4%B8%B0%E5%8A%B3%E5%8A%A1%E6%9C%8D%E5%8A%A1%E6%9C%89%E9%99%90%E8%B4%A3%E4%BB%BB%E5%85%AC%E5%8F%B8%E4%B8%80%E5%AE%A1%E6%B0%91%E4%BA%8B%E5%88%A4%E5%86%B3%E4%B9%A6
https://www.pudong.gov.cn/zwgk/14470.gkml_ywl_cccjxx/2025/189/342318/65af8a083ec14562b5bbe9d9fd7c1a70.pdf
https://i.bjwmb.gov.cn/p/2023/04/07/215bd741d2385603b405ef7be6d95f36.pdf
https://www.beijing.gov.cn/ywdt/jiedu/zxjd/202010/P020201030624350424059.pdf
https://ggzy.qingdao.gov.cn/c/TradeDetals-ZtbShow/85831-5070-1-2-0/9992be50-6f39-48a7-8617-e670166e162d-B03CE5B6FC1D2D3C2D5FCEBC39AA2406.html
https://www.sohu.com/a/1022182026_121106854
https://www.chinapp.net.cn/shangwu/qiyewangzhan/YmJ5ei0zMDM3OTI
https://www.sohu.com/a/50832037_125961
https://www.xchdpf.org.cn/tools/download.ashx?id=29993&site=main
https://www.zhaopin.com/jobdetail/CC193024020J40831712416.htm
https://www.sohu.com/a/935089700_120016391
https://tjj.sh.gov.cn/cmsres/56/56ea5476a4ef4adc9d14f6e7027c08a9/b3114db1ece4fbeef3c82b1853efe995.pdf
https://www.marketw.cn/parent-child/42559.shtml
https://www.hfiplaw.cn/details/14072.html",2026-09-21
new-gov-yinao,茵澳,精确查询北京茵澳生活服务有限公司，命中工商、政府名录、院校合作和企业官网；目前未取得可归属消费者争议。官网有服务反馈入口不等于已有投诉个案。 本轮公开索引未取得可归属的投诉或处罚个案。,已按1组名称查询当前公示列表，本轮未见记录；不代表零投诉，公示期限、名称别称和公开范围会影响结果。,"[黑猫投诉公开索引] site:tousu.sina.com.cn ""茵澳""
已实际检索 site:tousu.sina.com.cn ""茵澳""；同批输出候选经主体人工核对，本轮公开索引未取得可归属的平台投诉个案。

[消费保旧域公开索引] site:xfb315.com ""茵澳""
已实际检索 site:xfb315.com ""茵澳""；同批输出候选经主体人工核对，本轮公开索引未取得可归属的平台投诉个案。

[监管/司法/媒体公开索引] ""北京茵澳生活服务有限公司"" 投诉 退费 处罚 法院
精确查询北京茵澳生活服务有限公司，命中工商、政府名录、院校合作和企业官网；目前未取得可归属消费者争议。官网有服务反馈入口不等于已有投诉个案。

[消费保新域公开索引] ""茵澳"" 消费保 site:xfb365.com
已实际检索 ""茵澳"" 消费保 site:xfb365.com；同批输出候选经主体人工核对，本轮公开索引未取得可归属的平台投诉个案。

[12315站内] 北京茵澳生活服务有限公司
查询“北京茵澳生活服务有限公司”：该名称在此次公示列表未见记录，不代表零投诉或没有历史纠纷；公示期限、名称别称和公开范围会影响结果。",未取得本轮可单列案例；不代表没有投诉。,https://tsgs.12315.cn/#/viewport,"queries.resultUrls仅为搜索返回的候选链接，可能含无关、同名或未回读页面；不自动视为采信来源，不据此生成案例或评价。案例读取及归属边界以cases为准。
https://m.shuidi.cn/company-d4c2dd289b7f0f6ad813126701f3c844.html
https://shuidi.cn/company-d4c2dd289b7f0f6ad813126701f3c844.html
https://rsj.beijing.gov.cn/bm/ztzl/ssjzlwpp/index_1.html
https://91110106306607657g.yellowurl.cn/
https://www.ukbg.cn/
https://inall.co/index.html
https://rsj.beijing.gov.cn/weimenhu/wmtgz/202511/t20251106_4264127.html
https://www.ukbg.com.cn/index.html
https://www.bjdch.gov.cn/zwgk/jgdh/qzfzcbmdh/qrlsbj/bmgzrlsbj/202505/t20250523_4096182.html
https://www.ukbg.cn/index.html
https://www.inall.co/index.html
https://m.inall.co/index.html
https://www.bvca.edu.cn/__local/B/0B/8C/CCAF772E631141FCA8E631F8899_A39335B7_1416AA.pdf
https://jw.beijing.gov.cn/bjzj/gdzyreport/gdreport/202403/P020240325383543735303.pdf
https://www.bvclss.cn/upload/image/20230112/ad254d9769a6d0c68b0b0828ab52c29b.pdf
https://www.tech.net.cn/upload/202404/27/202404270938239561.pdf",2026-09-21
new-government-b-01,仁友家政,新增两宗明确指向北京仁友的历史诉讼：医院保洁欠款案中公司胜诉；经营场地租赁案中公司承认欠款并被判支付。两案均非家庭育儿服务，已分别记录答辩和判决，未取得执行到账情况。,已按1组名称查询当前公示列表，本轮未见记录；不代表零投诉，公示期限、名称别称和公开范围会影响结果。,"[黑猫投诉公开索引] site:tousu.sina.com.cn ""北京仁友家政""
已实际检索 site:tousu.sina.com.cn ""北京仁友家政""；同批输出候选经主体人工核对，本轮公开索引未取得可归属的平台投诉个案。

[消费保旧域公开索引] site:xfb315.com ""北京仁友家政""
已实际检索 site:xfb315.com ""北京仁友家政""；同批输出候选经主体人工核对，本轮公开索引未取得可归属的平台投诉个案。

[监管/司法/媒体公开索引] ""北京仁友家政服务有限公司"" 投诉 退费 处罚 法院
新增两宗明确指向北京仁友的历史诉讼：医院保洁欠款案中公司胜诉；经营场地租赁案中公司承认欠款并被判支付。两案均非家庭育儿服务，已分别记录答辩和判决，未取得执行到账情况。

[消费保新域公开索引] ""北京仁友家政"" 消费保 site:xfb365.com
已实际检索 ""北京仁友家政"" 消费保 site:xfb365.com；同批输出候选经主体人工核对，本轮公开索引未取得可归属的平台投诉个案。

[12315站内] 仁友家政
查询“仁友家政”：该名称在此次公示列表未见记录，不代表零投诉或没有历史纠纷；公示期限、名称别称和公开范围会影响结果。","案例：仁友与京南医疗区服务合同纠纷，（2022）京0108民初5441号
日期：2023-01-16
工种：医院公共区域保洁
记录：仁友诉医院承接主体欠保洁费98400元及开关门服务15000元；法院支持两项请求。
回应：医疗区认可98400元保洁欠费，主张开关门为赠送；法院因合同明确约定且无赠送证据未采信。
处理结果：判医疗区支付合计113400元；未取得执行情况。
限制：公司为胜诉债权人，不能记成其拒绝消费者退款；第三方转载，非家庭育儿服务。
读取状态：已用原生web回读正文、当事人意见及处理结果
来源：https://zh.wikisource.org/zh-hans/%E5%8C%97%E4%BA%AC%E4%BB%81%E5%8F%8B%E5%AE%B6%E6%94%BF%E6%9C%8D%E5%8A%A1%E6%9C%89%E9%99%90%E5%85%AC%E5%8F%B8%E4%B8%8E%E4%B8%AD%E5%9B%BD%E4%BA%BA%E6%B0%91%E8%A7%A3%E6%94%BE%E5%86%9B%E6%80%BB%E5%8C%BB%E9%99%A2%E4%BA%AC%E5%8D%97%E5%8C%BB%E7%96%97%E5%8C%BA%E6%9C%8D%E5%8A%A1%E5%90%88%E5%90%8C%E7%BA%A0%E7%BA%B7%E4%B8%80%E5%AE%A1%E6%B0%91%E4%BA%8B%E5%88%A4%E5%86%B3%E4%B9%A6

案例：昌平新世纪商城与仁友房屋租赁合同纠纷
日期：2022-01-11
工种：经营场地租赁
记录：公司承租经营场地，与出租方就租金、管理费及违约金发生争议；双方已于2021-02-10解约交房。
回应：公司庭审认可尚欠租金管理费486687元及违约金49810.03元，并同意付款期限。
处理结果：法院判公司于2022-01-18前支付上述两项；未取得执行到账或后续情况。
限制：历史经营租赁诉讼，不是家政客户订单，也不能据历史欠款断言当前停业。
读取状态：已用原生web回读正文、当事人意见及处理结果
来源：https://zh.wikisource.org/wiki/%E5%8C%97%E4%BA%AC%E5%B8%82%E6%98%8C%E5%B9%B3%E6%96%B0%E4%B8%96%E7%BA%AA%E5%95%86%E5%9F%8E%E4%B8%8E%E5%8C%97%E4%BA%AC%E4%BB%81%E5%8F%8B%E5%AE%B6%E6%94%BF%E6%9C%8D%E5%8A%A1%E6%9C%89%E9%99%90%E5%85%AC%E5%8F%B8%E6%88%BF%E5%B1%8B%E7%A7%9F%E8%B5%81%E5%90%88%E5%90%8C%E7%BA%A0%E7%BA%B7%E4%B8%80%E5%AE%A1%E6%B0%91%E4%BA%8B%E5%88%A4%E5%86%B3%E4%B9%A6","https://zh.wikisource.org/zh-hans/%E5%8C%97%E4%BA%AC%E4%BB%81%E5%8F%8B%E5%AE%B6%E6%94%BF%E6%9C%8D%E5%8A%A1%E6%9C%89%E9%99%90%E5%85%AC%E5%8F%B8%E4%B8%8E%E4%B8%AD%E5%9B%BD%E4%BA%BA%E6%B0%91%E8%A7%A3%E6%94%BE%E5%86%9B%E6%80%BB%E5%8C%BB%E9%99%A2%E4%BA%AC%E5%8D%97%E5%8C%BB%E7%96%97%E5%8C%BA%E6%9C%8D%E5%8A%A1%E5%90%88%E5%90%8C%E7%BA%A0%E7%BA%B7%E4%B8%80%E5%AE%A1%E6%B0%91%E4%BA%8B%E5%88%A4%E5%86%B3%E4%B9%A6
https://zh.wikisource.org/wiki/%E5%8C%97%E4%BA%AC%E5%B8%82%E6%98%8C%E5%B9%B3%E6%96%B0%E4%B8%96%E7%BA%AA%E5%95%86%E5%9F%8E%E4%B8%8E%E5%8C%97%E4%BA%AC%E4%BB%81%E5%8F%8B%E5%AE%B6%E6%94%BF%E6%9C%8D%E5%8A%A1%E6%9C%89%E9%99%90%E5%85%AC%E5%8F%B8%E6%88%BF%E5%B1%8B%E7%A7%9F%E8%B5%81%E5%90%88%E5%90%8C%E7%BA%A0%E7%BA%B7%E4%B8%80%E5%AE%A1%E6%B0%91%E4%BA%8B%E5%88%A4%E5%86%B3%E4%B9%A6
https://tsgs.12315.cn/#/viewport","queries.resultUrls仅为搜索返回的候选链接，可能含无关、同名或未回读页面；不自动视为采信来源，不据此生成案例或评价。案例读取及归属边界以cases为准。
https://zh.wikisource.org/zh-hant/%E5%8C%97%E4%BA%AC%E4%BB%81%E5%8F%8B%E5%AE%B6%E6%94%BF%E6%9C%8D%E5%8A%A1%E6%9C%89%E9%99%90%E5%85%AC%E5%8F%B8%E4%B8%8E%E4%B8%AD%E5%9B%BD%E4%BA%BA%E6%B0%91%E8%A7%A3%E6%94%BE%E5%86%9B%E6%80%BB%E5%8C%BB%E9%99%A2%E4%BA%AC%E5%8D%97%E5%8C%BB%E7%96%97%E5%8C%BA%E6%9C%8D%E5%8A%A1%E5%90%88%E5%90%8C%E7%BA%A0%E7%BA%B7%E4%B8%80%E5%AE%A1%E6%B0%91%E4%BA%8B%E5%88%A4%E5%86%B3%E4%B9%A6
https://zh.wikisource.org/zh-hans/%E5%8C%97%E4%BA%AC%E4%BB%81%E5%8F%8B%E5%AE%B6%E6%94%BF%E6%9C%8D%E5%8A%A1%E6%9C%89%E9%99%90%E5%85%AC%E5%8F%B8%E4%B8%8E%E4%B8%AD%E5%9B%BD%E4%BA%BA%E6%B0%91%E8%A7%A3%E6%94%BE%E5%86%9B%E6%80%BB%E5%8C%BB%E9%99%A2%E4%BA%AC%E5%8D%97%E5%8C%BB%E7%96%97%E5%8C%BA%E6%9C%8D%E5%8A%A1%E5%90%88%E5%90%8C%E7%BA%A0%E7%BA%B7%E4%B8%80%E5%AE%A1%E6%B0%91%E4%BA%8B%E5%88%A4%E5%86%B3%E4%B9%A6
https://buy.cnooc.com.cn/cbjyweb/024/024001/024001002/20250328/1355225315950919681-zhy.html
https://sw.beijing.gov.cn/phone/zwxx/tzgg/202401/t20240122_3542390.html
https://zh.wikisource.org/wiki/%E5%8C%97%E4%BA%AC%E5%B8%82%E6%98%8C%E5%B9%B3%E6%96%B0%E4%B8%96%E7%BA%AA%E5%95%86%E5%9F%8E%E4%B8%8E%E5%8C%97%E4%BA%AC%E4%BB%81%E5%8F%8B%E5%AE%B6%E6%94%BF%E6%9C%8D%E5%8A%A1%E6%9C%89%E9%99%90%E5%85%AC%E5%8F%B8%E6%88%BF%E5%B1%8B%E7%A7%9F%E8%B5%81%E5%90%88%E5%90%8C%E7%BA%A0%E7%BA%B7%E4%B8%80%E5%AE%A1%E6%B0%91%E4%BA%8B%E5%88%A4%E5%86%B3%E4%B9%A6
https://www.beijing.gov.cn/fuwu/lqfw/gggs/202401/t20240122_3542621.html
https://sw.beijing.gov.cn/phone/zwxx/tzgg/202401/t20240131_3550205.html
https://zh.wikisource.org/zh-hans/%E5%8C%97%E4%BA%AC%E5%B8%82%E6%98%8C%E5%B9%B3%E6%96%B0%E4%B8%96%E7%BA%AA%E5%95%86%E5%9F%8E%E4%B8%8E%E5%8C%97%E4%BA%AC%E4%BB%81%E5%8F%8B%E5%AE%B6%E6%94%BF%E6%9C%8D%E5%8A%A1%E6%9C%89%E9%99%90%E5%85%AC%E5%8F%B8%E6%88%BF%E5%B1%8B%E7%A7%9F%E8%B5%81%E5%90%88%E5%90%8C%E7%BA%A0%E7%BA%B7%E4%B8%80%E5%AE%A1%E6%B0%91%E4%BA%8B%E5%88%A4%E5%86%B3%E4%B9%A6
https://rsj.beijing.gov.cn/bm/ztzl/ssjzlwpp/index_1.html
https://rsj.beijing.gov.cn/xxgk/tzgg/202312/t20231229_3518883.html
https://resource.emagecompany.com/firecontrol/2025beijingfire.html
https://rsj.beijing.gov.cn/weimenhu/wmtgz/202511/t20251106_4264127.html",2026-09-21
new-government-b-02,德茂家政,以北京德茂家政服务有限公司核查，命中大兴就业平台多个岗位与官方品牌名录。岗位职责中的处理客户投诉是招聘要求，并非已发生消费者个案。 本轮公开索引未取得可归属的投诉或处罚个案。,已按1组名称查询当前公示列表，本轮未见记录；不代表零投诉，公示期限、名称别称和公开范围会影响结果。,"[黑猫投诉公开索引] site:tousu.sina.com.cn ""北京德茂家政""
已实际检索 site:tousu.sina.com.cn ""北京德茂家政""；同批输出候选经主体人工核对，本轮公开索引未取得可归属的平台投诉个案。

[消费保旧域公开索引] site:xfb315.com ""北京德茂家政""
已实际检索 site:xfb315.com ""北京德茂家政""；同批输出候选经主体人工核对，本轮公开索引未取得可归属的平台投诉个案。

[监管/司法/媒体公开索引] ""北京德茂家政服务有限公司"" 投诉 退费 处罚 法院
以北京德茂家政服务有限公司核查，命中大兴就业平台多个岗位与官方品牌名录。岗位职责中的处理客户投诉是招聘要求，并非已发生消费者个案。

[消费保新域公开索引] ""北京德茂家政"" 消费保 site:xfb365.com
已实际检索 ""北京德茂家政"" 消费保 site:xfb365.com；同批输出候选经主体人工核对，本轮公开索引未取得可归属的平台投诉个案。

[12315站内] 北京德茂家政服务有限公司
查询“北京德茂家政服务有限公司”：该名称在此次公示列表未见记录，不代表零投诉或没有历史纠纷；公示期限、名称别称和公开范围会影响结果。",未取得本轮可单列案例；不代表没有投诉。,https://tsgs.12315.cn/#/viewport,"queries.resultUrls仅为搜索返回的候选链接，可能含无关、同名或未回读页面；不自动视为采信来源，不据此生成案例或评价。案例读取及归属边界以cases为准。
https://rsj.beijing.gov.cn/bm/ztzl/ssjzlwpp/index_1.html
https://rsj.ankang.gov.cn/Content-2838401.html
https://rsj.beijing.gov.cn/weimenhu/wmtgz/202511/t20251106_4264127.html
https://jy.daxing.net/zpxx/189727.jhtml
https://jy.daxing.net/zpxx/199800.jhtml
https://jy.daxing.net/zpxx/193215.jhtml
https://jy.daxing.net/zpxx/201171.jhtml
https://www.sohu.com/a/872726850_121106869
https://jy.daxing.net/zpxx/199948.jhtml
https://jy.daxing.net/zpxx/199947.jhtml
https://www.sohu.com/a/1027759779_121106842
https://www.sohu.com/a/1006418944_121123744",2026-09-21
new-government-b-03,京平绿谷家政,以北京京平绿谷家政服务有限公司和智服到家补查；结果为招聘、名录和采购公示。搜索带出的公积金检查表回读未见京平绿谷，京平绿谷人力资源公司也不未经核验视为同一法人。 本轮公开索引未取得可归属的投诉或处罚个案。,已按1组名称查询当前公示列表，本轮未见记录；不代表零投诉，公示期限、名称别称和公开范围会影响结果。,"[黑猫投诉公开索引] site:tousu.sina.com.cn ""京平绿谷""
已实际检索 site:tousu.sina.com.cn ""京平绿谷""；同批输出候选经主体人工核对，本轮公开索引未取得可归属的平台投诉个案。

[消费保旧域公开索引] site:xfb315.com ""京平绿谷""
已实际检索 site:xfb315.com ""京平绿谷""；同批输出候选经主体人工核对，本轮公开索引未取得可归属的平台投诉个案。

[监管/司法/媒体公开索引] ""北京京平绿谷家政服务有限公司"" 投诉 退费 处罚 法院
以北京京平绿谷家政服务有限公司和智服到家补查；结果为招聘、名录和采购公示。搜索带出的公积金检查表回读未见京平绿谷，京平绿谷人力资源公司也不未经核验视为同一法人。

[消费保新域公开索引] ""京平绿谷"" 消费保 site:xfb365.com
已实际检索 ""京平绿谷"" 消费保 site:xfb365.com；同批输出候选经主体人工核对，本轮公开索引未取得可归属的平台投诉个案。

[品牌别称/个案后续补查] ""智服到家"" 投诉 退费
补查实际执行。以北京京平绿谷家政服务有限公司和智服到家补查；结果为招聘、名录和采购公示。搜索带出的公积金检查表回读未见京平绿谷，京平绿谷人力资源公司也不未经核验视为同一法人。

[12315站内] 北京京平绿谷家政服务有限公司
查询“北京京平绿谷家政服务有限公司”：该名称在此次公示列表未见记录，不代表零投诉或没有历史纠纷；公示期限、名称别称和公开范围会影响结果。",未取得本轮可单列案例；不代表没有投诉。,https://tsgs.12315.cn/#/viewport,"queries.resultUrls仅为搜索返回的候选链接，可能含无关、同名或未回读页面；不自动视为采信来源，不据此生成案例或评价。案例读取及归属边界以cases为准。
https://rsj.beijing.gov.cn/bm/ztzl/ssjzlwpp/index_1.html
https://rsj.beijing.gov.cn/weimenhu/wmtgz/202511/t20251106_4264127.html
https://www.pingshanxian.com/information-id-838.html
https://www.10100.com/article/146023256
https://www.sohu.com/a/872726850_121106869
https://rs.tongchuan.gov.cn/10/17416.jhtml
https://ggzyfw.beijing.gov.cn/xycg03/20251226/5397720.html
https://www.sohu.com/a/1012600116_121106854
https://gjj.beijing.gov.cn/web/zwgk61/1738100/dtxx42/jcjg/11120243/index.html
https://www.sohu.com/a/1049365962_121106854
https://news.bjd.com.cn/2025/04/30/11148634.shtml
https://www.dameiwudu.com/article-1263.html
https://www.sznews.com/zhuanti/content/2026-04/30/content_32034598.htm
https://lawyers.66law.cn/s2e1660e32914f_i1676314.aspx
https://tousu.sina.com.cn/complaint/view/17379899906/?sld=2e770f71d46a23c9a6d42dbaaebbbc23
https://www.wmttfc.com/zhichang/9715.html
https://www.ayrbs.com/szb/pc/attachment/202311/09/f7d3c933-1175-48d6-89c3-8a29119229f5.pdf
https://zsj.gz.gov.cn/gkmlpt/content/6/6986/post_6986358.html
https://fgw.pingliang.gov.cn/gzzd/art/2022/art_58cb4a2b5abe4509a554bc7951638496.html
https://jingkids.com/issuepdf/Jingkids2013-06.pdf
https://www.nationalreading.gov.cn/
https://www.peopleapp.com/newspaper?date=2026.08.20
https://fanwenm.hao86.com/jieshaoxin/1015056.html
https://news.sina.com.cn/s/p/2006-01-17/19258894245.shtml
https://epaper.qingdaonews.com/lnshb/resfile/2023-04-26/A04/A04.pdf
https://zt.bjcc.gov.cn/resources/topics/PC/zxyd/item52.pdf",2026-09-21
new-government-b-04,育乐宝家政,以北京育乐宝家政服务有限公司核查，结果为怀柔招聘、妇联培训和人社品牌名录；未取得可归属消费者个案，不能用活动曝光量推算好评率。 本轮公开索引未取得可归属的投诉或处罚个案。,已按1组名称查询当前公示列表，本轮未见记录；不代表零投诉，公示期限、名称别称和公开范围会影响结果。,"[黑猫投诉公开索引] site:tousu.sina.com.cn ""北京育乐宝家政""
已实际检索 site:tousu.sina.com.cn ""北京育乐宝家政""；同批输出候选经主体人工核对，本轮公开索引未取得可归属的平台投诉个案。

[消费保旧域公开索引] site:xfb315.com ""北京育乐宝家政""
已实际检索 site:xfb315.com ""北京育乐宝家政""；同批输出候选经主体人工核对，本轮公开索引未取得可归属的平台投诉个案。

[监管/司法/媒体公开索引] ""北京育乐宝家政服务有限公司"" 投诉 退费 处罚 法院
以北京育乐宝家政服务有限公司核查，结果为怀柔招聘、妇联培训和人社品牌名录；未取得可归属消费者个案，不能用活动曝光量推算好评率。

[消费保新域公开索引] ""北京育乐宝家政"" 消费保 site:xfb365.com
已实际检索 ""北京育乐宝家政"" 消费保 site:xfb365.com；同批输出候选经主体人工核对，本轮公开索引未取得可归属的平台投诉个案。

[12315站内] 育乐宝家政
查询“育乐宝家政”：该名称在此次公示列表未见记录，不代表零投诉或没有历史纠纷；公示期限、名称别称和公开范围会影响结果。",未取得本轮可单列案例；不代表没有投诉。,https://tsgs.12315.cn/#/viewport,"queries.resultUrls仅为搜索返回的候选链接，可能含无关、同名或未回读页面；不自动视为采信来源，不据此生成案例或评价。案例读取及归属边界以cases为准。
https://rsj.beijing.gov.cn/bm/ztzl/ssjzlwpp/202510/t20251031_4249358.html
https://rsj.beijing.gov.cn/bm/ztzl/ssjzlwpp/index_1.html
https://rsj.beijing.gov.cn/weimenhu/wmtgz/202511/t20251106_4264127.html
https://www.beijing.gov.cn/fuwu/bmfw/sy/jrts/202603/t20260331_4570363.html
https://www.fengning.gov.cn/art/2025/6/17/art_3212_1071612.html
https://www.bjhr.gov.cn/ywdt/hrkx/202504/t20250423_4072630.html
https://rsj.chengde.gov.cn/cdcy/Article/info.html?cate=138&id=240
https://finance.sina.com.cn/wm/2026-06-16/doc-inicqnrx4520087.shtml
https://www.bjnews.com.cn/detail/1782177667019732.html
https://xinwen.bjd.com.cn/content/s6937b3b0e4b06b6f7a7f2f6f.html
https://m.bjnews.com.cn/detail/1784597236019027.html
https://xinwen.bjd.com.cn/content/s685bae16d5de601d45c1581c.html",2026-09-21
new-government-b-05,华宇密嫂,按官方名录核正主体为华宇密嫂家政服务（北京）有限公司后查询。结果为官方品牌名录；丰台生态环境投诉表指向餐饮等其他企业，未支持本机构处罚。 本轮公开索引未取得可归属的投诉或处罚个案。,已按1组名称查询当前公示列表，本轮未见记录；不代表零投诉，公示期限、名称别称和公开范围会影响结果。,"[黑猫投诉公开索引] site:tousu.sina.com.cn ""华宇密嫂""
已实际检索 site:tousu.sina.com.cn ""华宇密嫂""；同批输出候选经主体人工核对，本轮公开索引未取得可归属的平台投诉个案。

[消费保旧域公开索引] site:xfb315.com ""华宇密嫂""
已实际检索 site:xfb315.com ""华宇密嫂""；同批输出候选经主体人工核对，本轮公开索引未取得可归属的平台投诉个案。

[监管/司法/媒体公开索引] ""华宇密嫂家政服务（北京）有限公司"" 投诉 退费 处罚 法院
按官方名录核正主体为华宇密嫂家政服务（北京）有限公司后查询。结果为官方品牌名录；丰台生态环境投诉表指向餐饮等其他企业，未支持本机构处罚。

[消费保新域公开索引] ""华宇密嫂"" 消费保 site:xfb365.com
已实际检索 ""华宇密嫂"" 消费保 site:xfb365.com；同批输出候选经主体人工核对，本轮公开索引未取得可归属的平台投诉个案。

[12315站内] 华宇密嫂
查询“华宇密嫂”：该名称在此次公示列表未见记录，不代表零投诉或没有历史纠纷；公示期限、名称别称和公开范围会影响结果。",未取得本轮可单列案例；不代表没有投诉。,https://tsgs.12315.cn/#/viewport,"queries.resultUrls仅为搜索返回的候选链接，可能含无关、同名或未回读页面；不自动视为采信来源，不据此生成案例或评价。案例读取及归属边界以cases为准。
https://rsj.beijing.gov.cn/bm/ztzl/ssjzlwpp/index_1.html
https://rsj.beijing.gov.cn/weimenhu/wmtgz/202511/t20251106_4264127.html
https://www.58.com/ppezp2023120635378/
https://www.bjft.gov.cn/ftq/c100007/202301/4dadc999e72d4bcc9ba080a9fcd1eb25.shtml",2026-09-21
new-government-b-06,乐活家政 / 乐活圈,精确查询乐活圈（北京）信息科技有限公司并补乐活家政北京。结果为高新企业、官方名录及合作消息；高新企业名录不是行政处罚或客户口碑。 本轮公开索引未取得可归属的投诉或处罚个案。,已按1组名称查询当前公示列表，本轮未见记录；不代表零投诉，公示期限、名称别称和公开范围会影响结果。,"[黑猫投诉公开索引] site:tousu.sina.com.cn ""乐活圈 北京""
已实际检索 site:tousu.sina.com.cn ""乐活圈 北京""；同批输出候选经主体人工核对，本轮公开索引未取得可归属的平台投诉个案。

[消费保旧域公开索引] site:xfb315.com ""乐活圈 北京""
已实际检索 site:xfb315.com ""乐活圈 北京""；同批输出候选经主体人工核对，本轮公开索引未取得可归属的平台投诉个案。

[监管/司法/媒体公开索引] ""乐活圈（北京）信息科技有限公司"" 投诉 退费 处罚 法院
精确查询乐活圈（北京）信息科技有限公司并补乐活家政北京。结果为高新企业、官方名录及合作消息；高新企业名录不是行政处罚或客户口碑。

[消费保新域公开索引] ""乐活圈 北京"" 消费保 site:xfb365.com
已实际检索 ""乐活圈 北京"" 消费保 site:xfb365.com；同批输出候选经主体人工核对，本轮公开索引未取得可归属的平台投诉个案。

[品牌别称/个案后续补查] ""乐活家政"" 北京 投诉
补查实际执行。精确查询乐活圈（北京）信息科技有限公司并补乐活家政北京。结果为高新企业、官方名录及合作消息；高新企业名录不是行政处罚或客户口碑。

[12315站内] 乐活圈（北京）信息科技有限公司
查询“乐活圈（北京）信息科技有限公司”：该名称在此次公示列表未见记录，不代表零投诉或没有历史纠纷；公示期限、名称别称和公开范围会影响结果。",未取得本轮可单列案例；不代表没有投诉。,https://tsgs.12315.cn/#/viewport,"queries.resultUrls仅为搜索返回的候选链接，可能含无关、同名或未回读页面；不自动视为采信来源，不据此生成案例或评价。案例读取及归属边界以cases为准。
https://rsj.beijing.gov.cn/bm/ztzl/ssjzlwpp/202510/t20251031_4249347.html
https://www.safe.gov.cn/beijing/file/file/20220719/8b1db594311740028eb2ea4d51ba2458.pdf
https://www.safe.gov.cn/beijing/file/file/20190121/847b0b33ceee4109b168619cb55276af.pdf
https://www.safe.gov.cn/beijing/file/file/20190725/bf2d95709db74eeca2b4bfd328c8f051.pdf
https://www.safe.gov.cn/big5/big5/www.safe.gov.cn/beijing/file/file/20210222/04f1f1cc4f9442078805e718e59dae0c.pdf?n=%E4%B8%AD%E9%97%9C%E6%9D%91%E4%B8%AD%E5%BF%83%E6%94%AF%E5%B1%80%E8%BD%84%E5%85%A7%E4%BC%81%E6%A5%AD%E5%90%8D%E9%8C%84%EF%BC%88%E6%88%AA%E6%AD%A22021%E5%B9%B41%E6%9C%88%EF%BC%89
https://m.bkztfund.com/nd.jsp?groupId=39&id=7089&mid=321
https://www.safe.gov.cn/beijing/file/file/20190920/6bef7e1adb684ec6b02dab36675429e7.pdf
https://www.safe.gov.cn/big5/big5/www.safe.gov.cn/beijing/file/file/20201217/b77b0a1c470042f4bba62e94bb37faa2.pdf
https://rsj.beijing.gov.cn/bm/ztzl/ssjzlwpp/index_1.html
https://rsj.beijing.gov.cn/weimenhu/wmtgz/202511/t20251106_4264127.html
https://www.95ye.com/article/m/22655.html
https://www.qiyeku.cn/tag/company6a88b2.html
https://www.sohu.com/a/1004908276_121962566
https://www.sznews.com/zhuanti/content/2026-04/30/content_32034598.htm
https://lawyers.66law.cn/s2e1660e32914f_i1676314.aspx
https://tousu.sina.com.cn/complaint/view/17379899906/?sld=2e770f71d46a23c9a6d42dbaaebbbc23
https://www.wmttfc.com/zhichang/9715.html
https://www.ayrbs.com/szb/pc/attachment/202311/09/f7d3c933-1175-48d6-89c3-8a29119229f5.pdf
https://zsj.gz.gov.cn/gkmlpt/content/6/6986/post_6986358.html
https://fgw.pingliang.gov.cn/gzzd/art/2022/art_58cb4a2b5abe4509a554bc7951638496.html
https://jingkids.com/issuepdf/Jingkids2013-06.pdf
https://www.nationalreading.gov.cn/
https://www.peopleapp.com/newspaper?date=2026.08.20
https://fanwenm.hao86.com/jieshaoxin/1015056.html
https://news.sina.com.cn/s/p/2006-01-17/19258894245.shtml
https://epaper.qingdaonews.com/lnshb/resfile/2023-04-26/A04/A04.pdf
https://zt.bjcc.gov.cn/resources/topics/PC/zxyd/item52.pdf",2026-09-21
new-government-b-07,金萌泰,新增北京金萌泰医院管理集团有限公司与医院患者之间的陪护受伤及护理费用争议。判决确认护工看护不利导致老人摔伤，记载此前赔偿判决，并对延长期护理费部分支持公司请求。属于医院养老陪护，不能转写为育儿嫂事故。,已回读详情中最新公示（2026-07-28）：北京金萌泰医院管理集团有限公司，服务类别为怀孕及分娩护理，处理结果为“达成调解协议”。公示未披露协议细节及退款到账证据，不能据此推断北京育儿嫂整体服务质量。,"[黑猫投诉公开索引] site:tousu.sina.com.cn ""金萌泰""
已实际检索 site:tousu.sina.com.cn ""金萌泰""；同批输出候选经主体人工核对，本轮公开索引未取得可归属的平台投诉个案。

[消费保旧域公开索引] site:xfb315.com ""金萌泰""
已实际检索 site:xfb315.com ""金萌泰""；同批输出候选经主体人工核对，本轮公开索引未取得可归属的平台投诉个案。

[监管/司法/媒体公开索引] ""北京金萌泰医院管理集团有限公司"" 投诉 退费 处罚 法院
新增北京金萌泰医院管理集团有限公司与医院患者之间的陪护受伤及护理费用争议。判决确认护工看护不利导致老人摔伤，记载此前赔偿判决，并对延长期护理费部分支持公司请求。属于医院养老陪护，不能转写为育儿嫂事故。

[消费保新域公开索引] ""金萌泰"" 消费保 site:xfb365.com
已实际检索 ""金萌泰"" 消费保 site:xfb365.com；同批输出候选经主体人工核对，本轮公开索引未取得可归属的平台投诉个案。

[品牌别称/个案后续补查] ""金萌泰"" ""13240"" 判决
补查实际执行。新增北京金萌泰医院管理集团有限公司与医院患者之间的陪护受伤及护理费用争议。判决确认护工看护不利导致老人摔伤，记载此前赔偿判决，并对延长期护理费部分支持公司请求。属于医院养老陪护，不能转写为育儿嫂事故。

[12315站内] 北京金萌泰医院管理集团有限公司
查询“北京金萌泰医院管理集团有限公司”此次页面显示3条关键词匹配公示。首屏包含怀孕及分娩护理、四川分公司康复护理和家政中介等不同服务，不能混作北京育儿嫂记录。以上数量是所列查询关键词此次匹配的公示记录数，可能含分支、近名和不同服务工种；不同查询之间可能重叠，不合计为机构投诉总数，不是投诉率或质量排名。公示期限为一年，不涵盖全部历史、未公开投诉或所有分支。投诉内容为当事人填写，调解结果不是违法认定；达成调解不等于退款已到账。","案例：历史医院陪护服务合同诉讼
日期：2023-04-25；事故2020-10-03
工种：住院老人陪护
记录：判决确认护工看护不利致老人摔伤，双方签赔偿及免费护理协议；公司后诉要延长期护理费151680元。文书记载此前两次赔偿判决。
回应：公司认为免费护理应至2021-01-03，患者方认为未康复应持续免费；法院结合实际认定免费义务截至2021-11-04。
处理结果：本案判患者支付护理费36000元并驳回公司其他请求；2021赔偿案公司称已履行，2023赔偿案双方确认已生效，未取得本案执行记录。
限制：一次事故的关联判决合并说明，不按三起重复计数；老人医院陪护，非育儿嫂，第三方转载。
读取状态：已用原生web回读正文、当事人意见及处理结果
来源：https://zh.wikisource.org/zh-hans/%E5%8C%97%E4%BA%AC%E5%B8%82%E4%B8%9C%E5%9F%8E%E5%8C%BA%E4%BA%BA%E6%B0%91%E6%B3%95%E9%99%A2%EF%BC%882022%EF%BC%89%E4%BA%AC0101%E6%B0%91%E5%88%9D8191%E5%8F%B7%E6%B0%91%E4%BA%8B%E5%88%A4%E5%86%B3%E4%B9%A6

案例：北京金萌泰医院管理集团有限公司消费投诉处理公示
日期：2026-06-25
工种：怀孕及分娩护理
记录：消费者反映2026-06-25购买的怀孕及分娩护理涉及定金争议，要求赔偿损失。官方公示列出的处理结果为“达成调解协议”。
回应：公示没有展示企业具体答复。
处理结果：达成调解协议
处理部门：北京丰台区市场监督管理局
限制：投诉基本信息与问题由当事人填报，不是违法认定。公示未披露协议具体内容、退款金额或到账证据；未确认该单为育儿嫂。公示期限为一年，本次只回读选取的具名详情。
读取状态：已打开12315官方详情，核对主体、服务及处理结果
来源：https://tsgs.12315.cn/#/viewport","https://zh.wikisource.org/zh-hans/%E5%8C%97%E4%BA%AC%E5%B8%82%E4%B8%9C%E5%9F%8E%E5%8C%BA%E4%BA%BA%E6%B0%91%E6%B3%95%E9%99%A2%EF%BC%882022%EF%BC%89%E4%BA%AC0101%E6%B0%91%E5%88%9D8191%E5%8F%B7%E6%B0%91%E4%BA%8B%E5%88%A4%E5%86%B3%E4%B9%A6
https://tsgs.12315.cn/#/viewport","queries.resultUrls仅为搜索返回的候选链接，可能含无关、同名或未回读页面；不自动视为采信来源，不据此生成案例或评价。案例读取及归属边界以cases为准。
https://www.jinmengtai.cn/contact/
https://zh.wikisource.org/zh-hans/%E5%8C%97%E4%BA%AC%E5%B8%82%E4%B8%9C%E5%9F%8E%E5%8C%BA%E4%BA%BA%E6%B0%91%E6%B3%95%E9%99%A2%EF%BC%882022%EF%BC%89%E4%BA%AC0101%E6%B0%91%E5%88%9D8191%E5%8F%B7%E6%B0%91%E4%BA%8B%E5%88%A4%E5%86%B3%E4%B9%A6
https://zh.wikisource.org/zh-hans/%E5%8C%97%E4%BA%AC%E9%87%91%E8%90%8C%E6%B3%B0%E5%8C%BB%E9%99%A2%E7%AE%A1%E7%90%86%E9%9B%86%E5%9B%A2%E6%9C%89%E9%99%90%E5%85%AC%E5%8F%B8%E4%B8%8E%E6%88%B4%E6%B7%91%E5%8D%8E%E4%B8%80%E5%AE%A1%E6%B0%91%E4%BA%8B%E5%88%A4%E5%86%B3%E4%B9%A6
https://rsj.beijing.gov.cn/bm/ztzl/ssjzlwpp/202511/t20251103_4250990.html
https://zh.wikisource.org/zh-hant/%E5%8C%97%E4%BA%AC%E9%87%91%E8%90%8C%E6%B3%B0%E5%8C%BB%E9%99%A2%E7%AE%A1%E7%90%86%E9%9B%86%E5%9B%A2%E6%9C%89%E9%99%90%E5%85%AC%E5%8F%B8%E4%B8%8E%E6%88%B4%E6%B7%91%E5%8D%8E%E4%B8%80%E5%AE%A1%E6%B0%91%E4%BA%8B%E5%88%A4%E5%86%B3%E4%B9%A6
https://www.jinmengtai.cn/lm1/
https://zh.wikisource.org/zh-hant/%E5%8C%97%E4%BA%AC%E5%B8%82%E4%B8%9C%E5%9F%8E%E5%8C%BA%E4%BA%BA%E6%B0%91%E6%B3%95%E9%99%A2%EF%BC%882022%EF%BC%89%E4%BA%AC0101%E6%B0%91%E5%88%9D8191%E5%8F%B7%E6%B0%91%E4%BA%8B%E5%88%A4%E5%86%B3%E4%B9%A6
https://www.xxg.com.cn/xwzx/gsdt/202504/W020250410335609740033.pdf
https://www.jinmengtai.cn/hangye/
https://ec.picc.com/cms/default/webfile/ywgg4/20260515/1239960504835768320.html
https://www.jinmengtai.cn/Qualification
https://apps.apple.com/cn/app/%E9%87%91%E8%90%8C%E6%B3%B0%E7%AE%A1%E5%AE%B6%E7%AB%AF/id6670591639
https://www.bjzgh.org/upload/ueditor/uploadfile/202502/20250226/2025022608471740530833341043969.pdf
https://www.jinmengtai.cn/gongsi_2/
https://pdf.gk100.com/employment/report/2021/20250412/fe08f0fd75712a80.pdf
https://p2.gk100.com/employment/report/2021/e1d9c798d8188ddc5a89ddcd0fc5f96f.pdf
https://www.bjxch.gov.cn/zt/xzxkhxzcfgszl/syx/xxxq4/pnidpv675e8cb4eac84379be96256b74bda00e.html
https://www.fjls0591.com/nd.jsp?id=445
https://nh.cnnb.com.cn/system/2015/01/29/011135350.shtml
https://www.ccphistory.org.cn/images/thumbnailimg/month_1408/201408251857236791.pdf
https://static.cninfo.com.cn/finalpage/2020-07-15/1208043554.PDF
https://www.huian.gov.cn/zwgk/zdxxgk/zdjsxm/xmsphz/202608/t20260821_3321470.htm
https://dangjian.people.com.cn/n/2013/1022/c117092-23282179.html
https://finance.sina.com.cn/roll/2026-01-10/doc-inhfvnnn9400980.shtml
https://www.renrendoc.com/p-59339104.html
https://www.gdszjgdj.org/gzpp/qzlx/ywyl/content/post_244957.html
https://www.srhj.org.cn/CN/volumn/volumn_53.shtml
https://ribao.xyxww.com.cn/html/14/2013-05/16/03/2013051603_pdf.pdf
https://img1.xinmin.cn/xmwb/2024-11-04/151104.pdf
https://www.cxshb.gov.cn/info/46277/599942.htm
https://www.shzx.org/web/info/39-7154-0.html
https://2bur.cscec.com/xwzx6/qykw6/201310/P020171223018658579291.pdf",2026-09-21
candidate-huijiafeng,惠佳丰／京惠照护师,新增北京市惠佳丰劳务服务有限责任公司2026年生活垃圾管理罚款3000元官方公示及两起2023年劳动诉讼。两宗劳动诉讼均驳回劳动者相关请求，不能只列诉称而略去判决；均非育儿客户退费。,已按1组名称查询当前公示列表，本轮未见记录；不代表零投诉，公示期限、名称别称和公开范围会影响结果。,"[黑猫投诉公开索引] site:tousu.sina.com.cn ""惠佳丰""
已实际检索 site:tousu.sina.com.cn ""惠佳丰""；同批输出候选经主体人工核对，本轮公开索引未取得可归属的平台投诉个案。

[消费保旧域公开索引] site:xfb315.com ""惠佳丰""
已实际检索 site:xfb315.com ""惠佳丰""；同批输出候选经主体人工核对，本轮公开索引未取得可归属的平台投诉个案。

[监管/司法/媒体公开索引] ""北京市惠佳丰劳务服务有限责任公司"" 投诉 退费 处罚 法院
新增北京市惠佳丰劳务服务有限责任公司2026年生活垃圾管理罚款3000元官方公示及两起2023年劳动诉讼。两宗劳动诉讼均驳回劳动者相关请求，不能只列诉称而略去判决；均非育儿客户退费。

[消费保新域公开索引] ""惠佳丰"" 消费保 site:xfb365.com
已实际检索 ""惠佳丰"" 消费保 site:xfb365.com；同批输出候选经主体人工核对，本轮公开索引未取得可归属的平台投诉个案。

[品牌别称/个案后续补查] ""京惠照护师"" 投诉
补查实际执行。新增北京市惠佳丰劳务服务有限责任公司2026年生活垃圾管理罚款3000元官方公示及两起2023年劳动诉讼。两宗劳动诉讼均驳回劳动者相关请求，不能只列诉称而略去判决；均非育儿客户退费。

[品牌别称/个案后续补查] ""北京市惠佳丰劳务服务有限责任公司"" 投诉
补查实际执行。新增北京市惠佳丰劳务服务有限责任公司2026年生活垃圾管理罚款3000元官方公示及两起2023年劳动诉讼。两宗劳动诉讼均驳回劳动者相关请求，不能只列诉称而略去判决；均非育儿客户退费。

[品牌别称/个案后续补查] ""惠佳丰"" ""生活垃圾"" 2026
补查实际执行。新增北京市惠佳丰劳务服务有限责任公司2026年生活垃圾管理罚款3000元官方公示及两起2023年劳动诉讼。两宗劳动诉讼均驳回劳动者相关请求，不能只列诉称而略去判决；均非育儿客户退费。

[12315站内] 北京市惠佳丰劳务服务有限责任公司
查询“北京市惠佳丰劳务服务有限责任公司”：该名称在此次公示列表未见记录，不代表零投诉或没有历史纠纷；公示期限、名称别称和公开范围会影响结果。","案例：京西德胜街道罚字﹝2026﹞10010号
日期：处罚2026-01-20；公示2026-01-23
工种：生活垃圾管理事项
记录：公示主体北京市惠佳丰劳务服务有限责任公司，统一信用代码91110102753325360F；依据北京市生活垃圾管理条例第六十九条第一款罚款3000元。
回应：公开公示页未载企业答辩。
处理结果：官方公示罚款3000元；未取得缴款、复议或整改后续。
限制：事项不是育儿嫂服务质量；公示未细述具体违法事实，不能自行补写垃圾分类情节。
读取状态：已用原生web回读正文、当事人意见及处理结果
来源：https://www.bjxch.gov.cn/zt/xzxkhxzcfgszl/syx/xxxq4/pnidpv675e8cb4eac84379be96256b74bda00e.html

案例：历史劳动争议判决记录
日期：2023-03-31
工种：医院配送员
记录：劳动者要求加班费、未休年假及补贴；法院依据签署的解除合同关系承诺书、双方结清约定等不支持请求。
回应：公司请求维持一审，提交结清承诺、考勤和工资等证据；劳动者对签署内容有异议但未申请鉴定。
处理结果：二审驳回上诉、维持原判，为终审；公司无此案被判欠薪结论。
限制：劳动争议非家庭客户投诉，不把诉称欠款写作已认定事实。
读取状态：已用原生web回读正文、当事人意见及处理结果
来源：https://search.laborinfocn.com/lawcases/case/261612

案例：历史劳动争议判决记录
日期：2023-03-21
工种：医院陪护
记录：陪护人员要求确认2008–2021劳动关系及解除补偿；法院认为证明劳动关系的证据不足，公司居间服务合同及生活陪护协议形成反证。
回应：公司否认劳动关系，提出实际为居间服务；劳动者主张存在管理、培训及工资支付。
处理结果：一审驳回劳动者全部请求；未取得上诉或后续。
限制：文书出现客户预缴、多退少补条款属于医院陪护旧协议，不能当当前育儿嫂退费政策。
读取状态：已用原生web回读正文、当事人意见及处理结果
来源：https://zh.wikisource.org/zh-hans/%E5%8C%97%E4%BA%AC%E5%B8%82%E8%A5%BF%E5%9F%8E%E5%8C%BA%E4%BA%BA%E6%B0%91%E6%B3%95%E9%99%A2%EF%BC%882023%EF%BC%89%E4%BA%AC0102%E6%B0%91%E5%88%9D1845%E5%8F%B7%E6%B0%91%E4%BA%8B%E5%88%A4%E5%86%B3%E4%B9%A6","https://www.bjxch.gov.cn/zt/xzxkhxzcfgszl/syx/xxxq4/pnidpv675e8cb4eac84379be96256b74bda00e.html
https://search.laborinfocn.com/lawcases/case/261612
https://zh.wikisource.org/zh-hans/%E5%8C%97%E4%BA%AC%E5%B8%82%E8%A5%BF%E5%9F%8E%E5%8C%BA%E4%BA%BA%E6%B0%91%E6%B3%95%E9%99%A2%EF%BC%882023%EF%BC%89%E4%BA%AC0102%E6%B0%91%E5%88%9D1845%E5%8F%B7%E6%B0%91%E4%BA%8B%E5%88%A4%E5%86%B3%E4%B9%A6
https://tsgs.12315.cn/#/viewport","queries.resultUrls仅为搜索返回的候选链接，可能含无关、同名或未回读页面；不自动视为采信来源，不据此生成案例或评价。案例读取及归属边界以cases为准。
https://www.bjxch.gov.cn/zt/xzxkhxzcfgszl/syx/xxxq4/pnidpv675e8cb4eac84379be96256b74bda00e.html
https://www.bjxch.gov.cn/xcsj/sjx/sjyl/pnidpv26pnpagenumpv193.html
https://www.bjxch.gov.cn/xcsj/sjx/sjyl/pnidpv26pnpagenumpv198.html
https://www.bjxch.gov.cn/zt/xzxkhxzcfgszl/syx/jglb/pnleixingpvxzcfjggspnidpv%E5%BE%B7%E8%83%9C%E8%A1%97%E9%81%93%E5%8A%9E%E4%BA%8B%E5%A4%84.html
https://www.bjxch.gov.cn/zt/xzxkhxzcfgszl/syx/jglb/pnleixingpvxzxkjggspnidpv%E5%8C%BA%E4%BA%BA%E5%8A%9B%E7%A4%BE%E4%BF%9D%E5%B1%80pnpagenumpv55.html
https://search.laborinfocn.com/lawcases/case/261612
https://rsj.beijing.gov.cn/bm/ztzl/ssjzlwpp/202511/t20251103_4251033.html
https://rsj.beijing.gov.cn/xxgk/zfxxgk/zdlygk/sj/202310/P020231010608434877150.pdf
https://rsj.beijing.gov.cn/xxgk/tzgg/202208/P020220815567912880962.pdf
https://zh.wikisource.org/wiki/%E5%8C%97%E4%BA%AC%E5%B8%82%E7%AC%AC%E4%BA%8C%E4%B8%AD%E7%BA%A7%E4%BA%BA%E6%B0%91%E6%B3%95%E9%99%A2%EF%BC%882023%EF%BC%89%E4%BA%AC02%E6%B0%91%E7%BB%881020%E5%8F%B7%E6%B0%91%E4%BA%8B%E5%88%A4%E5%86%B3%E4%B9%A6
https://zh.wikisource.org/zh-hans/%E5%8C%97%E4%BA%AC%E5%B8%82%E8%A5%BF%E5%9F%8E%E5%8C%BA%E4%BA%BA%E6%B0%91%E6%B3%95%E9%99%A2%EF%BC%882023%EF%BC%89%E4%BA%AC0102%E6%B0%91%E5%88%9D1845%E5%8F%B7%E6%B0%91%E4%BA%8B%E5%88%A4%E5%86%B3%E4%B9%A6
https://www.huijiafeng.com/
https://rsj.beijing.gov.cn/xxgk/tzgg/202211/P020221115607858369022.pdf
https://www.bjxch.gov.cn/xxgk/xxxq/pnidpv976185.html
https://zh.wikisource.org/zh-hans/%E9%BD%90%E6%B5%B7%E9%BE%99%E4%B8%8E%E5%8C%97%E4%BA%AC%E5%B8%82%E6%83%A0%E4%BD%B3%E4%B8%B0%E5%8A%B3%E5%8A%A1%E6%9C%8D%E5%8A%A1%E6%9C%89%E9%99%90%E8%B4%A3%E4%BB%BB%E5%85%AC%E5%8F%B8%E8%BF%BD%E7%B4%A2%E5%8A%B3%E5%8A%A8%E6%8A%A5%E9%85%AC%E7%BA%A0%E7%BA%B7%E4%BA%8C%E5%AE%A1%E6%B0%91%E4%BA%8B%E5%88%A4%E5%86%B3%E4%B9%A6
https://tjj.beijing.gov.cn/zwgkai/tzgg/202304/P020230406396373183972.pdf
https://chinajob.mohrss.gov.cn/h5/c/2025-12-15/470677.shtml
https://chinajob.mohrss.gov.cn/h5/zbzl/jzlwpp/dxal/dep/
https://sw.beijing.gov.cn/sy/nsjg/fwjy/xxtg/201912/P020191220502682848030.pdf
https://www.beijing.gov.cn/ywdt/jiedu/zxjd/202010/P020201030624350424059.pdf
https://www.zhihu.com/pin/special/1262083404260483072
https://bj.jiazhenggang.com/user/jinyueshidai/
https://www.fjls0591.com/nd.jsp?id=445
https://static.cninfo.com.cn/finalpage/2016-11-08/1202818878.PDF
https://edu.sdnews.com.cn/bj/j_111ccf/m/index.html
https://sw.gz.gov.cn/attachment/0/89/89330/5922198.pdf
https://www.hackwaw.com/fuwu/lqfw/gggs/202110/P020211028623189822821.pdf
https://epaper.tongliaowang.com/paper/pc/attachment/202601/26/809903b0-0e81-4159-b6b5-06acb2a41a24.pdf
https://k.sina.com.cn/article_7880068208_1d5b04c7006801supk.html?from=news&subch=onews
https://www.yhjcare.com/
https://rsj.beijing.gov.cn/ywsite/zyjd/zyjd_jnrd/zyjd_bjrs/bjrs_yrdw/202010/t20201023_2119318.html
https://zh.wikisource.org/zh-hans/%E8%B4%BA%E5%87%A4%E7%90%B4%E4%B8%8E%E5%8C%97%E4%BA%AC%E5%B8%82%E6%83%A0%E4%BD%B3%E4%B8%B0%E5%8A%B3%E5%8A%A1%E6%9C%8D%E5%8A%A1%E6%9C%89%E9%99%90%E8%B4%A3%E4%BB%BB%E5%85%AC%E5%8F%B8%E4%B8%80%E5%AE%A1%E6%B0%91%E4%BA%8B%E5%88%A4%E5%86%B3%E4%B9%A6
https://www.pudong.gov.cn/zwgk/14470.gkml_ywl_cccjxx/2025/189/342318/65af8a083ec14562b5bbe9d9fd7c1a70.pdf
https://i.bjwmb.gov.cn/p/2023/04/07/215bd741d2385603b405ef7be6d95f36.pdf
https://ggzy.qingdao.gov.cn/c/TradeDetals-ZtbShow/85831-5070-1-2-0/9992be50-6f39-48a7-8617-e670166e162d-B03CE5B6FC1D2D3C2D5FCEBC39AA2406.html
https://www.sohu.com/a/1022182026_121106854
https://www.chinapp.net.cn/shangwu/qiyewangzhan/YmJ5ei0zMDM3OTI
https://www.sohu.com/a/50832037_125961
https://www.xchdpf.org.cn/tools/download.ashx?id=29993&site=main
https://www.zhaopin.com/jobdetail/CC193024020J40831712416.htm
https://www.sohu.com/a/935089700_120016391
https://tjj.sh.gov.cn/cmsres/56/56ea5476a4ef4adc9d14f6e7027c08a9/b3114db1ece4fbeef3c82b1853efe995.pdf
https://www.marketw.cn/parent-child/42559.shtml
https://www.hfiplaw.cn/details/14072.html
https://zh.wikisource.org/zh-hans/%E5%8C%97%E4%BA%AC%E9%87%91%E8%90%8C%E6%B3%B0%E5%8C%BB%E9%99%A2%E7%AE%A1%E7%90%86%E9%9B%86%E5%9B%A2%E6%9C%89%E9%99%90%E5%85%AC%E5%8F%B8%E4%B8%8E%E6%88%B4%E6%B7%91%E5%8D%8E%E4%B8%80%E5%AE%A1%E6%B0%91%E4%BA%8B%E5%88%A4%E5%86%B3%E4%B9%A6
https://nh.cnnb.com.cn/system/2015/01/29/011135350.shtml
https://www.ccphistory.org.cn/images/thumbnailimg/month_1408/201408251857236791.pdf
https://static.cninfo.com.cn/finalpage/2020-07-15/1208043554.PDF
https://www.huian.gov.cn/zwgk/zdxxgk/zdjsxm/xmsphz/202608/t20260821_3321470.htm
https://dangjian.people.com.cn/n/2013/1022/c117092-23282179.html
https://finance.sina.com.cn/roll/2026-01-10/doc-inhfvnnn9400980.shtml
https://www.renrendoc.com/p-59339104.html
https://www.gdszjgdj.org/gzpp/qzlx/ywyl/content/post_244957.html
https://www.srhj.org.cn/CN/volumn/volumn_53.shtml
https://ribao.xyxww.com.cn/html/14/2013-05/16/03/2013051603_pdf.pdf
https://img1.xinmin.cn/xmwb/2024-11-04/151104.pdf
https://www.cxshb.gov.cn/info/46277/599942.htm
https://www.shzx.org/web/info/39-7154-0.html
https://2bur.cscec.com/xwzx6/qykw6/201310/P020171223018658579291.pdf",2026-09-21
new-last-xifutianshi,喜福天使,以北京喜福天使家政服务有限公司核查，命中家政店长赛事、招聘和劳动关系服务站目录。获奖及培训履历不作消费者好评，未取得可归属投诉处理个案。 本轮公开索引未取得可归属的投诉或处罚个案。,已按1组名称查询当前公示列表，本轮未见记录；不代表零投诉，公示期限、名称别称和公开范围会影响结果。,"[黑猫投诉公开索引] site:tousu.sina.com.cn ""喜福天使""
已实际检索 site:tousu.sina.com.cn ""喜福天使""；同批输出候选经主体人工核对，本轮公开索引未取得可归属的平台投诉个案。

[消费保旧域公开索引] site:xfb315.com ""喜福天使""
已实际检索 site:xfb315.com ""喜福天使""；同批输出候选经主体人工核对，本轮公开索引未取得可归属的平台投诉个案。

[监管/司法/媒体公开索引] ""北京喜福天使家政服务有限公司"" 投诉 退费 处罚 法院
以北京喜福天使家政服务有限公司核查，命中家政店长赛事、招聘和劳动关系服务站目录。获奖及培训履历不作消费者好评，未取得可归属投诉处理个案。

[消费保新域公开索引] ""喜福天使"" 消费保 site:xfb365.com
已实际检索 ""喜福天使"" 消费保 site:xfb365.com；同批输出候选经主体人工核对，本轮公开索引未取得可归属的平台投诉个案。

[12315站内] 北京喜福天使家政服务有限公司
查询“北京喜福天使家政服务有限公司”：该名称在此次公示列表未见记录，不代表零投诉或没有历史纠纷；公示期限、名称别称和公开范围会影响结果。",未取得本轮可单列案例；不代表没有投诉。,https://tsgs.12315.cn/#/viewport,"queries.resultUrls仅为搜索返回的候选链接，可能含无关、同名或未回读页面；不自动视为采信来源，不据此生成案例或评价。案例读取及归属边界以cases为准。
https://www.sohu.com/a/713629541_121151042
https://www.sohu.com/a/865804680_121123759
https://m.58.com/w/ppezwjzzp1096/
https://www.guanxue.net/xxzl/1471.html
https://nb.jiaoyubao.cn/edu/nbylyh/",2026-09-21
new-last-jiaren,嘉仁家政,以北京嘉仁家政有限公司核查并补精确品牌退费词，主要命中招聘。搜索返回的怀柔市场及人社检查表，经回读两份未见嘉仁；其他表仅摘要且未提供主体匹配，不作其处罚。 本轮公开索引未取得可归属的投诉或处罚个案。,已按1组名称查询当前公示列表，本轮未见记录；不代表零投诉，公示期限、名称别称和公开范围会影响结果。,"[黑猫投诉公开索引] site:tousu.sina.com.cn ""北京嘉仁家政""
已实际检索 site:tousu.sina.com.cn ""北京嘉仁家政""；同批输出候选经主体人工核对，本轮公开索引未取得可归属的平台投诉个案。

[消费保旧域公开索引] site:xfb315.com ""北京嘉仁家政""
已实际检索 site:xfb315.com ""北京嘉仁家政""；同批输出候选经主体人工核对，本轮公开索引未取得可归属的平台投诉个案。

[监管/司法/媒体公开索引] ""北京嘉仁家政有限公司"" 投诉 退费 处罚 法院
以北京嘉仁家政有限公司核查并补精确品牌退费词，主要命中招聘。搜索返回的怀柔市场及人社检查表，经回读两份未见嘉仁；其他表仅摘要且未提供主体匹配，不作其处罚。

[消费保新域公开索引] ""北京嘉仁家政"" 消费保 site:xfb365.com
已实际检索 ""北京嘉仁家政"" 消费保 site:xfb365.com；同批输出候选经主体人工核对，本轮公开索引未取得可归属的平台投诉个案。

[品牌别称/个案后续补查] ""嘉仁家政"" 投诉 退款
补查实际执行。以北京嘉仁家政有限公司核查并补精确品牌退费词，主要命中招聘。搜索返回的怀柔市场及人社检查表，经回读两份未见嘉仁；其他表仅摘要且未提供主体匹配，不作其处罚。

[12315站内] 北京嘉仁家政有限公司
查询“北京嘉仁家政有限公司”：该名称在此次公示列表未见记录，不代表零投诉或没有历史纠纷；公示期限、名称别称和公开范围会影响结果。",未取得本轮可单列案例；不代表没有投诉。,https://tsgs.12315.cn/#/viewport,"queries.resultUrls仅为搜索返回的候选链接，可能含无关、同名或未回读页面；不自动视为采信来源，不据此生成案例或评价。案例读取及归属边界以cases为准。
https://www.sohu.com/a/865804680_121123759
https://rsj.beijing.gov.cn/bm/ztzl/ssjzlwpp/index_1.html
https://www.bjhr.gov.cn/zt/xzzfxxgs/ztqzfbm/bjhrscjgj/xzzfjgscj/202601/t20260112_4423448.html
https://ggzyfw.beijing.gov.cn/xycg03/20251226/5397720.html
https://fliphtml5.com/rmqvj/smiz/%E3%80%8A%E7%BE%8E%E5%8D%8E%E5%95%86%E6%8A%A5%E3%80%8B2023%E5%B9%B407%E6%9C%8807%E6%97%A5/
https://www.bjhr.gov.cn/zt/xzzfxxgs/ztqzfbm/bjhrscjgj/xzzfjgscj/202301/t20230112_2897724.html
https://www.bjhr.gov.cn/zt/xzzfxxgs/ztqzfbm/bjhrscjgj/xzzfjgscj/202501/t20250110_3985956.html
https://www.bjhr.gov.cn/zt/xzzfxxgs/ztqzfbm/bjhrrsj/xzzfjgrbj/202407/t20240704_3737585.html
https://www.bjhr.gov.cn/zt/xzzfxxgs/ztqzfbm/bjhrrsj/xzzfjgrbj/202310/t20231007_3271202.html
https://www.bjft.gov.cn/ftq/zfjcgseg/202404/94dd7b5b24c34a00b79b097e079d8a2a.shtml
https://www.creditxj.gov.cn/
https://www.bjhr.gov.cn/zt/xzzfxxgs/ztqzfbm/bjhrrsj/xzzfjgrbj/202601/t20260112_4423358.html
https://www.bjxch.gov.cn/zt/xzxkhxzcfgszl/syx/xxxq4/pnidpv675e8cb4eac84379be96256b74bda00e.html
https://www.yhjcare.com/
https://rsj.beijing.gov.cn/xxgk/zfxxgk/zdlygk/sj/202310/P020231010608434877150.pdf
https://rsj.beijing.gov.cn/ywsite/zyjd/zyjd_jnrd/zyjd_bjrs/bjrs_yrdw/202010/t20201023_2119318.html
https://zh.wikisource.org/zh-hans/%E8%B4%BA%E5%87%A4%E7%90%B4%E4%B8%8E%E5%8C%97%E4%BA%AC%E5%B8%82%E6%83%A0%E4%BD%B3%E4%B8%B0%E5%8A%B3%E5%8A%A1%E6%9C%8D%E5%8A%A1%E6%9C%89%E9%99%90%E8%B4%A3%E4%BB%BB%E5%85%AC%E5%8F%B8%E4%B8%80%E5%AE%A1%E6%B0%91%E4%BA%8B%E5%88%A4%E5%86%B3%E4%B9%A6
https://www.pudong.gov.cn/zwgk/14470.gkml_ywl_cccjxx/2025/189/342318/65af8a083ec14562b5bbe9d9fd7c1a70.pdf
https://i.bjwmb.gov.cn/p/2023/04/07/215bd741d2385603b405ef7be6d95f36.pdf
https://www.beijing.gov.cn/ywdt/jiedu/zxjd/202010/P020201030624350424059.pdf
https://ggzy.qingdao.gov.cn/c/TradeDetals-ZtbShow/85831-5070-1-2-0/9992be50-6f39-48a7-8617-e670166e162d-B03CE5B6FC1D2D3C2D5FCEBC39AA2406.html
https://www.sohu.com/a/1022182026_121106854
https://www.chinapp.net.cn/shangwu/qiyewangzhan/YmJ5ei0zMDM3OTI
https://www.sohu.com/a/50832037_125961
https://www.xchdpf.org.cn/tools/download.ashx?id=29993&site=main
https://www.zhaopin.com/jobdetail/CC193024020J40831712416.htm
https://www.sohu.com/a/935089700_120016391
https://tjj.sh.gov.cn/cmsres/56/56ea5476a4ef4adc9d14f6e7027c08a9/b3114db1ece4fbeef3c82b1853efe995.pdf
https://www.marketw.cn/parent-child/42559.shtml
https://www.hfiplaw.cn/details/14072.html",2026-09-21
new-last-baobeiduoduo,宝贝多多,以北京宝贝多多家政服务有限公司核查，命中大兴招聘、院校访企和工商页面；未取得可归属个案。多多、母婴用品等泛词结果不能替代本家政法人。 本轮公开索引未取得可归属的投诉或处罚个案。,已按1组名称查询当前公示列表，本轮未见记录；不代表零投诉，公示期限、名称别称和公开范围会影响结果。,"[黑猫投诉公开索引] site:tousu.sina.com.cn ""北京宝贝多多家政""
已实际检索 site:tousu.sina.com.cn ""北京宝贝多多家政""；同批输出候选经主体人工核对，本轮公开索引未取得可归属的平台投诉个案。

[消费保旧域公开索引] site:xfb315.com ""北京宝贝多多家政""
已实际检索 site:xfb315.com ""北京宝贝多多家政""；同批输出候选经主体人工核对，本轮公开索引未取得可归属的平台投诉个案。

[监管/司法/媒体公开索引] ""北京宝贝多多家政服务有限公司"" 投诉 退费 处罚 法院
以北京宝贝多多家政服务有限公司核查，命中大兴招聘、院校访企和工商页面；未取得可归属个案。多多、母婴用品等泛词结果不能替代本家政法人。

[消费保新域公开索引] ""北京宝贝多多家政"" 消费保 site:xfb365.com
已实际检索 ""北京宝贝多多家政"" 消费保 site:xfb365.com；同批输出候选经主体人工核对，本轮公开索引未取得可归属的平台投诉个案。

[12315站内] 北京宝贝多多家政服务有限公司
查询“北京宝贝多多家政服务有限公司”：该名称在此次公示列表未见记录，不代表零投诉或没有历史纠纷；公示期限、名称别称和公开范围会影响结果。",未取得本轮可单列案例；不代表没有投诉。,https://tsgs.12315.cn/#/viewport,"queries.resultUrls仅为搜索返回的候选链接，可能含无关、同名或未回读页面；不自动视为采信来源，不据此生成案例或评价。案例读取及归属边界以cases为准。
https://shuidi.cn/company-8eb2f85750c23849ca9932f5883605bb.html
https://jy.daxing.net/zpxx/195642.jhtml
https://www.yntzy.edu.cn/cnmainMb/xwzx/4460.html
https://www.5idoc.com/doc/4919786557.html
https://www.sohu.com/a/842875721_121123772
https://www.sohu.com/a/865804680_121123759",2026-09-21
new-root-lexibao,乐禧宝母婴,以乐禧宝及北京乐禧宝健康管理有限公司核查，结果主要为58广告聚合页的评分摘要。未读取可核完整投诉；知乎乐禧家政宣传片段无法确认与乐禧宝同一主体，也非独立投诉。 本轮公开索引未取得可归属的投诉或处罚个案。,已按1组名称查询当前公示列表，本轮未见记录；不代表零投诉，公示期限、名称别称和公开范围会影响结果。,"[黑猫投诉公开索引] site:tousu.sina.com.cn ""乐禧宝""
已实际检索 site:tousu.sina.com.cn ""乐禧宝""；同批输出候选经主体人工核对，本轮公开索引未取得可归属的平台投诉个案。

[消费保旧域公开索引] site:xfb315.com ""乐禧宝""
已实际检索 site:xfb315.com ""乐禧宝""；同批输出候选经主体人工核对，本轮公开索引未取得可归属的平台投诉个案。

[监管/司法/媒体公开索引] ""北京乐禧宝健康管理有限公司"" 投诉 退费 处罚 法院
以乐禧宝及北京乐禧宝健康管理有限公司核查，结果主要为58广告聚合页的评分摘要。未读取可核完整投诉；知乎乐禧家政宣传片段无法确认与乐禧宝同一主体，也非独立投诉。

[消费保新域公开索引] ""乐禧宝"" 消费保 site:xfb365.com
已实际检索 ""乐禧宝"" 消费保 site:xfb365.com；同批输出候选经主体人工核对，本轮公开索引未取得可归属的平台投诉个案。

[品牌别称/个案后续补查] ""乐禧宝"" 投诉
补查实际执行。以乐禧宝及北京乐禧宝健康管理有限公司核查，结果主要为58广告聚合页的评分摘要。未读取可核完整投诉；知乎乐禧家政宣传片段无法确认与乐禧宝同一主体，也非独立投诉。

[12315站内] 北京乐禧宝健康管理有限公司
查询“北京乐禧宝健康管理有限公司”：该名称在此次公示列表未见记录，不代表零投诉或没有历史纠纷；公示期限、名称别称和公开范围会影响结果。",未取得本轮可单列案例；不代表没有投诉。,https://tsgs.12315.cn/#/viewport,"queries.resultUrls仅为搜索返回的候选链接，可能含无关、同名或未回读页面；不自动视为采信来源，不据此生成案例或评价。案例读取及归属边界以cases为准。
https://www.58.com/npphyjm202208243927/
https://www.58.com/npphyjm202208241703/
https://www.58.com/npphyhx25729109984/
https://chinajob.mohrss.gov.cn/h5/c/2025-12-15/470677.shtml
https://chinajob.mohrss.gov.cn/h5/zbzl/jzlwpp/dxal/dep/
https://sw.beijing.gov.cn/sy/nsjg/fwjy/xxtg/201912/P020191220502682848030.pdf
https://www.beijing.gov.cn/ywdt/jiedu/zxjd/202010/P020201030624350424059.pdf
https://www.zhihu.com/pin/special/1262083404260483072
https://bj.jiazhenggang.com/user/jinyueshidai/
https://www.fjls0591.com/nd.jsp?id=445
https://static.cninfo.com.cn/finalpage/2016-11-08/1202818878.PDF
https://edu.sdnews.com.cn/bj/j_111ccf/m/index.html
https://sw.gz.gov.cn/attachment/0/89/89330/5922198.pdf
https://www.hackwaw.com/fuwu/lqfw/gggs/202110/P020211028623189822821.pdf
https://epaper.tongliaowang.com/paper/pc/attachment/202601/26/809903b0-0e81-4159-b6b5-06acb2a41a24.pdf
https://k.sina.com.cn/article_7880068208_1d5b04c7006801supk.html?from=news&subch=onews",2026-09-21
new-root-jinyue,金月时代,新增2017年金月时代（北京）家政服务有限公司特许经营未按时备案处罚，媒体记罚款1万元，协会转载指向京商罚字[2017]第07112号。明确为历史特许经营合规事项，不是育儿订单质量或退款案。,已按1组名称查询当前公示列表，本轮未见记录；不代表零投诉，公示期限、名称别称和公开范围会影响结果。,"[黑猫投诉公开索引] site:tousu.sina.com.cn ""金月时代""
已实际检索 site:tousu.sina.com.cn ""金月时代""；同批输出候选经主体人工核对，本轮公开索引未取得可归属的平台投诉个案。

[消费保旧域公开索引] site:xfb315.com ""金月时代""
已实际检索 site:xfb315.com ""金月时代""；同批输出候选经主体人工核对，本轮公开索引未取得可归属的平台投诉个案。

[监管/司法/媒体公开索引] ""金月时代（北京）家政服务有限公司"" 投诉 退费 处罚 法院
新增2017年金月时代（北京）家政服务有限公司特许经营未按时备案处罚，媒体记罚款1万元，协会转载指向京商罚字[2017]第07112号。明确为历史特许经营合规事项，不是育儿订单质量或退款案。

[消费保新域公开索引] ""金月时代"" 消费保 site:xfb365.com
已实际检索 ""金月时代"" 消费保 site:xfb365.com；同批输出候选经主体人工核对，本轮公开索引未取得可归属的平台投诉个案。

[品牌别称/个案后续补查] ""金月时代"" 投诉 退费
补查实际执行。新增2017年金月时代（北京）家政服务有限公司特许经营未按时备案处罚，媒体记罚款1万元，协会转载指向京商罚字[2017]第07112号。明确为历史特许经营合规事项，不是育儿订单质量或退款案。

[品牌别称/个案后续补查] ""金月时代"" ""京商罚字"" 2017
补查实际执行。新增2017年金月时代（北京）家政服务有限公司特许经营未按时备案处罚，媒体记罚款1万元，协会转载指向京商罚字[2017]第07112号。明确为历史特许经营合规事项，不是育儿订单质量或退款案。

[12315站内] 金月时代（北京）家政服务有限公司
查询“金月时代（北京）家政服务有限公司”：该名称在此次公示列表未见记录，不代表零投诉或没有历史纠纷；公示期限、名称别称和公开范围会影响结果。","案例：未按规定向商务部门备案 金月时代（北京）家政服务被罚
日期：2017-08-22报道
工种：商业特许经营备案
记录：报道引北京市商务委员会处罚信息：金月时代（北京）家政服务有限公司首次订立特许经营合同后未依规定15日内备案，被罚1万元。
回应：短讯未载企业答辩；协会转载搜索摘要可见文号京商罚字[2017]第07112号，全文回读失败，未据其推断答辩内容。
处理结果：媒体记录罚款1万元；未取得履行、复议或整改后续。
限制：历史加盟备案合规，不是育儿服务事故或客户退费投诉。
读取状态：已用原生web回读正文、当事人意见及处理结果
来源：https://finance.sina.cn/2017-08-22/detail-ifykcqaw0664448.d.html?from=wap","https://finance.sina.cn/2017-08-22/detail-ifykcqaw0664448.d.html?from=wap
https://tsgs.12315.cn/#/viewport","queries.resultUrls仅为搜索返回的候选链接，可能含无关、同名或未回读页面；不自动视为采信来源，不据此生成案例或评价。案例读取及归属边界以cases为准。
https://www.beijing.gov.cn/ywdt/jiedu/zxjd/202010/P020201030624350424059.pdf
https://www.beijing.gov.cn/fuwu/lqfw/gggs/202110/P020211019602562911042.pdf
https://sw.beijing.gov.cn/zwxx/tzgg/202110/P020211028577162234722.pdf
https://sw.beijing.gov.cn/zwxx/swzjzczc/201912/t20191218_1260417.html
https://sw.beijing.gov.cn/sy/nsjg/fwjy/xxtg/201912/P020191220502682848030.pdf
https://sw.beijing.gov.cn/phone/zmhd/dczj/201912/t20191221_1402685.html
https://www.fjls0591.com/nd.jsp?id=445
https://sw.beijing.gov.cn/phone/zwxx/swzjzczc/201912/t20191220_1349535.html
https://top.qcc.com/tc/8b6e31b9d8bf.html
https://sw.beijing.gov.cn/zmhd/dczjj/202306/t20230601_3119537.html
https://bj.jiazhenggang.com/user/jinyueshidai/
https://finance.sina.cn/2017-08-22/detail-ifykcqaw0664448.d.html?from=wap
https://bj.jiazhenggang.com/xinxi/198526207.html
https://www.fjls0591.com/nd.jsp?_ngc=-1&fromColId=-1&id=446
https://sw.gz.gov.cn/attachment/0/89/89330/5922198.pdf
https://pictradeinservices.mofcom.gov.cn/file/20200602/71521591063282746.pdf
https://app.jicengzhizhi.com/print.php?contentid=43297
https://www.linkedin.com/pub/dir/Delai/%2B
https://chinajob.mohrss.gov.cn/h5/c/2025-12-15/470677.shtml
https://chinajob.mohrss.gov.cn/h5/zbzl/jzlwpp/dxal/dep/
https://www.zhihu.com/pin/special/1262083404260483072
https://static.cninfo.com.cn/finalpage/2016-11-08/1202818878.PDF
https://edu.sdnews.com.cn/bj/j_111ccf/m/index.html
https://www.hackwaw.com/fuwu/lqfw/gggs/202110/P020211028623189822821.pdf
https://epaper.tongliaowang.com/paper/pc/attachment/202601/26/809903b0-0e81-4159-b6b5-06acb2a41a24.pdf
https://k.sina.com.cn/article_7880068208_1d5b04c7006801supk.html?from=news&subch=onews
https://zh.wikisource.org/zh-hans/%E5%8C%97%E4%BA%AC%E9%87%91%E8%90%8C%E6%B3%B0%E5%8C%BB%E9%99%A2%E7%AE%A1%E7%90%86%E9%9B%86%E5%9B%A2%E6%9C%89%E9%99%90%E5%85%AC%E5%8F%B8%E4%B8%8E%E6%88%B4%E6%B7%91%E5%8D%8E%E4%B8%80%E5%AE%A1%E6%B0%91%E4%BA%8B%E5%88%A4%E5%86%B3%E4%B9%A6
https://www.bjxch.gov.cn/zt/xzxkhxzcfgszl/syx/xxxq4/pnidpv675e8cb4eac84379be96256b74bda00e.html
https://nh.cnnb.com.cn/system/2015/01/29/011135350.shtml
https://www.ccphistory.org.cn/images/thumbnailimg/month_1408/201408251857236791.pdf
https://static.cninfo.com.cn/finalpage/2020-07-15/1208043554.PDF
https://www.huian.gov.cn/zwgk/zdxxgk/zdjsxm/xmsphz/202608/t20260821_3321470.htm
https://dangjian.people.com.cn/n/2013/1022/c117092-23282179.html
https://finance.sina.com.cn/roll/2026-01-10/doc-inhfvnnn9400980.shtml
https://www.renrendoc.com/p-59339104.html
https://www.gdszjgdj.org/gzpp/qzlx/ywyl/content/post_244957.html
https://www.srhj.org.cn/CN/volumn/volumn_53.shtml
https://ribao.xyxww.com.cn/html/14/2013-05/16/03/2013051603_pdf.pdf
https://img1.xinmin.cn/xmwb/2024-11-04/151104.pdf
https://www.cxshb.gov.cn/info/46277/599942.htm
https://www.shzx.org/web/info/39-7154-0.html
https://2bur.cscec.com/xwzx6/qykw6/201310/P020171223018658579291.pdf",2026-09-21
new-root-jingduo,京朵家政,以北京京朵家政服务有限公司核查，命中2021年保供、网站目录及工商资料。搜索带出的西城处罚表摘要点名北京巴顿家政等其他主体，未将其归给京朵。 本轮公开索引未取得可归属的投诉或处罚个案。,已按1组名称查询当前公示列表，本轮未见记录；不代表零投诉，公示期限、名称别称和公开范围会影响结果。,"[黑猫投诉公开索引] site:tousu.sina.com.cn ""京朵家政""
已实际检索 site:tousu.sina.com.cn ""京朵家政""；同批输出候选经主体人工核对，本轮公开索引未取得可归属的平台投诉个案。

[消费保旧域公开索引] site:xfb315.com ""京朵家政""
已实际检索 site:xfb315.com ""京朵家政""；同批输出候选经主体人工核对，本轮公开索引未取得可归属的平台投诉个案。

[监管/司法/媒体公开索引] ""北京京朵家政服务有限公司"" 投诉 退费 处罚 法院
以北京京朵家政服务有限公司核查，命中2021年保供、网站目录及工商资料。搜索带出的西城处罚表摘要点名北京巴顿家政等其他主体，未将其归给京朵。

[消费保新域公开索引] ""京朵家政"" 消费保 site:xfb365.com
已实际检索 ""京朵家政"" 消费保 site:xfb365.com；同批输出候选经主体人工核对，本轮公开索引未取得可归属的平台投诉个案。

[12315站内] 北京京朵家政服务有限公司
查询“北京京朵家政服务有限公司”：该名称在此次公示列表未见记录，不代表零投诉或没有历史纠纷；公示期限、名称别称和公开范围会影响结果。",未取得本轮可单列案例；不代表没有投诉。,https://tsgs.12315.cn/#/viewport,"queries.resultUrls仅为搜索返回的候选链接，可能含无关、同名或未回读页面；不自动视为采信来源，不据此生成案例或评价。案例读取及归属边界以cases为准。
https://sw.beijing.gov.cn/zmhd/dczjj/202306/t20230601_3119537.html
https://www.x315.com/map/bj/23
https://www.qiyeku.cn/tag/company8610df-8.html
https://www.bbtnews.com.cn/2021/0112/382780.shtml
https://m.zhao.city/siteinfo/13452
https://biz.tom.com/202101/1587081813.html
https://www.sohu.com/a/444077888_115865
https://www.bjhd.gov.cn/ztzx/2020zt/hdqzfgs/dsz_62030/dtxx/zfjggs/xzxk/202110/P020211013548461532667.pdf
https://cgj.beijing.gov.cn/xxgk/xzzfjgs/gcxx/gcxx/202104/P020230720618156905989.pdf
https://dir.tryoe.com/webdir/jiazheng/266-1.html
https://www.bjxch.gov.cn/file/20230529/1685350675543007958.pdf
https://www.bjhd.gov.cn/ztzx/2020zt/hdqzfgs/dsz_62030/dtxx/zfjggs/xzxk/202110/P020211009428343191353.pdf
https://www.beijing.gov.cn/ywdt/jiedu/zxjd/202010/P020201030624350424059.pdf",2026-09-21
new-taiweifeng,泰维峰家政,保留并回读2011年民生周刊采访泰维峰育儿嫂的职业体验。具体雇主投诉段未标泰维峰，不能连带归属。新查询主要为资源库和企业信息，未取得可归属退款处理案。 本轮公开索引未取得可归属的投诉或处罚个案。,已按1组名称查询当前公示列表，本轮未见记录；不代表零投诉，公示期限、名称别称和公开范围会影响结果。,"[黑猫投诉公开索引] site:tousu.sina.com.cn ""泰维峰""
已实际检索 site:tousu.sina.com.cn ""泰维峰""；同批输出候选经主体人工核对，本轮公开索引未取得可归属的平台投诉个案。

[消费保旧域公开索引] site:xfb315.com ""泰维峰""
已实际检索 site:xfb315.com ""泰维峰""；同批输出候选经主体人工核对，本轮公开索引未取得可归属的平台投诉个案。

[监管/司法/媒体公开索引] ""北京泰维峰家政服务有限公司"" 投诉 退费 处罚 法院
保留并回读2011年民生周刊采访泰维峰育儿嫂的职业体验。具体雇主投诉段未标泰维峰，不能连带归属。新查询主要为资源库和企业信息，未取得可归属退款处理案。

[消费保新域公开索引] ""泰维峰"" 消费保 site:xfb365.com
已实际检索 ""泰维峰"" 消费保 site:xfb365.com；同批输出候选经主体人工核对，本轮公开索引未取得可归属的平台投诉个案。

[12315站内] 北京泰维峰家政服务有限公司
查询“北京泰维峰家政服务有限公司”：该名称在此次公示列表未见记录，不代表零投诉或没有历史纠纷；公示期限、名称别称和公开范围会影响结果。","案例：家政服务：失衡的“剩时代”
日期：2011-04-11
工种：育儿嫂
记录：一名在泰维峰从事育儿嫂的劳动者自述多次被解聘和辞职，谈及雇主沟通及职业尊重困难。
回应：劳动者意见可读；报道未包含公司对某笔投诉的处理答复。
处理结果：非投诉处理报道，未记替换、退款结果。
限制：文中其他雇主未点名机构的经历不归泰维峰；历史劳动者视角不能直接代替当前客户口碑。
读取状态：curl回读原文全文，已留存HTML与文本
来源：https://paper.people.com.cn/mszk/html/2011-04/11/content_793506.htm?div=-1","https://paper.people.com.cn/mszk/html/2011-04/11/content_793506.htm?div=-1
https://tsgs.12315.cn/#/viewport","queries.resultUrls仅为搜索返回的候选链接，可能含无关、同名或未回读页面；不自动视为采信来源，不据此生成案例或评价。案例读取及归属边界以cases为准。
https://www.bjxch.gov.cn/zt/xyxc/shxydmgs/pnpagenumpv2109.html
https://english.beijing.gov.cn/investinginbeijing/business_service/HR/202605/t20260529_4671758.html
https://japanese.beijing.gov.cn/investinginbeijing/business_service/HR/202605/t20260527_4667800.html
https://sw.beijing.gov.cn/sy/nsjg/fwjy/xxtg/201912/P020191220502682848030.pdf
https://www.beijing.gov.cn/fuwu/lqfw/gggs/202110/P020211019602562911042.pdf
https://www.beijing.gov.cn/fuwu/lqfw/gggs/202110/P020211028623189822821.pdf
https://www.beijing.gov.cn/ywdt/jiedu/zxjd/202010/P020201030624350424059.pdf
https://sw.beijing.gov.cn/zwxx/swzjzczc/201912/t20191218_1260417.html
https://www.bjhd.gov.cn/ztzx/2020zt/hdqzfgs/dsz_62030/dtxx/zfjggs/xzxk/202201/P020220111539638853657.pdf
https://sw.beijing.gov.cn/phone/zmhd/dczj/201912/t20191221_1402685.html
https://sw.beijing.gov.cn/zmhd/dczjj/202306/t20230601_3119537.html
https://bj.400980.com/Case
https://www.chendianrong.com/754772604.html
https://www.zbintel.com/product-center/introduction_zl.shtml
https://top.qcc.com/tc/e2bb7c037596.html
https://www.400980.com/case
https://zbintel.com/service-center/feel/?page=19",2026-09-21
new-fengweizhu,凤尾竹家政,复核旧2017年凤尾竹违法延长劳动时间的警告、罚款公示，非育儿消费争议。新搜出的何委珍案件实际针对爱侬方庄分部，已读正文并排除；没有因该误匹配新增凤尾竹诉讼。,已按1组名称查询当前公示列表，本轮未见记录；不代表零投诉，公示期限、名称别称和公开范围会影响结果。,"[黑猫投诉公开索引] site:tousu.sina.com.cn ""北京凤尾竹家政""
已实际检索 site:tousu.sina.com.cn ""北京凤尾竹家政""；同批输出候选经主体人工核对，本轮公开索引未取得可归属的平台投诉个案。

[消费保旧域公开索引] site:xfb315.com ""北京凤尾竹家政""
已实际检索 site:xfb315.com ""北京凤尾竹家政""；同批输出候选经主体人工核对，本轮公开索引未取得可归属的平台投诉个案。

[监管/司法/媒体公开索引] ""北京凤尾竹家政服务有限责任公司"" 投诉 退费 处罚 法院
复核旧2017年凤尾竹违法延长劳动时间的警告、罚款公示，非育儿消费争议。新搜出的何委珍案件实际针对爱侬方庄分部，已读正文并排除；没有因该误匹配新增凤尾竹诉讼。

[消费保新域公开索引] ""北京凤尾竹家政"" 消费保 site:xfb365.com
已实际检索 ""北京凤尾竹家政"" 消费保 site:xfb365.com；同批输出候选经主体人工核对，本轮公开索引未取得可归属的平台投诉个案。

[12315站内] 北京凤尾竹家政服务有限责任公司
查询“北京凤尾竹家政服务有限责任公司”：该名称在此次公示列表未见记录，不代表零投诉或没有历史纠纷；公示期限、名称别称和公开范围会影响结果。","案例：2017年第三季度北京市劳动保障行政处罚公示，第294项
日期：处罚送达2017-09-21
工种：未注明；劳动管理
记录：第294项列北京凤尾竹家政服务有限责任公司，案由违法延长劳动者工作时间，文号京兴人社劳监罚字〔2017〕167。
回应：公示表未载企业答辩。
处理结果：警告、罚款；未列金额，未取得整改后续。
限制：本轮再次打开PDF，但find中文未命中；具体第294行由本任务前段已回读同一PDF的记录保留。非育儿事故或消费者退款。
读取状态：本轮PDF可打开，保留先前已读第30页/294项的原始证据，不将全文搜索失败称无记录
来源：https://m.cqn.com.cn/pp/att/2017-12/11/IMG4ccc6aa7fc9a4629624252.pdf","https://m.cqn.com.cn/pp/att/2017-12/11/IMG4ccc6aa7fc9a4629624252.pdf
https://tsgs.12315.cn/#/viewport","queries.resultUrls仅为搜索返回的候选链接，可能含无关、同名或未回读页面；不自动视为采信来源，不据此生成案例或评价。案例读取及归属边界以cases为准。
https://ggzyfw.beijing.gov.cn/jyxxzbjggg/20260603/5558624.html
https://m.cqn.com.cn/pp/att/2017-12/11/IMG4ccc6aa7fc9a4629624252.pdf
https://ggzyfw.beijing.gov.cn/jyxxzbjggg/20240521/4531625.html
https://sw.beijing.gov.cn/zwxx/swzjzczc/201912/t20191218_1260417.html
https://www.bjdx.gov.cn/bjsdxqrmzf/zwfw/zdly/jycy21/690870/index.html
https://www.bjdx.gov.cn/bjsdxqrmzf/zwfw/tzgg/718060/index.html
https://sw.beijing.gov.cn/phone/zmhd/dczj/201912/t20191221_1402685.html
https://sw.beijing.gov.cn/zmhd/dczjj/202306/t20230601_3119537.html
https://bj.jiazhenggang.com/xinxi/198526207.html
https://www.bjdx.gov.cn/bjsdxqrmzf/zwfw/zdly/zfcg/zbgg43/680796/index.html
https://www.sohu.com/a/842875721_121123772
https://zh.wikisource.org/wiki/%E4%BD%95%E5%A7%94%E7%8F%8D%E4%B8%8E%E8%B5%B5%E6%B7%91%E7%90%B4%E7%AD%89%E6%8F%90%E4%BE%9B%E5%8A%B3%E5%8A%A1%E8%80%85%E5%8F%97%E5%AE%B3%E8%B4%A3%E4%BB%BB%E7%BA%A0%E7%BA%B7%E4%BA%8C%E5%AE%A1%E6%B0%91%E4%BA%8B%E5%88%A4%E5%86%B3%E4%B9%A6
https://finance.sina.com.cn/jjxw/2025-03-06/doc-inenthxf6672764.shtml
https://rsj.beijing.gov.cn/xxgk/zfxxgk/zdlygk/sj/202310/P020231010608434877150.pdf",2026-09-21
new-last-ayinbao,爱因宝,北京爱因宝家政有限公司命中大兴/通州招聘，未取得可归属消费者个案。未把爱婴宝、爱宝蓓和异地母婴品牌投诉相互混用。 本轮公开索引未取得可归属的投诉或处罚个案。,已按1组名称查询当前公示列表，本轮未见记录；不代表零投诉，公示期限、名称别称和公开范围会影响结果。,"[黑猫投诉公开索引] site:tousu.sina.com.cn ""北京爱因宝""
已实际检索 site:tousu.sina.com.cn ""北京爱因宝""；同批输出候选经主体人工核对，本轮公开索引未取得可归属的平台投诉个案。

[消费保旧域公开索引] site:xfb315.com ""北京爱因宝""
已实际检索 site:xfb315.com ""北京爱因宝""；同批输出候选经主体人工核对，本轮公开索引未取得可归属的平台投诉个案。

[监管/司法/媒体公开索引] ""北京爱因宝家政有限公司"" 投诉 退费 处罚 法院
北京爱因宝家政有限公司命中大兴/通州招聘，未取得可归属消费者个案。未把爱婴宝、爱宝蓓和异地母婴品牌投诉相互混用。

[消费保新域公开索引] ""北京爱因宝"" 消费保 site:xfb365.com
已实际检索 ""北京爱因宝"" 消费保 site:xfb365.com；同批输出候选经主体人工核对，本轮公开索引未取得可归属的平台投诉个案。

[12315站内] 北京爱因宝家政有限公司
查询“北京爱因宝家政有限公司”：该名称在此次公示列表未见记录，不代表零投诉或没有历史纠纷；公示期限、名称别称和公开范围会影响结果。",未取得本轮可单列案例；不代表没有投诉。,https://tsgs.12315.cn/#/viewport,"queries.resultUrls仅为搜索返回的候选链接，可能含无关、同名或未回读页面；不自动视为采信来源，不据此生成案例或评价。案例读取及归属边界以cases为准。
https://www.sohu.com/a/842875721_121123772
https://www.sohu.com/a/992955416_121106854
https://finance.sina.com.cn/jjxw/2025-03-06/doc-inenthxf6672764.shtml
https://jz.lizlbkzhanda.com/929692984468.html
https://www.vgmit.com/html/.xxgk.zcfg.201804t20180412_72207.html
https://www.scribd.com/document/782793900/%E6%81%92%E5%A4%AA%E7%85%A7%E6%98%8E%E6%8B%9B%E8%82%A1%E4%B9%A6
https://www.hongdianfund.com/FundAnnouncement/Detail/001171/0000000000001rbcmu
https://haigui.tv/filter/juqingpian/by/score/letter/H/year/2017/
https://www.huaweicloud.com/declaration/koomessage.html
https://bkso.baidu.com/item/%E6%9E%81%E9%99%90%E6%8C%91%E6%88%98%E7%AC%AC%E4%B8%80%E5%AD%A3/0?fromModule=lemma_inlink
https://www.wiacg.com/html/2024/07/91433.html
https://www.xuexx.com/archives/tag/%E6%8A%96%E9%9F%B3/page/2",2026-09-21
new-youhujia,优护佳,按北京优护佳健康管理有限公司核查，并补品牌退费查询。命中官网、上海招聘及无样本口径的上海排名文章；排名声称投诉率、分数而无可核个案，排除不用于口碑。 本轮公开索引未取得可归属的投诉或处罚个案。,已核对当前公示列表。可见公示均具名青岛分公司，涉及保姆、其他家政及其他服务；未据此认定北京门店有同类问题。名称匹配可含分支及其他工种，不能作为机构投诉率。,"[黑猫投诉公开索引] site:tousu.sina.com.cn ""优护佳""
已实际检索 site:tousu.sina.com.cn ""优护佳""；同批输出候选经主体人工核对，本轮公开索引未取得可归属的平台投诉个案。

[消费保旧域公开索引] site:xfb315.com ""优护佳""
已实际检索 site:xfb315.com ""优护佳""；同批输出候选经主体人工核对，本轮公开索引未取得可归属的平台投诉个案。

[监管/司法/媒体公开索引] ""北京优护佳健康管理有限公司"" 投诉 退费 处罚 法院
按北京优护佳健康管理有限公司核查，并补品牌退费查询。命中官网、上海招聘及无样本口径的上海排名文章；排名声称投诉率、分数而无可核个案，排除不用于口碑。

[消费保新域公开索引] ""优护佳"" 消费保 site:xfb365.com
已实际检索 ""优护佳"" 消费保 site:xfb365.com；同批输出候选经主体人工核对，本轮公开索引未取得可归属的平台投诉个案。

[品牌别称/个案后续补查] ""优护佳"" 投诉 退费
补查实际执行。按北京优护佳健康管理有限公司核查，并补品牌退费查询。命中官网、上海招聘及无样本口径的上海排名文章；排名声称投诉率、分数而无可核个案，排除不用于口碑。

[12315站内] 北京优护佳健康管理有限公司
查询“北京优护佳健康管理有限公司”此次页面显示3条关键词匹配公示。可见公示均具名青岛分公司，涉及保姆、其他家政及其他服务；未据此认定北京门店有同类问题。以上数量是所列查询关键词此次匹配的公示记录数，可能含分支、近名和不同服务工种；不同查询之间可能重叠，不合计为机构投诉总数，不是投诉率或质量排名。公示期限为一年，不涵盖全部历史、未公开投诉或所有分支。投诉内容为当事人填写，调解结果不是违法认定；达成调解不等于退款已到账。",未取得本轮可单列案例；不代表没有投诉。,https://tsgs.12315.cn/#/viewport,"queries.resultUrls仅为搜索返回的候选链接，可能含无关、同名或未回读页面；不自动视为采信来源，不据此生成案例或评价。案例读取及归属边界以cases为准。
https://www.yhjcare.com/index/about
https://www.sec.gov/Archives/edgar/data/1737422/000110465919076170/tm1927345d1_ex8-1.htm
https://www.cnpp.cn/pinpai/4153769.html
https://www.yhjcare.com/index/praise
https://www.yhjcare.com/index/praise/33.html
https://www.sec.gov/Archives/edgar/data/1737422/000114420419036565/tv526085_ex10-6.htm
https://www.yhjcare.com/index/news?page=3
https://www.sec.gov/Archives/edgar/data/1737422/000110465919076170/tm1927345d1_ex2-1.htm
https://www.shzx.org/web/info/57-6323-0.html
https://www.yhjcare.com/index/praise/30.html
https://www.kk77.cn/news/show/3087/
https://www.zhaopin.com/companydetail/9131HMVCGGYPPPFIIP.htm
https://qr.csupress.com.cn/uploadFiles/101/8421/pdf/%E3%80%8A%E5%B9%BC%E5%84%BF%E7%85%A7%E6%8A%A4%E8%81%8C%E4%B8%9A%E6%8A%80%E8%83%BD%E7%AD%89%E7%BA%A7%E6%A0%87%E5%87%86%E3%80%8B.pdf
https://www.bjxch.gov.cn/zt/xzxkhxzcfgszl/syx/xxxq4/pnidpv675e8cb4eac84379be96256b74bda00e.html
https://www.yhjcare.com/
https://rsj.beijing.gov.cn/xxgk/zfxxgk/zdlygk/sj/202310/P020231010608434877150.pdf
https://rsj.beijing.gov.cn/ywsite/zyjd/zyjd_jnrd/zyjd_bjrs/bjrs_yrdw/202010/t20201023_2119318.html
https://zh.wikisource.org/zh-hans/%E8%B4%BA%E5%87%A4%E7%90%B4%E4%B8%8E%E5%8C%97%E4%BA%AC%E5%B8%82%E6%83%A0%E4%BD%B3%E4%B8%B0%E5%8A%B3%E5%8A%A1%E6%9C%8D%E5%8A%A1%E6%9C%89%E9%99%90%E8%B4%A3%E4%BB%BB%E5%85%AC%E5%8F%B8%E4%B8%80%E5%AE%A1%E6%B0%91%E4%BA%8B%E5%88%A4%E5%86%B3%E4%B9%A6
https://www.pudong.gov.cn/zwgk/14470.gkml_ywl_cccjxx/2025/189/342318/65af8a083ec14562b5bbe9d9fd7c1a70.pdf
https://i.bjwmb.gov.cn/p/2023/04/07/215bd741d2385603b405ef7be6d95f36.pdf
https://www.beijing.gov.cn/ywdt/jiedu/zxjd/202010/P020201030624350424059.pdf
https://ggzy.qingdao.gov.cn/c/TradeDetals-ZtbShow/85831-5070-1-2-0/9992be50-6f39-48a7-8617-e670166e162d-B03CE5B6FC1D2D3C2D5FCEBC39AA2406.html
https://www.sohu.com/a/1022182026_121106854
https://www.chinapp.net.cn/shangwu/qiyewangzhan/YmJ5ei0zMDM3OTI
https://www.sohu.com/a/50832037_125961
https://www.xchdpf.org.cn/tools/download.ashx?id=29993&site=main
https://www.zhaopin.com/jobdetail/CC193024020J40831712416.htm
https://www.sohu.com/a/935089700_120016391
https://tjj.sh.gov.cn/cmsres/56/56ea5476a4ef4adc9d14f6e7027c08a9/b3114db1ece4fbeef3c82b1853efe995.pdf
https://www.marketw.cn/parent-child/42559.shtml
https://www.hfiplaw.cn/details/14072.html",2026-09-21
new-anxinshenghuo,安欣生活（北京）,按北京袋鼠管家家政服务有限公司核对北京安欣生活，结果主要为教育宝培训店。上海安欣生活信息科技、中山袋鼠管家、山东标兵管家诉讼等均非当前已核北京主体，不能混入。 本轮公开索引未取得可归属的投诉或处罚个案。,已按1组名称查询当前公示列表，本轮未见记录；不代表零投诉，公示期限、名称别称和公开范围会影响结果。,"[黑猫投诉公开索引] site:tousu.sina.com.cn ""安欣生活 北京""
已实际检索 site:tousu.sina.com.cn ""安欣生活 北京""；同批输出候选经主体人工核对，本轮公开索引未取得可归属的平台投诉个案。

[消费保旧域公开索引] site:xfb315.com ""安欣生活 北京""
已实际检索 site:xfb315.com ""安欣生活 北京""；同批输出候选经主体人工核对，本轮公开索引未取得可归属的平台投诉个案。

[监管/司法/媒体公开索引] ""北京袋鼠管家家政服务有限公司"" 投诉 退费 处罚 法院
按北京袋鼠管家家政服务有限公司核对北京安欣生活，结果主要为教育宝培训店。上海安欣生活信息科技、中山袋鼠管家、山东标兵管家诉讼等均非当前已核北京主体，不能混入。

[消费保新域公开索引] ""安欣生活 北京"" 消费保 site:xfb365.com
已实际检索 ""安欣生活 北京"" 消费保 site:xfb365.com；同批输出候选经主体人工核对，本轮公开索引未取得可归属的平台投诉个案。

[品牌别称/个案后续补查] ""安欣生活"" ""北京"" 投诉 退费
补查实际执行。按北京袋鼠管家家政服务有限公司核对北京安欣生活，结果主要为教育宝培训店。上海安欣生活信息科技、中山袋鼠管家、山东标兵管家诉讼等均非当前已核北京主体，不能混入。

[12315站内] 北京袋鼠管家家政服务有限公司
查询“北京袋鼠管家家政服务有限公司”：该名称在此次公示列表未见记录，不代表零投诉或没有历史纠纷；公示期限、名称别称和公开范围会影响结果。",未取得本轮可单列案例；不代表没有投诉。,https://tsgs.12315.cn/#/viewport,"queries.resultUrls仅为搜索返回的候选链接，可能含无关、同名或未回读页面；不自动视为采信来源，不据此生成案例或评价。案例读取及归属边界以cases为准。
https://bj.jiaoyubao.cn/edu/bjdj/
https://www.jiaoyubao.cn/baike/18586.html
https://www.jiaoyubao.cn/baike/14966.html
https://www.jiaoyubao.cn/baike/13325.html
https://www.chsa.com.cn/nd.jsp?id=823
https://www1.hkexnews.hk/listedco/listconews/sehk/2020/0228/2020022800047.pdf
https://amr.jinan.gov.cn/cms_files/filemanager/48725/attach/20263/dd44e819458d44aa9986d70d9b7a0e84.pdf?fileName=%E6%B5%8E%E5%8D%97%E5%B8%82%E5%B8%82%E5%9C%BA%E7%9B%91%E7%9D%A3%E7%AE%A1%E7%90%86%E5%B1%809443%E5%AE%B6%E6%8B%9F%E5%BC%BA%E5%88%B6%E6%B3%A8%E9%94%80%E5%85%AC%E5%8F%B8.pdf
https://qccdata.qichacha.com/Disclosure/35a2196dc6346cea720de7c9e795ffd6.pdf
https://qccdata.qichacha.com/Disclosure/b36450b5db4b48ed23b09da26aef00cb.pdf
https://www.jiaoyubao.cn/baike/16625.html
https://www.qiyeku.cn/tag/companya5b4c1-9.html
https://pdf.dfcfw.com/pdf/H2_AN201807111165383353_1.pdf
https://zh.wikisource.org/wiki/%E5%B1%B1%E4%B8%9C%E7%9C%81%E6%B5%8E%E5%8D%97%E5%B8%82%E7%AB%A0%E4%B8%98%E5%8C%BA%E4%BA%BA%E6%B0%91%E6%B3%95%E9%99%A2%EF%BC%882022%EF%BC%89%E9%B2%810114%E6%B0%91%E5%88%9D9298%E5%8F%B7%E6%B0%91%E4%BA%8B%E5%88%A4%E5%86%B3%E4%B9%A6
https://chinajob.mohrss.gov.cn/h5/c/2025-12-15/470677.shtml
https://chinajob.mohrss.gov.cn/h5/zbzl/jzlwpp/dxal/dep/
https://sw.beijing.gov.cn/sy/nsjg/fwjy/xxtg/201912/P020191220502682848030.pdf
https://www.beijing.gov.cn/ywdt/jiedu/zxjd/202010/P020201030624350424059.pdf
https://www.zhihu.com/pin/special/1262083404260483072
https://bj.jiazhenggang.com/user/jinyueshidai/
https://www.fjls0591.com/nd.jsp?id=445
https://static.cninfo.com.cn/finalpage/2016-11-08/1202818878.PDF
https://edu.sdnews.com.cn/bj/j_111ccf/m/index.html
https://sw.gz.gov.cn/attachment/0/89/89330/5922198.pdf
https://www.hackwaw.com/fuwu/lqfw/gggs/202110/P020211028623189822821.pdf
https://epaper.tongliaowang.com/paper/pc/attachment/202601/26/809903b0-0e81-4159-b6b5-06acb2a41a24.pdf
https://k.sina.com.cn/article_7880068208_1d5b04c7006801supk.html?from=news&subch=onews",2026-09-21
