机构/品牌,北京育儿业务状态,机构类型,主体,北京业务,当前经营线索,换人,退费,收费,人员筛选与培训,督导,联系入口,口碑结论,关键缺口,检索记录,来源,小红书材料及边界,小红书站内核查,原调查联系批次（评分前）,评分摘要,评分版本,投诉/消保补查结论,12315官方公示核查,投诉核查记录与来源,政府优先参考分（100分）,政府比较分组,政府品牌组内次序（非官方排名）,政府依据分（60）,政府完整法人,政府依据链接
天鹅到家,有北京业务线索,综合家政,官网页脚运营信息为五八到家有限公司；北京育儿嫂订单实际签约、收款与责任主体仍须逐单确认。,北京育儿嫂专页面向满月至3岁家庭，列喂养、生活护理、辅食、护理记录及早教互动；官网城市覆盖含北京。,官网北京业务页、预约渠道和保障说明当前可读，能确认持续公开招揽；实际适配候选和档期未确认。,官网 FAQ 写服务期内不限次数协调更换，涉及服务类型或服务费差价时另算；一般工单工作日当天首次对接。首次对接不是替补到岗承诺，未见北京育儿嫂更换的硬性到岗时限。,未取得北京现行育儿嫂订单完整退费公式。2026消费者新投诉涉及试用3天后扣1500元；只能作为核合同提醒，不能认定普遍适用或违法。,北京育儿嫂页面明确按城市、住家/白班、等级和周期确定价格，未统一公开固定报价；中介费、工资、保险及换人价差应分别报价。,官网自述身份认证、第三方背景筛查、体检、服务规范考试；保姆类9项体检和237条考试细则。属于平台流程声明，尚未审查拟派阿姨具体报告。,官网列400热线、APP、企业微信、云管家及经纪人，专职售后按紧急程度分级处理；订单保障范围以保单为准。,官网咨询电话400-113-5975；北京育儿嫂预约入口已核可见，未提交个人信息或电话询价。,业务和换人承诺相对清晰，但新旧案例均说明应追问替补实际到岗与退出退费。2024石家庄媒体案例已解决；2025北京小红书单方自述及2026未明城市扣费投诉不能合并为北京投诉率。,北京当前合同主体；同等级换人价差及到岗时限；试工与多次换人后的退费公式；具体候选背调、体检与考核记录,"天鹅到家 北京 育儿嫂 公司 主体 服务 → 官网页脚运营信息为五八到家有限公司；北京育儿嫂订单实际签约、收款与责任主体仍须逐单确认。 北京育儿嫂专页面向满月至3岁家庭，列喂养、生活护理、辅食、护理记录及早教互动；官网城市覆盖含北京。
天鹅到家 育儿嫂 更换 退款 合同 服务费 → 官网 FAQ 写服务期内不限次数协调更换，涉及服务类型或服务费差价时另算；一般工单工作日当天首次对接。首次对接不是替补到岗承诺，未见北京育儿嫂更换的硬性到岗时限。 未取得北京现行育儿嫂订单完整退费公式。2026消费者新投诉涉及试用3天后扣1500元；只能作为核合同提醒，不能认定普遍适用或违法。
天鹅到家 育儿嫂 投诉 口碑 评价 北京 → 业务和换人承诺相对清晰，但新旧案例均说明应追问替补实际到岗与退出退费。2024石家庄媒体案例已解决；2025北京小红书单方自述及2026未明城市扣费投诉不能合并为北京投诉率。","天鹅到家官网与常见问题 https://www.daojia.com/（已打开并阅读相关正文）
北京育儿嫂服务 https://www.daojia.com/bj/childcare-nanny/（本轮搜索返回相关正文，此前已核专页）
天鹅到家不退款 https://tousu.sina.com.cn/complaint/view/17394840035?sld=3619f2c4f23483537dcb2d3c73190a6f（搜索返回投诉及进度正文；直接打开无查询参数地址失败）",作者反映儿童照护及安全方面问题，并称要求换人时存在拖延，损失赔付需等保险处理。 https://www.xiaohongshu.com/explore/68a3459b000000001c03ed28；处理结果：本次可读正文未见解决结果或企业回应；边界：单方指称，未独立核实事故经过、责任或保险理赔，不能当作品牌事故率。,本条目无此次站内核查记录,第一批,未匹配入选名单的补充组。本轮逐一对照四份正式政府名单，未取得可归属的入选记录；不等于机构差或不存在其他荣誉。,v2.0,新增材料仍集中在匹配、频繁换人后的退款结算。黑猫一例消费者确认按约退款；消费保企业完结但消费者反对；媒体另有已退款与仅承诺退款两类结果。,已核对当前公示列表。结果包含总部及衡阳、长沙等分支，首屏含家政中介、保姆、小时工等工种；全国各业务记录不能充当北京育儿嫂投诉数量。名称匹配可含分支及其他工种，不能作为机构投诉率。,"[黑猫] site:tousu.sina.com.cn ""天鹅到家"" 投诉
本次查询返回12个索引链接（可能含无关项）。该渠道合并判读：黑猫命中多条天鹅到家服务及退款争议，回读育儿嫂替换案例；同时出现保洁、家务等工种，未一并算作育儿事件。 搜索页只据可见摘要判读；已回读来源另列，不把索引摘要当作已打开原文。

[消费保] site:xfb315.com ""天鹅到家"" 投诉
本次查询返回4个索引链接（可能含无关项）。该渠道合并判读：消费保出现同品牌退款及服务中断投诉；99337939已读初始投诉、企业回应和消费者异议，明确主体五八到家，工种与城市未披露。两条相关育儿标题直达页访问失败，未作已核读个案。 搜索页只据可见摘要判读；已回读来源另列，不把索引摘要当作已打开原文。

[监管媒体] ""天鹅到家"" 投诉 退费 12315 消协 处罚 法院
本次查询返回15个索引链接（可能含无关项）。该渠道合并判读：媒体有石家庄育儿嫂匹配及退款采访、深圳普通保姆退款采访；均须保留异地、工种及退款是否到账的边界。 搜索页只据可见摘要判读；已回读来源另列，不把索引摘要当作已打开原文。

[消费保补查] 天鹅到家 消费保 投诉 退费
本次查询返回13个索引链接（可能含无关项）。该渠道合并判读：消费保出现同品牌退款及服务中断投诉；99337939已读初始投诉、企业回应和消费者异议，明确主体五八到家，工种与城市未披露。两条相关育儿标题直达页访问失败，未作已核读个案。 搜索页只据可见摘要判读；已回读来源另列，不把索引摘要当作已打开原文。

[12315站内] 五八到家有限公司
查询“五八到家有限公司”此次页面显示703条关键词匹配公示。结果包含总部及衡阳、长沙等分支，首屏含家政中介、保姆、小时工等工种；全国各业务记录不能充当北京育儿嫂投诉数量。以上数量是所列查询关键词此次匹配的公示记录数，可能含分支、近名和不同服务工种；不同查询之间可能重叠，不合计为机构投诉总数，不是投诉率或质量排名。公示期限为一年，不涵盖全部历史、未公开投诉或所有分支。投诉内容为当事人填写，调解结果不是违法认定；达成调解不等于退款已到账。

案例：育儿嫂多次更换后的服务费退款争议
日期：2025-07-08
工种：育儿嫂
记录：消费者称缴纳两年服务费15,825元后更换多位育儿嫂，对人员稳定性、匹配间隔及退款不满。
回应：7月9日有企业回复时间记录，但本次可读正文未展示实质内容。
处理结果：7月17日消费者确认已按合同退款并完成投诉。
限制：单方公开投诉，未核合同、订单、证据附件或裁判；品牌归属不等于北京履约。
读取状态：本轮已打开原页面并核读正文与进度
来源：https://tousu.sina.com.cn/complaint/view/17384959709

案例：服务中断与退款条件争议
日期：2025-08-12
工种：未披露
记录：消费者具名五八到家有限公司，称签署一年合同后提前终止，申请退剩余服务期费用4,966元；双方对合同退款条件有分歧。
回应：企业8月12日称不符合合同退款条件，可继续匹配服务人员；消费者8月14日补充称未实际联系解决。
处理结果：企业已完结；消费者仍有异议，未见退款确认。
限制：服务工种及履约城市未披露，未推定为北京育儿；投诉中自行援引法律不代表已获司法认定。
读取状态：本轮已打开原页面并核读初始投诉、处理进度与企业回复
来源：https://www.xfb365.com/tousu/99337939

案例：石家庄育儿嫂匹配与退款采访
日期：2024-03-08
工种：育儿嫂
记录：记者采访消费者关于育儿嫂能力、经历匹配及退费问题，并联系企业核实。
回应：报道披露平台后续按扣除已使用部分后的金额办理退款。
处理结果：消费者3月7日向记者确认收到6,000余元退款。
限制：异地历史采访，不能推算北京用户投诉率；属于既有 E01 的回读补实。
读取状态：本轮已打开原页面并核读正文与进度
来源：https://m.thepaper.cn/detail/26601384

案例：深圳普通保姆服务退款采访
日期：2026-03-11
工种：普通保姆
记录：消费者对银牌保姆服务及按天退款不满；报道包括机构对服务责任的不同解释。
回应：平台认为部分服务问题不能全部归责保姆，初期援引14天退款期；后称愿以服务费剩余9个月比例退5,265元。
处理结果：3月10日双方达成退款安排，企业称3—5个工作日到账；报道未确认实际到账。
限制：普通保姆而非明确育儿嫂；媒体时点为承诺退款，不能写已到账。
读取状态：本轮已打开原页面并核读正文与进度
来源：https://www.sznews.com/news/content/2026-03/11/content_31973080.htm

来源（读取及归属边界见对应记录）：
https://tousu.sina.com.cn/complaint/view/17384959709
https://www.xfb365.com/tousu/99337939
https://m.thepaper.cn/detail/26601384
https://www.sznews.com/news/content/2026-03/11/content_31973080.htm
https://tsgs.12315.cn/#/viewport",16.0,未匹配入选名单的补充组,不进入政府品牌优先组,0,,
阿姨来了,有北京业务线索,综合家政,中国就业网2025-12-15确认品牌属北京嘉乐会家政服务有限公司；官网用户协议同时列北京阿姨来了信息科技有限公司等关联主体，实际签约公司不能固定写成嘉乐会一家。,官网育儿嫂FAQ明确照看入园前婴幼儿，提供喂养、辅食、睡眠和早教；北京总部及覆盖城市由官网、政府品牌介绍交叉支持。,官网当前可读，2025政府品牌报道支持持续经营线索；未查明具体门店当前待岗人数。,保留已核官网先签合同后试用、7天试用不满意可换的声明；本轮FAQ确认经纪人负责后续换人和解约，未取得育儿嫂不限次、同级免费或替补到岗期限的条款。,2024-11-11生效的互联网用户协议写付费业务原则上不退、另有协议除外；这是平台通用协议，不足以替代育儿嫂专门合同。既有案例有按余期退款解决，亦有自动结案未证解决。,官网FAQ搜索正文给北京育儿嫂工资7000元起，具体工作日、住家、带睡、服务费另核；不能将起价当最终全包报价。,官网允许查看简历和面试展示健康证、育婴师证；中国就业网记载线上线下培训、周期回训。拟派个人资质及曾服务家庭的核验仍缺。,经纪人工作包括岗前培训、匹配、三方签约、矛盾调解、换人解约；尚无可审查的育儿嫂售后响应及上门督导频率标准。,400-060-1560；官网、APP、小程序和预约门店入口。未电话核当前档期。,品牌与培训资源可核，但退款条款不能凭7天试用推导。应拿育儿嫂专用合同核对是否覆盖通用协议中的“不退”原则；保留已核退款成功和换人争议两类样本。,实际签约关联公司；7天试用是否适用所选套餐；后续换人次数与到岗期限；育儿嫂合同对通用不退费条款如何约定,"阿姨来了 北京 育儿嫂 公司 主体 服务 → 中国就业网2025-12-15确认品牌属北京嘉乐会家政服务有限公司；官网用户协议同时列北京阿姨来了信息科技有限公司等关联主体，实际签约公司不能固定写成嘉乐会一家。 官网育儿嫂FAQ明确照看入园前婴幼儿，提供喂养、辅食、睡眠和早教；北京总部及覆盖城市由官网、政府品牌介绍交叉支持。
阿姨来了 育儿嫂 更换 退款 合同 服务费 → 保留已核官网先签合同后试用、7天试用不满意可换的声明；本轮FAQ确认经纪人负责后续换人和解约，未取得育儿嫂不限次、同级免费或替补到岗期限的条款。 2024-11-11生效的互联网用户协议写付费业务原则上不退、另有协议除外；这是平台通用协议，不足以替代育儿嫂专门合同。既有案例有按余期退款解决，亦有自动结案未证解决。
阿姨来了 育儿嫂 投诉 口碑 评价 北京 → 品牌与培训资源可核，但退款条款不能凭7天试用推导。应拿育儿嫂专用合同核对是否覆盖通用协议中的“不退”原则；保留已核退款成功和换人争议两类样本。","阿姨来了品牌介绍 https://chinajob.mohrss.gov.cn/h5/c/2025-12-15/470678.shtml（已打开并阅读相关正文）
阿姨来了常见问题 https://www.ayilaile.com/help/faq（已打开并阅读相关正文）
阿姨来了用户协议 https://ayilaile.com/help/agreement（已打开并阅读相关正文）
阿姨来了家政服务 https://www.ayilaile.com/service/（本轮打开；试用声明沿用此前已核记录）",作者称服务人员临时离岗，并对中介协调提前通知、违约补偿及尾款的处理不满。 https://www.xiaohongshu.com/explore/6a8ff5e7000000001803c18e；处理结果：未见独立验证的后续处理结果；边界：单方自述；具体签约主体、订单和争议事实未核实，不披露服务人员个人信息。,本条目无此次站内核查记录,第一批,政府品牌推选优先组。对应2025年正式政府联合推选并发布的劳务品牌企业名录，列名公司为北京嘉乐会家政服务有限公司。名单没有官方名次；仍须核对本单合同、育儿人选与换人条款。这是品牌关联记录，仅适用于列名法人，不覆盖所有同品牌订单。,v2.0,既有照护及换人争议可补充企业完整答复、消费者退款确认与自动结案差异。嘉乐会的历史行政处罚报道是另一个证据层级，应与用户指控分列。,已回读详情中最新公示（2026-09-07）：北京阿姨来了信息科技有限公司，服务类别为托幼服务，处理结果为“未达成调解协议”。公示未披露协议细节及退款到账证据，不能据此推断北京育儿嫂整体服务质量。,"[黑猫] site:tousu.sina.com.cn ""阿姨来了"" 投诉
本次查询返回12个索引链接（可能含无关项）。该渠道合并判读：命中阿姨来了多条照护、匹配及退款争议，回读已知 E03 并增加四条具名案例；有按比例退款确认，也有自动结案。 搜索页只据可见摘要判读；已回读来源另列，不把索引摘要当作已打开原文。

[消费保] site:xfb315.com ""阿姨来了"" 投诉
该具体查询返回空结果；不代表平台全库无投诉。

[监管媒体] ""阿姨来了"" 投诉 退费 12315 消协 处罚 法院
本次查询返回12个索引链接（可能含无关项）。该渠道合并判读：检得《中国消费者报》2024年关于北京嘉乐会培训宣传、证书宣传和格式条款被罚6万元的报道。已回读转载全文；未取得原行政处罚决定。 搜索页只据可见摘要判读；已回读来源另列，不把索引摘要当作已打开原文。

[消费保补查] 阿姨来了 消费保 投诉 退费
本次查询返回18个索引链接（可能含无关项）。该渠道合并判读：定向旧域未取得可归属个案；不限域补查出现阿姨到了、沪上阿姨等近名结果，均不是本机构。 搜索页只据可见摘要判读；已回读来源另列，不把索引摘要当作已打开原文。

[处罚原始依据追索] 北京嘉乐会 阿姨来了 6万元 处罚 中国消费者报 2024
本次查询返回12个索引链接（可能含无关项）。该渠道合并判读：检得《中国消费者报》2024年关于北京嘉乐会培训宣传、证书宣传和格式条款被罚6万元的报道。已回读转载全文；未取得原行政处罚决定。 搜索页只据可见摘要判读；已回读来源另列，不把索引摘要当作已打开原文。

[处罚原始依据追索] site:ccn.com.cn 嘉乐会 虚假 宣传 2024 6万元
本次查询返回12个索引链接（可能含无关项）。该渠道合并判读：检得《中国消费者报》2024年关于北京嘉乐会培训宣传、证书宣传和格式条款被罚6万元的报道。已回读转载全文；未取得原行政处罚决定。 搜索页只据可见摘要判读；已回读来源另列，不把索引摘要当作已打开原文。

[处罚原始依据追索] site:scjgj.beijing.gov.cn 嘉乐会 处罚
本次查询返回12个索引链接（可能含无关项）。该渠道合并判读：检得《中国消费者报》2024年关于北京嘉乐会培训宣传、证书宣传和格式条款被罚6万元的报道。已回读转载全文；未取得原行政处罚决定。 搜索页只据可见摘要判读；已回读来源另列，不把索引摘要当作已打开原文。

[处罚原始依据追索] site:bjchy.gov.cn 嘉乐会 处罚 2024
本次查询返回12个索引链接（可能含无关项）。该渠道合并判读：检得《中国消费者报》2024年关于北京嘉乐会培训宣传、证书宣传和格式条款被罚6万元的报道。已回读转载全文；未取得原行政处罚决定。 搜索页只据可见摘要判读；已回读来源另列，不把索引摘要当作已打开原文。

[12315站内] 北京阿姨来了信息科技有限公司
查询“北京阿姨来了信息科技有限公司”此次页面显示8条关键词匹配公示。首屏可见托幼、家政中介、小时工和培训等不同类别公示；已回读托幼服务个案，处理结果为未达成调解协议。不能把所有公示视为育儿嫂订单。以上数量是所列查询关键词此次匹配的公示记录数，可能含分支、近名和不同服务工种；不同查询之间可能重叠，不合计为机构投诉总数，不是投诉率或质量排名。公示期限为一年，不涵盖全部历史、未公开投诉或所有分支。投诉内容为当事人填写，调解结果不是违法认定；达成调解不等于退款已到账。

[12315站内] 北京嘉乐会家政服务有限公司
查询“北京嘉乐会家政服务有限公司”此次页面显示14条关键词匹配公示。首屏可见小时工、保姆和家政中介等类别，包含阿姨来了双井首城店名称；与阿姨来了信息科技公司是不同主体，不能简单相加为品牌投诉率。以上数量是所列查询关键词此次匹配的公示记录数，可能含分支、近名和不同服务工种；不同查询之间可能重叠，不合计为机构投诉总数，不是投诉率或质量排名。公示期限为一年，不涵盖全部历史、未公开投诉或所有分支。投诉内容为当事人填写，调解结果不是违法认定；达成调解不等于退款已到账。

案例：照护、人员匹配及提前解约退款争议
日期：2025-09-27
工种：育儿嫂
记录：消费者具名北京阿姨来了信息科技有限公司，对育儿照护、人员匹配及解除合同后的服务费和工资结算提出异议；金额与事实为投诉者自述。
回应：9月29日有企业回复记录，页面未呈现可读实质回复。
处理结果：10月29日因企业最新回复后30日无进一步操作自动完成，不能视为退款或消费者认可。
限制：主体名称明确，但实际服务城市未披露；严重照护指控无独立认定，摘要不作事实结论。既有 E03 回读补实。
读取状态：本轮已打开原页面并核读正文与进度
来源：https://tousu.sina.com.cn/complaint/view/17388044504

案例：无锡家务保姆服务及转接退款争议
日期：2025-12-08
工种：保姆（兼带孩叙述，未明确专职育儿嫂）
记录：消费者称2024年交中介费后服务与后续人员交接不符合期待，申请返还中介费。
回应：页面未见企业实质答复，后有消费者更新。
处理结果：12月19日消费者明确确认已按比例退款。
限制：单方公开投诉，未核合同、订单、证据附件或裁判；品牌归属不等于北京履约。
读取状态：本轮已打开原页面并核读正文与进度
来源：https://tousu.sina.com.cn/complaint/view/17390969244

案例：照护方式及合同终止后结算争议
日期：2025-11-30
工种：保姆（涉及幼儿照护）
记录：消费者称交一年服务费7,000元及首月工资后，对两位人员的工作及照护方式不满，要求退剩余服务费与工资。
回应：页面未见可读的实质企业答复。
处理结果：页面显示处理中，未见实质企业答复或退款确认。
限制：幼儿照护相关指控仅为消费者自述，未核医疗、订单或裁决；正式工种与城市未披露。
读取状态：本轮已打开原页面并核读正文与进度
来源：https://tousu.sina.com.cn/complaint/view/17390671749

案例：多次更换与剩余服务期退款协商
日期：2025-07-09
工种：育儿嫂
记录：消费者对三个月合同末期的更换安排和部分退费方案不满。
回应：企业7月10日解释已推荐25份简历、15次面试并更换6次；称仍可安排交接，对剩余10天提出退5%服务费方案。上述次数为企业陈述。
处理结果：消费者7月10日上午不同意方案，当日下午主动确认完成；未披露最后退款金额或具体解决方式。
限制：单方公开投诉，未核合同、订单、证据附件或裁判；品牌归属不等于北京履约。
读取状态：本轮已打开原页面并核读正文与进度
来源：https://tousu.sina.com.cn/complaint/view/17384993117

案例：家务兼带孩人员匹配与退费争议
日期：2024-04-17
工种：家务为主兼带孩
记录：消费者对人员籍贯偏好、工作表现、替换候选及更换服务门店的答复不满，申请退服务费。
回应：4月23日有企业回复记录，但本轮未见回复正文。
处理结果：5月23日平台因30天未进一步操作自动完结；无退款确认。
限制：单方公开投诉，未核合同、订单、证据附件或裁判；品牌归属不等于北京履约。
读取状态：本轮已打开原页面并核读正文与进度
来源：https://tousu.sina.com.cn/complaint/view/17372595644

案例：北京嘉乐会虚假或引人误解宣传及格式条款行政处罚报道
日期：2024-07-08
工种：育儿嫂、月嫂及家政中介
记录：《中国消费者报》报道北京嘉乐会因培训覆盖、岗前培训和证书宣传不符实际，以及旧合同减轻自身责任的条款，被责令改正并罚款6万元。报道明确涉及阿姨来了官网/应用宣传。
回应：报道未列企业对处罚的答复。
处理结果：报道载明朝阳区市场监管部门已处罚；未取得行政处罚决定原文和后续整改证明。
限制：已读消费者报转载而非行政处罚决定书；涉及2020—2024年行为，不能直接认定现行合同仍有相同问题，也不等于每位用户投诉成立。
读取状态：本轮已打开原页面并核读正文与进度
来源：https://finance.sina.com.cn/jjxw/2024-07-08/doc-inccmkfm8249331.shtml

案例：北京阿姨来了信息科技有限公司消费投诉处理公示
日期：2026-08-26
工种：托幼服务
记录：消费者反映2026-08-05购买的托幼服务涉及合同履行与退赔争议。官方公示列出的处理结果为“未达成调解协议”。
回应：公示没有展示企业具体答复。
处理结果：未达成调解协议
处理部门：北京西城区市场监督管理局
限制：投诉基本信息与问题由当事人填报，不是违法认定。公示未披露协议具体内容、退款金额或到账证据；未确认该单为育儿嫂。公示期限为一年，本次只回读选取的具名详情。
读取状态：已打开12315官方详情，核对主体、服务及处理结果
来源：https://tsgs.12315.cn/#/viewport

来源（读取及归属边界见对应记录）：
https://tousu.sina.com.cn/complaint/view/17388044504
https://tousu.sina.com.cn/complaint/view/17390969244
https://tousu.sina.com.cn/complaint/view/17390671749
https://tousu.sina.com.cn/complaint/view/17384993117
https://tousu.sina.com.cn/complaint/view/17372595644
https://finance.sina.com.cn/jjxw/2024-07-08/doc-inccmkfm8249331.shtml
https://tsgs.12315.cn/#/viewport",71.0,政府品牌推选优先组,4,60,"北京嘉乐会家政服务有限公司
北京嘉乐会家政服务有限公司
北京嘉乐会家政服务有限公司","https://rsj.beijing.gov.cn/bm/ztzl/ssjzlwpp/202511/t20251103_4251020.html
https://rsj.beijing.gov.cn/xxgk/tzgg/202302/t20230208_2913405.html
https://rsj.beijing.gov.cn/xxgk/tzgg/202511/t20251103_4251298.html"
爱侬家政,有北京业务线索,综合家政,北京市人社局名录列北京爱侬家政服务有限公司；当前官网版权为北京爱侬养老科技发展股份有限公司。品牌体系与具体签约公司应分开核验。,官网育儿早教栏目明确精准匹配专业育儿嫂，列科学喂养、辅食、早教、成长测评；北京门店和总部可见。,官网可直接读取；2025-11政府名录及网站2026活动线索支持在营，但具体育儿嫂档期未问询。,未取得当前育儿嫂更换次数、免费范围、到岗时限完整条款。2021媒体所述可换不退属于旧保姆采访，不能当2026育儿嫂政策。,未取得现行育儿嫂服务费退还公式、匹配失败退出条件；2021旧采访仅作为应追问的背景。,未取得可确认当前日期的育儿嫂全包报价；第三方品牌文章和2012旧投诉价格不采用。,官网称自有职业技能培训学校；人社职业技能评价平台列集团可开展育婴员等职业等级认定。机构能力不等于每名阿姨已经持证或合格。,官网有在线建议投诉入口；育儿专家个性化方案为企业宣称，入户督导频次、替岗机制未取得。,官网门店与在线服务入口；官网总部朝阳区劲松中街四区405甲楼，门店地址可能变化，预约前确认。,本次补核业务和职业培训背景；能归属的独立经历主要偏旧，缺少近期北京育儿嫂完整过程与结果。应以当前合同和近三个月前雇主回访弥补，不应因未搜到新投诉提升排名。,签约公司与分店关系；近期育儿嫂客户可回访样本；试工、替补和退费条款；具体候选资质证件,"爱侬家政 北京 育儿嫂 公司 主体 服务 → 北京市人社局名录列北京爱侬家政服务有限公司；当前官网版权为北京爱侬养老科技发展股份有限公司。品牌体系与具体签约公司应分开核验。 官网育儿早教栏目明确精准匹配专业育儿嫂，列科学喂养、辅食、早教、成长测评；北京门店和总部可见。
爱侬家政 育儿嫂 更换 退款 合同 服务费 → 未取得当前育儿嫂更换次数、免费范围、到岗时限完整条款。2021媒体所述可换不退属于旧保姆采访，不能当2026育儿嫂政策。 未取得现行育儿嫂服务费退还公式、匹配失败退出条件；2021旧采访仅作为应追问的背景。
爱侬家政 育儿嫂 投诉 口碑 评价 北京 → 本次补核业务和职业培训背景；能归属的独立经历主要偏旧，缺少近期北京育儿嫂完整过程与结果。应以当前合同和近三个月前雇主回访弥补，不应因未搜到新投诉提升排名。","爱侬官网 https://www.ainong.com.cn/（直接HTTP已读相关正文）
北京爱侬家政服务有限公司 https://rsj.beijing.gov.cn/bm/ztzl/ssjzlwpp/202511/t20251103_4251018.html（搜索返回名录正文）
爱侬职业技能评价备案 https://rsj.beijing.gov.cn/ywsite/zyjd/zyjd_jnrd/zyjd_bjrs/bjrs_yrdw/202303/t20230329_2947020.html（搜索返回相关正文）
北京爱侬家政服务问答 https://zhidao.baidu.com/question/170997304.html（搜索返回回答正文）",,本条目无此次站内核查记录,第二批,政府品牌推选优先组。对应2025年正式政府联合推选并发布的劳务品牌企业名录，列名公司为北京爱侬家政服务有限公司。名单没有官方名次；仍须核对本单合同、育儿人选与换人条款。这是品牌关联记录，仅适用于列名法人，不覆盖所有同品牌订单。,v2.0,有可回读的历史养老服务采访，说明换人承诺与退费边界值得核合同。当前北京育儿嫂履约投诉在本轮公开索引中仍缺可核个案。,已核对当前公示列表。可见其他物业服务和荣华街道分公司的按摩服务公示，均不能用作北京育儿嫂差评。名称匹配可含分支及其他工种，不能作为机构投诉率。,"[黑猫] site:tousu.sina.com.cn ""爱侬家政"" 投诉
该具体查询返回空结果；不代表平台全库无投诉。

[消费保] site:xfb315.com ""爱侬家政"" 投诉
该具体查询返回空结果；不代表平台全库无投诉。

[监管媒体] ""爱侬家政"" 投诉 退费 12315 消协 处罚 法院
本次查询返回13个索引链接（可能含无关项）。该渠道合并判读：新京报2021年养老家政调查涉及北京爱侬门店的换人与退费答复；2009年涉老人伤害报道及2023年劳务者受害文书转载不等于育儿嫂投诉。 搜索页只据可见摘要判读；已回读来源另列，不把索引摘要当作已打开原文。

[消费保补查] 爱侬家政 消费保 投诉 退费
本次查询返回18个索引链接（可能含无关项）。该渠道合并判读：消费保及不限域补查未取得可归属北京爱侬育儿个案；另有315在线旧投诉线索，但原页读取失败。 搜索页只据可见摘要判读；已回读来源另列，不把索引摘要当作已打开原文。

[12315站内] 北京爱侬家政服务有限公司
查询“北京爱侬家政服务有限公司”：该名称在此次公示列表未见记录，不代表零投诉或没有历史纠纷；公示期限、名称别称和公开范围会影响结果。

[12315站内] 北京爱侬养老科技发展股份有限公司
查询“北京爱侬养老科技发展股份有限公司”此次页面显示2条关键词匹配公示。可见其他物业服务和荣华街道分公司的按摩服务公示，均不能用作北京育儿嫂差评。以上数量是所列查询关键词此次匹配的公示记录数，可能含分支、近名和不同服务工种；不同查询之间可能重叠，不合计为机构投诉总数，不是投诉率或质量排名。公示期限为一年，不涵盖全部历史、未公开投诉或所有分支。投诉内容为当事人填写，调解结果不是违法认定；达成调解不等于退款已到账。

案例：2021年养老家政换人与退费采访
日期：2021-03-15
工种：老人照护
记录：记者咨询北京爱侬门店时，工作人员答复可换服务人员，但找不到合适人员时服务费仍不退；报道主题为养老家政。
回应：店员接受记者咨询的答复本身为报道依据，并非对一宗确定投诉的书面回应。
处理结果：非个案调解，报道没有针对该咨询的退款结果。
限制：2021年门店咨询，非当前北京育儿嫂合同；既有 E05 移动版同篇，去重保留。
读取状态：本轮已打开原页面并核读正文与进度
来源：https://m.bjnews.com.cn/detail/161574656115291.html

来源（读取及归属边界见对应记录）：
https://m.bjnews.com.cn/detail/161574656115291.html
https://tsgs.12315.cn/#/viewport",62.0,政府品牌推选优先组,10,60,"北京爱侬家政服务有限公司
北京爱侬养老科技发展股份有限公司
北京爱侬养老科技发展股份有限公司
北京爱侬家政服务有限公司","https://rsj.beijing.gov.cn/bm/ztzl/ssjzlwpp/202511/t20251103_4251018.html
https://sw.beijing.gov.cn/phone/zwxx/tzgg/202401/t20240131_3550205.html
https://rsj.beijing.gov.cn/xxgk/tzgg/202302/t20230208_2913405.html
https://rsj.beijing.gov.cn/xxgk/tzgg/202511/t20251103_4251298.html"
北京中青家政,有北京业务线索,综合家政,官网和2025北京市人社名录主体均为北京中青家政有限公司；与北京华夏中青家政服务有限公司分开计数。,官网公开婴幼儿照护、育婴早教和北京联系方式；提供员工制及中介制两套资费说明。,官网2026仍可访问，政府2025名录支持品牌线索；关键收费页仍标2022，需拿现行版本再比较。,仍在线的2022-01-01中介制资费页写合同期3次免费调换，超过3次至5次收50%推介费；员工制页也写超过3人次再收50%推介费条件。未取得2026更新版本，不能宣传不限次。,2022员工制/中介制资费说明均有推介费付后不退的文字，另有履约保证金终约返还条件；两类款项不能混淆。未取得现行退出政策。,旧页婴幼儿照护员工制6000—10000元/月、中介制5500—10000元/月；员工制另列10%管理费、200元/年保险等。页面推介费同时写5000元/年与首月工资一致，存在需解释之处；仅历史参考。,官网介绍统一招工、培训、考核、体检和持证；官网显示由公司统一安排工作。具体人选和实际劳动/劳务合同尚未审阅。,员工制介绍写督导老师负责监督指导与个性化培训；频率、突发离岗替补和赔偿时限未公开。,010-82254005，官网另页010-82252522；未电话核当前报价。,可比较员工制与中介制，但公开2022条款限制免费换人次数且推介费不退，和“机构能换人”的目标只部分匹配。未找到足够可归属的近期北京育儿嫂独立案例，不能给口碑高分。,2026员工制/中介制最新合同；第4次换人收费基数；终止服务推介费与保证金分别如何退；督导频次与补位时限,"北京中青家政 育儿嫂 公司 主体 北京 → 官网和2025北京市人社名录主体均为北京中青家政有限公司；与北京华夏中青家政服务有限公司分开计数。 官网公开婴幼儿照护、育婴早教和北京联系方式；提供员工制及中介制两套资费说明。
北京中青家政 育儿嫂 更换 退款 服务费 合同 → 仍在线的2022-01-01中介制资费页写合同期3次免费调换，超过3次至5次收50%推介费；员工制页也写超过3人次再收50%推介费条件。未取得2026更新版本，不能宣传不限次。 2022员工制/中介制资费说明均有推介费付后不退的文字，另有履约保证金终约返还条件；两类款项不能混淆。未取得现行退出政策。
北京中青家政 育儿嫂 投诉 评价 → 可比较员工制与中介制，但公开2022条款限制免费换人次数且推介费不退，和“机构能换人”的目标只部分匹配。未找到足够可归属的近期北京育儿嫂独立案例，不能给口碑高分。","中青家政资费标准 https://www.zqjz.com/index/index/jzfw?id=8（原生/Jina失败，直接HTTP已读取完整相关正文）
中青概述 https://www.zqjz.com/index/index/gywm?id=5（已打开并阅读相关正文）
北京中青家政有限公司 https://rsj.beijing.gov.cn/bm/ztzl/ssjzlwpp/202511/t20251103_4251021.html（搜索返回名录正文）",,本条目无此次站内核查记录,第一批,政府品牌推选优先组。对应2025年正式政府联合推选并发布的劳务品牌企业名录，列名公司为北京中青家政有限公司。名单没有官方名次；仍须核对本单合同、育儿人选与换人条款。,v2.0,本轮公开索引未取得可归属北京中青家政的具体育儿履约投诉；查得公司/培训资料不足以验证售后执行。,已按1组名称查询当前公示列表，本轮未见记录；不代表零投诉，公示期限、名称别称和公开范围会影响结果。,"[黑猫] site:tousu.sina.com.cn ""北京中青家政"" 投诉
该具体查询返回空结果；不代表平台全库无投诉。

[消费保] site:xfb315.com ""北京中青家政"" 投诉
该具体查询返回空结果；不代表平台全库无投诉。

[监管媒体] ""北京中青家政"" 投诉 退费 12315 消协 处罚 法院
本次查询返回15个索引链接（可能含无关项）。该渠道合并判读：公司全名复查主要返回培训、信用服务或名录材料；培训退款政策和泛行业报道不等于家庭育儿嫂消费投诉。 搜索页只据可见摘要判读；已回读来源另列，不把索引摘要当作已打开原文。

[消费保补查] 北京中青家政 消费保 投诉 退费
本次查询返回15个索引链接（可能含无关项）。该渠道合并判读：消费保定向与不限域补查未取得可归属个案。 搜索页只据可见摘要判读；已回读来源另列，不把索引摘要当作已打开原文。

[主体与别名补查] 北京中青家政有限公司 投诉 退费
本次查询返回15个索引链接（可能含无关项）。该渠道合并判读：公司全名复查主要返回培训、信用服务或名录材料；培训退款政策和泛行业报道不等于家庭育儿嫂消费投诉。 搜索页只据可见摘要判读；已回读来源另列，不把索引摘要当作已打开原文。

[12315站内] 北京中青家政有限公司
查询“北京中青家政有限公司”：该名称在此次公示列表未见记录，不代表零投诉或没有历史纠纷；公示期限、名称别称和公开范围会影响结果。

未取得本轮可单列案例；不代表没有投诉。

来源（读取及归属边界见对应记录）：
https://tsgs.12315.cn/#/viewport",69.0,政府品牌推选优先组,5,60,"北京中青家政有限公司
北京中青家政有限公司
北京中青家政有限公司
北京中青家政有限公司","https://rsj.beijing.gov.cn/bm/ztzl/ssjzlwpp/202511/t20251103_4251021.html
https://sw.beijing.gov.cn/phone/zwxx/tzgg/202401/t20240131_3550205.html
https://rsj.beijing.gov.cn/xxgk/tzgg/202302/t20230208_2913405.html
https://rsj.beijing.gov.cn/xxgk/tzgg/202511/t20251103_4251298.html"
无忧保姆／无忧家政,有北京业务线索,综合家政,官网页脚为北京家事无忧家政服务有限公司，2025北京市人社局名录可交叉对应；“无忧家政”泛称投诉需看具体门店和合同。,官网导航育儿嫂、北京门店及在线简历可见；自述网络匹配与门店服务，面试可以询问前雇主。,官网当前版权2026，服务18年、免费更换等展示正常；具体门店和人选待岗仍未验证。,官网当前页顶写免费更换；FAQ称可随时换、提前5天更好，低工资或需求多可能等更久。这是申请建议，不是5天必到岗保证，未给免费次数及价差细则。,未取得北京育儿嫂当前书面退款公式。2024北京房山泛称“无忧家政”投诉商家未匹配成功；本轮另找到2025重庆育儿嫂退款争议，不能当北京履约事实。,FAQ明确中介费随城市与保姆类型变化，期望工资可协商；未公开北京育儿嫂统一价格。,FAQ如实披露二代身份证读取、通过以往表现了解人员，新人背景了解有限；循环视频培训、面试考核，部分人员参加外部培训。尚未取得严格入户前统一实操考核细则。,FAQ承诺电话协调改善服务、APP每月评价；可在阿姨同意下给前雇主联系方式。没有替补到岗硬时限。,400-6093-600；官网北京门店及APP。未提交询价或电话确认。,官网换人入口可核，且主动披露匹配时间受供需影响；要核空档期如何处理。保留北京房山主体未匹配个案，新增重庆同品牌页案例另标异地，不能据此算北京口碑比例。,北京订单免费更换次数和费用；空档期合同是否暂停；匹配失败退出退费；前雇主回访和新人背景审查范围,"北京家事无忧 育儿嫂 公司 北京 → 官网页脚为北京家事无忧家政服务有限公司，2025北京市人社局名录可交叉对应；“无忧家政”泛称投诉需看具体门店和合同。 官网导航育儿嫂、北京门店及在线简历可见；自述网络匹配与门店服务，面试可以询问前雇主。
无忧保姆 育儿嫂 免费更换 退款 合同 → 官网当前页顶写免费更换；FAQ称可随时换、提前5天更好，低工资或需求多可能等更久。这是申请建议，不是5天必到岗保证，未给免费次数及价差细则。 未取得北京育儿嫂当前书面退款公式。2024北京房山泛称“无忧家政”投诉商家未匹配成功；本轮另找到2025重庆育儿嫂退款争议，不能当北京履约事实。
无忧家政 育儿嫂 投诉 北京 → 官网换人入口可核，且主动披露匹配时间受供需影响；要核空档期如何处理。保留北京房山主体未匹配个案，新增重庆同品牌页案例另标异地，不能据此算北京口碑比例。","无忧保姆常见问题 http://www.51baomu.cn/aboutinfo/changjianwenti.aspx（直接HTTP已读取相关正文）
北京家事无忧家政服务有限公司 https://rsj.beijing.gov.cn/bm/ztzl/ssjzlwpp/202511/t20251103_4250976.html（搜索返回名录正文）
中介服务退费纠纷及服务问题 https://m.xfb315.com/tousu/99205951（已打开并阅读相关正文）",,本条目无此次站内核查记录,第一批,政府品牌推选优先组。对应2025年正式政府联合推选并发布的劳务品牌企业名录，列名公司为北京家事无忧家政服务有限公司。名单没有官方名次；仍须核对本单合同、育儿人选与换人条款。,v2.0,本轮补充了匹配失败、跨门店服务卡、退费扣除口径的具体线索；有企业回应与消费者异议并存。深圳消委会旧评价可留作历史参考。,已核对当前公示列表。结果包含异地分公司；首屏靠前为武汉分公司培训、家政中介及合同争议，不能将名称中的北京认作履约城市。名称匹配可含分支及其他工种，不能作为机构投诉率。,"[黑猫] site:tousu.sina.com.cn (""无忧保姆"" OR ""无忧家政"") 投诉
本次查询返回12个索引链接（可能含无关项）。该渠道合并判读：命中完整主体北京家事无忧的育儿嫂不适配退款案例及普通保姆服务卡争议；回读后分别标明工种。 搜索页只据可见摘要判读；已回读来源另列，不把索引摘要当作已打开原文。

[监管媒体] (""无忧保姆"" OR ""无忧家政"") 投诉 退费 12315 消协 处罚 法院
本次查询返回12个索引链接（可能含无关项）。该渠道合并判读：每日商报2025年采访杭州滨江店老人照护换人和退款争议；新京报2020年报道深圳消委会历史评价涉及两个深圳分公司，均非北京育儿现状。 搜索页只据可见摘要判读；已回读来源另列，不把索引摘要当作已打开原文。

[消费保] site:xfb315.com (""无忧保姆"" OR ""无忧家政"") 投诉
本次查询返回12个索引链接（可能含无关项）。该渠道合并判读：消费保可检得既有重庆育儿嫂 R003，未把其他无忧保险、培训及近名公司合并。 搜索页只据可见摘要判读；已回读来源另列，不把索引摘要当作已打开原文。

[消费保补查] 无忧保姆 消费保 投诉 退费
本次查询返回18个索引链接（可能含无关项）。该渠道合并判读：消费保可检得既有重庆育儿嫂 R003，未把其他无忧保险、培训及近名公司合并。 搜索页只据可见摘要判读；已回读来源另列，不把索引摘要当作已打开原文。

[12315站内] 北京家事无忧家政服务有限公司
查询“北京家事无忧家政服务有限公司”此次页面显示33条关键词匹配公示。结果包含异地分公司；首屏靠前为武汉分公司培训、家政中介及合同争议，不能将名称中的北京认作履约城市。以上数量是所列查询关键词此次匹配的公示记录数，可能含分支、近名和不同服务工种；不同查询之间可能重叠，不合计为机构投诉总数，不是投诉率或质量排名。公示期限为一年，不涵盖全部历史、未公开投诉或所有分支。投诉内容为当事人填写，调解结果不是违法认定；达成调解不等于退款已到账。

案例：育儿嫂适配与替换后退款诉求
日期：2024-09-26
工种：育儿嫂
记录：消费者具名北京家事无忧，称首位育儿人员工作约一周后不满意，后续推荐也未满足需求，要求退费。
回应：平台显示商家未匹配成功，无企业答复。
处理结果：待分配商家，未见退款结果。
限制：完整公司名称可归属，但履约城市未披露，正文到岗日期仍为占位符，细节与合同未经核验。
读取状态：本轮已打开原页面并核读正文与进度
来源：https://tousu.sina.com.cn/complaint/view/17376218111

案例：普通保姆不适配与服务卡跨店使用争议
日期：2025-05-23
工种：普通保姆
记录：消费者具名北京家事无忧，对做饭等家务表现及3,000元服务卡转给他人后跨门店使用受限提出退款诉求。
回应：商家未匹配成功，未见企业答复。
处理结果：待分配商家，无退款确认。
限制：单方公开投诉，未核合同、订单、证据附件或裁判；品牌归属不等于北京履约。
读取状态：本轮已打开原页面并核读正文与进度
来源：https://tousu.sina.com.cn/complaint/view/17383275518

案例：杭州老人照护换人不及时与退款扣除争议
日期：2025-07-15
工种：卧床老人照护
记录：滨江门店客户称支付3,500元半年服务费后，人员更换和面试安排屡次未落实，要求退费；报道核见合同方为北京家事无忧。
回应：企业提出退1,400元、扣除2,100元，称扣款规则在签约时已告知；消费者不认可相关说明和扣款。
处理结果：报道时双方仍有分歧，未见退款到账确认。
限制：杭州老人照护，不是北京育儿；新闻反映双方观点，不能代替司法确定合同效力。
读取状态：本轮已打开原页面并核读正文与进度
来源：https://hzdaily.hangzhou.com.cn/mrsb/2025/07/15/article_detail_3_20250715A114.html

案例：2020年深圳消委会家政消费评价报道
日期：2020-06-11
工种：家政综合
记录：报道引用深圳市消委会对2019年5月至2020年5月期间的家政消费投诉评价，北京家事无忧深圳宝安、南油分公司因处理情况较差被列入相关评价名单。
回应：本次读到报道未取得涉事分公司针对此评价的完整回复。
处理结果：属于历史消协评价，无单个用户退款结果。
限制：未读消委会原始全量评价底表；深圳分公司、旧时间窗口，非行政处罚，不代表当前北京育儿嫂投诉率。
读取状态：本轮已打开原页面并核读正文与进度
来源：https://finance.sina.com.cn/chanjing/gsnews/2020-06-11/doc-iircuyvi7975360.shtml

来源（读取及归属边界见对应记录）：
https://tousu.sina.com.cn/complaint/view/17376218111
https://tousu.sina.com.cn/complaint/view/17383275518
https://hzdaily.hangzhou.com.cn/mrsb/2025/07/15/article_detail_3_20250715A114.html
https://finance.sina.com.cn/chanjing/gsnews/2020-06-11/doc-iircuyvi7975360.shtml
https://tsgs.12315.cn/#/viewport",72.0,政府品牌推选优先组,2,60,北京家事无忧家政服务有限公司,https://rsj.beijing.gov.cn/bm/ztzl/ssjzlwpp/202511/t20251103_4250976.html
十月阳光,有北京业务线索,母婴服务,当前十月阳光官网明确商标所有者为北京维骐迅腾投资管理有限公司；全国加盟体系下，各北京订单的签约/收款主体和总部责任仍需核对。,官网“找育儿嫂”入口和2026-08-03北京育儿嫂文章持续可见；当前北京事业总部为大兴义和庄万科天地，不应沿用旧朝阳地址作唯一地址。,官网当前可读，存在2026年8月育儿嫂服务内容；全国门店数为企业宣称，不等同北京可替补人数。,官网2026-08-03企业文章宣称2小时响应、4天内免费更换，并称服务期内免费1—3次。不是不限次，也未取得实际合同；缺少同等级、紧急离岗和节假日的具体例外。,未取得育儿嫂现行退款比例、时限和匹配失败退出条款；文章“售后完善”的评价不能代替合同。,未取得可确认适用拟签订单的北京育儿嫂工资、介绍费、管理费明细；网站泛化市场价格不作为该公司报价。,官网介绍理论和实操考核，通过后颁发培训项目证书；企业文章称身份/健康/技能审核、保险和定期培训。培训证书不是每名候选合格的证明，须核发证机构和具体记录。,企业文章描述服务群、记录和更换机制，但未取得督导入户频次及实际执行记录。,400-100-5931；北京事业总部：大兴区兴华大街三段义和庄万科天地67号院1号楼206；官网公开微信咨询18910020275。未主动联系。,确实找到比原稿更具体的更换承诺，但来源是品牌营销文章。三类搜索及投诉/社交平台定向补查以企业内容为主，未取得足够可核的近期北京育儿嫂独立服务全过程，不能据宣传给口碑高分。,4天换人是否写进北京育儿嫂合同；免费更换次数由何套餐决定；加盟店责任和总部承担范围；退款公式及替补无合适人选时退出条件,"""十月阳光"" 北京 育儿嫂 公司 → 当前十月阳光官网明确商标所有者为北京维骐迅腾投资管理有限公司；全国加盟体系下，各北京订单的签约/收款主体和总部责任仍需核对。 官网“找育儿嫂”入口和2026-08-03北京育儿嫂文章持续可见；当前北京事业总部为大兴义和庄万科天地，不应沿用旧朝阳地址作唯一地址。
""十月阳光"" 育儿嫂 更换 退款 合同 → 官网2026-08-03企业文章宣称2小时响应、4天内免费更换，并称服务期内免费1—3次。不是不限次，也未取得实际合同；缺少同等级、紧急离岗和节假日的具体例外。 未取得育儿嫂现行退款比例、时限和匹配失败退出条款；文章“售后完善”的评价不能代替合同。
""十月阳光"" 口碑 投诉 评价 → 确实找到比原稿更具体的更换承诺，但来源是品牌营销文章。三类搜索及投诉/社交平台定向补查以企业内容为主，未取得足够可核的近期北京育儿嫂独立服务全过程，不能据宣传给口碑高分。
""十月阳光"" (site:tousu.sina.com.cn OR site:xfb315.com OR site:zhihu.com OR site:xiaohongshu.com) → 实际完成定向补检，相关来源及排除误归属记录见findings和sources；无结果不能推导口碑良好。
""十月阳光"" ""有限公司"" 北京 → 实际完成定向补检，相关来源及排除误归属记录见findings和sources；无结果不能推导口碑良好。","十月阳光关于我们 https://www.octsunshine.com/m/gywm.php（直接HTTP已读相关正文）
十月阳光北京育儿嫂服务文章 https://www.octsunshine.com/n/con-11675（原生/Jina失败，直接HTTP已读相关正文）",,本条目无此次站内核查记录,先核实,未匹配入选名单的补充组。本轮逐一对照四份正式政府名单，未取得可归属的入选记录；不等于机构差或不存在其他荣誉。,v2.0,本轮公开索引未取得可归属的具体投诉；现有退款文章属于规则宣传或知识内容，尚不能证明实际退费与换人执行。,已按1组名称查询当前公示列表，本轮未见记录；不代表零投诉，公示期限、名称别称和公开范围会影响结果。,"[黑猫] site:tousu.sina.com.cn ""十月阳光"" 投诉
该具体查询返回空结果；不代表平台全库无投诉。

[消费保] site:xfb315.com ""十月阳光"" 投诉
该具体查询返回空结果；不代表平台全库无投诉。

[监管媒体] ""十月阳光"" 投诉 退费 12315 消协 处罚 法院
本次查询返回12个索引链接（可能含无关项）。该渠道合并判读：投诉/退款关键词主要命中自有网站的维权建议、问答与营销页；不能将其中举例当作实际客诉。 搜索页只据可见摘要判读；已回读来源另列，不把索引摘要当作已打开原文。

[消费保补查] 十月阳光 消费保 投诉 退费
本次查询返回18个索引链接（可能含无关项）。该渠道合并判读：消费保定向及补查未取得可归属个案。 搜索页只据可见摘要判读；已回读来源另列，不把索引摘要当作已打开原文。

[12315站内] 北京维骐迅腾投资管理有限公司
查询“北京维骐迅腾投资管理有限公司”：该名称在此次公示列表未见记录，不代表零投诉或没有历史纠纷；公示期限、名称别称和公开范围会影响结果。

未取得本轮可单列案例；不代表没有投诉。

来源（读取及归属边界见对应记录）：
https://tsgs.12315.cn/#/viewport",14.0,未匹配入选名单的补充组,不进入政府品牌优先组,0,,
我爱我妻,有北京业务线索,母婴服务,北京市商务局历史公示及北京家协2024理事信息对应北京我爱我妻科技有限公司；官网是全国加盟网络，某分店或SEO页面使用其他名称时不能自动合并。,当前官网人员页有北京市、育儿嫂筛选和预约选项，北京总部、通州、海淀、房山等联系线索可见，能支持业务招揽存在。页面“月嫂总数”不能当育儿嫂待岗人数。,官网人员和预约页可读，有相对较新服务经历；联系列表也含测试占位和旧页脚，不能据网页存在认定每个门店均在正常接单。,官网介绍强调培训和加盟支持，未取得适用于北京育儿嫂订单的免费换人次数、到岗时限和同档替换保障；“随时响应”不是替补到岗承诺。,未取得现行育儿嫂退费办法。检出的2018深圳退款报道地域、合同主体与本次北京采购不同，不套用为北京现状。,未取得当前育儿嫂标准收费表；逐人星级、工作时间、服务费和夜间照护须另核。,官网关于我们称培训后派岗、在岗反馈及回炉培训；现有人员页展示证书和经历，但多为自填简介，不能代替验证。官网“ISO”等宣传未取得当前认证范围。,总部/分店可联系，但未取得北京育儿嫂售后主管、督导频次和加盟纠纷由谁承担的书面说明。,官网当前总部栏为海淀中关村南大街数码大厦A座2101，010-67785257；页脚仍列海淀中街15号旧地址，应电话核实接待点。,主体及北京业务入口可补核，但当前换退条款和独立北京育儿嫂样本仍缺。广泛搜索及黑猫/消费保/知乎/公开小红书索引补查主要是品牌与加盟宣传；不可因为全国门店多而直接排在售后明确的机构之前。,准确接待地址与签约公司；北京育儿嫂完整合同；加盟店与总部退款责任；近三个月真实雇主回访,"""我爱我妻"" 北京 育儿嫂 公司 → 北京市商务局历史公示及北京家协2024理事信息对应北京我爱我妻科技有限公司；官网是全国加盟网络，某分店或SEO页面使用其他名称时不能自动合并。 当前官网人员页有北京市、育儿嫂筛选和预约选项，北京总部、通州、海淀、房山等联系线索可见，能支持业务招揽存在。页面“月嫂总数”不能当育儿嫂待岗人数。
""我爱我妻"" 育儿嫂 更换 退款 合同 → 官网介绍强调培训和加盟支持，未取得适用于北京育儿嫂订单的免费换人次数、到岗时限和同档替换保障；“随时响应”不是替补到岗承诺。 未取得现行育儿嫂退费办法。检出的2018深圳退款报道地域、合同主体与本次北京采购不同，不套用为北京现状。
""我爱我妻"" 口碑 投诉 评价 → 主体及北京业务入口可补核，但当前换退条款和独立北京育儿嫂样本仍缺。广泛搜索及黑猫/消费保/知乎/公开小红书索引补查主要是品牌与加盟宣传；不可因为全国门店多而直接排在售后明确的机构之前。
""我爱我妻"" 家政 (site:tousu.sina.com.cn OR site:xfb315.com OR site:zhihu.com OR site:xiaohongshu.com) → 实际完成定向补检，相关来源及排除误归属记录见findings和sources；无结果不能推导口碑良好。","我爱我妻品牌介绍 http://www.woaiwoqi.com.cn/Wap/about_us（直接HTTP已读正文）
我爱我妻找阿姨北京列表 http://www.woaiwoqi.com.cn/Matron/lists/show/2321/p/56（直接HTTP已读相关正文）
春节家政保供企业历史公示 https://sw.beijing.gov.cn/phone/zmhd/dczj/201912/t20191221_1402685.html（搜索返回相关正文）
北京家政服务协会理事会信息 https://www.zqjz.com/index/index/wlist?id=113（搜索返回相关正文）",由“我爱我妻-月嫂服务”账号发布，引导私信索取报价，列举好评案例及3天试岗宣传；属于营销材料，不能算独立客户口碑。 https://www.xiaohongshu.com/explore/6843f1520000000012001516；处理结果：无独立客户处理记录；边界：发布主体为品牌账号；未核验文中案例或本次合同适用性。,前排多为品牌月嫂推广；未据此推断育儿嫂满意度。,第二批,未匹配入选名单的补充组。本轮逐一对照四份正式政府名单，未取得可归属的入选记录；不等于机构差或不存在其他荣誉。,v2.0,本轮未新增可归属北京签约主体的育儿嫂投诉；异地月嫂线索保留为排除项，不能跨城市跨门店归因。,已按1组名称查询当前公示列表，本轮未见记录；不代表零投诉，公示期限、名称别称和公开范围会影响结果。,"[黑猫] site:tousu.sina.com.cn ""我爱我妻"" 投诉
该具体查询返回空结果；不代表平台全库无投诉。

[消费保] site:xfb315.com ""我爱我妻"" 投诉
该具体查询返回空结果；不代表平台全库无投诉。

[监管媒体] ""我爱我妻"" 投诉 退费 12315 消协 处罚 法院
本次查询返回16个索引链接（可能含无关项）。该渠道合并判读：检得如皋月嫂体检争议报道线索及历史品牌宣传，但如皋主体、加盟关系未闭环，未算入北京育儿嫂投诉。 搜索页只据可见摘要判读；已回读来源另列，不把索引摘要当作已打开原文。

[消费保补查] 我爱我妻 消费保 投诉 退费
本次查询返回18个索引链接（可能含无关项）。该渠道合并判读：消费保定向与补查未取得可归属北京主体个案。 搜索页只据可见摘要判读；已回读来源另列，不把索引摘要当作已打开原文。

[主体与别名补查] 北京我爱我妻科技有限公司 投诉
本次查询返回17个索引链接（可能含无关项）。该渠道合并判读：检得如皋月嫂体检争议报道线索及历史品牌宣传，但如皋主体、加盟关系未闭环，未算入北京育儿嫂投诉。 搜索页只据可见摘要判读；已回读来源另列，不把索引摘要当作已打开原文。

[12315站内] 北京我爱我妻科技有限公司
查询“北京我爱我妻科技有限公司”：该名称在此次公示列表未见记录，不代表零投诉或没有历史纠纷；公示期限、名称别称和公开范围会影响结果。

未取得本轮可单列案例；不代表没有投诉。

来源（读取及归属边界见对应记录）：
https://tsgs.12315.cn/#/viewport",2.0,未匹配入选名单的补充组,不进入政府品牌优先组,0,,
亿婴宝,有北京业务线索,母婴服务,当前官网页脚为北京亿婴宝教育科技有限公司，ICP备案号京ICP备19011098号-1；2023、2024员工制家政正式入选公告进一步交叉确认主体。旧商贸中心名称不能替代现在签约主体。,官网育儿嫂/育婴师页面有北京服务人员、婴幼儿喂养护理和早教分类，当前可公开咨询。,现行官网主体及育儿嫂服务页可读；已核2023及2024员工制正式入选。历史年度名单不代表2026全部人选的劳动关系、替补能力或服务质量。,官网保障区写签三方合同、天天试工、不满意随时更换；未写免费次数、同级价差和替补到岗硬时限。不能从“随时换”推出即时到岗。,未取得现行退费公式。2024黑猫月嫂消费者反映14天换三人后退出与定金争议，商家未匹配成功；该案例不是育儿嫂合同和北京事实的直接证据。,官网展示人员等级，但未取得统一现行育儿嫂收费；服务费、阿姨工资、假日及延时费用须拆开确认。,官网自述身份核验、健康审查、岗前培训、周期考试升级及100万元保险；须核每名人选具体证明、保险投保方及责任限额。,官网写7×24热线、客服督导定期回访；未公开回访频率、实际护理指导和突发情况处置时限。,官网在线咨询及电话联系入口存在；本轮未取得可与当前主体交叉核验的纯文本统一号码，不沿用来源不明电话。,小红书站内已读具名材料：作者称接收约20份简历并面试3人，对其中简历一致性、沟通边界与育儿知识提出质疑；一位相对较好，但作者担忧母乳宝宝带睡经验而未定用。未核验简历材料或机构回应，属于具体作者的面试主观判断。 可见内容未核验订单；退费结果和案例边界见逐条记录。,合同签约主体与旧商贸中心关系；免费更换次数及到岗时限；连续换人仍不合适时退费；保险条款和具体投保人,"""亿婴宝"" 北京 育儿嫂 公司 → 当前官网页脚为北京亿婴宝教育科技有限公司，ICP备案号京ICP备19011098号-1；2023、2024员工制家政正式入选公告进一步交叉确认主体。旧商贸中心名称不能替代现在签约主体。 官网育儿嫂/育婴师页面有北京服务人员、婴幼儿喂养护理和早教分类，当前可公开咨询。
""亿婴宝"" 育儿嫂 更换 退款 合同 → 官网保障区写签三方合同、天天试工、不满意随时更换；未写免费次数、同级价差和替补到岗硬时限。不能从“随时换”推出即时到岗。 未取得现行退费公式。2024黑猫月嫂消费者反映14天换三人后退出与定金争议，商家未匹配成功；该案例不是育儿嫂合同和北京事实的直接证据。
""亿婴宝"" 口碑 投诉 评价 → 当前主体需要纠正为教育科技公司线索；公开换人宣称存在，退费仍不清晰。补获一条2024月嫂退款投诉，不能替代北京育儿嫂口碑，但说明连续换人仍不匹配时的退出条款很关键。","亿婴宝育儿嫂服务 http://www.bjyyb.com/infants/（直接HTTP已读相关正文）
2023员工制家政服务企业拟入选名单 https://fgw.beijing.gov.cn/gzdt/tztg/202301/P020230110612533374214.pdf（搜索返回附件相关正文）
亿婴宝月嫂退费争议 https://tousu.sina.com.cn/complaint/view/17377268572?sld=c088c5fc2fd7672fb1101a6da537b109（已打开并阅读相关正文）
2023北京市员工制家政正式入选公告 https://rsj.beijing.gov.cn/xxgk/tzgg/202302/t20230208_2913405.html（已打开并阅读相关正文）
2024北京市员工制家政正式入选公告 https://sw.beijing.gov.cn/phone/zwxx/tzgg/202401/t20240131_3550205.html（已打开并阅读相关正文）",作者称接收约20份简历并面试3人，对其中简历一致性、沟通边界与育儿知识提出质疑；一位相对较好，但作者担忧母乳宝宝带睡经验而未定用。未核验简历材料或机构回应，属于具体作者的面试主观判断。 https://www.xiaohongshu.com/explore/693144e9000000001f0085c9；处理结果：两品牌均未被作者最终选用；无实际在岗替换/退款纠纷结论。；边界：雇主单方选聘过程，不是已雇用后的完整服务评价；同一家庭同一帖跨品牌比较，不能计算为多笔独立订单。 作者12月6日称最终选择优护佳，属于另一个品牌后续。；对其他中介的评论不并入本品牌。,前22条标题以月嫂报价、商家宣传和科普为主。补充争议词后出现未具名或其他品牌材料（如万婴宝），不能归属亿婴宝；本轮未识别出可归属的独立履约案例。；作者称接收约20份简历并面试3人，对其中简历一致性、沟通边界与育儿知识提出质疑；一位相对较好，但作者担忧母乳宝宝带睡经验而未定用。未核验简历材料或机构回应，属于具体作者的面试主观判断。,先核实,其他政府记录组。对应2024年正式年度员工制企业入选公告，列名公司为北京亿婴宝教育科技有限公司。该年度员工制认定已过一年有效期，只记历史入选。,v2.0,已补实既有月嫂投诉的工种、状态和回复缺失；本轮没有新增可核育儿嫂个案。,已回读详情中最新公示（2026-09-10）：北京亿婴宝教育科技有限公司，服务类别为家政中介服务，处理结果为“未达成调解协议”。公示未披露协议细节及退款到账证据，不能据此推断北京育儿嫂整体服务质量。,"[黑猫] site:tousu.sina.com.cn ""亿婴宝"" 投诉
本次查询返回1个索引链接（可能含无关项）。该渠道合并判读：回读既有黑猫 R004：月嫂提前结束服务与退费争议；页面商家尚未匹配，不存在可读企业答复。 搜索页只据可见摘要判读；已回读来源另列，不把索引摘要当作已打开原文。

[消费保] site:xfb315.com ""亿婴宝"" 投诉
该具体查询返回空结果；不代表平台全库无投诉。

[监管媒体] ""亿婴宝"" 投诉 退费 12315 消协 处罚 法院
本次查询返回15个索引链接（可能含无关项）。该渠道合并判读：未取得足以归属该主体的公开监管处罚或权威裁判原文。 搜索页只据可见摘要判读；已回读来源另列，不把索引摘要当作已打开原文。

[消费保补查] 亿婴宝 消费保 投诉 退费
本次查询返回17个索引链接（可能含无关项）。该渠道合并判读：消费保补查未获得独立新增可归属个案，结果主要复现黑猫线索或营销页面。 搜索页只据可见摘要判读；已回读来源另列，不把索引摘要当作已打开原文。

[12315站内] 北京亿婴宝教育科技有限公司
查询“北京亿婴宝教育科技有限公司”此次页面显示1条关键词匹配公示。可见家政中介服务格式条款及退赔争议，公示于2026-09-10；回读详情为未达成调解协议，未细分育儿嫂工种。以上数量是所列查询关键词此次匹配的公示记录数，可能含分支、近名和不同服务工种；不同查询之间可能重叠，不合计为机构投诉总数，不是投诉率或质量排名。公示期限为一年，不涵盖全部历史、未公开投诉或所有分支。投诉内容为当事人填写，调解结果不是违法认定；达成调解不等于退款已到账。

案例：月嫂服务天数与退款争议
日期：2024-11-06
工种：月嫂
记录：消费者对18,800元月嫂服务中多次换人、服务天数不足及退费提出异议。
回应：商家未匹配成功，未见公司回复。
处理结果：待分配商家，未见退款确认。
限制：非长期育儿嫂；城市未披露、单方指控未核。既有 R004 回读补实。
读取状态：本轮已打开原页面并核读正文与进度
来源：https://tousu.sina.com.cn/complaint/view/17377268572

案例：北京亿婴宝教育科技有限公司消费投诉处理公示
日期：2026-07-06
工种：家政中介服务
记录：消费者反映2026-05-24购买的家政中介服务涉及格式条款、赔偿及退赔争议。官方公示列出的处理结果为“未达成调解协议”。
回应：公示没有展示企业具体答复。
处理结果：未达成调解协议
处理部门：北京朝阳区市场监督管理局
限制：投诉基本信息与问题由当事人填报，不是违法认定。公示未披露协议具体内容、退款金额或到账证据；未确认该单为育儿嫂。公示期限为一年，本次只回读选取的具名详情。
读取状态：已打开12315官方详情，核对主体、服务及处理结果
来源：https://tsgs.12315.cn/#/viewport

来源（读取及归属边界见对应记录）：
https://tousu.sina.com.cn/complaint/view/17377268572
https://tsgs.12315.cn/#/viewport",27.0,其他政府记录组,不进入政府品牌优先组,15,"北京亿婴宝教育科技有限公司
北京亿婴宝教育科技有限公司","https://sw.beijing.gov.cn/phone/zwxx/tzgg/202401/t20240131_3550205.html
https://rsj.beijing.gov.cn/xxgk/tzgg/202302/t20230208_2913405.html"
万婴宝,有北京业务线索,母婴服务,官网页脚为北京万婴宝家政服务有限公司；与亿婴宝名称接近，但不是同一公司，不互用两者评价。,官网明确北京育婴嫂、育儿嫂及家政员服务，并有人选展示；北京芍药居联系点可核。,官网可读且有2026年6月更新线索；网页上人选不等于当日可面试或到岗。,未取得合同级换人条款。2026-07-22来源标万婴宝的推广文章称24小时补调和试用退换，但属于机构推广口径，不能直接保证北京所签育儿嫂订单适用。,官网未取得退费计算方式；营销中的灵活退换未写免费范围、已服务费用、违约责任及退款到账期限。,人员页有个人工资区间但混合工种和档位，不能作为统一育儿嫂价目；须明确月工作日、带睡、服务费及替补价差。,公司在教育宝介绍称人员需身份证、健康证明等并统一培训，配保险；未核具体候选考核、前雇主和保单。,推广文称售后补调，但实际客服响应、督导与替补到岗记录未取得。,官网芍药居北里101号楼世奥国际中心B座1701，010-84618483、010-84626596；预约前确认。,小红书站内已读具名材料：作者自述7月交一年1万元中介费，多次匹配、试用仍不满意，涉及小月龄经验、带睡及沟通，后续称改由公婆照顾。其他评论提到的退费与扣30%是别的订单，不并入主帖结果。 可见内容未核验订单；退费结果和案例边界见逐条记录。,24小时补调是否写入合同；同级同薪换人及额外收费；匹配失败退出退款；真实雇主回访与保险保单,"""万婴宝"" 北京 育儿嫂 公司 → 官网页脚为北京万婴宝家政服务有限公司；与亿婴宝名称接近，但不是同一公司，不互用两者评价。 官网明确北京育婴嫂、育儿嫂及家政员服务，并有人选展示；北京芍药居联系点可核。
""万婴宝"" 育儿嫂 更换 退款 合同 → 未取得合同级换人条款。2026-07-22来源标万婴宝的推广文章称24小时补调和试用退换，但属于机构推广口径，不能直接保证北京所签育儿嫂订单适用。 官网未取得退费计算方式；营销中的灵活退换未写免费范围、已服务费用、违约责任及退款到账期限。
""万婴宝"" 口碑 投诉 评价 → 北京育儿嫂供给与联系入口可确认；深查未取得独立用户服务全过程及结果。检索中大量2026榜单、百分制分数与好评率没有样本和分母，已排除，不据此给高分。
""万婴宝"" 家政 退费 OR 投诉 OR 服务评价 → 实际完成定向补检，相关来源及排除误归属记录见findings和sources；无结果不能推导口碑良好。","北京万婴宝官网 https://www.bjwybmy.com/（已打开并阅读相关正文）
万婴宝机构介绍 https://bj.jiaoyubao.cn/edu/wyb/about.html（搜索返回相关正文）
北京育儿嫂机构推广文章 https://www.hqol.cn/zixun/article-MTU1OQ%3D%3D-2456281.html（搜索返回相关正文）",作者自述7月交一年1万元中介费，多次匹配、试用仍不满意，涉及小月龄经验、带睡及沟通，后续称改由公婆照顾。其他评论提到的退费与扣30%是别的订单，不并入主帖结果。 https://www.xiaohongshu.com/explore/692ef953000000001e020657；处理结果：主帖作者是否退费、金额未确认；04-19称最后由公婆来带娃。；边界：合同、阿姨能力与交易未独立核验。标题的黑名单是作者用语，非官方认定。,,第二批,未匹配入选名单的补充组。本轮逐一对照四份正式政府名单，未取得可归属的入选记录；不等于机构差或不存在其他荣誉。,v2.0,本轮公开索引未取得可归属万婴宝的具体履约个案；营销介绍不能作为独立口碑。,已回读详情中最新公示（2026-07-17）：北京万婴宝家政服务有限公司，服务类别为家政中介服务，处理结果为“达成调解协议”。公示未披露协议细节及退款到账证据，不能据此推断北京育儿嫂整体服务质量。,"[黑猫] site:tousu.sina.com.cn ""万婴宝"" 投诉
本次查询返回1个索引链接（可能含无关项）。该渠道合并判读：黑猫定向未取得万婴宝可归属个案。 搜索页只据可见摘要判读；已回读来源另列，不把索引摘要当作已打开原文。

[监管媒体] ""万婴宝"" 投诉 退费 12315 消协 处罚 法院
本次查询返回14个索引链接（可能含无关项）。该渠道合并判读：检索返回品牌介绍、目录及不相关行业投诉，未取得指向北京万婴宝的明确处罚、诉讼或媒体客诉。 搜索页只据可见摘要判读；已回读来源另列，不把索引摘要当作已打开原文。

[消费保] site:xfb315.com ""万婴宝"" 投诉
该具体查询返回空结果；不代表平台全库无投诉。

[消费保补查] 万婴宝 消费保 投诉 退费
本次查询返回18个索引链接（可能含无关项）。该渠道合并判读：消费保定向与补查未取得可归属个案。 搜索页只据可见摘要判读；已回读来源另列，不把索引摘要当作已打开原文。

[12315站内] 北京万婴宝家政服务有限公司
查询“北京万婴宝家政服务有限公司”此次页面显示1条关键词匹配公示。可见2026-07-17公示的家政中介合同争议，详情标明达成调解协议；没有披露具体退款金额或到账凭证。以上数量是所列查询关键词此次匹配的公示记录数，可能含分支、近名和不同服务工种；不同查询之间可能重叠，不合计为机构投诉总数，不是投诉率或质量排名。公示期限为一年，不涵盖全部历史、未公开投诉或所有分支。投诉内容为当事人填写，调解结果不是违法认定；达成调解不等于退款已到账。

案例：北京万婴宝家政服务有限公司消费投诉处理公示
日期：2026-07-13
工种：家政中介服务
记录：消费者反映2026-07-13购买的家政中介服务涉及其他合同问题，要求退货并核定责任。官方公示列出的处理结果为“达成调解协议”。
回应：公示没有展示企业具体答复。
处理结果：达成调解协议
处理部门：北京朝阳区市场监督管理局
限制：投诉基本信息与问题由当事人填报，不是违法认定。公示未披露协议具体内容、退款金额或到账证据；未确认该单为育儿嫂。公示期限为一年，本次只回读选取的具名详情。
读取状态：已打开12315官方详情，核对主体、服务及处理结果
来源：https://tsgs.12315.cn/#/viewport

来源（读取及归属边界见对应记录）：
https://tsgs.12315.cn/#/viewport",7.0,未匹配入选名单的补充组,不进入政府品牌优先组,0,,
喜来盈,有北京业务线索,母婴服务,官网使用喜来盈月嫂品牌；二级工商资料指向北京喜来盈家政服务有限公司（2007成立），原资料北京喜来盈母婴之家服务中心的关系未取得注册变更证明。应以合同法人确认。,官网明确月嫂、育婴师和育儿嫂，北京望京联系线索可见；服务对象不只月子期。,官网可访问且服务标语在，但大部分有日期内容偏旧；没有电话确认当下在营门店和阿姨档期。,官网横幅明确月嫂育儿嫂随时试用、不合适可调换，适用工种比只写月嫂的机构更明确；未写免费次数、到岗时限或价差。,未取得现行试用期间退款、服务费扣除以及调换失败退出条款；试用不等于无条件退款。,官网育婴师分级标价4000—7800元/月，但没有日期且同页客户文字集中2011—2017；仅保留旧/未注明日期报价线索，不作为2026现价。,官网展示技能星级和母婴培训；未取得可审计背调规则、育儿嫂实际考核与证书核验流程。,官网提供调换入口，未取得定期督导、夜间紧急售后或离岗补位流程。,可通过官网联系；历史目录有望京西园426号楼等地址，本轮未取得足以确认当前接待地点的交叉证据，应先电话核实。,官网确有同时面向育儿嫂的调换声明。独立口碑搜索主要命中旧感谢文字和异地同名，未取得近期北京订单结局；主体名称和旧网页需核实后再进入优先面试名单。,品牌与家政公司/母婴中心的关系；现在是否在营及北京接待点；免费调换次数及退费；2026完整价格,"""喜来盈"" 北京 育儿嫂 公司 → 官网使用喜来盈月嫂品牌；二级工商资料指向北京喜来盈家政服务有限公司（2007成立），原资料北京喜来盈母婴之家服务中心的关系未取得注册变更证明。应以合同法人确认。 官网明确月嫂、育婴师和育儿嫂，北京望京联系线索可见；服务对象不只月子期。
""喜来盈"" 育儿嫂 更换 退款 合同 → 官网横幅明确月嫂育儿嫂随时试用、不合适可调换，适用工种比只写月嫂的机构更明确；未写免费次数、到岗时限或价差。 未取得现行试用期间退款、服务费扣除以及调换失败退出条款；试用不等于无条件退款。
""喜来盈"" 投诉 评价 -site:octsunshine.com -site:ayioct.cn → 官网确有同时面向育儿嫂的调换声明。独立口碑搜索主要命中旧感谢文字和异地同名，未取得近期北京订单结局；主体名称和旧网页需核实后再进入优先面试名单。
""喜来盈"" 家政 退费 OR 投诉 OR 服务评价 → 实际完成定向补检，相关来源及排除误归属记录见findings和sources；无结果不能推导口碑良好。","喜来盈月嫂育儿嫂官网 http://www.xilaiyingyuesao.com/（直接HTTP已读相关正文）
北京喜来盈家政服务有限公司资料 https://www.zhipin.com/gongsis/d49ade680b3c35dc1X183d-5.html（已打开并阅读相关正文）",品牌账号“北京喜来盈月嫂育儿嫂保姆”自述朝阳办公、北京全域育儿嫂匹配和面试服务。 https://www.xiaohongshu.com/explore/6a97a753000000002601447d；处理结果：无客户评论或处理记录；边界：作为业务自述，不当作独立口碑。,前排为品牌宣传、招聘和培训内容，未取得独立育儿嫂履约评价。,第二批,主体待核组。本轮逐一对照四份正式政府名单，未取得可归属的入选记录；不等于机构差或不存在其他荣誉。不进入政府品牌推选优先组；数值仅供查看已有资料构成。,v2.0,本轮公开索引未取得可归属喜来盈育儿服务个案；未将近名公司的处罚当作本机构风险。,已按1组名称查询当前公示列表，本轮未见记录；不代表零投诉，公示期限、名称别称和公开范围会影响结果。,"[黑猫] site:tousu.sina.com.cn ""喜来盈"" 投诉
本次查询返回1个索引链接（可能含无关项）。该渠道合并判读：黑猫限定未取得喜来盈可归属个案。 搜索页只据可见摘要判读；已回读来源另列，不把索引摘要当作已打开原文。

[消费保] site:xfb315.com ""喜来盈"" 投诉
该具体查询返回空结果；不代表平台全库无投诉。

[监管媒体] ""喜来盈"" 投诉 退费 12315 消协 处罚 法院
本次查询返回9个索引链接（可能含无关项）。该渠道合并判读：结果中的喜来健理疗/器械争议不是喜来盈家政；其他为品牌介绍或服务目录。 搜索页只据可见摘要判读；已回读来源另列，不把索引摘要当作已打开原文。

[消费保补查] 喜来盈 消费保 投诉 退费
本次查询返回18个索引链接（可能含无关项）。该渠道合并判读：消费保限定及不限域补查未取得可归属个案。 搜索页只据可见摘要判读；已回读来源另列，不把索引摘要当作已打开原文。

[12315站内] 北京喜来盈家政服务有限公司
查询“北京喜来盈家政服务有限公司”：该名称在此次公示列表未见记录，不代表零投诉或没有历史纠纷；公示期限、名称别称和公开范围会影响结果。

未取得本轮可单列案例；不代表没有投诉。

来源（读取及归属边界见对应记录）：
https://tsgs.12315.cn/#/viewport",8.0,主体待核组,不进入政府品牌优先组,0,,
柚妈柚子,有北京业务线索,母婴服务,品牌早期集团资料及招聘平台指向北京家嘉华洋科技发展有限公司旗下；近期商业文章使用北京乐太母婴护理有限公司名称，尚未取得官方文件证明当前品牌运营及实际签约主体转换。,官网搜索正文明确北京、月嫂、育儿嫂及预约电话；本轮打开官网只提取到部分页脚，不能把完整页面视为已读。,官网及公开门店资料在，2026营销文章仍提品牌；未实际联系，无法确认当前育儿嫂供给与法人归属。,未取得育儿嫂当前换人免费次数、到岗时限与档次保证。宣传“一加N”服务团队不能推出合同替补承诺。,未取得北京育儿嫂试工、短期退出、长期匹配失败的退款公式和到账期限。,官网搜索索引正文显示专业育儿嫂5000元/月起，但没有清晰报价更新时间、月工作日和服务费明细；本轮原生及直接HTTP只取得页脚，起价作为待确认线索，不能当2026全包价。大众点评人均可能是月嫂订单，不作育儿嫂月薪。,官网搜索正文介绍身份/司法信息审核、正规体检和150万元保险，但保险表述明确雇主与月嫂，育儿嫂是否适用待核。集团历史资料称培训基地；未取得拟派育儿嫂实操、体检及前雇主记录。,未取得可审查的育儿嫂入户督导、护理日志和售后升级标准。官网品牌满意率没有订单分母及独立方法，不采信为口碑统计。,官网公开400-801-9992；点评地址丰台广安路小井村544号3号楼为线索，实际门店与签约主体仍须核对。,小红书站内已读具名材料：作者自述首位阿姨上户后与事前需求不符，要求更换时近一周只获一位推荐；再推人选的经历也被质疑，最终提出解除及退费。；作者称收到5份简历、面试2人，肯定顾问需求梳理和匹配沟通，两位曾考虑，但因担心后续可替换人员池较小而未选。这是预期担心，不是发生过替换失败；提到朋友月嫂合同较友好属于转述，未读合同不视为现行育儿售后规则。 可见内容未核验订单；退费结果和案例边界见逐条记录。,当前签约主体及与家嘉华洋/乐太关系；育儿嫂完整服务合同；替补到岗与退费约定；近三个月可回访雇主样本,"""柚妈柚子"" 北京 育儿嫂 公司 → 品牌早期集团资料及招聘平台指向北京家嘉华洋科技发展有限公司旗下；近期商业文章使用北京乐太母婴护理有限公司名称，尚未取得官方文件证明当前品牌运营及实际签约主体转换。 官网搜索正文明确北京、月嫂、育儿嫂及预约电话；本轮打开官网只提取到部分页脚，不能把完整页面视为已读。
""柚妈柚子"" 育儿嫂 更换 退款 合同 → 未取得育儿嫂当前换人免费次数、到岗时限与档次保证。宣传“一加N”服务团队不能推出合同替补承诺。 未取得北京育儿嫂试工、短期退出、长期匹配失败的退款公式和到账期限。
""柚妈柚子"" 投诉 评价 -site:octsunshine.com -site:ayioct.cn → 北京服务入口可核，但现行签约主体需要补证。独立平台/投诉/知乎/公开小红书索引检索未取得可核的北京育儿嫂全过程，已剔除自媒体推广与自填高满意度；现有证据不足以给售后或口碑高分。
""柚妈柚子"" (site:tousu.sina.com.cn OR site:xfb315.com OR site:zhihu.com OR site:xiaohongshu.com) → 实际完成定向补检，相关来源及排除误归属记录见findings和sources；无结果不能推导口碑良好。
""柚妈柚子"" ""乐太"" 北京 → 实际完成定向补检，相关来源及排除误归属记录见findings和sources；无结果不能推导口碑良好。","柚妈柚子官网 https://www.youmayouzi.com/（搜索正文及原生部分页面已读）
家嘉华洋企业招聘介绍 https://www.8jiajia.com/shanghu/95.html（搜索返回相关正文；打开失败）
北京家嘉华洋科技发展有限公司 https://www.zhaopin.com/companydetail/CC365965837.htm（搜索返回相关正文）
柚妈柚子门店图片页 https://www.dianping.com/shop/130679188/photos/album（搜索返回门店基本信息）
北京月嫂机构商业介绍 https://www.cnblogs.com/baifuai/articles/22794415（搜索返回相关正文）","作者自述首位阿姨上户后与事前需求不符，要求更换时近一周只获一位推荐；再推人选的经历也被质疑，最终提出解除及退费。 https://www.xiaohongshu.com/explore/6a4d1a40000000002201a94d；处理结果：可见内容未确认作者最终退款金额和到账；邻居退费属于转述，不并入本单。；边界：未核验订单或简历。排除竞争机构账号评论及邻居转述，不把作者对整个品牌的评价当成事实。
作者称收到5份简历、面试2人，肯定顾问需求梳理和匹配沟通，两位曾考虑，但因担心后续可替换人员池较小而未选。这是预期担心，不是发生过替换失败；提到朋友月嫂合同较友好属于转述，未读合同不视为现行育儿售后规则。 https://www.xiaohongshu.com/explore/693144e9000000001f0085c9；处理结果：两品牌均未被作者最终选用；无实际在岗替换/退款纠纷结论。；边界：雇主单方选聘过程，不是已雇用后的完整服务评价；同一家庭同一帖跨品牌比较，不能计算为多笔独立订单。 作者12月6日称最终选择优护佳，属于另一个品牌后续。；对其他中介的评论不并入本品牌。",作者称收到5份简历、面试2人，肯定顾问需求梳理和匹配沟通，两位曾考虑，但因担心后续可替换人员池较小而未选。这是预期担心，不是发生过替换失败；提到朋友月嫂合同较友好属于转述，未读合同不视为现行育儿售后规则。,先核实,主体待核组。本轮逐一对照四份正式政府名单，未取得可归属的入选记录；不等于机构差或不存在其他荣誉。不进入政府品牌推选优先组；数值仅供查看已有资料构成。,v2.0,本轮公开索引未取得可归属的投诉；主要缺口是当前合同主体与历史品牌主体关系，以及实际退费执行。,已核对当前公示列表。可见杭州分公司再就业培训公示，非北京育儿嫂订单；品牌当前运营主体关系仍需核对。可见怀孕及分娩护理、家政中介安全争议公示；该主体与柚妈柚子的品牌责任关系未取得正式证明，不合并为已确认品牌责任。名称匹配可含分支及其他工种，不能作为机构投诉率。,"[黑猫] site:tousu.sina.com.cn ""柚妈柚子"" 投诉
该具体查询返回空结果；不代表平台全库无投诉。

[消费保] site:xfb315.com ""柚妈柚子"" 投诉
该具体查询返回空结果；不代表平台全库无投诉。

[监管媒体] ""柚妈柚子"" 投诉 退费 12315 消协 处罚 法院
本次查询返回13个索引链接（可能含无关项）。该渠道合并判读：分别补查北京家嘉华洋和北京乐太母婴护理两个主体，未取得能明确归属该品牌当前合同方的公开客诉。 搜索页只据可见摘要判读；已回读来源另列，不把索引摘要当作已打开原文。

[消费保补查] 柚妈柚子 消费保 投诉 退费
本次查询返回20个索引链接（可能含无关项）。该渠道合并判读：消费保补查出现其他机构月嫂投诉，但没有品牌或主体匹配，不予归因。 搜索页只据可见摘要判读；已回读来源另列，不把索引摘要当作已打开原文。

[主体与别名补查] 北京家嘉华洋科技发展有限公司 投诉 退款
本次查询返回20个索引链接（可能含无关项）。该渠道合并判读：分别补查北京家嘉华洋和北京乐太母婴护理两个主体，未取得能明确归属该品牌当前合同方的公开客诉。 搜索页只据可见摘要判读；已回读来源另列，不把索引摘要当作已打开原文。

[主体与别名补查] 北京乐太母婴护理有限公司 投诉
本次查询返回13个索引链接（可能含无关项）。该渠道合并判读：分别补查北京家嘉华洋和北京乐太母婴护理两个主体，未取得能明确归属该品牌当前合同方的公开客诉。 搜索页只据可见摘要判读；已回读来源另列，不把索引摘要当作已打开原文。

[12315站内] 北京家嘉华洋科技发展有限公司
查询“北京家嘉华洋科技发展有限公司”此次页面显示1条关键词匹配公示。可见杭州分公司再就业培训公示，非北京育儿嫂订单；品牌当前运营主体关系仍需核对。以上数量是所列查询关键词此次匹配的公示记录数，可能含分支、近名和不同服务工种；不同查询之间可能重叠，不合计为机构投诉总数，不是投诉率或质量排名。公示期限为一年，不涵盖全部历史、未公开投诉或所有分支。投诉内容为当事人填写，调解结果不是违法认定；达成调解不等于退款已到账。

[12315站内] 北京乐太母婴护理有限公司
查询“北京乐太母婴护理有限公司”此次页面显示2条关键词匹配公示。可见怀孕及分娩护理、家政中介安全争议公示；该主体与柚妈柚子的品牌责任关系未取得正式证明，不合并为已确认品牌责任。以上数量是所列查询关键词此次匹配的公示记录数，可能含分支、近名和不同服务工种；不同查询之间可能重叠，不合计为机构投诉总数，不是投诉率或质量排名。公示期限为一年，不涵盖全部历史、未公开投诉或所有分支。投诉内容为当事人填写，调解结果不是违法认定；达成调解不等于退款已到账。

未取得本轮可单列案例；不代表没有投诉。

来源（读取及归属边界见对应记录）：
https://tsgs.12315.cn/#/viewport",2.0,主体待核组,不进入政府品牌优先组,0,,
福月佳,有北京业务线索,母婴服务,官网页脚明确北京福月佳家政服务有限公司，京ICP备18021915号-1；同名外地加盟门店评价不能合并进北京。,官网育婴育儿专页明确0—3岁婴幼儿生活护理、营养辅食、游戏活动和早教，当前可通过北京咨询电话联系。,HTTPS证书问题导致原生/直接HTTPS失败，但正常HTTP主页正文读取成功；网站可访问不是门店营业和档期确认，首页主要文章与客户案例未标近年日期。,本轮官网、主体和换退专项搜索未取得育儿嫂免费换人次数、替补到岗时限、离岗责任等完整文字。应取得现行合同，不能把首页“六重安全”概念当作具体承诺。,未取得育儿嫂退费算法、试工失败扣费和匹配失败退出条件。,未取得有日期的北京育儿嫂现行工资及服务费；首页人数与客户量为自述，不用于价格或质量推算。,官网育婴师培训页公开2018-01-31十天课程，涵盖生活照料、保健护理、意外处理、教育、辅食和数日实操/模拟客户。课程偏旧，不能证明现行课程或每名候选已学；具体背调、健康、考试记录仍缺。,官网有入户指导和客服入口；未公开实际督导频次和突发离岗补位机制。,官网全国服务热线010-59475480；北京沙河旧社区目录地址只作线索，当前门店位置须确认。,小红书站内已读具名材料：作者称18800档月嫂因照护问题更换后，替换人员简历标15500，申请退差价时与机构产生分歧；称机构以不满意可再换回应，未见最终退费。；作者感谢匹配到的月嫂，肯定喂养、月子餐、日常照顾和情绪支持。 可见内容未核验订单；退费结果和案例边界见逐条记录。,现行北京育儿嫂合同与报价；免费换人和到岗期限；育儿嫂具体体检/背调/考核；当前门店及真实雇主回访,"""福月佳"" 北京 育儿嫂 公司 → 官网页脚明确北京福月佳家政服务有限公司，京ICP备18021915号-1；同名外地加盟门店评价不能合并进北京。 官网育婴育儿专页明确0—3岁婴幼儿生活护理、营养辅食、游戏活动和早教，当前可通过北京咨询电话联系。
""福月佳"" 育儿嫂 更换 退款 合同 → 本轮官网、主体和换退专项搜索未取得育儿嫂免费换人次数、替补到岗时限、离岗责任等完整文字。应取得现行合同，不能把首页“六重安全”概念当作具体承诺。 未取得育儿嫂退费算法、试工失败扣费和匹配失败退出条件。
""福月佳"" 投诉 评价 -site:octsunshine.com -site:ayioct.cn → 已补到真实官网和育儿业务栏目。三类定向检索与精确品牌口碑补查没有取得可归属的近期北京独立经历；官网自选月嫂/产后修复表扬不当育儿嫂口碑，服务保障细则仍须合同补证。
""福月佳"" 家政 退费 OR 投诉 OR 服务评价 → 实际完成定向补检，相关来源及排除误归属记录见findings和sources；无结果不能推导口碑良好。","北京福月佳家政官网 http://www.fuyuejia.com/（直接HTTP解压后已读相关正文）
回龙观社区服务目录 https://guide.hlgnet.com/list/baomu-1-1-ze6z9cz88ze5zabz82-1/（搜索返回相关正文）
福月佳育婴育儿服务 http://www.fuyuejia.com/col.jsp?id=120（正常HTTP已读正文）
福月佳育婴师岗前培训 http://www.fuyuejia.com/nd.jsp?id=21（正常HTTP已读正文）","作者称18800档月嫂因照护问题更换后，替换人员简历标15500，申请退差价时与机构产生分歧；称机构以不满意可再换回应，未见最终退费。 https://www.xiaohongshu.com/explore/6ab0a54a000000002603bcd1；处理结果：可见正文及回复未确认最终处理结果。；边界：单方公开陈述，未核原始视频/合同；工种月嫂。四条同作者近时帖子按一组争议看待。 共2条可见回复：一条一般议论；另一条由“享月亲贝·月嫂推荐官”发表，为竞争机构营销回应，不算独立佐证。
作者感谢匹配到的月嫂，肯定喂养、月子餐、日常照顾和情绪支持。 https://www.xiaohongshu.com/explore/67f8c42f000000001c02df8a；处理结果：可见正文及回复未确认最终处理结果。；边界：存在具体使用描述，但没有订单佐证及商业合作声明核验；不是育儿嫂更换成功案例。 展开3条楼中楼后共5条回复：另一用户称曾由同一月嫂服务，并回答“可以”；其余主要询问。未涉及退换效率。",读到一条今日发布的月嫂更换档位/退差价争议和一条2025年月嫂正面体验；同一作者四条近时发布的同题投诉不能算四位顾客。育儿嫂搜索结果多为官方推广。,第二批,未匹配入选名单的补充组。本轮逐一对照四份正式政府名单，未取得可归属的入选记录；不等于机构差或不存在其他荣誉。,v2.0,本轮公开索引未取得可归属的育儿履约投诉；品牌正面宣传和目录不足以评价换人执行。,已按1组名称查询当前公示列表，本轮未见记录；不代表零投诉，公示期限、名称别称和公开范围会影响结果。,"[黑猫] site:tousu.sina.com.cn ""福月佳"" 投诉
该具体查询返回空结果；不代表平台全库无投诉。

[消费保] site:xfb315.com ""福月佳"" 投诉
该具体查询返回空结果；不代表平台全库无投诉。

[监管媒体] ""福月佳"" 投诉 退费 12315 消协 处罚 法院
本次查询返回14个索引链接（可能含无关项）。该渠道合并判读：主要命中品牌目录、自有宣传与同名非家政内容，未取得可归属的监管/媒体负面原文。 搜索页只据可见摘要判读；已回读来源另列，不把索引摘要当作已打开原文。

[消费保补查] 福月佳 消费保 投诉 退费
本次查询返回18个索引链接（可能含无关项）。该渠道合并判读：消费保限定及不限域补查未取得可归属个案。 搜索页只据可见摘要判读；已回读来源另列，不把索引摘要当作已打开原文。

[12315站内] 北京福月佳家政服务有限公司
查询“北京福月佳家政服务有限公司”：该名称在此次公示列表未见记录，不代表零投诉或没有历史纠纷；公示期限、名称别称和公开范围会影响结果。

未取得本轮可单列案例；不代表没有投诉。

来源（读取及归属边界见对应记录）：
https://tsgs.12315.cn/#/viewport",2.0,未匹配入选名单的补充组,不进入政府品牌优先组,0,,
享月亲贝／享月月嫂,有北京业务线索,母婴服务,官网页脚和2024中国妇女报采访均对应北京享月亲贝家政服务有限公司；享月月嫂是服务品牌表述，核单时仍须看法人。,官网有育儿嫂栏目和人员展示；本轮能确认其同时招揽月嫂与育儿嫂，但两类服务保障不能互套。,官网业务页当前可读，2024政府保供/媒体资料支持品牌存在；未将历史员工制说法当作全部阿姨与公司签劳动合同的证明。,首页“24小时到岗”“每天试用”明确写所有上户月嫂，不足以认定适用于育儿嫂。服务保障页实际只读到占位文字111，未取得育儿嫂补位条款。,合同展示页强调透明和月嫂违约赔偿，但未展示可审阅全文；育儿嫂退费方式、时限及试工退出仍未取得。,未取得北京育儿嫂现行统一价格与服务费。月嫂26天计费模式不用于育儿嫂月份结算。,中国妇女报2024采访中经理称月嫂人员技能/信用审核，并公示信用结果；这是管理者陈述且针对月嫂，须核育儿嫂是否同标准。,采访介绍由公司收取月嫂服务费、凭26天签字日志发佣金，投诉或意外由公司调解或理赔；未取得育儿嫂对应服务日志、督导安排与保单。,400-87-99550及官网预约渠道；未实际联系核实阿姨档期。,小红书站内已读具名材料：作者称在北京享月双选会选高级月嫂后，对能力与资历评级不满意；涉及喂养专业能力的指责，但未取得独立医疗或合同证据。；作者称原育儿嫂在其家不到一个月后离开，后来在群内发现享月推介该人，简历把在其家的时间写长，因而质疑背调。原始上户是否由享月安排未说明，不能将此前全部服务问题归给享月。 可见内容未核验订单；退费结果和案例边界见逐条记录。,24小时到岗是否在育儿嫂合同中承诺；育儿嫂退费及违约规则；育儿嫂是否有同样的信用审核和日志；具体候选劳动/劳务关系及保险,"""享月亲贝"" 北京 育儿嫂 公司 → 官网页脚和2024中国妇女报采访均对应北京享月亲贝家政服务有限公司；享月月嫂是服务品牌表述，核单时仍须看法人。 官网有育儿嫂栏目和人员展示；本轮能确认其同时招揽月嫂与育儿嫂，但两类服务保障不能互套。
""享月亲贝"" 育儿嫂 更换 退款 合同 → 首页“24小时到岗”“每天试用”明确写所有上户月嫂，不足以认定适用于育儿嫂。服务保障页实际只读到占位文字111，未取得育儿嫂补位条款。 合同展示页强调透明和月嫂违约赔偿，但未展示可审阅全文；育儿嫂退费方式、时限及试工退出仍未取得。
""享月亲贝"" 投诉 评价 -site:octsunshine.com -site:ayioct.cn → 比原稿明确了工种边界：能查到具体监管办法，但月嫂占主，不能据此给育儿嫂替补保障打高分。独立口碑精确检索以品牌介绍和经理访谈为主，近期北京育儿嫂用户闭环样本不足。
""享月"" 月嫂 (site:tousu.sina.com.cn OR site:xfb315.com OR site:zhihu.com OR site:xiaohongshu.com) → 实际完成定向补检，相关来源及排除误归属记录见findings和sources；无结果不能推导口碑良好。","享月亲贝官网 https://www.5imybaby.com/（已打开并阅读相关正文）
享月透明合同页面 https://www.5imybaby.com/contract/（已打开并阅读相关正文）
享月服务保障页 https://www.5imybaby.com/guarantee/（已打开并阅读相关正文）
家政企业转型员工制，哪些难题需破解 https://paper.cnwomen.com.cn/zgfnb/html/2024-01/30/nw.D110000zgfnb_20240130_1-4.htm（直接HTTP已读相关正文）","作者称在北京享月双选会选高级月嫂后，对能力与资历评级不满意；涉及喂养专业能力的指责，但未取得独立医疗或合同证据。 https://www.xiaohongshu.com/explore/69441339000000001f00fd79；处理结果：可见正文及回复未确认最终处理结果。；边界：月嫂经历、单方陈述；诊断类指责不作医疗结论；未见商家回复和最终解决。 可见47条评论计数，读取主要回复并展开第一组楼中楼：有面试后未签约用户称被催签；另有北京用户称原定人员生病后替补体验不佳；天津体验和同行抽成议论单列排除。评论追问为何两年后才发，作者承认当时没发，故不把事件当作2025新发生。
作者称原育儿嫂在其家不到一个月后离开，后来在群内发现享月推介该人，简历把在其家的时间写长，因而质疑背调。原始上户是否由享月安排未说明，不能将此前全部服务问题归给享月。 https://www.xiaohongshu.com/explore/6a028339000000000702adcb；处理结果：可见正文及回复未确认最终处理结果。；边界：正文能定位享月的二次推介指控，但未核原合同、聊天截图原件及机构回应；不据一句附和计多起证实投诉。 可见31条评论计数；一名北京用户简短回应“同享月 简历造假”，未提供细节；另有用户称看到该人被多平台推介。其余提问、泛行业观点不作独立案例。",已读北京月嫂招聘分级/体验争议，以及育儿嫂前雇主指称享月再次推介时履历被夸大的帖子。两帖都缺合同/机构答复，不能据此认定所有简历不实。,第二批,其他政府记录组。对应2024年正式年度员工制企业入选公告，列名公司为北京享月亲贝家政服务有限公司。该年度员工制认定已过一年有效期，只记历史入选。,v2.0,新增一条月嫂合同提前终止与退款结算投诉，商家未匹配、未见答复或退款确认；不是长期育儿嫂案例。,已回读详情中最新公示（2026-02-25）：北京享月亲贝家政服务有限公司，服务类别为家政中介服务，处理结果为“达成调解协议”。公示未披露协议细节及退款到账证据，不能据此推断北京育儿嫂整体服务质量。,"[黑猫] site:tousu.sina.com.cn (""享月亲贝"" OR ""享月月嫂"") 投诉
本次查询返回18个索引链接（可能含无关项）。该渠道合并判读：黑猫及品牌补查发现完整主体北京享月亲贝的月嫂提前下户与未服务天数退款争议，已回读。 搜索页只据可见摘要判读；已回读来源另列，不把索引摘要当作已打开原文。

[消费保] site:xfb315.com (""享月亲贝"" OR ""享月月嫂"") 投诉
本次查询返回12个索引链接（可能含无关项）。该渠道合并判读：消费保定向和补查未取得独立新增可归属个案。 搜索页只据可见摘要判读；已回读来源另列，不把索引摘要当作已打开原文。

[监管媒体] (""享月亲贝"" OR ""享月月嫂"") 投诉 退费 12315 消协 处罚 法院
本次查询返回15个索引链接（可能含无关项）。该渠道合并判读：对享月亲贝、享月月嫂分别补查；其他月子中心、育天使、悠享生活结果不能合并。 搜索页只据可见摘要判读；已回读来源另列，不把索引摘要当作已打开原文。

[消费保补查] 享月亲贝 消费保 投诉 退费
本次查询返回18个索引链接（可能含无关项）。该渠道合并判读：消费保定向和补查未取得独立新增可归属个案。 搜索页只据可见摘要判读；已回读来源另列，不把索引摘要当作已打开原文。

[主体与别名补查] 享月亲贝 投诉 退费
本次查询返回17个索引链接（可能含无关项）。该渠道合并判读：对享月亲贝、享月月嫂分别补查；其他月子中心、育天使、悠享生活结果不能合并。 搜索页只据可见摘要判读；已回读来源另列，不把索引摘要当作已打开原文。

[主体与别名补查] 享月月嫂 投诉 退费
本次查询返回18个索引链接（可能含无关项）。该渠道合并判读：对享月亲贝、享月月嫂分别补查；其他月子中心、育天使、悠享生活结果不能合并。 搜索页只据可见摘要判读；已回读来源另列，不把索引摘要当作已打开原文。

[12315站内] 北京享月亲贝家政服务有限公司
查询“北京享月亲贝家政服务有限公司”此次页面显示3条关键词匹配公示。可见家政中介、托幼及其他家政服务公示；最新一条2026-02-25公示，详情标明达成调解协议，具体协议与到账未公开。以上数量是所列查询关键词此次匹配的公示记录数，可能含分支、近名和不同服务工种；不同查询之间可能重叠，不合计为机构投诉总数，不是投诉率或质量排名。公示期限为一年，不涵盖全部历史、未公开投诉或所有分支。投诉内容为当事人填写，调解结果不是违法认定；达成调解不等于退款已到账。

案例：月嫂提前下户及未服务天数退款争议
日期：2024-05-05
工种：月嫂
记录：消费者具名北京享月亲贝家政服务有限公司，称月嫂提前结束服务，要求返还剩余天数、差价并赔偿。
回应：平台商家未匹配成功，没有可读公司答复。
处理结果：待分配商家，未见退赔结果。
限制：投诉金额字段与正文计算不完全一致，未采用消费者主张的赔偿计算作为事实；履约城市未明确。
读取状态：本轮已打开原页面并核读正文与进度
来源：https://tousu.sina.com.cn/complaint/view/17372954963

案例：北京享月亲贝家政服务有限公司消费投诉处理公示
日期：2025-12-22
工种：家政中介服务
记录：消费者反映2025-12-22购买的家政中介服务涉及合同履行与退赔争议。官方公示列出的处理结果为“达成调解协议”。
回应：公示没有展示企业具体答复。
处理结果：达成调解协议
处理部门：北京丰台区市场监督管理局
限制：投诉基本信息与问题由当事人填报，不是违法认定。公示未披露协议具体内容、退款金额或到账证据；未确认该单为育儿嫂。公示期限为一年，本次只回读选取的具名详情。
读取状态：已打开12315官方详情，核对主体、服务及处理结果
来源：https://tsgs.12315.cn/#/viewport

来源（读取及归属边界见对应记录）：
https://tousu.sina.com.cn/complaint/view/17372954963
https://tsgs.12315.cn/#/viewport",15.0,其他政府记录组,不进入政府品牌优先组,15,北京享月亲贝家政服务有限公司,https://sw.beijing.gov.cn/phone/zwxx/tzgg/202401/t20240131_3550205.html
妇贵宝,有北京业务线索,母婴服务,官网关于我们明确妇贵宝贝（北京）科技有限公司及妇贵宝品牌；培训平台资料可交叉匹配，合同仍需核具体门店与收款公司。,官网列育婴嫂外派及母婴服务，2026活动线索存在；不能只将其视为培训招生机构。,官网关于我们可直接读，首页有2026活动/育婴嫂业务线索；未验证北京各店当前接单及替补资源。,官网“每天都是试用期、不满意退换解约”明确是月嫂，未取得北京育婴嫂或育儿嫂同等免费换人承诺。,月嫂退换解约宣传没有育儿嫂的退款比例、服务费扣除、匹配失败退出和到账期限，尚不能确认。,未取得现行北京育儿嫂标准价及介绍费/管理费组合；月嫂等级价不用于育儿嫂。,官网自述理论、实操与实习，教育宝企业介绍强调不培训、不体检、不实习、不签合同不派工；具体育儿嫂是否按此执行，需查候选个人证明。,官网有服务保障和保险说法，主要围绕月嫂；育儿嫂上门指导频次、客服升级、保险责任未取得。,400-168-2858及官网在线咨询；未联系门店或确认人选。,已查清实际有育婴嫂外派，并非只有月嫂培训；但最醒目的试用退换宣传只针对月嫂。独立投诉/评价定向检索未取得近期北京育儿嫂可核订单记录，地图星分没有评论正文和样本不采用。,育儿嫂的试工换人与退款条款；候选培训与实习证明；具体保险和督导安排；现行育儿嫂全包报价,"""妇贵宝"" 北京 育儿嫂 公司 → 官网关于我们明确妇贵宝贝（北京）科技有限公司及妇贵宝品牌；培训平台资料可交叉匹配，合同仍需核具体门店与收款公司。 官网列育婴嫂外派及母婴服务，2026活动线索存在；不能只将其视为培训招生机构。
""妇贵宝"" 育儿嫂 更换 退款 合同 → 官网“每天都是试用期、不满意退换解约”明确是月嫂，未取得北京育婴嫂或育儿嫂同等免费换人承诺。 月嫂退换解约宣传没有育儿嫂的退款比例、服务费扣除、匹配失败退出和到账期限，尚不能确认。
""妇贵宝"" 育儿嫂 投诉 评价 → 已查清实际有育婴嫂外派，并非只有月嫂培训；但最醒目的试用退换宣传只针对月嫂。独立投诉/评价定向检索未取得近期北京育儿嫂可核订单记录，地图星分没有评论正文和样本不采用。","妇贵宝关于我们 https://www.fgb6.com/about.php?id=1（直接HTTP已读相关正文）
妇贵宝官网服务入口 https://fgb6.com/（搜索返回相关正文）
妇贵宝机构信息 https://bj.jiaoyubao.cn/edu/fgb/（搜索返回相关正文）",,完成品牌站内检索。明确归属的结果以妇贵宝月嫂培训、月嫂服务账号的考试/培训/推荐推广为主；另打开两篇可能相关经验帖，正文、图片与可见回复均不能确认妇贵宝，未把它们算作该机构投诉。,第二批,未匹配入选名单的补充组。本轮逐一对照四份正式政府名单，未取得可归属的入选记录；不等于机构差或不存在其他荣誉。,v2.0,本轮公开索引未取得可归属的育儿投诉，品牌的无投诉宣传不采作验证结果。,已核对当前公示列表。可见2026-01-30公示的再就业培训售后退赔争议，非育儿嫂家庭订单。名称匹配可含分支及其他工种，不能作为机构投诉率。,"[黑猫] site:tousu.sina.com.cn ""妇贵宝"" 投诉
该具体查询返回空结果；不代表平台全库无投诉。

[消费保] site:xfb315.com ""妇贵宝"" 投诉
该具体查询返回空结果；不代表平台全库无投诉。

[监管媒体] ""妇贵宝"" 投诉 退费 12315 消协 处罚 法院
本次查询返回13个索引链接（可能含无关项）。该渠道合并判读：第三方宣传中“无重大投诉”等说法未附数据库或审计证明；异地济宁/菏泽品牌稿也不能代表北京主体。 搜索页只据可见摘要判读；已回读来源另列，不把索引摘要当作已打开原文。

[消费保补查] 妇贵宝 消费保 投诉 退费
本次查询返回18个索引链接（可能含无关项）。该渠道合并判读：消费保定向及补查未取得可归属个案。 搜索页只据可见摘要判读；已回读来源另列，不把索引摘要当作已打开原文。

[12315站内] 妇贵宝贝（北京）科技有限公司
查询“妇贵宝贝（北京）科技有限公司”此次页面显示1条关键词匹配公示。可见2026-01-30公示的再就业培训售后退赔争议，非育儿嫂家庭订单。以上数量是所列查询关键词此次匹配的公示记录数，可能含分支、近名和不同服务工种；不同查询之间可能重叠，不合计为机构投诉总数，不是投诉率或质量排名。公示期限为一年，不涵盖全部历史、未公开投诉或所有分支。投诉内容为当事人填写，调解结果不是违法认定；达成调解不等于退款已到账。

未取得本轮可单列案例；不代表没有投诉。

来源（读取及归属边界见对应记录）：
https://tsgs.12315.cn/#/viewport",1.0,未匹配入选名单的补充组,不进入政府品牌优先组,0,,
乐益佳,有北京业务线索,综合家政,官网使用北京乐益佳家政服务有限公司；平台另有北京乐益佳宝宝之星科技有限公司同址线索，未证实关系及合同承接，不合并为已核同一法人。,官网人员页标签含育儿嫂、白班、住家；可核北京丰台成寿寺服务联系点。,HTTP官网现可读；HTTPS域名证书不匹配，本轮没有绕过安全校验。当前营业、人选档期和收费页是否已废止均未问询。,收费标准提到介绍费在一年协议期内有效，但没有明确换人免费次数、几天补位或同等级保障；需要读实际合同。,仍在线的收费标准对家庭服务工写输送/介绍/保险费一次性收取、雇主中途解约不退，且服务费预付一年、中途不退。页面无发布日期、有房产中介模板内容并声明网络转载；是应优先核的强提示，不能直接认定2026育儿嫂合同就如此。,页面有育婴早教收费栏目但文字未显示具体金额；年度预付和一次性项目需要机构给可审明细，不宜凭空写月薪。,收费标准写见工者免费培训，但缺少育儿嫂考核、证件审核和实习细则；不能等同育婴师专业资格审查。,未取得育儿嫂定期督导、离岗替补和投诉升级时限约定。,官网联系人张老师，136-1102-6845；丰台区成寿寺鑫源国际1号楼17层1707。未发起联系。,小红书站内已读具名材料：作者称2024年交200元终身会员费后两年未获匹配岗位，离京前申请退款；其自述警方协调后退100元、余100元未退，并称已投诉。此为作者单方说法，法律定性未采信。 可见内容未核验订单；退费结果和案例边界见逐条记录。,收费页是否仍适用于育儿嫂；当前签约公司与宝宝之星关系；连续匹配失败的退款权利；免费换人次数和到岗时限,"""乐益佳"" 北京 育儿嫂 公司 → 官网使用北京乐益佳家政服务有限公司；平台另有北京乐益佳宝宝之星科技有限公司同址线索，未证实关系及合同承接，不合并为已核同一法人。 官网人员页标签含育儿嫂、白班、住家；可核北京丰台成寿寺服务联系点。
""乐益佳"" 育儿嫂 更换 退款 合同 → 收费标准提到介绍费在一年协议期内有效，但没有明确换人免费次数、几天补位或同等级保障；需要读实际合同。 仍在线的收费标准对家庭服务工写输送/介绍/保险费一次性收取、雇主中途解约不退，且服务费预付一年、中途不退。页面无发布日期、有房产中介模板内容并声明网络转载；是应优先核的强提示，不能直接认定2026育儿嫂合同就如此。
""乐益佳"" 育儿嫂 投诉 评价 → 已从泛泛缺证推进到具体退出条款风险：官网家庭服务工页面存在预付一年且中途不退的文字，签约前应要求当前育儿嫂合同解释或改写。独立北京育儿嫂口碑样本仍未取得，不能因平台少量好评或未搜到投诉定性。
""乐益佳"" 家政 退费 OR 投诉 OR 服务评价 → 实际完成定向补检，相关来源及排除误归属记录见findings和sources；无结果不能推导口碑良好。","乐益佳收费标准 http://m.lyjjz.com/col.jsp?id=213（正常HTTP解压后已读完整相关正文）
乐益佳育儿嫂人员页 https://lyjjz.com/pd.jsp?id=222（搜索返回相关正文）
乐益佳官网 https://m.lyjjz.com/（搜索正文及收费页页脚已读）",作者称2024年交200元终身会员费后两年未获匹配岗位，离京前申请退款；其自述警方协调后退100元、余100元未退，并称已投诉。此为作者单方说法，法律定性未采信。 https://www.xiaohongshu.com/explore/6a2d6cd800000000070281f4；处理结果：作者称缴200元会费后退回100元；余下100元和最终是否全退未确认。此为求职收费争议，不是育儿雇主订单。；边界：正文和可见回复已读；5张配图未逐张核验，不声称取得完整合同/转账原件。争议是求职收费，不能推定雇主育儿服务质量或退费表现。 已展开2条回复并阅读页面9条评论；作者表示已投诉、等后续，没有最终全额退款结果。两个家政账号评论可能有同行立场；另一用户重复投诉好运到家，与本品牌不同，全部排除。,发现一条可明确归属北京乐益佳的求职者会费退款争议；属于劳动者求职中介服务，不能当成雇主育儿嫂更换失败案例。其余结果多为品牌招工、保姆/养老护理宣传。,第二批,主体待核组。本轮逐一对照四份正式政府名单，未取得可归属的入选记录；不等于机构差或不存在其他荣誉。不进入政府品牌推选优先组；数值仅供查看已有资料构成。,v2.0,本轮公开索引未取得可归属育儿履约投诉；费用声明仍需具体合同与真实退费记录验证。,已回读详情中最新公示（2026-08-25）：北京乐益佳家政服务有限公司，服务类别为家政中介服务，处理结果为“未达成调解协议”。公示未披露协议细节及退款到账证据，不能据此推断北京育儿嫂整体服务质量。,"[黑猫] site:tousu.sina.com.cn ""乐益佳"" 投诉
该具体查询返回空结果；不代表平台全库无投诉。

[消费保] site:xfb315.com ""乐益佳"" 投诉
该具体查询返回空结果；不代表平台全库无投诉。

[监管媒体] ""乐益佳"" 投诉 退费 12315 消协 处罚 法院
本次查询返回14个索引链接（可能含无关项）。该渠道合并判读：命中乐益佳费用/业务资料和其他益佳主体，未取得可归属北京乐益佳家政的处罚或消费个案。 搜索页只据可见摘要判读；已回读来源另列，不把索引摘要当作已打开原文。

[消费保补查] 乐益佳 消费保 投诉 退费
本次查询返回17个索引链接（可能含无关项）。该渠道合并判读：消费保定向及不限域补查未取得可归属个案。 搜索页只据可见摘要判读；已回读来源另列，不把索引摘要当作已打开原文。

[12315站内] 北京乐益佳家政服务有限公司
查询“北京乐益佳家政服务有限公司”此次页面显示4条关键词匹配公示。首屏包含家政中介售后和小时工争议，应分别核对工种；仅列表内容不能确认退款结果。以上数量是所列查询关键词此次匹配的公示记录数，可能含分支、近名和不同服务工种；不同查询之间可能重叠，不合计为机构投诉总数，不是投诉率或质量排名。公示期限为一年，不涵盖全部历史、未公开投诉或所有分支。投诉内容为当事人填写，调解结果不是违法认定；达成调解不等于退款已到账。

案例：北京乐益佳家政服务有限公司消费投诉处理公示
日期：2026-07-23
工种：家政中介服务
记录：消费者反映2026-07-23购买的家政中介服务涉及售后约定义务与退赔争议。官方公示列出的处理结果为“未达成调解协议”。
回应：公示没有展示企业具体答复。
处理结果：未达成调解协议
处理部门：北京丰台区市场监督管理局
限制：投诉基本信息与问题由当事人填报，不是违法认定。公示未披露协议具体内容、退款金额或到账证据；未确认该单为育儿嫂。公示期限为一年，本次只回读选取的具名详情。
读取状态：已打开12315官方详情，核对主体、服务及处理结果
来源：https://tsgs.12315.cn/#/viewport

来源（读取及归属边界见对应记录）：
https://tsgs.12315.cn/#/viewport",2.0,主体待核组,不进入政府品牌优先组,0,,
大班家政,有北京业务线索,综合家政,官网及2025北京市人社品牌名录对应北京大班家政服务有限公司；不同门店的具体收款与责任仍逐单核。,官网育儿服务覆盖0—3岁，通常服务满月/2个月后的长期育儿场景；北京政府名录和门店信息支持本地业务。,官网和2026政府服务资料可读；2026北苑店投诉可确认近期消费者交易线索，不能代表全北京门店一致。,官网服务页面写免费更换，未公开统一次数和实际到岗时限。2025消费者展示的合同选择及退费内容属于其历史个案，不应包装为全品牌现行政策。,2025黑猫个案反映服务费9000元、连续短期离岗和退出退款争议；2026消费保北苑店个案反映护理及售后沟通争议，未见有效商家答复。当前完整退费办法仍需合同核对。,官网未取得育儿嫂统一现价。个案9000元服务费和另一单12800元是订单陈述，不是标准价目。,官网称培训和人员资质筛选；尚未核拟派人员的背调、技能实操与上一户离岗原因。,官网有专人顾问及售后更换；独立个案触及人员短期离岗、回复及时性，说明应核实际售后主管和替岗方案。,政府公开联系010-57277567，朝阳北路102号楼3层322；各门店须核实际预约地址。,小红书站内已读具名材料：评论者自述北京咨询白班阿姨时对报价解释和沟通态度不满；另有异地收费与涨薪抱怨。主帖是询问，不能当作北京育儿嫂换人失败案例。 可见内容未核验订单；退费结果和案例边界见逐条记录。,反复短期离岗的替补与扣费处理；具体门店现行退款条款；2025/2026争议最终处理证据；售后回复和同级人选到岗时限,"""大班家政"" 北京 育儿嫂 公司 → 官网及2025北京市人社品牌名录对应北京大班家政服务有限公司；不同门店的具体收款与责任仍逐单核。 官网育儿服务覆盖0—3岁，通常服务满月/2个月后的长期育儿场景；北京政府名录和门店信息支持本地业务。
""大班家政"" 育儿嫂 更换 退款 合同 → 官网服务页面写免费更换，未公开统一次数和实际到岗时限。2025消费者展示的合同选择及退费内容属于其历史个案，不应包装为全品牌现行政策。 2025黑猫个案反映服务费9000元、连续短期离岗和退出退款争议；2026消费保北苑店个案反映护理及售后沟通争议，未见有效商家答复。当前完整退费办法仍需合同核对。
""大班家政"" 育儿嫂 投诉 评价 → 本轮新增两条直指用户关心事项的独立投诉线索：反复换人是否稳定、退出能否退费。不能据两单算投诉率或认定全品牌差，但应将当前合同及门店处理案例核验放在面试之前。","大班家政服务页面 https://www.bjdaban.com/service/（已打开并阅读相关正文）
北京大班家政服务有限公司 https://rsj.beijing.gov.cn/bm/ztzl/ssjzlwpp/202511/t20251103_4251010.html（搜索返回相关正文）
大班家政连续更换与退费争议 https://tousu.sina.com.cn/complaint/view/17380352717?sld=e9e3c732b7dda472f841975a7ca845ee（已打开并阅读相关正文）
大班北苑店育儿嫂服务争议 https://www.xfb365.com/tousu/101614695（已打开并阅读相关正文）",评论者自述北京咨询白班阿姨时对报价解释和沟通态度不满；另有异地收费与涨薪抱怨。主帖是询问，不能当作北京育儿嫂换人失败案例。 https://www.xiaohongshu.com/explore/6a9eb0f600000000110305d8；处理结果：未见投诉处理或退款结果；边界：评论无订单或合同佐证；不把异地评论归入北京。,,第一批补充,政府品牌推选优先组。对应2025年正式政府联合推选并发布的劳务品牌企业名录，列名公司为北京大班家政服务有限公司。名单没有官方名次；仍须核对本单合同、育儿人选与换人条款。,v2.0,材料集中在换人后的退费扣除与到账时间；育儿、普通住家保姆和财物赔偿分别列示，平台受理/自动结束不等于退款完成。,已核对当前公示列表。首屏可见格式条款、家政中介及售后退赔公示，其中一条商户名含月嫂育儿嫂，但官方服务类别仍为家政中介，不能进一步推定具体工种。名称匹配可含分支及其他工种，不能作为机构投诉率。,"[黑猫] site:tousu.sina.com.cn ""大班家政"" 投诉
本次查询返回4个索引链接（可能含无关项）。该渠道合并判读：黑猫回读既有 R005，新增短时上户后退费、普通住家保姆退款及财物赔偿等线索，并分别记录城市工种与未决状态。 搜索页只据可见摘要判读；已回读来源另列，不把索引摘要当作已打开原文。

[消费保] site:xfb315.com ""大班家政"" 投诉
该具体查询返回空结果；不代表平台全库无投诉。

[监管媒体] ""大班家政"" 投诉 退费 12315 消协 处罚 法院
本次查询返回13个索引链接（可能含无关项）。该渠道合并判读：上海大班40%退款报道涉及另一城市法人，未验证关联，不用于北京大班评价。 搜索页只据可见摘要判读；已回读来源另列，不把索引摘要当作已打开原文。

[消费保补查] 大班家政 消费保 投诉 退费
本次查询返回17个索引链接（可能含无关项）。该渠道合并判读：消费保补查检得既有北京北苑店 R006，搜索内容显示金额更正及自动结束；本轮直达原页失败，保留读取限制。 搜索页只据可见摘要判读；已回读来源另列，不把索引摘要当作已打开原文。

[12315站内] 北京大班家政服务有限公司
查询“北京大班家政服务有限公司”此次页面显示16条关键词匹配公示。首屏可见格式条款、家政中介及售后退赔公示，其中一条商户名含月嫂育儿嫂，但官方服务类别仍为家政中介，不能进一步推定具体工种。以上数量是所列查询关键词此次匹配的公示记录数，可能含分支、近名和不同服务工种；不同查询之间可能重叠，不合计为机构投诉总数，不是投诉率或质量排名。公示期限为一年，不涵盖全部历史、未公开投诉或所有分支。投诉内容为当事人填写，调解结果不是违法认定；达成调解不等于退款已到账。

案例：多次短期上户后退费口径争议
日期：2025-02-25
工种：育儿嫂
记录：消费者称一年服务合同中多位育儿嫂工作时间短，认为合同中按首月工资40%退费及超过一个月不退的规则与实际履约不符。
回应：页面未见可读的实质企业答复。
处理结果：处理中，未见企业实质回复或退款确认。
限制：正文提及通州找工作，但不足以独立证明雇主履约城市；合同条款为消费者转述。既有 R005 回读补实。
读取状态：本轮已打开原页面并核读正文与进度
来源：https://tousu.sina.com.cn/complaint/view/17380352717

案例：北京北苑店育儿嫂服务与退费争议
日期：2026-06-20
工种：育儿嫂
记录：既有投诉涉及北京北苑店育儿服务退款，消费者补充将金额由128,000元纠正为12,800元。
回应：搜索可见进度未给出有效公司回应。
处理结果：可检索记录显示8月5日自动结束，未见有效回应或退款证明。
限制：本轮未重新读全原页面；只更新索引可见处理状态，不新增为独立案例。
读取状态：本轮搜索内容可见；直达原页读取失败，结合既有 R006 保留核验边界
来源：https://www.xfb365.com/tousu/101614695

案例：短时育儿上户后退费扣除与到账期争议
日期：2025-08-18
工种：育儿嫂
记录：消费者称付4,200元后育儿嫂上户不足一小时便因不适配下户，退费方案被告知扣1,000元且需等三四个月。
回应：页面未见可读的实质企业答复。
处理结果：处理中，未见公司实质回应或到账确认。
限制：扣费及等待期均为消费者转述；虽自称联系12315，不代表已读官方处理记录。
读取状态：本轮已打开原页面并核读正文与进度
来源：https://tousu.sina.com.cn/complaint/view/17386515455

案例：北京住家保姆提前解约退款到账争议
日期：2025-02-08
工种：住家保姆，未明确专职育儿
记录：消费者称支付7,800元服务费后终止服务，双方谈及按40%退还但截至发帖仍未到账。
回应：页面未见可读的实质企业答复。
处理结果：处理中，未见实质企业答复或后续退款确认。
限制：仅采用退款事实线索，未重复未经验证的健康或其他严重指控。
读取状态：本轮已打开原页面并核读正文与进度
来源：https://tousu.sina.com.cn/complaint/view/17379844519

案例：家务人员财物处理及赔偿争议
日期：2026-02-05
工种：家务保姆
记录：消费者对服务人员处理家庭物品及后续赔偿沟通不满；页面诉求金额7,700元。
回应：页面未见可读的实质企业答复。
处理结果：处理中，未见企业实质回复或赔偿结果。
限制：具体合同主体和城市未披露；普通家务财物争议，不计北京育儿安全事件。
读取状态：本轮已打开原页面并核读正文与进度
来源：https://tousu.sina.com.cn/complaint/view/17393276796

来源（读取及归属边界见对应记录）：
https://tousu.sina.com.cn/complaint/view/17380352717
https://www.xfb365.com/tousu/101614695
https://tousu.sina.com.cn/complaint/view/17386515455
https://tousu.sina.com.cn/complaint/view/17379844519
https://tousu.sina.com.cn/complaint/view/17393276796
https://tsgs.12315.cn/#/viewport",69.0,政府品牌推选优先组,5,60,北京大班家政服务有限公司,https://rsj.beijing.gov.cn/bm/ztzl/ssjzlwpp/202511/t20251103_4251010.html
好孕妈妈,业务仍需确认,母婴服务,2022澎湃报道中品牌集团主体为北京象网科技有限公司；旧培训/目录又使用北京市好孕妈妈教育咨询等名称，现有签约及债务承接主体未取得证据。,历史网站和目录显示曾提供北京育儿嫂业务；2022报道涉及业务收缩，未取得2026北京现行官方育儿嫂接单、候选列表与责任主体的可靠证据。,2022经营收缩有媒体原文，2026现行经营状况未证实；近期排行榜仍推荐该品牌，不足以证明恢复或持续正常接单。,未取得当前换人政策。历史连续匹配或退费问题不等于现行承诺；不建议基于旧品牌名直接支付定金。,2022报道消费者退款、工资及停业争议；具体报道以成都等异地为主，不能说2026北京必然停业或同样不退。若现在有人以此品牌接单，须先证明新合同主体与旧款责任。,未取得当前北京育儿嫂报价；旧文中的预付款、培训费与服务费不能作为现价。,历史培训规模宣传存在，但没有当前运营主体、培训考核和候选证据。,未取得当前北京服务主管、替补调度、监督和理赔机制。,历史商家目录保留线上入口；本轮没有核准当前有效总部服务热线，不沿用旧号码作为已验证渠道。,本轮检索后的关键结论是现行接单主体和经营无法确认；不能把旧名录或2026营销榜单当作在营证明。历史退款报道应保留并清楚标2022、异地，若考虑该品牌应先核企业与付款安全再看人选。,2026北京是否实际接育儿嫂订单；现行公司和旧象网/好孕妈妈关系；当前正式合同和可退款账户；历史报道后续及新主体责任边界,"""好孕妈妈"" 北京 育儿嫂 公司 → 2022澎湃报道中品牌集团主体为北京象网科技有限公司；旧培训/目录又使用北京市好孕妈妈教育咨询等名称，现有签约及债务承接主体未取得证据。 历史网站和目录显示曾提供北京育儿嫂业务；2022报道涉及业务收缩，未取得2026北京现行官方育儿嫂接单、候选列表与责任主体的可靠证据。
""好孕妈妈"" 育儿嫂 更换 退款 合同 → 未取得当前换人政策。历史连续匹配或退费问题不等于现行承诺；不建议基于旧品牌名直接支付定金。 2022报道消费者退款、工资及停业争议；具体报道以成都等异地为主，不能说2026北京必然停业或同样不退。若现在有人以此品牌接单，须先证明新合同主体与旧款责任。
""好孕妈妈"" 育儿嫂 投诉 评价 → 本轮检索后的关键结论是现行接单主体和经营无法确认；不能把旧名录或2026营销榜单当作在营证明。历史退款报道应保留并清楚标2022、异地，若考虑该品牌应先核企业与付款安全再看人选。","好孕妈妈闭店退费纠纷报道 https://www.thepaper.cn/newsDetail_forward_18202100（已打开并阅读相关正文）
好孕妈妈退费争议报道转载 https://www.culturechina.cn/m/139774.html（搜索返回相关正文）
好孕妈妈北京商家目录 https://www.beijingbaomu.com/user/haoyunmama/（搜索返回相关正文）",,本条目无此次站内核查记录,先核实,北京育儿业务待核组。本轮逐一对照四份正式政府名单，未取得可归属的入选记录；不等于机构差或不存在其他荣誉。不进入政府品牌推选优先组；数值仅供查看已有资料构成。,v2.0,补充青岛育儿嫂退款承诺报道和南宁劳动者押金案例，保留历史时间与不同权利关系；已知成都报道补核状态。,已核对当前公示列表。现行公示提及2021、2022年的怀孕分娩护理与其他家政交易；投诉/公示时间较新不代表当前仍在接单。名称匹配可含分支及其他工种，不能作为机构投诉率。,"[黑猫] site:tousu.sina.com.cn ""好孕妈妈"" 投诉
本次查询返回4个索引链接（可能含无关项）。该渠道合并判读：黑猫相关索引多为2022年停业新闻或转载，须防同一事件重复计数。 搜索页只据可见摘要判读；已回读来源另列，不把索引摘要当作已打开原文。

[消费保] site:xfb315.com ""好孕妈妈"" 投诉
该具体查询返回空结果；不代表平台全库无投诉。

[监管媒体] ""好孕妈妈"" 投诉 退费 12315 消协 处罚 法院
本次查询返回15个索引链接（可能含无关项）。该渠道合并判读：澎湃青岛退款采访和成都2022年关店采访可读；成都关联北京象网，但历史门店事实不能推导2026年所有业务停业。 搜索页只据可见摘要判读；已回读来源另列，不把索引摘要当作已打开原文。

[消费保补查] 好孕妈妈 消费保 投诉 退费
本次查询返回15个索引链接（可能含无关项）。该渠道合并判读：消费保一条2022年南宁月嫂劳动者押金投诉可读，平台因停业且联系不上主体而结案，非退款。 搜索页只据可见摘要判读；已回读来源另列，不把索引摘要当作已打开原文。

[12315站内] 北京象网科技有限公司
查询“北京象网科技有限公司”此次页面显示2条关键词匹配公示。现行公示提及2021、2022年的怀孕分娩护理与其他家政交易；投诉/公示时间较新不代表当前仍在接单。以上数量是所列查询关键词此次匹配的公示记录数，可能含分支、近名和不同服务工种；不同查询之间可能重叠，不合计为机构投诉总数，不是投诉率或质量排名。公示期限为一年，不涵盖全部历史、未公开投诉或所有分支。投诉内容为当事人填写，调解结果不是违法认定；达成调解不等于退款已到账。

案例：青岛育儿服务终止后退款延迟采访
日期：2022-02-27
工种：育儿嫂
记录：消费者称2021年终止服务后申请退4,225元，承诺15个工作日退款未履行，至次年2月仍等待。
回应：北京总部2月24日向记者致歉，表示资金紧张和处理不及时，催促青岛分店财务退款。
处理结果：消费者2月25日告知记者，公司承诺最迟2月28日下午退款；该篇未确认到账。
限制：2022年异地历史事件；兑现承诺与实际到账须区分，不据此推断当前所有门店停业。
读取状态：本轮已打开原页面并核读正文与进度
来源：https://m.thepaper.cn/newsDetail_forward_16876594

案例：2022年成都门店关闭与关联主体报道
日期：2022-05-21
工种：家政及培训综合
记录：记者调查成都门店关停、退款及投诉，报道成都好孕妈妈教育咨询与北京象网关联，并引述监管方面对联系企业及经营异常的说明。
回应：记者尝试联系相关方；报道未提供能覆盖所有客户的具体退款安排。
处理结果：报道时监管称无法有效联系相关经营者，历史纠纷未在该篇闭环。
限制：既有 R007 回读；同一2022年关店事件的其他转载不重复计数，非2026年现状认定。
读取状态：本轮已打开原页面并核读正文与进度
来源：https://www.thepaper.cn/newsDetail_forward_18202100

案例：南宁月嫂劳动者上户押金退还诉求
日期：2022-11-25
工种：月嫂从业者押金
记录：从业者向好孕妈妈要求退还1,000元上户押金；属于人员与公司的押金关系。
回应：未见公司答复；消费保表示企业已停运、找不到可处理主体，无法进一步协助。
处理结果：2022年11月25日平台完结，原因是无法继续处理，不是已退押金。
限制：历史、异地、劳动者押金，不能计作北京家庭育儿嫂客户投诉。
读取状态：本轮已打开原页面并核读正文与进度
来源：https://www.xfb365.com/tousu/95689676

来源（读取及归属边界见对应记录）：
https://m.thepaper.cn/newsDetail_forward_16876594
https://www.thepaper.cn/newsDetail_forward_18202100
https://www.xfb365.com/tousu/95689676
https://tsgs.12315.cn/#/viewport",1.0,北京育儿业务待核组,不进入政府品牌优先组,0,,
婴之宝／靓婴堂,有北京业务线索,母婴服务,存在至少两套主体线索：旧目录婴之宝/靓婴堂对应北京靓婴堂咨询服务有限公司（1999起源自述）；当前另一官网为2017注册的北京婴之宝咨询服务有限公司。未取得二者同一品牌/股权/更名证据，应分别核实。,北京婴之宝咨询服务有限公司官网明确月嫂、育儿嫂、高端家政外派及培训，能确认公开北京育儿嫂业务线索；旧靓婴堂目录也写相关服务，但不混合当前供给。,当前官网可读、版权标2023，存在培训和外派说明；具体当下可接单和与旧机构关系未电话或工商核验。,当前官网称全程跟踪，未取得免费换人次数、试工、到岗时限；旧机构的服务承诺不能自动转给新主体。,两套主体均未取得适用当下育儿嫂合同的退款细则；尤其要明确收款公司后再谈退换责任。,未取得2026育儿嫂报价；培训学费和人选工资、服务费不是同一项目。,新官网提供育儿嫂职业培训及外派，旧目录称培训/考核体系；未读取具体候选个人考核与服务记录。,新官网自述全程跟踪，但没有具体督导频次和替补到岗时限约定；软件“祎管家”能力不等同消费者售后承诺。,北京婴之宝咨询服务有限公司官网公开400-996-2686；该号码仅归属此新官网线索，不为旧靓婴堂背书。,深查发现同品牌词可能对应不同法人，是必须先解决的混淆点。当前新官网确有育儿嫂外派，不能只标培训机构；但两者售后、口碑和历史不可直接合并，尚无可核近期北京育儿嫂独立闭环样本。,两套主体的品牌、股权、更名或授权关系；当下北京接单公司；更换及退款合同；候选资格与近三个月前雇主,"""婴之宝"" 北京 育儿嫂 公司 → 存在至少两套主体线索：旧目录婴之宝/靓婴堂对应北京靓婴堂咨询服务有限公司（1999起源自述）；当前另一官网为2017注册的北京婴之宝咨询服务有限公司。未取得二者同一品牌/股权/更名证据，应分别核实。 北京婴之宝咨询服务有限公司官网明确月嫂、育儿嫂、高端家政外派及培训，能确认公开北京育儿嫂业务线索；旧靓婴堂目录也写相关服务，但不混合当前供给。
""婴之宝"" 育儿嫂 更换 退款 合同 → 当前官网称全程跟踪，未取得免费换人次数、试工、到岗时限；旧机构的服务承诺不能自动转给新主体。 两套主体均未取得适用当下育儿嫂合同的退款细则；尤其要明确收款公司后再谈退换责任。
""婴之宝"" 北京 投诉 评价 → 深查发现同品牌词可能对应不同法人，是必须先解决的混淆点。当前新官网确有育儿嫂外派，不能只标培训机构；但两者售后、口碑和历史不可直接合并，尚无可核近期北京育儿嫂独立闭环样本。
""北京婴之宝咨询服务有限公司"" ""靓婴堂"" → 实际完成定向补检，相关来源及排除误归属记录见findings和sources；无结果不能推导口碑良好。","北京婴之宝咨询服务有限公司官网 http://www.yingzhibaobj.cn/（直接HTTP已读正文）
婴之宝/靓婴堂机构目录 https://www.muyingjie.com/item-425.html（搜索返回旧目录正文；原生打开解码失败，直接HTTP只得到维护公告）
婴之宝培训目录 https://www.inxue.com/school-7932/（搜索返回相关正文）",,三个站内查询已做，同名噪声很大。婴之宝体验正文指向天津月子会所；靓婴堂结果多为成都亮婴堂。未取得可归属北京婴之宝/靓婴堂上户育儿嫂的独立经验。,先核实,主体待核组。本轮逐一对照四份正式政府名单，未取得可归属的入选记录；不等于机构差或不存在其他荣誉。不进入政府品牌推选优先组；数值仅供查看已有资料构成。,v2.0,本轮公开索引未取得可归属的育儿履约投诉；历史名称与现主体的关系没有因本轮检索而闭环。,已按2组名称查询当前公示列表，本轮未见记录；不代表零投诉，公示期限、名称别称和公开范围会影响结果。,"[黑猫] site:tousu.sina.com.cn (""婴之宝"" OR ""靓婴堂"") 投诉
本次查询返回16个索引链接（可能含无关项）。该渠道合并判读：婴之宝/靓婴堂黑猫限定未取得可归属北京主体个案。 搜索页只据可见摘要判读；已回读来源另列，不把索引摘要当作已打开原文。

[消费保] site:xfb315.com (""婴之宝"" OR ""靓婴堂"") 投诉
本次查询返回12个索引链接（可能含无关项）。该渠道合并判读：消费保补查多为婴之皇等近名结果或其他月嫂品牌，未合并。 搜索页只据可见摘要判读；已回读来源另列，不把索引摘要当作已打开原文。

[监管媒体] (""婴之宝"" OR ""靓婴堂"") 投诉 退费 12315 消协 处罚 法院
本次查询返回13个索引链接（可能含无关项）。该渠道合并判读：分别补查北京靓婴堂咨询服务与北京婴之宝咨询服务，未取得明确对应的监管/退款个案。 搜索页只据可见摘要判读；已回读来源另列，不把索引摘要当作已打开原文。

[消费保补查] 婴之宝 消费保 投诉 退费
本次查询返回18个索引链接（可能含无关项）。该渠道合并判读：消费保补查多为婴之皇等近名结果或其他月嫂品牌，未合并。 搜索页只据可见摘要判读；已回读来源另列，不把索引摘要当作已打开原文。

[主体与别名补查] 北京靓婴堂咨询服务有限公司 投诉
本次查询返回15个索引链接（可能含无关项）。该渠道合并判读：分别补查北京靓婴堂咨询服务与北京婴之宝咨询服务，未取得明确对应的监管/退款个案。 搜索页只据可见摘要判读；已回读来源另列，不把索引摘要当作已打开原文。

[主体与别名补查] 北京婴之宝咨询服务有限公司 投诉
本次查询返回20个索引链接（可能含无关项）。该渠道合并判读：分别补查北京靓婴堂咨询服务与北京婴之宝咨询服务，未取得明确对应的监管/退款个案。 搜索页只据可见摘要判读；已回读来源另列，不把索引摘要当作已打开原文。

[12315站内] 北京靓婴堂咨询服务有限公司
查询“北京靓婴堂咨询服务有限公司”：该名称在此次公示列表未见记录，不代表零投诉或没有历史纠纷；公示期限、名称别称和公开范围会影响结果。

[12315站内] 北京婴之宝咨询服务有限公司
查询“北京婴之宝咨询服务有限公司”：该名称在此次公示列表未见记录，不代表零投诉或没有历史纠纷；公示期限、名称别称和公开范围会影响结果。

未取得本轮可单列案例；不代表没有投诉。

来源（读取及归属边界见对应记录）：
https://tsgs.12315.cn/#/viewport",2.0,主体待核组,不进入政府品牌优先组,0,,
安恩贝,有北京业务线索,母婴服务,品牌招商资料和悉尼加盟站均将Andbaby安恩贝归为北京予馨海韵教育咨询有限公司；未取得当前北京合同法人及品牌授权链的原件。,企业招商资料写母婴及育儿嫂外派，能够支持历史北京品牌服务线索；悉尼分店明确面向澳洲0—6岁家庭，不作为北京当期供给证明。,品牌介绍及海外加盟官网仍可读，但2026北京育儿嫂实际接单和供给未证实；保留为需先核营业与责任主体的线索。,未取得当前北京育儿嫂免费换人、试工、替补到岗政策。海外加盟站服务不能直接移用到北京。,未取得北京育儿嫂现行合同、退款条件和到账期限。异地同名公司判决不归属于本品牌，未混用。,未取得当前北京育儿嫂费用；海外套餐和招商加盟费不采用。,品牌资料宣称专业母婴团队及培训体系，但未取得北京候选体检、实操考核、背景审查与保单证据。,未取得北京在营门店具体服务主管、督导计划与紧急替补流程。,北京旧招商资料有联系入口，本轮没有验证当前北京电话和地址；悉尼0449号码不作为北京联系方式。,已交叉核对品牌所属线索并排除异地同名，但现行北京接单和售后仍缺证；不能凭历史培训或海外连锁存在列为北京已确认强供给机构。独立北京育儿嫂口碑未取得，须先核主体和在营再面试。,北京当前在营门店和正式合同主体；品牌与予馨海韵授权关系；育儿嫂替补退款政策；近期真实客户和可面试候选,"""安恩贝"" 北京 育儿嫂 公司 → 品牌招商资料和悉尼加盟站均将Andbaby安恩贝归为北京予馨海韵教育咨询有限公司；未取得当前北京合同法人及品牌授权链的原件。 企业招商资料写母婴及育儿嫂外派，能够支持历史北京品牌服务线索；悉尼分店明确面向澳洲0—6岁家庭，不作为北京当期供给证明。
""安恩贝"" 育儿嫂 更换 退款 合同 → 未取得当前北京育儿嫂免费换人、试工、替补到岗政策。海外加盟站服务不能直接移用到北京。 未取得北京育儿嫂现行合同、退款条件和到账期限。异地同名公司判决不归属于本品牌，未混用。
""安恩贝"" 北京 投诉 评价 → 已交叉核对品牌所属线索并排除异地同名，但现行北京接单和售后仍缺证；不能凭历史培训或海外连锁存在列为北京已确认强供给机构。独立北京育儿嫂口碑未取得，须先核主体和在营再面试。
""北京予馨海韵"" 安恩贝 2025 2026 → 实际完成定向补检，相关来源及排除误归属记录见findings和sources；无结果不能推导口碑良好。","安恩贝母婴品牌招商介绍 https://www.1288.tv/Companys/anenmuying/（已打开并阅读相关正文）
安恩贝悉尼关于我们 https://www.andbabysydney.com.au/about.php（直接HTTP已读正文）",,完成品牌及北京限定检索。主要命中大同/张家口等月子会所；打开看似北京相关帖子后，正文明确张家口，且是套餐推广。没有把异地月子会所好评套用到北京安恩贝育儿嫂。,先核实,主体待核组。本轮逐一对照四份正式政府名单，未取得可归属的入选记录；不等于机构差或不存在其他荣誉。不进入政府品牌推选优先组；数值仅供查看已有资料构成。,v2.0,本轮公开索引未取得可归属北京安恩贝育儿服务投诉；异地裁判线索明确排除。,已按1组名称查询当前公示列表，本轮未见记录；不代表零投诉，公示期限、名称别称和公开范围会影响结果。,"[黑猫] site:tousu.sina.com.cn ""安恩贝"" 投诉
该具体查询返回空结果；不代表平台全库无投诉。

[消费保] site:xfb315.com ""安恩贝"" 投诉
该具体查询返回空结果；不代表平台全库无投诉。

[监管媒体] ""安恩贝"" 投诉 退费 12315 消协 处罚 法院
本次查询返回14个索引链接（可能含无关项）。该渠道合并判读：辽阳安恩贝服务合同裁判转载系异地主体且未核法院原文；北京予馨海韵补查未取得相关消费个案。 搜索页只据可见摘要判读；已回读来源另列，不把索引摘要当作已打开原文。

[消费保补查] 安恩贝 消费保 投诉 退费
本次查询返回18个索引链接（可能含无关项）。该渠道合并判读：消费保补查未取得可归属个案；出现其他培训公司投诉不能归入。 搜索页只据可见摘要判读；已回读来源另列，不把索引摘要当作已打开原文。

[主体与别名补查] 北京予馨海韵教育咨询有限公司 投诉
本次查询返回13个索引链接（可能含无关项）。该渠道合并判读：辽阳安恩贝服务合同裁判转载系异地主体且未核法院原文；北京予馨海韵补查未取得相关消费个案。 搜索页只据可见摘要判读；已回读来源另列，不把索引摘要当作已打开原文。

[12315站内] 北京予馨海韵教育咨询有限公司
查询“北京予馨海韵教育咨询有限公司”：该名称在此次公示列表未见记录，不代表零投诉或没有历史纠纷；公示期限、名称别称和公开范围会影响结果。

未取得本轮可单列案例；不代表没有投诉。

来源（读取及归属边界见对应记录）：
https://tsgs.12315.cn/#/viewport",1.0,主体待核组,不进入政府品牌优先组,0,,
阳光北亚家政,有北京业务线索,综合家政,北京阳光北亚家政服务有限公司；政府历史人物报道与品牌资料一致。CNPP 展示代码 91110101794094220W，属第三方工商转载，实际签约分公司仍要核执照。,官网既有北京育儿业务记录；本次政府人物报道及安定门商家原页再次明确家庭保姆、月嫂、育儿嫂。,2024 年官方员工制企业名录和更新至 2025 年的品牌资料为经营线索；本次官网直连/读取超时，不据此认定停业。,本轮未取得明确适用于当前育儿嫂订单的免费更换次数、候选期限或到岗保证。,首都文明办文章记载 2017 年老人家政订单未上岗时全额退款；属历史、非育儿嫂个案，不等于现行退款规则。,未取得当期育儿嫂薪资及中介/管理费明细。,政府历史报道与企业资料有培训后客户考核描述；未取得当前候选体检、背景核验或考核样本。,没有取得当前育儿嫂督导频次和升级投诉机制书面承诺。,400-650-6918；第三方资料地址为东城区安定门外东河沿乙六号楼三层，未致电。,有政府及公开业务证据；找到历史退费正面事例，但当前育儿嫂换人能力仍须合同及在岗候选验证。没有找到可核验的近期具名育儿嫂独立评价。,未取得可供签约的现行北京育儿嫂完整合同；未电话确认在岗/待岗候选、实际补位时间和退费执行,"阳光北亚家政 北京 育儿嫂 公司 主体 官网 → Exa 限流；另用原生网页检索及来源回读补查。
阳光北亚家政 育儿嫂 更换 退款 合同 服务费 → 检索换人、退费、合同；可用规则及缺口见具体发现。
阳光北亚家政 口碑 投诉 黑猫 消费保 小红书 评价 → 检索具名消费评价及争议；只有明确对应品牌的材料才纳入。
寻找消费者关于“阳光北亚”雇育儿嫂或保姆的真实体验、投诉、退费和换人纠纷，在黑猫、消费保、知乎、小红书或新闻中 → 增加正文具名限定和消费者/采访优先的复查。可用材料及排除理由见来源与口碑；无关品牌、商家广告、匿名泛推荐不算本机构独立口碑。","赵小虎：诚信为本不改初心 https://www.bjwmb.gov.cn/sbhr/zghrb/2019/05/10003946.html（已通过原生 web 打开全文）
阳光北亚家政品牌档案 https://www.cnpp.cn/pinpai/1626274.html（已通过 Exa web_fetch_exa 读取返回的正文）
阳光北亚安定门店 https://www.beijingbaomu.com/user/bjygbyjz/（已通过 Exa web_fetch_exa 读取返回的正文）
阳光北亚公司简介 https://www.ygbyjz.com/212（Exa、Jina、原生 web 均读取超时）",,站内精确品牌搜索后，已读品牌账号介绍及评论，确认公开宣传含育婴服务、门店及接单咨询；未取得独立雇主评价或换人实录。另核读搜索推荐的投诉实际指向意生活，已排除。,第二批,政府品牌推选优先组。对应2025年正式政府联合推选并发布的劳务品牌企业名录，列名公司为北京阳光北亚家政服务有限公司。名单没有官方名次；仍须核对本单合同、育儿人选与换人条款。,v2.0,本轮公开索引未取得可归属的育儿服务投诉；历史荣誉或善后报道不能证明每次换人退费都能落实。,已按1组名称查询当前公示列表，本轮未见记录；不代表零投诉，公示期限、名称别称和公开范围会影响结果。,"[黑猫] site:tousu.sina.com.cn ""阳光北亚家政"" 投诉
该具体查询返回空结果；不代表平台全库无投诉。

[消费保] site:xfb315.com ""阳光北亚家政"" 投诉
该具体查询返回空结果；不代表平台全库无投诉。

[监管媒体] ""阳光北亚家政"" 投诉 退费 12315 消协 处罚 法院
本次查询返回17个索引链接（可能含无关项）。该渠道合并判读：结果为荣誉、保供/行业名录和历史正面服务报道；未取得能归属该公司的公开处罚或具体育儿争议。 搜索页只据可见摘要判读；已回读来源另列，不把索引摘要当作已打开原文。

[消费保补查] 阳光北亚家政 消费保 投诉 退费
本次查询返回17个索引链接（可能含无关项）。该渠道合并判读：消费保定向及补查未取得可归属个案。 搜索页只据可见摘要判读；已回读来源另列，不把索引摘要当作已打开原文。

[12315站内] 北京阳光北亚家政服务有限公司
查询“北京阳光北亚家政服务有限公司”：该名称在此次公示列表未见记录，不代表零投诉或没有历史纠纷；公示期限、名称别称和公开范围会影响结果。

未取得本轮可单列案例；不代表没有投诉。

来源（读取及归属边界见对应记录）：
https://tsgs.12315.cn/#/viewport",61.0,政府品牌推选优先组,14,60,"北京阳光北亚家政服务有限公司
北京阳光北亚家政服务有限公司
北京阳光北亚家政服务有限公司","https://rsj.beijing.gov.cn/bm/ztzl/ssjzlwpp/202511/t20251103_4251044.html
https://sw.beijing.gov.cn/phone/zwxx/tzgg/202401/t20240131_3550205.html
https://rsj.beijing.gov.cn/xxgk/tzgg/202511/t20251103_4251298.html"
唐顿世家,有北京业务线索,综合家政,北京唐顿世家科技有限公司；官网品牌介绍与商家目录对应，北京总部及各城市具体签约主体仍应核合同。,官网明确北京总部及育儿嫂、月嫂、保姆等业务；有北京门店入口。,2026 年具名消费者投诉和本轮官网可读均提供近期活动线索；未核本月可面试人员。,当前官网列免费更换。2022-04-22 商家原帖明确合同期每年 5 次免费更换；不是当期合同，也不代表不限次数。部分 2026 推广稿写 48 小时，但无原始合同，不作为到岗承诺。,当前官网列无忧退款；2022 年商家原帖称签约 7 日内可无理由退费。2025 续签个案涉及折扣价与补充协议限制，故要核折扣、续签、试用与终止合作各阶段扣费。,2025 投诉者称一年中介费 5750 元；仅个案，不能作为当前统一报价。未取得完整当期费用表。,官网声明背景调查、体检、技能培训及保险；2022 商家帖提技能鉴定、理论和实操培训，需索取候选实际核验记录。,官网有上户管控和全天在线声明；旧商家帖有考勤管理和售后督导。当前响应时限未取得合同支持。,官网 173-1008-3585（电话/微信）；北京门店在官网城市入口。,小红书站内已读具名材料：作者称唐顿推荐8位，面试2位；一位口述经历与简历不匹配被排除，另一位相对满意。作者认为高端审查培训宣传未在面试中体现明显优势。属于签约前筛选体验，没有记录唐顿实际换人/退款履行。；作者自述两胎月嫂及育儿嫂照护相处满意，育儿嫂与家庭相处融洽、会做饭；正文带唐顿世家标签，回复明确指向唐顿世家家政服务，并报育儿嫂9k。 可见内容未核验订单；退费结果和案例边界见逐条记录。,未取得可供签约的现行北京育儿嫂完整合同；未电话确认在岗/待岗候选、实际补位时间和退费执行,"唐顿世家 北京 育儿嫂 公司 主体 官网 → 检索公司与北京育儿业务；相关原文和局限见来源。
唐顿世家 育儿嫂 更换 退款 合同 服务费 → 检索换人、退费、合同；可用规则及缺口见具体发现。
唐顿世家 口碑 投诉 黑猫 消费保 小红书 评价 → 检索具名消费评价及争议；只有明确对应品牌的材料才纳入。
寻找消费者关于“唐顿世家”雇育儿嫂或保姆的真实体验、投诉、退费和换人纠纷，在黑猫、消费保、知乎、小红书或新闻中 → 增加正文具名限定和消费者/采访优先的复查。可用材料及排除理由见来源与口碑；无关品牌、商家广告、匿名泛推荐不算本机构独立口碑。","唐顿世家官网 http://www.tangdunshijia.com/（已通过 Exa web_fetch_exa 读取返回的正文）
唐顿世家 7 天无理由退费及十大保障 https://www.beijingbaomu.com/xuqiu/99999984685.html（已通过 Exa web_fetch_exa 读取返回的正文）
唐顿世家合同纠纷退中介费投诉 https://tousu.sina.cn/complaint/view/17383043718?sld=31763c28a4ef630ca77059187741ed13（已通过 Exa web_fetch_exa 读取返回的正文）","作者称唐顿推荐8位，面试2位；一位口述经历与简历不匹配被排除，另一位相对满意。作者认为高端审查培训宣传未在面试中体现明显优势。属于签约前筛选体验，没有记录唐顿实际换人/退款履行。 https://www.xiaohongshu.com/explore/693144e9000000001f0085c9；处理结果：可见正文及回复未确认最终处理结果。；边界：单一作者面试样本；未取得简历或第三方核实。 正文及首屏可见回复已读，79条为页面总计，不代表逐条读完。作者评论称所比较机构不满意可以换人，但没有约定次数/时间或成功替换案例。其最终选优护佳及后续不满不归唐顿。
作者自述两胎月嫂及育儿嫂照护相处满意，育儿嫂与家庭相处融洽、会做饭；正文带唐顿世家标签，回复明确指向唐顿世家家政服务，并报育儿嫂9k。 https://www.xiaohongshu.com/explore/6595018c000000001d030fd1；处理结果：可见正文及回复未确认最终处理结果。；边界：历史单户正面体验，商业合作/订单真实性未能核实；9k不是现行报价，护理效果为个人感受。 已读正文及9条计数中的可见回复，作者两次@品牌答机构来源；读到9k价格答复。其他评论主要问联系方式，无售后更换记录。",读到两类可归属经历：2025年北京家庭的育儿嫂面试比较中，唐顿2位候选人一位履历口述不一致、一位相对满意；另有2024年北京育儿嫂正面长期相处体验。不能从各2位/1户推算整体质量。,第一批补充,政府品牌推选优先组。对应2025年正式政府联合推选并发布的劳务品牌企业名录，列名公司为北京唐顿世家科技有限公司。名单没有官方名次；仍须核对本单合同、育儿人选与换人条款。,v2.0,核心线索是无法继续匹配时的退费公式和等待期。同一投诉 R009 本轮回读显示已由处理中转为平台自动完成；未见消费者确认退款。,已核对当前公示列表。首屏同时包含成都分公司和北京总部名下的家政中介、人身财产及赔偿争议，必须区分分支及履约地点。名称匹配可含分支及其他工种，不能作为机构投诉率。,"[黑猫] site:tousu.sina.com.cn ""唐顿世家"" 投诉
本次查询返回9个索引链接（可能含无关项）。该渠道合并判读：回读 E14、R009 并补充替换失约、普通家务与护工退款投诉；多个页面“已完成”来自回复后30日自动结束。 搜索页只据可见摘要判读；已回读来源另列，不把索引摘要当作已打开原文。

[监管媒体] ""唐顿世家"" 投诉 退费 12315 消协 处罚 法院
本次查询返回17个索引链接（可能含无关项）。该渠道合并判读：2019/2020七天退款文章属于历史商业宣传，未当作现行合同或已履行售后证据。 搜索页只据可见摘要判读；已回读来源另列，不把索引摘要当作已打开原文。

[消费保] site:xfb315.com ""唐顿世家"" 投诉
该具体查询返回空结果；不代表平台全库无投诉。

[消费保补查] 唐顿世家 消费保 投诉 退费
本次查询返回18个索引链接（可能含无关项）。该渠道合并判读：消费保限定及补查未取得明确独立新增个案，主要复现黑猫及宣传。 搜索页只据可见摘要判读；已回读来源另列，不把索引摘要当作已打开原文。

[12315站内] 北京唐顿世家科技有限公司
查询“北京唐顿世家科技有限公司”此次页面显示11条关键词匹配公示。首屏同时包含成都分公司和北京总部名下的家政中介、人身财产及赔偿争议，必须区分分支及履约地点。以上数量是所列查询关键词此次匹配的公示记录数，可能含分支、近名和不同服务工种；不同查询之间可能重叠，不合计为机构投诉总数，不是投诉率或质量排名。公示期限为一年，不涵盖全部历史、未公开投诉或所有分支。投诉内容为当事人填写，调解结果不是违法认定；达成调解不等于退款已到账。

案例：育儿服务多次替换后的退费计算争议
日期：2026-04-29
工种：育儿嫂
记录：消费者称支付一年5,750元服务费、37天内更换四位人员；其主张退5,165.52元，与公司被转述的2,800元方案有分歧。
回应：7月28日有企业回复记录，但未读到回复正文。
处理结果：8月27日平台因30天未进一步操作自动完成；未见消费者确认退款。
限制：金额计算为投诉者主张，非裁决；机构名称含北京，履约城市未明确。既有 E14 回读。
读取状态：本轮已打开原页面并核读正文与进度
来源：https://tousu.sina.com.cn/complaint/view/17396580737

案例：育儿嫂离岗后未继续匹配与剩余合同退款争议
日期：2025-05-17
工种：育儿嫂
记录：消费者称续约一年服务费5,750元，2025年3月原人员离岗后未再匹配，申请退半年费用2,875元，对补充条款及折扣不退款说法有异议。
回应：页面有4月13日企业回复时间，正文不可读，时间线未显示年份。
处理结果：页面现为5月13日系统自动完成；不能沿用旧“处理中”，也不能写已退款。
限制：回复/自动完成节点未显示年份，不自行推断；既有 R009 同投诉编号，移动域与桌面域去重。
读取状态：本轮已打开原页面并核读正文与进度
来源：https://tousu.sina.com.cn/complaint/view/17383043718

案例：育儿候选到岗失约与退款争议
日期：2026-01-04
工种：育儿嫂
记录：消费者对育儿照护适配、短期人员安排及承诺到岗未兑现提出4,700元退款诉求。
回应：4月13日有企业回复记录，未见实质正文。
处理结果：5月13日平台自动完结，没有退款或消费者认可证明。
限制：正文包含晚于标示发帖日的日期，时间叙述不一致；照护相关指控未独立核验，城市未披露。
读取状态：本轮已打开原页面并核读正文与进度
来源：https://tousu.sina.com.cn/complaint/view/17392015965

案例：普通家务人员匹配与解约退费争议
日期：2025-09-01
工种：家务保姆
记录：消费者称一年服务费8,000元，更换多人后仍有不匹配与服务中断，对余期退费和合同条款提出异议。
回应：4月13日有企业回复节点，4月23日有消费者补充节点；本轮未读到这些节点的具体正文。
处理结果：页面已回复，未见明确退款确认。
限制：节点年份未显示，不强行还原跨年时间；工种为家务，城市未披露。
读取状态：本轮已打开原页面并核读正文与进度
来源：https://tousu.sina.com.cn/complaint/view/17387033732

案例：短期护工合同与退款争议
日期：2025-11-17
工种：护工
记录：消费者对短期护工服务和1,950元费用退款存在异议。
回应：4月13日有企业回复记录，未见实质正文。
处理结果：5月13日平台自动完成，未见退款确认。
限制：非育儿嫂；节点年份未显示，不能据此推定准确处理周期。
读取状态：本轮已打开原页面并核读正文与进度
来源：https://tousu.sina.com.cn/complaint/view/17390142637

来源（读取及归属边界见对应记录）：
https://tousu.sina.com.cn/complaint/view/17396580737
https://tousu.sina.com.cn/complaint/view/17383043718
https://tousu.sina.com.cn/complaint/view/17392015965
https://tousu.sina.com.cn/complaint/view/17387033732
https://tousu.sina.com.cn/complaint/view/17390142637
https://tsgs.12315.cn/#/viewport",73.0,政府品牌推选优先组,1,60,"北京唐顿世家科技有限公司
北京唐顿世家科技有限公司","https://rsj.beijing.gov.cn/bm/ztzl/ssjzlwpp/202511/t20251103_4251016.html
https://rsj.beijing.gov.cn/xxgk/tzgg/202511/t20251103_4251298.html"
艾禧悦,有北京业务线索,母婴服务,官网移动版称创办人为陈哲；本次未取得能够闭环品牌、收款与签约主体的执照，不能因创办人同名就与唐顿世家合并。,既有官网列住家/白班育儿嫂及朝阳望京地址；2024 年品牌报道再次明确育儿嫂服务。,移动官网搜索索引仍有育儿嫂及 2025 年新闻；主站回读失败，不认定停业。,2024-03-04 品牌报道明确合同期内不满可免费更换；未写次数、差价、候选或到岗时限，非现行合同。,同一品牌报道说终止合作后 15 个工作日退款；没有给可退金额、扣费公式与例外，不能理解为全额退。,未取得当前北京育儿嫂工资、服务费、续签费公开表。,品牌报道介绍身份/背景、体检、专业考核与保险；属于企业宣传，未取得逐人核查报告和保单。,品牌报道称一对一顾问、定时回访和内部投诉量考核；未核履约记录。,沿用此前官网家政电话 138-1010-9247、月嫂 180-0102-3369；本轮主站读取失败，电话未重验。,小红书站内已读具名材料：作者先因替班月嫂表现犹豫换人，04-20称机构一直劝不要换；展开回复见04-21称已经顺利更换，新人更好；04-23/24继续称替换月嫂勤快耐心。可作为实际更换履行的单户自述证据。；作者对某月嫂护理、做饭、相处给正面评价，正文称52天，标题却42天。 可见内容未核验订单；退费结果和案例边界见逐条记录。,未取得可供签约的现行北京育儿嫂完整合同；未电话确认在岗/待岗候选、实际补位时间和退费执行,"艾禧悦 北京 育儿嫂 公司 主体 官网 → 检索公司与北京育儿业务；相关原文和局限见来源。
艾禧悦 育儿嫂 更换 退款 合同 服务费 → 检索换人、退费、合同；可用规则及缺口见具体发现。
艾禧悦 口碑 投诉 黑猫 消费保 小红书 评价 → 检索具名消费评价及争议；只有明确对应品牌的材料才纳入。
寻找消费者关于“艾禧悦”雇育儿嫂或保姆的真实体验、投诉、退费和换人纠纷，在黑猫、消费保、知乎、小红书或新闻中 → 增加正文具名限定和消费者/采访优先的复查。可用材料及排除理由见来源与口碑；无关品牌、商家广告、匿名泛推荐不算本机构独立口碑。","艾禧悦，用心守护您的家 https://www.hqwhw.com/life/xfsc/4090.html（已通过 Exa web_fetch_exa 读取返回的正文）
艾禧悦家政移动官网 https://m.aixiyue.cn/（原生 web 搜索摘要；打开失败）
艾禧悦家政扩容提质 http://www.juuj.cn/pinpai/133502.html（已通过 Exa web_fetch_exa 读取返回的正文）","作者先因替班月嫂表现犹豫换人，04-20称机构一直劝不要换；展开回复见04-21称已经顺利更换，新人更好；04-23/24继续称替换月嫂勤快耐心。可作为实际更换履行的单户自述证据。 https://www.xiaohongshu.com/explore/69e4556a000000002103be99；处理结果：作者04-21起自述已完成更换，04-23/24继续表示满意；具体费用及完整到岗间隔未独立核验。；边界：未取得合同/更换申请时间/新月嫂实际到岗间隔，不能据此承诺免费或48小时换人。没有把评论者简短附和全部计独立证实案例。 展开13条和2条回复组，读到已加载回复而非全部24条。一名北京评论者称30天让月嫂下户后机构退多交的钱；另一位称试用期后服务变差、最终下户。第三方评论仅为自述，金额和手续未披露。
作者对某月嫂护理、做饭、相处给正面评价，正文称52天，标题却42天。 https://www.xiaohongshu.com/explore/6a046967000000000702e663；处理结果：可见正文及回复未确认最终处理结果。；边界：服务天数内文与标题不一致，文案较宣传化；未能验证订单或商业合作，故只能作低权重正面自述，不作为独立核实背书。 正文已读；页面显示无评论。",本次读到了实际换人后续：作者先不满替班月嫂、称机构劝留，随后多次回复已顺利更换且满意。也读到评论者自述提前下户后退回多付费用，以及另一篇正面服务体验。案例均为月嫂，不直接证明长期育儿嫂的换人能力。,第二批,主体待核组。本轮逐一对照四份正式政府名单，未取得可归属的入选记录；不等于机构差或不存在其他荣誉。不进入政府品牌推选优先组；数值仅供查看已有资料构成。,v2.0,本轮公开索引未取得可归属个案；完整法人未闭环使投诉及信用归属仍有限。,已按1组名称查询当前公示列表，本轮未见记录；不代表零投诉，公示期限、名称别称和公开范围会影响结果。,"[监管媒体] ""艾禧悦"" 投诉 退费 12315 消协 处罚 法院
本次查询返回7个索引链接（可能含无关项）。该渠道合并判读：主要为业务网站和招聘信息，未取得可归属的媒体客诉或监管记录。 搜索页只据可见摘要判读；已回读来源另列，不把索引摘要当作已打开原文。

[黑猫] site:tousu.sina.com.cn ""艾禧悦"" 投诉
该具体查询返回空结果；不代表平台全库无投诉。

[消费保] site:xfb315.com ""艾禧悦"" 投诉
该具体查询返回空结果；不代表平台全库无投诉。

[消费保补查] 艾禧悦 消费保 投诉 退费
本次查询返回18个索引链接（可能含无关项）。该渠道合并判读：消费保定向及补查未取得可归属个案。 搜索页只据可见摘要判读；已回读来源另列，不把索引摘要当作已打开原文。

[12315站内] 艾禧悦
查询“艾禧悦”：该名称在此次公示列表未见记录，不代表零投诉或没有历史纠纷；公示期限、名称别称和公开范围会影响结果。

未取得本轮可单列案例；不代表没有投诉。

来源（读取及归属边界见对应记录）：
https://tsgs.12315.cn/#/viewport",7.0,主体待核组,不进入政府品牌优先组,0,,
阿华妈咪,业务仍需确认,母婴服务,2019 年第三方备案历史写北京阿华妈咪家政服务有限责任公司；站长工具另一版本写北京阿华妈咪母婴护理有限责任公司。现行主体尚未闭环。,域名历史标题和目录简介明确北京育儿嫂、育婴师；公司目录列昌平振兴路地址。,官网多通道回读均失败，搜索可见内容多为 2019 备案、2022 收录和旧 SEO 信息；没有取得当前接单证明，不据域名失败直接认定停业。,品牌、公司全名和育儿嫂更换定向检索未取得可适用的规则。,未取得该品牌当期退费比例、手续费、到账期限等原始条款。,未取得可验证的当期育儿嫂报价和服务费。,公司目录称有技能培训团队及标准化管理；无可核人员资质或培训记录。,未取得督导频次、专属顾问责任及换人升级处理材料。,公司目录地址北京昌平城南街道振兴路35号院1号楼2层242；目录未展示可用电话，需先核实体门店。,本次检索揭示主体名称存在两个版本、网站资料偏旧。应暂列现营与主体核实优先项；没有找到该品牌可核独立投诉，也不能据此评价好坏。,未取得可供签约的现行北京育儿嫂完整合同；未电话确认在岗/待岗候选、实际补位时间和退费执行,"阿华妈咪 北京 育儿嫂 公司 主体 官网 → 检索公司与北京育儿业务；相关原文和局限见来源。
阿华妈咪 育儿嫂 更换 退款 合同 服务费 → 检索换人、退费、合同；可用规则及缺口见具体发现。
阿华妈咪 口碑 投诉 黑猫 消费保 小红书 评价 → 检索具名消费评价及争议；只有明确对应品牌的材料才纳入。
寻找消费者关于“阿华妈咪”雇育儿嫂或保姆的真实体验、投诉、退费和换人纠纷，在黑猫、消费保、知乎、小红书或新闻中 → 增加正文具名限定和消费者/采访优先的复查。可用材料及排除理由见来源与口碑；无关品牌、商家广告、匿名泛推荐不算本机构独立口碑。","阿华妈咪历史备案查询 http://icp.bugscaner.com/host_%E9%98%BF%E5%8D%8E%E5%A6%88%E5%92%AA.%E4%B8%AD%E5%9B%BD.html（已通过 Exa web_fetch_exa 读取返回的正文）
ahuamm.com SEO 信息 https://mseo.chinaz.com/ahuamm.com（已通过 Exa web_fetch_exa 读取返回的正文）
北京阿华妈咪家政服务有限责任公司 http://bjahlljzfwyxzrgs.dayinmao.com/（Exa 搜索摘要；未取得原文）
阿华妈咪官网 https://www.ahuamm.com/（Exa/Jina/原生 web 无法读取）",,已进行小红书精确品牌词检索并查看结果标题及链接。本次呈现的主要是北京招育儿嫂、泛育儿经验和其他品牌投诉，未出现能合理归属阿华妈咪的用户服务经历；没有把关键词搜索推荐当作品牌相关性证明。,先核实,北京育儿业务待核组。本轮逐一对照四份正式政府名单，未取得可归属的入选记录；不等于机构差或不存在其他荣誉。不进入政府品牌推选优先组；数值仅供查看已有资料构成。,v2.0,本轮公开索引未取得可归属的育儿服务投诉；已排除近名母婴品牌及无关内容。,已按2组名称查询当前公示列表，本轮未见记录；不代表零投诉，公示期限、名称别称和公开范围会影响结果。,"[黑猫] site:tousu.sina.com.cn ""阿华妈咪"" 投诉
该具体查询返回空结果；不代表平台全库无投诉。

[消费保] site:xfb315.com ""阿华妈咪"" 投诉
该具体查询返回空结果；不代表平台全库无投诉。

[监管媒体] ""阿华妈咪"" 投诉 退费 12315 消协 处罚 法院
本次查询返回15个索引链接（可能含无关项）。该渠道合并判读：补查北京阿华妈咪家政服务有限责任公司，未取得准确主体的独立投诉；家政与母婴护理两个法人名称关系待核。 搜索页只据可见摘要判读；已回读来源另列，不把索引摘要当作已打开原文。

[消费保补查] 阿华妈咪 消费保 投诉 退费
本次查询返回16个索引链接（可能含无关项）。该渠道合并判读：消费保检索主要出现阿姨来了、幸孕妈咪等其他品牌，未归入。 搜索页只据可见摘要判读；已回读来源另列，不把索引摘要当作已打开原文。

[主体与别名补查] 北京阿华妈咪家政服务有限责任公司 投诉
本次查询返回13个索引链接（可能含无关项）。该渠道合并判读：补查北京阿华妈咪家政服务有限责任公司，未取得准确主体的独立投诉；家政与母婴护理两个法人名称关系待核。 搜索页只据可见摘要判读；已回读来源另列，不把索引摘要当作已打开原文。

[12315站内] 北京阿华妈咪家政服务有限责任公司
查询“北京阿华妈咪家政服务有限责任公司”：该名称在此次公示列表未见记录，不代表零投诉或没有历史纠纷；公示期限、名称别称和公开范围会影响结果。

[12315站内] 北京阿华妈咪母婴护理有限责任公司
查询“北京阿华妈咪母婴护理有限责任公司”：该名称在此次公示列表未见记录，不代表零投诉或没有历史纠纷；公示期限、名称别称和公开范围会影响结果。

未取得本轮可单列案例；不代表没有投诉。

来源（读取及归属边界见对应记录）：
https://tsgs.12315.cn/#/viewport",1.0,北京育儿业务待核组,不进入政府品牌优先组,0,,
瑞多帮家政,有北京业务线索,综合家政,北京市人社局名录具名北京瑞多帮家政服务有限公司；实际订单主体仍需看合同。,2025-11-06 官方名录介绍已有育儿嫂、母婴护理；商家原帖明确白班和 24 小时育儿嫂服务 0–3 岁。,2025 官方名录提供较新服务线索，未电话确认2026当期接单；历史商家文章不作为现状证明。,找到 2017-03-01 商家原帖：一年内免费调换、不限次数。距今较久，不能作为当前适用政策；未取得补位到岗时限。,旧帖说保姆工资直接付给本人、不提成；这不等于中介费可退。未取得退款规则。,2017 年 5000–6200 元是旧页工资/价格字段，不能当当前育儿嫂报价；没有当期服务费表。,2017 商家自述系统考核、持证及培训；未取得当前候选实际资格和考核结果。,2017 商家自述全程跟踪、定期及不定期检查；现行督导安排未取得。,2025 人社名录所列 18310107565（和经理）；总部西北旺线索。家政港页面却写海淀陶然亭，地址矛盾待确认。,官方名录支持业务线索，新增找到历史不限次更换声明。独立口碑检索未取得具名育儿嫂消费原帖；当前保障不能沿用九年前文案。,未取得可供签约的现行北京育儿嫂完整合同；未电话确认在岗/待岗候选、实际补位时间和退费执行,"瑞多帮家政 北京 育儿嫂 公司 主体 官网 → 检索公司与北京育儿业务；相关原文和局限见来源。
瑞多帮家政 育儿嫂 更换 退款 合同 服务费 → 检索换人、退费、合同；可用规则及缺口见具体发现。
瑞多帮家政 口碑 投诉 黑猫 消费保 小红书 评价 → 检索具名消费评价及争议；只有明确对应品牌的材料才纳入。
寻找消费者关于“瑞多帮”雇育儿嫂或保姆的真实体验、投诉、退费和换人纠纷，在黑猫、消费保、知乎、小红书或新闻中 → 增加正文具名限定和消费者/采访优先的复查。可用材料及排除理由见来源与口碑；无关品牌、商家广告、匿名泛推荐不算本机构独立口碑。","北京瑞多帮家政服务有限公司 https://rsj.beijing.gov.cn/bm/ztzl/ssjzlwpp/202511/t20251103_4250996.html（已通过 Exa web_fetch_exa 读取返回的正文）
海淀三星级家政期待与您合作 https://www.beijingbaomu.com/user/ruiduobang/xq56018.html（已通过 Exa web_fetch_exa 读取返回的正文）
北京瑞多帮家政公司 https://bj.jiazhenggang.com/user/bjrdb/（已通过 Exa web_fetch_exa 读取返回的正文）",,已做两次站内检索。首搜被瑞多按摩椅同名结果占据，补完整家政词后见瑞多帮品牌账号2021-2022年的养老/钟点工视频及2024年招工。未找到可合理归属的独立北京育儿嫂雇主经历。,第二批,政府品牌推选优先组。对应2025年正式政府联合推选并发布的劳务品牌企业名录，列名公司为北京瑞多帮家政服务有限公司。名单没有官方名次；仍须核对本单合同、育儿人选与换人条款。,v2.0,本轮公开索引未取得可归属育儿消费投诉；劳务结算线索按不同法律关系排除，没有当作本机构被判违约。,已按1组名称查询当前公示列表，本轮未见记录；不代表零投诉，公示期限、名称别称和公开范围会影响结果。,"[黑猫] site:tousu.sina.com.cn ""瑞多帮家政"" 投诉
该具体查询返回空结果；不代表平台全库无投诉。

[消费保] site:xfb315.com ""瑞多帮家政"" 投诉
该具体查询返回空结果；不代表平台全库无投诉。

[监管媒体] ""瑞多帮家政"" 投诉 退费 12315 消协 处罚 法院
本次查询返回12个索引链接（可能含无关项）。该渠道合并判读：检得第三方文书转载涉及瑞多帮作为第三人的劳务报酬争议，非雇主育儿嫂投诉，且未核法院原文。 搜索页只据可见摘要判读；已回读来源另列，不把索引摘要当作已打开原文。

[消费保补查] 瑞多帮家政 消费保 投诉 退费
本次查询返回16个索引链接（可能含无关项）。该渠道合并判读：消费保定向及补查未取得可归属个案。 搜索页只据可见摘要判读；已回读来源另列，不把索引摘要当作已打开原文。

[12315站内] 北京瑞多帮家政服务有限公司
查询“北京瑞多帮家政服务有限公司”：该名称在此次公示列表未见记录，不代表零投诉或没有历史纠纷；公示期限、名称别称和公开范围会影响结果。

未取得本轮可单列案例；不代表没有投诉。

来源（读取及归属边界见对应记录）：
https://tsgs.12315.cn/#/viewport",66.0,政府品牌推选优先组,7,60,"北京瑞多帮家政服务有限公司
北京瑞多帮家政服务有限公司","https://rsj.beijing.gov.cn/bm/ztzl/ssjzlwpp/202511/t20251103_4250996.html
https://rsj.beijing.gov.cn/xxgk/tzgg/202511/t20251103_4251298.html"
京鋆管家,有北京业务线索,综合家政,本次官网首页明确京鋆管家属于北京京鋆管家科技服务有限公司；商家目录同名，已补齐品牌自述主体，执照和实际收款主体仍待合同核验。,官网有育婴服务并列北京育儿嫂，目录有北京海淀住家育儿嫂岗位线索。,官网本轮可读，近期有2026推广与招聘线索；无法由此确认本月待岗库存。,官网首页十大服务保障明确：对家政人员不满，服务期内免费更换。次数、差价、替补到岗期限未明确。,未取得服务费退还比例、首配费、换人失败或中途解约的扣费规则。,未取得北京育儿嫂当期工资和机构费用明细；官网满意度和在京人数不是价格或供给验证。,官网声明身份验证、征信查询、健康体检、就业培训及持证上岗；未取得候选人的实际核验和测评样本。,官网承诺专属顾问定期回访、三方合同及80万以上保险宣传；频次、保单承保范围与理赔条件待取得。,官网本轮读到刘经理13466594503、杨经理18811505852、雯经理13301040819；地址东城区东水井胡同11号北京INN4号楼A1506室。目录另列昌平珠江摩尔，先核实际面试点。,小红书站内已读具名材料：作者称阿姨操作辅食机失误造成家人受伤，报中介保险后对免赔额、自付材料费和费用计算存在异议，并不满中介/主管回应。没有原保单、完整理赔决定或机构答辩，不能采信其“吃回扣”等推测为事实。 可见内容未核验订单；退费结果和案例边界见逐条记录。,未取得可供签约的现行北京育儿嫂完整合同；未电话确认在岗/待岗候选、实际补位时间和退费执行,"京鋆管家 北京 育儿嫂 公司 主体 官网 → 检索公司与北京育儿业务；相关原文和局限见来源。
京鋆管家 育儿嫂 更换 退款 合同 服务费 → 检索换人、退费、合同；可用规则及缺口见具体发现。
京鋆管家 口碑 投诉 黑猫 消费保 小红书 评价 → 检索具名消费评价及争议；只有明确对应品牌的材料才纳入。
寻找消费者关于“京鋆管家”雇育儿嫂或保姆的真实体验、投诉、退费和换人纠纷，在黑猫、消费保、知乎、小红书或新闻中 → 增加正文具名限定和消费者/采访优先的复查。可用材料及排除理由见来源与口碑；无关品牌、商家广告、匿名泛推荐不算本机构独立口碑。","京鋆管家官网首页 https://www.jingyunhk.cn/（已通过 Exa web_fetch_exa 读取返回的正文）
北京京鋆管家科技服务有限公司 https://www.beijingbaomu.com/user/jingyunghk/（已通过 Exa web_fetch_exa 读取返回的正文）
北京高端家政调研：合规资质与口碑梯队 https://www.chinapp.net.cn/pinpaidongtai/2026/0804/273790.html（已通过 Exa web_fetch_exa 读取返回的正文）",作者称阿姨操作辅食机失误造成家人受伤，报中介保险后对免赔额、自付材料费和费用计算存在异议，并不满中介/主管回应。没有原保单、完整理赔决定或机构答辩，不能采信其“吃回扣”等推测为事实。 https://www.xiaohongshu.com/explore/6a841167000000002c0074f9；处理结果：可见正文及回复未确认最终处理结果。；边界：5张配图未逐张核验，不声称已获得医疗/保险原件；争议仅反映一个用户的售后体验，无法判定法律责任。 正文与2条可见回复已读，回复一条家政账号、一条引流，无实质解决信息；最终赔付/和解未取得。,已读明确点名北京京鋆的保险赔付/售后争议；另打开看似顾客的正面体验，发现发布者为京鋆品牌账号，未计独立好评。该投诉未说明岗位全称或换人申请，不直接等同育儿嫂换人失败。,第二批,未匹配入选名单的补充组。本轮逐一对照四份正式政府名单，未取得可归属的入选记录；不等于机构差或不存在其他荣誉。,v2.0,本轮公开索引未取得可归属的具体投诉；评价材料仍以商业宣传为主，无法验证实际售后表现。,已按1组名称查询当前公示列表，本轮未见记录；不代表零投诉，公示期限、名称别称和公开范围会影响结果。,"[黑猫] site:tousu.sina.com.cn ""京鋆管家"" 投诉
该具体查询返回空结果；不代表平台全库无投诉。

[消费保] site:xfb315.com ""京鋆管家"" 投诉
该具体查询返回空结果；不代表平台全库无投诉。

[监管媒体] ""京鋆管家"" 投诉 退费 12315 消协 处罚 法院
本次查询返回12个索引链接（可能含无关项）。该渠道合并判读：主要是自有业务页及排行榜宣传，“口碑标杆”等称号不提供独立交易证据。 搜索页只据可见摘要判读；已回读来源另列，不把索引摘要当作已打开原文。

[消费保补查] 京鋆管家 消费保 投诉 退费
本次查询返回18个索引链接（可能含无关项）。该渠道合并判读：消费保定向与补查未取得可归属个案。 搜索页只据可见摘要判读；已回读来源另列，不把索引摘要当作已打开原文。

[12315站内] 北京京鋆管家科技服务有限公司
查询“北京京鋆管家科技服务有限公司”：该名称在此次公示列表未见记录，不代表零投诉或没有历史纠纷；公示期限、名称别称和公开范围会影响结果。

未取得本轮可单列案例；不代表没有投诉。

来源（读取及归属边界见对应记录）：
https://tsgs.12315.cn/#/viewport",12.0,未匹配入选名单的补充组,不进入政府品牌优先组,0,,
找个保姆,有北京业务线索,线上撮合服务,网站以“找个保姆”为品牌，所读育儿嫂页没有披露完整法人名称。品牌词通用，不能将全网“找个保姆”的泛讨论归给该站。,专页写北京全区域、婴幼儿与学龄前照护，包括白班/住家和辅食、陪伴。,本次网页可读，但没有执照、在营核验或可面试人选的独立证明。,本次 FAQ 明确基础撮合版6个月最多2次、安心保障版12个月最多4次、年度保障版12个月最多5次免费更换；适应期不计次数，人员自身突然离岗优先更换且不计次数。超额可能收费，调整预算/增加工作内容等有例外。通常1–3工作日推荐候选，不是保证到岗。,FAQ 明确付款后15工作日未能提供符合已记录基本条件候选可申请退款；已推荐并签约/开始服务后中介费原则上不退，重大信息不实可按合同处理。持续服务费如何结算、具体退款金额及到账期限仍未取得。,官网北京参考6000–12000元/月；基础6500、专业8500、高级11000元/月为宣传参考，实际按工作内容协商，机构费和休息天数未完整披露。 FAQ说明机构费用分中介服务费和持续服务费，工资由雇主另付；三天适应期工资仍按天结算。,网站说核实照护经历、稳定性并优先推荐持育婴师证者；FAQ同时说明并非全部必须有证。未取得背景核验与体检记录。,适应期结束及首周顾问回访，之后按方案定期跟进。未取得督导响应时限或异常处置记录。,132-2016-6385；微信zhaogebaomu；页面写西城区德胜门，缺可核具体门牌。,已找到分方案更换次数、退费门槛和不覆盖情形，信息完整度明显提升；但网站未披露完整法人，且已签约/开始服务后中介费原则不退，需先核合同主体及持续服务费结算。,未取得可供签约的现行北京育儿嫂完整合同；未电话确认在岗/待岗候选、实际补位时间和退费执行,"找个保姆 北京 育儿嫂 公司 主体 官网 → 检索公司与北京育儿业务；相关原文和局限见来源。
找个保姆 育儿嫂 更换 退款 合同 服务费 → 检索换人、退费、合同；可用规则及缺口见具体发现。
找个保姆 口碑 投诉 黑猫 消费保 小红书 评价 → 检索具名消费评价及争议；只有明确对应品牌的材料才纳入。
寻找消费者关于“找个保姆 zhaogebaomu.com”雇育儿嫂或保姆的真实体验、投诉、退费和换人纠纷，在黑猫、消费保、知乎、小红书或新闻中 → 增加正文具名限定和消费者/采访优先的复查。可用材料及排除理由见来源与口碑；无关品牌、商家广告、匿名泛推荐不算本机构独立口碑。","找个保姆北京育儿嫂专页 https://zhaogebaomu.com/yuersao/（已通过 Exa web_fetch_exa 读取返回的正文）
找个保姆常见问题 https://zhaogebaomu.com/faq/（已通过 Exa web_fetch_exa 读取返回的正文）",,已检索中文品牌词及品牌域名词。中文词被大量普通招聘句子覆盖，域名词结果仍多不相关或泛家政内容；未找到能通过全称/域名/主体确认属于该平台的独立履约经历。其官网换人规则另有公开资料，但不把规则当成用户口碑。,第二批,主体待核组。本轮逐一对照四份正式政府名单，未取得可归属的入选记录；不等于机构差或不存在其他荣誉。不进入政府品牌推选优先组；数值仅供查看已有资料构成。,v2.0,已用域名消歧。本轮公开索引未取得可归属该平台的独立履约投诉；自荐帖谈行业痛点不是投诉该平台。,已按1组名称查询当前公示列表，本轮未见记录；不代表零投诉，公示期限、名称别称和公开范围会影响结果。,"[消费保] site:xfb315.com ""找个保姆"" 投诉
该具体查询返回空结果；不代表平台全库无投诉。

[黑猫] site:tousu.sina.com.cn ""找个保姆"" 投诉
该具体查询返回空结果；不代表平台全库无投诉。

[监管媒体] ""找个保姆"" 投诉 退费 12315 消协 处罚 法院
本次查询返回18个索引链接（可能含无关项）。该渠道合并判读：增加准确域名 zhaogebaomu.com 查询，命中开发者V2EX自荐和品牌博客推广，未出现独立消费者投诉。 搜索页只据可见摘要判读；已回读来源另列，不把索引摘要当作已打开原文。

[消费保补查] 找个保姆 消费保 投诉 退费
本次查询返回17个索引链接（可能含无关项）。该渠道合并判读：消费保补查出现天鹅、爱侬等其他品牌或泛找保姆叙述，不能当作该网站投诉。 搜索页只据可见摘要判读；已回读来源另列，不把索引摘要当作已打开原文。

[域名消歧补查] ""zhaogebaomu.com"" 投诉 退款 消费保 黑猫
本次查询返回3个索引链接（可能含无关项）。该渠道合并判读：增加准确域名 zhaogebaomu.com 查询，命中开发者V2EX自荐和品牌博客推广，未出现独立消费者投诉。 搜索页只据可见摘要判读；已回读来源另列，不把索引摘要当作已打开原文。

[12315站内] 找个保姆
查询“找个保姆”：该名称在此次公示列表未见记录，不代表零投诉或没有历史纠纷；公示期限、名称别称和公开范围会影响结果。

未取得本轮可单列案例；不代表没有投诉。

来源（读取及归属边界见对应记录）：
https://tsgs.12315.cn/#/viewport",22.0,主体待核组,不进入政府品牌优先组,0,,
国选到家（北京国选到家公司）,有北京业务线索,综合家政,新读目录明确“国选到家”隶属国选（北京）家庭服务有限公司，且两目录地址一致；仍属商家自述，未取得执照和实际收款主体。,商家原页列北京育儿嫂、育婴师，家政港有1岁/6个月/70天宝宝岗位线索；当前招聘不等同实时空闲人选。,目录在本轮仍可读、旧核有2026招聘线索；尚未电话核本月接单。,网页未取得免费次数、差价、响应和到岗时限。保留小红书2025正面更换自述，但不是合同承诺。,未取得首配费、服务费和换人失败退款公式。,未取得可核当期统一报价；散单招聘工资不能当家庭总成本。,家政港自述来源可靠、有培训，未展示逐人背调体检或考核证据。,小红书原帖曾称多次换人顾问仍推荐回访，属单一消费者说法；机构公开督导制度未取得。,朝阳北苑东路19号院4号25层2503；商家目录咨询入口，未核可用电话。,小红书站内已读具名材料：作者称使用国选社群选阿姨，换过几位、顾问仍积极并回访，推介数量为作者说法，未验证。文章开头“10年”“六年”表述不一致且大量私信导流，正面评价应低权重。 可见内容未核验订单；退费结果和案例边界见逐条记录。,未取得可供签约的现行北京育儿嫂完整合同；未电话确认在岗/待岗候选、实际补位时间和退费执行,"国选到家 北京 育儿嫂 公司 主体 官网 → 检索公司与北京育儿业务；相关原文和局限见来源。
国选到家 育儿嫂 更换 退款 合同 服务费 → 检索换人、退费、合同；可用规则及缺口见具体发现。
国选到家 口碑 投诉 黑猫 消费保 小红书 评价 → 检索具名消费评价及争议；只有明确对应品牌的材料才纳入。
寻找消费者关于“国选（北京）家庭服务有限公司”雇育儿嫂或保姆的真实体验、投诉、退费和换人纠纷，在黑猫、消费保、知乎、小红书或新闻中 → 增加正文具名限定和消费者/采访优先的复查。可用材料及排除理由见来源与口碑；无关品牌、商家广告、匿名泛推荐不算本机构独立口碑。","北京国选到家 https://www.beijingbaomu.com/user/guoxuan/（已通过 Exa web_fetch_exa 读取返回的正文）
北京国选到家公司 https://www.beijingbaomu.com/user/bjgxdjgs/（已通过 Exa web_fetch_exa 读取返回的正文）
找阿姨十年经验分享，推荐国选到家 https://www.xiaohongshu.com/explore/67ecf6e6000000000d017855（沿用主任务此前已登录读取正文；本批未重读）",作者称使用国选社群选阿姨，换过几位、顾问仍积极并回访，推介数量为作者说法，未验证。文章开头“10年”“六年”表述不一致且大量私信导流，正面评价应低权重。 https://www.xiaohongshu.com/explore/67ecf6e6000000000d017855；处理结果：可见正文及回复未确认最终处理结果。；边界：未取得合同、实际换人日期及商业合作证明。评论者是咨询体验，不能定性已经发生拒退款纠纷；群里两三百人推荐数亦未独立核实。 51条评论为总计，本次读到首屏可见回复。2025-08-25北京评论者称咨询后发现不给试工、先签合同、服务费不退；作者2025-09-25回应试工未必有用，并未提供反驳该退费描述的合同。无真实退款申请结果。,已读明确推荐国选的长文和可见评论。作者称多次换人积极、定期回访，但大量回复导向私信拉群，商业关系无法排除；同帖另有北京咨询者质疑无试工、服务费不退。需要把推荐自述与合同咨询异议并列看。,先核实,未匹配入选名单的补充组。本轮逐一对照四份正式政府名单，未取得可归属的入选记录；不等于机构差或不存在其他荣誉。,v2.0,本轮公开索引未取得可归属国选到家的履约投诉；官网承诺和实际补位能力仍是两类证据。,已回读详情中最新公示（2026-08-31）：国选（北京）家庭服务有限公司，服务类别为家政中介服务，处理结果为“达成调解协议”。公示未披露协议细节及退款到账证据，不能据此推断北京育儿嫂整体服务质量。,"[黑猫] site:tousu.sina.com.cn ""国选到家"" 投诉
该具体查询返回空结果；不代表平台全库无投诉。

[消费保] site:xfb315.com ""国选到家"" 投诉
该具体查询返回空结果；不代表平台全库无投诉。

[监管媒体] ""国选到家"" 投诉 退费 12315 消协 处罚 法院
本次查询返回9个索引链接（可能含无关项）。该渠道合并判读：补查国选（北京）家庭服务主体，主要为业务与泛维权内容，未取得该公司明确客诉。 搜索页只据可见摘要判读；已回读来源另列，不把索引摘要当作已打开原文。

[消费保补查] 国选到家 消费保 投诉 退费
本次查询返回18个索引链接（可能含无关项）。该渠道合并判读：消费保定向与补查未取得可归属个案，阿姨到了等其他主体已排除。 搜索页只据可见摘要判读；已回读来源另列，不把索引摘要当作已打开原文。

[主体与别名补查] 国选 北京 家庭服务有限公司 投诉
本次查询返回14个索引链接（可能含无关项）。该渠道合并判读：补查国选（北京）家庭服务主体，主要为业务与泛维权内容，未取得该公司明确客诉。 搜索页只据可见摘要判读；已回读来源另列，不把索引摘要当作已打开原文。

[12315站内] 国选（北京）家庭服务有限公司
查询“国选（北京）家庭服务有限公司”此次页面显示8条关键词匹配公示。可见家政中介合同、售后和退赔公示，不能仅凭公司名确认全部是育儿嫂；选取最新记录回读具体调解结果。以上数量是所列查询关键词此次匹配的公示记录数，可能含分支、近名和不同服务工种；不同查询之间可能重叠，不合计为机构投诉总数，不是投诉率或质量排名。公示期限为一年，不涵盖全部历史、未公开投诉或所有分支。投诉内容为当事人填写，调解结果不是违法认定；达成调解不等于退款已到账。

案例：国选（北京）家庭服务有限公司消费投诉处理公示
日期：2026-08-18
工种：家政中介服务
记录：消费者反映2026-08-18购买的家政中介服务涉及其他合同与退赔争议。官方公示列出的处理结果为“达成调解协议”。
回应：公示没有展示企业具体答复。
处理结果：达成调解协议
处理部门：北京朝阳区市场监督管理局
限制：投诉基本信息与问题由当事人填报，不是违法认定。公示未披露协议具体内容、退款金额或到账证据；未确认该单为育儿嫂。公示期限为一年，本次只回读选取的具名详情。
读取状态：已打开12315官方详情，核对主体、服务及处理结果
来源：https://tsgs.12315.cn/#/viewport

来源（读取及归属边界见对应记录）：
https://tsgs.12315.cn/#/viewport",1.0,未匹配入选名单的补充组,不进入政府品牌优先组,0,,
天使来了（北京妈妈乐科技有限公司）,有北京业务线索,综合家政,商家页面品牌写“天使来了（北京妈妈乐科技有限公司）”；未取得企业登记原件。不得与育天使、育婴天使或其他妈妈乐混同。,商家介绍称2016年成立、北京分公司经营月嫂育儿嫂育婴师等，山西分公司偏医院月嫂护工；两地业务须分开。,本轮原页可读，但未找到带当期日期的履约证明或官方现营公告；需确认当前营业和签约主体。,商家原文承诺所有项目可随心退换、免费3天试工；未给更换次数、备选人员和到岗期限。,“随心退换”未说明哪些费用可退、扣费比例、到账时间；不能推定任意阶段全额退款。,未取得当前北京育儿嫂报价和机构收费表。,目录称专业背调；未提供可核流程、体检、证书或培训记录。,未取得顾问回访、督导频率和突发离岗协调机制。,目录地址立水桥卢卡新天地6号楼3单元1804；电话未核。,已回读退换和试工原文，实际保障仍只有商家口号。三类检索未找到能够确定归属本主体的独立育儿嫂消费案例；签约前先核主体、现营与完整退费条款。,未取得可供签约的现行北京育儿嫂完整合同；未电话确认在岗/待岗候选、实际补位时间和退费执行,"天使来了 北京妈妈乐 北京 育儿嫂 公司 主体 官网 → 检索公司与北京育儿业务；相关原文和局限见来源。
天使来了 北京妈妈乐 育儿嫂 更换 退款 合同 服务费 → 检索换人、退费、合同；可用规则及缺口见具体发现。
天使来了 北京妈妈乐 口碑 投诉 黑猫 消费保 小红书 评价 → 检索具名消费评价及争议；只有明确对应品牌的材料才纳入。
寻找消费者关于“天使来了 北京妈妈乐科技有限公司”雇育儿嫂或保姆的真实体验、投诉、退费和换人纠纷，在黑猫、消费保、知乎、小红书或新闻中 → 增加正文具名限定和消费者/采访优先的复查。可用材料及排除理由见来源与口碑；无关品牌、商家广告、匿名泛推荐不算本机构独立口碑。",天使来了（北京妈妈乐科技有限公司） https://www.beijingbaomu.com/user/tsll/（已通过 Exa web_fetch_exa 读取返回的正文）,,两次站内检索完成，标题与链接结果中出现十月天使、育天使、天使到家等不同品牌和泛育儿内容，未取得能合理归属北京妈妈乐旗下天使来了的具体服务经历。,先核实,未匹配入选名单的补充组。本轮逐一对照四份正式政府名单，未取得可归属的入选记录；不等于机构差或不存在其他荣誉。,v2.0,本轮公开索引未取得可归属北京妈妈乐天使来了的育儿履约投诉；同名按摩平台投诉不计入。,已按1组名称查询当前公示列表，本轮未见记录；不代表零投诉，公示期限、名称别称和公开范围会影响结果。,"[黑猫] site:tousu.sina.com.cn ""天使来了"" 投诉
本次查询返回1个索引链接（可能含无关项）。该渠道合并判读：黑猫出现同名“天使来了”上门按摩退款，服务业态不符，已排除。 搜索页只据可见摘要判读；已回读来源另列，不把索引摘要当作已打开原文。

[消费保] site:xfb315.com ""天使来了"" 投诉
该具体查询返回空结果；不代表平台全库无投诉。

[监管媒体] ""天使来了"" 投诉 退费 12315 消协 处罚 法院
本次查询返回17个索引链接（可能含无关项）。该渠道合并判读：补查北京妈妈乐科技有限公司，未取得可归属其育儿嫂业务的媒体/监管个案。 搜索页只据可见摘要判读；已回读来源另列，不把索引摘要当作已打开原文。

[消费保补查] 天使来了 消费保 投诉 退费
本次查询返回17个索引链接（可能含无关项）。该渠道合并判读：消费保定向与补查未取得能匹配北京妈妈乐家政业务的个案。 搜索页只据可见摘要判读；已回读来源另列，不把索引摘要当作已打开原文。

[主体与别名补查] 北京妈妈乐科技有限公司 投诉
本次查询返回18个索引链接（可能含无关项）。该渠道合并判读：补查北京妈妈乐科技有限公司，未取得可归属其育儿嫂业务的媒体/监管个案。 搜索页只据可见摘要判读；已回读来源另列，不把索引摘要当作已打开原文。

[12315站内] 北京妈妈乐科技有限公司
查询“北京妈妈乐科技有限公司”：该名称在此次公示列表未见记录，不代表零投诉或没有历史纠纷；公示期限、名称别称和公开范围会影响结果。

未取得本轮可单列案例；不代表没有投诉。

来源（读取及归属边界见对应记录）：
https://tsgs.12315.cn/#/viewport",9.0,未匹配入选名单的补充组,不进入政府品牌优先组,0,,
北京贝亲贝乐家政有限公司,有北京业务线索,综合家政,主目录称北京贝亲贝乐家政有限公司，另一同简介目录称北京贝亲贝乐家政服务中心；地址不同，不能未经核执照就认作同一签约主体。,2026-03-04 商家发布北京月嫂、育儿嫂服务，正文另列育儿嫂等级报价，支持业务线索。,本轮回读有2026-03服务信息，但发布时间不能证明当下库存或报价有效。,在逐家合同/退款查询及所读服务页中，未取得免费更换次数或到岗期限条款。,未取得机构费用组成与取消、试工不合适、换人失败的退款办法。,2026标注页面顶端6000–10000元/月，但正文育儿嫂旧式分级4500–7800元/单休；内文与标题口径不一致、可能复用旧文，不能直接做当前报价。月嫂价格单独不混作育儿嫂。,商家自述培训持证、营养师团队、一对一个性指导；没有独立核查每位人员。,有按客户需要个性指导宣传；未取得常态督导频次、客服响应和替补处理机制。,于老师13621250758，昌平北清路1号8号楼5层2单元501（2026服务页）；另目录在北农路1号，需核门店关系。,已补到电话、分级费用与培训自述，也发现主体称呼及价格口径有待确认。没有取得独立具名北京育儿嫂口碑或完整换人合同，应据具体订单报价书再比较。,未取得可供签约的现行北京育儿嫂完整合同；未电话确认在岗/待岗候选、实际补位时间和退费执行,"贝亲贝乐 北京 育儿嫂 公司 主体 官网 → 检索公司与北京育儿业务；相关原文和局限见来源。
贝亲贝乐 育儿嫂 更换 退款 合同 服务费 → 检索换人、退费、合同；可用规则及缺口见具体发现。
贝亲贝乐 口碑 投诉 黑猫 消费保 小红书 评价 → 检索具名消费评价及争议；只有明确对应品牌的材料才纳入。
寻找消费者关于“北京贝亲贝乐家政”雇育儿嫂或保姆的真实体验、投诉、退费和换人纠纷，在黑猫、消费保、知乎、小红书或新闻中 → 增加正文具名限定和消费者/采访优先的复查。可用材料及排除理由见来源与口碑；无关品牌、商家广告、匿名泛推荐不算本机构独立口碑。","北京贝亲贝乐家政有限公司 https://www.beijingbaomu.com/user/beiqinbeile/（已通过 Exa web_fetch_exa 读取返回的正文）
北京贝亲贝乐家政服务中心 https://www.beijingbaomu.com/user/bjbeiqinbeile/（已通过 Exa web_fetch_exa 读取返回的正文）
贝亲贝乐提供月嫂、育儿嫂 https://www.beijingbaomu.com/xuqiu/99999984771.html（已通过 Exa web_fetch_exa 读取返回的正文）",,完成品牌及完整家政词查询。首搜主要是贝亲奶瓶商品，补家政后出现泛家政体验；已打开最前的家政名单投诉，实际为天津安欣/亿家，不能归到贝亲贝乐。未取得可归属该北京机构的独立履约样本。,先核实,主体待核组。本轮逐一对照四份正式政府名单，未取得可归属的入选记录；不等于机构差或不存在其他荣誉。不进入政府品牌推选优先组；数值仅供查看已有资料构成。,v2.0,本轮公开索引未取得可归属北京贝亲贝乐的具体投诉；业务目录不能验证售后执行。,已按1组名称查询当前公示列表，本轮未见记录；不代表零投诉，公示期限、名称别称和公开范围会影响结果。,"[黑猫] site:tousu.sina.com.cn ""北京贝亲贝乐家政有限公司"" 投诉
该具体查询返回空结果；不代表平台全库无投诉。

[消费保] site:xfb315.com ""北京贝亲贝乐家政有限公司"" 投诉
该具体查询返回空结果；不代表平台全库无投诉。

[监管媒体] ""北京贝亲贝乐家政有限公司"" 投诉 退费 12315 消协 处罚 法院
本次查询返回12个索引链接（可能含无关项）。该渠道合并判读：主要返回公司目录、招聘和泛名录，未取得贝亲贝乐的监管/消费个案。 搜索页只据可见摘要判读；已回读来源另列，不把索引摘要当作已打开原文。

[消费保补查] 北京贝亲贝乐家政有限公司 消费保 投诉 退费
本次查询返回18个索引链接（可能含无关项）。该渠道合并判读：消费保全称定向及补查未取得可归属个案。 搜索页只据可见摘要判读；已回读来源另列，不把索引摘要当作已打开原文。

[12315站内] 北京贝亲贝乐家政有限公司
查询“北京贝亲贝乐家政有限公司”：该名称在此次公示列表未见记录，不代表零投诉或没有历史纠纷；公示期限、名称别称和公开范围会影响结果。

未取得本轮可单列案例；不代表没有投诉。

来源（读取及归属边界见对应记录）：
https://tsgs.12315.cn/#/viewport",3.0,主体待核组,不进入政府品牌优先组,0,,
北京顺康家政服务有限公司,有北京业务线索,综合家政,主页面名为北京顺康家政服务有限公司，标题/旧文又用北京顺康家业家政服务中心；家政港为北京顺康家业家政服务有限公司。没有执照证明这几种名称关系，须以合同法人为准。,本次商家页2026年8月列小月龄、1岁、13个月等北京育儿岗位，具体需求含白班及带睡。,原页含2026年8月招聘和2026年7月作者文章，有近期线上活动；“18年/12年/8年”等介绍年限不一致，不能据此判断法人历史。,未取得公开免费更换次数、差价和替补到岗承诺；企业称试工反馈后及时协调，不等于保证换人成功。,未取得中介费/管理费分项与取消退费公式。,目录2026岗位示例：两岁不带睡8500–9000元/月、13个月带睡9000–10000元/单休。属于岗位广告示例，非机构全包收费表。,2026机构作者文章称筛选简历、情景面试、核证件健康证明，并跟进试工；未取得候选核验材料。,企业自述有售后反馈和试工磨合协调，缺书面处理时限及替补方案。,张老师13621258575、康老师13120053972；主目录朝阳双井优士阁B座1203，家政港A座703，地址版本待核。,已补到近期开单线索、电话、选人流程，并发现主体/地址多版本。独立口碑复查没有取得可确定归属的北京育儿嫂消费者原帖，换人退费仍必须索合同。,未取得可供签约的现行北京育儿嫂完整合同；未电话确认在岗/待岗候选、实际补位时间和退费执行,"北京顺康家政 北京 育儿嫂 公司 主体 官网 → 检索公司与北京育儿业务；相关原文和局限见来源。
北京顺康家政 育儿嫂 更换 退款 合同 服务费 → 检索换人、退费、合同；可用规则及缺口见具体发现。
北京顺康家政 口碑 投诉 黑猫 消费保 小红书 评价 → 检索具名消费评价及争议；只有明确对应品牌的材料才纳入。
寻找消费者关于“北京顺康家政”雇育儿嫂或保姆的真实体验、投诉、退费和换人纠纷，在黑猫、消费保、知乎、小红书或新闻中 → 增加正文具名限定和消费者/采访优先的复查。可用材料及排除理由见来源与口碑；无关品牌、商家广告、匿名泛推荐不算本机构独立口碑。","北京顺康家政服务有限公司 https://www.beijingbaomu.com/user/shunkang/（已通过 Exa web_fetch_exa 读取返回的正文）
北京顺康家业家政服务有限公司 https://bj.jiazhenggang.com/user/shunkang/（已通过 Exa web_fetch_exa 读取返回的正文）
顺康家政浏览量超千万意味着什么 https://www.beijingbaomu.com/xinxi/9999992414.html（已通过 Exa web_fetch_exa 读取返回的正文）",,检索命中顺康品牌多篇宣传；已打开最像顾客体验的一篇，发现是北京顺康家政服务账号用第一人称推荐自己，并无评论。本次未取得独立雇主对换人/退款的经验。,先核实,主体待核组。本轮逐一对照四份正式政府名单，未取得可归属的入选记录；不等于机构差或不存在其他荣誉。不进入政府品牌推选优先组；数值仅供查看已有资料构成。,v2.0,本轮公开索引未取得可归属的育儿投诉；顺康服务、顺康家业及服务中心仍需合同主体区分。,已核对当前公示列表。可见2025-12-19公示的家政中介售后退赔争议；不能移用于顺康家业等尚未证实关联的主体。名称匹配可含分支及其他工种，不能作为机构投诉率。,"[黑猫] site:tousu.sina.com.cn ""北京顺康家政服务有限公司"" 投诉
该具体查询返回空结果；不代表平台全库无投诉。

[消费保] site:xfb315.com ""北京顺康家政服务有限公司"" 投诉
该具体查询返回空结果；不代表平台全库无投诉。

[监管媒体] ""北京顺康家政服务有限公司"" 投诉 退费 12315 消协 处罚 法院
本次查询返回8个索引链接（可能含无关项）。该渠道合并判读：进一步查顺康家业别名，未取得明确对应同一合同方的公开争议。 搜索页只据可见摘要判读；已回读来源另列，不把索引摘要当作已打开原文。

[消费保补查] 北京顺康家政服务有限公司 消费保 投诉 退费
本次查询返回18个索引链接（可能含无关项）。该渠道合并判读：消费保全称定向与补查未取得可归属个案。 搜索页只据可见摘要判读；已回读来源另列，不把索引摘要当作已打开原文。

[主体与别名补查] 北京顺康家业家政 投诉
本次查询返回15个索引链接（可能含无关项）。该渠道合并判读：进一步查顺康家业别名，未取得明确对应同一合同方的公开争议。 搜索页只据可见摘要判读；已回读来源另列，不把索引摘要当作已打开原文。

[12315站内] 北京顺康家政服务有限公司
查询“北京顺康家政服务有限公司”此次页面显示1条关键词匹配公示。可见2025-12-19公示的家政中介售后退赔争议；不能移用于顺康家业等尚未证实关联的主体。以上数量是所列查询关键词此次匹配的公示记录数，可能含分支、近名和不同服务工种；不同查询之间可能重叠，不合计为机构投诉总数，不是投诉率或质量排名。公示期限为一年，不涵盖全部历史、未公开投诉或所有分支。投诉内容为当事人填写，调解结果不是违法认定；达成调解不等于退款已到账。

[12315站内] 北京顺康家业家政服务有限公司
查询“北京顺康家业家政服务有限公司”：该名称在此次公示列表未见记录，不代表零投诉或没有历史纠纷；公示期限、名称别称和公开范围会影响结果。

未取得本轮可单列案例；不代表没有投诉。

来源（读取及归属边界见对应记录）：
https://tsgs.12315.cn/#/viewport",5.0,主体待核组,不进入政府品牌优先组,0,,
北京鑫悦家政服务有限公司,有北京业务线索,综合家政,商家目录自述北京鑫悦家政服务有限公司，成立2019-07-19；没有获得独立工商实时记录。不得归并其他城市或同音“新悦/心悦”的投诉。,2026年服务列表明确北京住家、不住家育儿嫂，显示多个月龄经验人员广告。,本轮可读2026年6月服务发布及人员列表；页面存在与标待岗不能证明当期真实可用人数。,没有取得北京育儿嫂订单免费更换次数和到岗时限。,未取得退费范围、扣费标准或投诉后的退款结果。,目录2026年3–4月有带睡9000元、月嫂转小宝育儿嫂10000元、白班7500–8500元等人员示例。未核是否仍待岗，未包括机构费与休息差异。,育儿服务介绍称专业培训、有育婴师证；个别履历列证书，未经原件和发证机构核验。,月嫂服务广告泛称完善售后；不能据月嫂广告认定育儿嫂督导标准，未取得具体承诺。,邓经理13146978177（微信同号）；丰台马家堡东路7克拉公寓4号楼723室。,有较新育儿嫂服务与人选线索，补到联系渠道。三类查询和独立口碑限定复查未取得本主体具名履约评价；“售后完善”尚无具体合同支持。,未取得可供签约的现行北京育儿嫂完整合同；未电话确认在岗/待岗候选、实际补位时间和退费执行,"北京鑫悦家政 北京 育儿嫂 公司 主体 官网 → 检索公司与北京育儿业务；相关原文和局限见来源。
北京鑫悦家政 育儿嫂 更换 退款 合同 服务费 → 检索换人、退费、合同；可用规则及缺口见具体发现。
北京鑫悦家政 口碑 投诉 黑猫 消费保 小红书 评价 → 检索具名消费评价及争议；只有明确对应品牌的材料才纳入。
寻找消费者关于“北京鑫悦家政”雇育儿嫂或保姆的真实体验、投诉、退费和换人纠纷，在黑猫、消费保、知乎、小红书或新闻中 → 增加正文具名限定和消费者/采访优先的复查。可用材料及排除理由见来源与口碑；无关品牌、商家广告、匿名泛推荐不算本机构独立口碑。","北京鑫悦家政公司简介 https://www.beijingbaomu.com/user/xinyue/about.html（已通过 Exa web_fetch_exa 读取返回的正文）
北京鑫悦家政服务列表 https://www.beijingbaomu.com/user/xinyue/fuwu.html（已通过 Exa web_fetch_exa 读取返回的正文）",,站内品牌词检索完成，已读一篇疑似相关退款经历，实际投诉玥玥洁开荒保洁；其他结果未见鑫悦明确归属。未取得北京鑫悦育儿嫂的独立评价。,先核实,未匹配入选名单的补充组。本轮逐一对照四份正式政府名单，未取得可归属的入选记录；不等于机构差或不存在其他荣誉。,v2.0,本轮公开索引未取得可归属具体投诉；未把名单搜索结果自动解读为行政处罚。,已按1组名称查询当前公示列表，本轮未见记录；不代表零投诉，公示期限、名称别称和公开范围会影响结果。,"[黑猫] site:tousu.sina.com.cn ""北京鑫悦家政服务有限公司"" 投诉
该具体查询返回空结果；不代表平台全库无投诉。

[消费保] site:xfb315.com ""北京鑫悦家政服务有限公司"" 投诉
该具体查询返回空结果；不代表平台全库无投诉。

[监管媒体] ""北京鑫悦家政服务有限公司"" 投诉 退费 12315 消协 处罚 法院
本次查询返回10个索引链接（可能含无关项）。该渠道合并判读：地图、招聘及一般执法列表中未取得准确匹配的违法/争议事实。 搜索页只据可见摘要判读；已回读来源另列，不把索引摘要当作已打开原文。

[消费保补查] 北京鑫悦家政服务有限公司 消费保 投诉 退费
本次查询返回16个索引链接（可能含无关项）。该渠道合并判读：消费保全称定向与补查未取得可归属个案。 搜索页只据可见摘要判读；已回读来源另列，不把索引摘要当作已打开原文。

[12315站内] 北京鑫悦家政服务有限公司
查询“北京鑫悦家政服务有限公司”：该名称在此次公示列表未见记录，不代表零投诉或没有历史纠纷；公示期限、名称别称和公开范围会影响结果。

未取得本轮可单列案例；不代表没有投诉。

来源（读取及归属边界见对应记录）：
https://tsgs.12315.cn/#/viewport",1.0,未匹配入选名单的补充组,不进入政府品牌优先组,0,,
北京金有鑫家政公司,有北京业务线索,综合家政,商家名北京金有鑫家政公司；职友集展示全称北京金有鑫家政有限公司、代码91110105696383627W，而介绍段写家政服务有限公司。以执照厘清准确名称和门店地址。,2026-09-10 商家文章列北京高端育儿嫂、高级育婴师及幼教陪伴；人员和服务明显偏高学历陪伴，不能全部视为小月龄育儿嫂。,2026年9月商家发布和招聘统计提供近期活动线索；职友集“开业”为第三方转载，不是登记机关实时证明。,未取得更换次数、替补时限与升级差价规则。,未取得首配费用、服务周期退费和长期无候选的处置公式。,2026广告标10000–20000元/月，涵盖陪伴师、家教、保姆等混合工种；另页8000–16000元/月，需按宝宝月龄与职责单独报价，不能用混合广告作为育儿嫂均价。,第三方招聘介绍称理论技能培训、严格考核、统一体检和保险；没有取得候选原始证书与核验报告。,招聘介绍提由专门老师监督服务纪律；未取得育儿嫂专门督导和回访时限。,杨老师15510566672、010-84470803；三元桥东三环北路2号D座D03。职友集注册地址为戊2号B座1708室，经营点关系需核。,比旧清单补到候选工商信息和当期服务范围。定位偏高学历陪伴及高端家政，若需小月龄全天照护要先核育儿经历；未取得具名育儿嫂履约纠纷或可信满意度统计。,未取得可供签约的现行北京育儿嫂完整合同；未电话确认在岗/待岗候选、实际补位时间和退费执行,"北京金有鑫家政 北京 育儿嫂 公司 主体 官网 → 检索公司与北京育儿业务；相关原文和局限见来源。
北京金有鑫家政 育儿嫂 更换 退款 合同 服务费 → 检索换人、退费、合同；可用规则及缺口见具体发现。
北京金有鑫家政 口碑 投诉 黑猫 消费保 小红书 评价 → 检索具名消费评价及争议；只有明确对应品牌的材料才纳入。
寻找消费者关于“北京金有鑫家政”雇育儿嫂或保姆的真实体验、投诉、退费和换人纠纷，在黑猫、消费保、知乎、小红书或新闻中 → 增加正文具名限定和消费者/采访优先的复查。可用材料及排除理由见来源与口碑；无关品牌、商家广告、匿名泛推荐不算本机构独立口碑。","北京金有鑫家政公司 https://www.beijingbaomu.com/user/gaoduanjz/（已通过 Exa web_fetch_exa 读取返回的正文）
北京育儿嫂、保姆服务介绍 https://www.beijingbaomu.com/user/gaoduanjz/xq99999990406.html（已通过 Exa web_fetch_exa 读取返回的正文）
北京金有鑫家政有限公司 https://www.jobui.com/company/10036678/（已通过 Exa web_fetch_exa 读取返回的正文）
北京金有鑫家政怎么样 https://www.beijingbaomu.com/wenda/9999992689.html（已通过 Exa web_fetch_exa 读取返回的正文）",,完成小红书精确品牌+行业词查询，浏览结果标题、链接。出现的是泛家政排行、面试建议、求职及点名五心级等其他机构内容，没有可确认金有鑫主体的独立北京服务经历。,先核实,主体待核组。本轮逐一对照四份正式政府名单，未取得可归属的入选记录；不等于机构差或不存在其他荣誉。不进入政府品牌推选优先组；数值仅供查看已有资料构成。,v2.0,本轮公开索引未取得可归属育儿服务投诉，渠道公开信息较薄。,已按1组名称查询当前公示列表，本轮未见记录；不代表零投诉，公示期限、名称别称和公开范围会影响结果。,"[黑猫] site:tousu.sina.com.cn ""北京金有鑫家政公司"" 投诉
该具体查询返回空结果；不代表平台全库无投诉。

[消费保] site:xfb315.com ""北京金有鑫家政公司"" 投诉
该具体查询返回空结果；不代表平台全库无投诉。

[监管媒体] ""北京金有鑫家政公司"" 投诉 退费 12315 消协 处罚 法院
本次查询返回12个索引链接（可能含无关项）。该渠道合并判读：主要为招聘和家政目录；薪资/岗位信息不属于家庭消费者售后评价。 搜索页只据可见摘要判读；已回读来源另列，不把索引摘要当作已打开原文。

[消费保补查] 北京金有鑫家政公司 消费保 投诉 退费
本次查询返回16个索引链接（可能含无关项）。该渠道合并判读：消费保定向和补查未取得可归属个案。 搜索页只据可见摘要判读；已回读来源另列，不把索引摘要当作已打开原文。

[12315站内] 北京金有鑫家政有限公司
查询“北京金有鑫家政有限公司”：该名称在此次公示列表未见记录，不代表零投诉或没有历史纠纷；公示期限、名称别称和公开范围会影响结果。

未取得本轮可单列案例；不代表没有投诉。

来源（读取及归属边界见对应记录）：
https://tsgs.12315.cn/#/viewport",2.0,主体待核组,不进入政府品牌优先组,0,,
北京丽洁世纪家政服务有限公司,有北京业务线索,综合家政,商家页自称北京丽洁世纪家政服务有限公司，未取得官方工商记录。,2026-09商家原页有15个月带睡及2个月小宝、满月宝宝岗位，列北京育儿嫂业务。,本次原页有2026-09-19服务广告和9月招聘，支持近期线上发布；未确认实际营业、阿姨档期。,2026-09-19广告标题称“一次交费终身免费服务”；正文没给期限、次数、费用定义及适用服务，不能直接解释为终身免费换人。,未取得一次费用性质、哪些费用可退、换人失败退款规则或时限。,广告标题“4000”与页面工资4500–7000并存，另15个月带睡岗位7500–8500元；工种与计费含义不同，需当前报价单确认。,公司自述经验人员和完善管理；岗位要求高中、经验、辅食等只是招聘条件，不是已完成考核证明。,未取得具体回访、督导、投诉处理和临时替补机制。,欧老师19801338802，微信同号；地址只到丰台六里桥，需索门店详细门牌。,补到近期小月龄及带睡岗位和公开电话。“终身免费服务”只有标题，核心应核一次费用如何收、可换几次和无法匹配如何退；独立口碑检索未取得可归属消费者原帖。,未取得可供签约的现行北京育儿嫂完整合同；未电话确认在岗/待岗候选、实际补位时间和退费执行,"丽洁世纪家政 北京 育儿嫂 公司 主体 官网 → 检索公司与北京育儿业务；相关原文和局限见来源。
丽洁世纪家政 育儿嫂 更换 退款 合同 服务费 → 检索换人、退费、合同；可用规则及缺口见具体发现。
丽洁世纪家政 口碑 投诉 黑猫 消费保 小红书 评价 → 检索具名消费评价及争议；只有明确对应品牌的材料才纳入。
寻找消费者关于“北京丽洁世纪家政”雇育儿嫂或保姆的真实体验、投诉、退费和换人纠纷，在黑猫、消费保、知乎、小红书或新闻中 → 增加正文具名限定和消费者/采访优先的复查。可用材料及排除理由见来源与口碑；无关品牌、商家广告、匿名泛推荐不算本机构独立口碑。","北京丽洁世纪家政公司简介 https://www.beijingbaomu.com/user/lijieshiji/about.html（已通过 Exa web_fetch_exa 读取返回的正文）
一次交费终身免费服务广告 https://www.beijingbaomu.com/user/lijieshiji/xq99999979966.html（已通过 Exa web_fetch_exa 读取返回的正文）
请带15个月宝宝住家阿姨 https://www.beijingbaomu.com/user/lijieshiji/xq100000017645.html（已通过 Exa web_fetch_exa 读取返回的正文）",,完成品牌及北京家政限定查询。首搜多为淋浴房/卫生用品等无关结果；限定后仍是泛家政推荐和别家投诉，未发现能归属丽洁世纪的独立育儿嫂体验。,先核实,未匹配入选名单的补充组。本轮逐一对照四份正式政府名单，未取得可归属的入选记录；不等于机构差或不存在其他荣誉。,v2.0,本轮公开索引未取得可归属的育儿服务投诉；缺可核交易和售后执行材料。,已按1组名称查询当前公示列表，本轮未见记录；不代表零投诉，公示期限、名称别称和公开范围会影响结果。,"[消费保] site:xfb315.com ""北京丽洁世纪家政服务有限公司"" 投诉
该具体查询返回空结果；不代表平台全库无投诉。

[黑猫] site:tousu.sina.com.cn ""北京丽洁世纪家政服务有限公司"" 投诉
该具体查询返回空结果；不代表平台全库无投诉。

[监管媒体] ""北京丽洁世纪家政服务有限公司"" 投诉 退费 12315 消协 处罚 法院
本次查询返回11个索引链接（可能含无关项）。该渠道合并判读：公司目录和招聘信息未提供具体消费者争议或监管事实。 搜索页只据可见摘要判读；已回读来源另列，不把索引摘要当作已打开原文。

[消费保补查] 北京丽洁世纪家政服务有限公司 消费保 投诉 退费
本次查询返回17个索引链接（可能含无关项）。该渠道合并判读：消费保定向及补查未取得可归属个案。 搜索页只据可见摘要判读；已回读来源另列，不把索引摘要当作已打开原文。

[12315站内] 北京丽洁世纪家政服务有限公司
查询“北京丽洁世纪家政服务有限公司”：该名称在此次公示列表未见记录，不代表零投诉或没有历史纠纷；公示期限、名称别称和公开范围会影响结果。

未取得本轮可单列案例；不代表没有投诉。

来源（读取及归属边界见对应记录）：
https://tsgs.12315.cn/#/viewport",1.0,未匹配入选名单的补充组,不进入政府品牌优先组,0,,
北京置业家政,有北京业务线索,综合家政,页面仅写北京置业家政，未给完整法人名称及统一社会信用代码；“置业”也常指地产，不能以同名地产结果推定主体。,公司简介明确北京育儿嫂、育婴师、白班/住家及顺义服务地址。,网站资料在本轮可读；此前有2026招聘线索，仍需电话核现营与待岗人员，不能把列表“待岗”当实际库存。,未取得任何次数、价差、响应或到岗时限条款。,未取得中介费/管理费组成、试工取消或更换失败退费规则。,本轮所读公司与联系页没有当期育儿嫂价格；需按白班/住家、带睡、休息和家务分别报价。,商家声明全部阿姨有健康证及户籍证明；没有当前人员证件、体检或技能测试可核。,简介泛称服务全市、适应不同家庭；没有取得正式回访督导或空档期保障。,田经理15010219214、13641210864（微信13641210864）；顺义便民街东口幸福东区8号楼8单元。,已逐家查主体、服务规则与独立评价并回读公司原页；能确认公开业务和联系线索，仍不能确认实际法人和换人责任。未发现可归属评价不等于口碑良好。,未取得可供签约的现行北京育儿嫂完整合同；未电话确认在岗/待岗候选、实际补位时间和退费执行,"北京置业家政 北京 育儿嫂 公司 主体 官网 → 检索公司与北京育儿业务；相关原文和局限见来源。
北京置业家政 育儿嫂 更换 退款 合同 服务费 → 检索换人、退费、合同；可用规则及缺口见具体发现。
北京置业家政 口碑 投诉 黑猫 消费保 小红书 评价 → 检索具名消费评价及争议；只有明确对应品牌的材料才纳入。
寻找消费者关于“北京置业家政”雇育儿嫂或保姆的真实体验、投诉、退费和换人纠纷，在黑猫、消费保、知乎、小红书或新闻中 → 增加正文具名限定和消费者/采访优先的复查。可用材料及排除理由见来源与口碑；无关品牌、商家广告、匿名泛推荐不算本机构独立口碑。","北京置业家政 https://www.beijingbaomu.com/user/zhiye/（已通过 Exa web_fetch_exa 读取返回的正文）
北京置业家政公司简介 https://www.beijingbaomu.com/user/zhiye/about.html（已通过 Exa web_fetch_exa 读取返回的正文）",,已完成站内北京置业家政精确名称查询并审阅结果。未出现可合理归属该企业的客户上户、换人或退费经历；搜索大量推荐其他机构投诉与普通招聘，不能混归。,先核实,主体待核组。本轮逐一对照四份正式政府名单，未取得可归属的入选记录；不等于机构差或不存在其他荣誉。不进入政府品牌推选优先组；数值仅供查看已有资料构成。,v2.0,本轮公开索引未取得可归属个案；首要缺口仍是准确机构与合同法人识别。,已按1组名称查询当前公示列表，本轮未见记录；不代表零投诉，公示期限、名称别称和公开范围会影响结果。,"[黑猫] site:tousu.sina.com.cn ""北京置业家政"" 投诉
该具体查询返回空结果；不代表平台全库无投诉。

[消费保] site:xfb315.com ""北京置业家政"" 投诉
该具体查询返回空结果；不代表平台全库无投诉。

[监管媒体] ""北京置业家政"" 投诉 退费 12315 消协 处罚 法院
本次查询返回10个索引链接（可能含无关项）。该渠道合并判读：完整法人仍不明确，公开检索难以排除同名地产公司及泛称。 搜索页只据可见摘要判读；已回读来源另列，不把索引摘要当作已打开原文。

[消费保补查] 北京置业家政 消费保 投诉 退费
本次查询返回17个索引链接（可能含无关项）。该渠道合并判读：消费保补查的置业/房产类结果与家政机构归属无证据，未纳入。 搜索页只据可见摘要判读；已回读来源另列，不把索引摘要当作已打开原文。

[12315站内] 北京置业家政
查询“北京置业家政”：该名称在此次公示列表未见记录，不代表零投诉或没有历史纠纷；公示期限、名称别称和公开范围会影响结果。

未取得本轮可单列案例；不代表没有投诉。

来源（读取及归属边界见对应记录）：
https://tsgs.12315.cn/#/viewport",1.0,主体待核组,不进入政府品牌优先组,0,,
北京新鑫家政服务有限公司,有北京业务线索,综合家政,目录自述北京新鑫家政服务有限公司，尚未取得官方工商实时核验。避免与鑫悦、新欣、欣馨语等近似名称混同。,2026-07-21 服务广告明确北京育儿嫂、育婴师；现有目录列海淀地址及多年龄宝宝岗位线索。,有2026年服务、招聘和机构作者文章；线上人员库数量是宣传，不等于本月能面试/上户人数。,未取得免费更换次数、价差与到岗时限。所谓线上签约流程没有附可审查合同条款。,未取得中介费、持续服务费及取消/换人失败退款规则。,2026-07-21 育儿嫂广告参考6000–9000元/月，未明休息天数、带睡和机构费用；不是当前保证报价。,2026-01机构作者文章称入库初核身份证、健康问询和技能沟通、持续培训；人员档案列证书和工作记录，未经独立核原件。,同文章称顾问后续支持和定期更新人员状态；没有响应期限、督导频次、替补到岗记录。,付老师18201523885；主目录海淀交大东路66号院2号楼1层126，而2026广告写朝阳望京园603号楼12层1503，需确认经营门店。,已补较新报价和选人流程，发现门店地址存在海淀/朝阳两版。独立评价查询没有形成可核机构履约口碑；核心更换和退费条款仍待取得。,未取得可供签约的现行北京育儿嫂完整合同；未电话确认在岗/待岗候选、实际补位时间和退费执行,"北京新鑫家政 北京 育儿嫂 公司 主体 官网 → 检索公司与北京育儿业务；相关原文和局限见来源。
北京新鑫家政 育儿嫂 更换 退款 合同 服务费 → 检索换人、退费、合同；可用规则及缺口见具体发现。
北京新鑫家政 口碑 投诉 黑猫 消费保 小红书 评价 → 检索具名消费评价及争议；只有明确对应品牌的材料才纳入。
寻找消费者关于“北京新鑫家政”雇育儿嫂或保姆的真实体验、投诉、退费和换人纠纷，在黑猫、消费保、知乎、小红书或新闻中 → 增加正文具名限定和消费者/采访优先的复查。可用材料及排除理由见来源与口碑；无关品牌、商家广告、匿名泛推荐不算本机构独立口碑。","北京新鑫家政服务有限公司 https://www.beijingbaomu.com/user/xinxin/（已通过 Exa web_fetch_exa 读取返回的正文）
新鑫提供育儿嫂育婴师 https://www.beijingbaomu.com/wap/xuqiu/100000004315.html（已通过 Exa web_fetch_exa 读取返回的正文）
新鑫家政找保姆指南 https://www.beijingbaomu.com/xinxi/9999992118.html（已通过 Exa web_fetch_exa 读取返回的正文）",,已做精确机构查询，进一步读了“亲测北京部分家政公司”的正文、两张长文图片和评论。内容是求职者办证/招聘经历，但没有公开公司名，不能归属新鑫。其他结果多泛育儿招聘或别家机构。,先核实,未匹配入选名单的补充组。本轮逐一对照四份正式政府名单，未取得可归属的入选记录；不等于机构差或不存在其他荣誉。,v2.0,本轮公开索引未取得可归属的育儿服务投诉；没有把政府名单出现当处罚。,已按1组名称查询当前公示列表，本轮未见记录；不代表零投诉，公示期限、名称别称和公开范围会影响结果。,"[黑猫] site:tousu.sina.com.cn ""北京新鑫家政服务有限公司"" 投诉
该具体查询返回空结果；不代表平台全库无投诉。

[消费保] site:xfb315.com ""北京新鑫家政服务有限公司"" 投诉
该具体查询返回空结果；不代表平台全库无投诉。

[监管媒体] ""北京新鑫家政服务有限公司"" 投诉 退费 12315 消协 处罚 法院
本次查询返回10个索引链接（可能含无关项）。该渠道合并判读：政府检查/名录搜索未取得对应公司违法事实；新欣、欣馨语等近名不合并。 搜索页只据可见摘要判读；已回读来源另列，不把索引摘要当作已打开原文。

[消费保补查] 北京新鑫家政服务有限公司 消费保 投诉 退费
本次查询返回17个索引链接（可能含无关项）。该渠道合并判读：消费保定向及补查未取得可归属个案。 搜索页只据可见摘要判读；已回读来源另列，不把索引摘要当作已打开原文。

[12315站内] 北京新鑫家政服务有限公司
查询“北京新鑫家政服务有限公司”：该名称在此次公示列表未见记录，不代表零投诉或没有历史纠纷；公示期限、名称别称和公开范围会影响结果。

未取得本轮可单列案例；不代表没有投诉。

来源（读取及归属边界见对应记录）：
https://tsgs.12315.cn/#/viewport",6.0,未匹配入选名单的补充组,不进入政府品牌优先组,0,,
北京华夏逢缘家政服务有限公司,有北京业务线索,综合家政,商家目录自述北京华夏逢缘家政服务有限公司；未取得官方工商信息，不与华夏中青混淆。,公司原页列北京育儿嫂、育婴师及朝阳武圣西里地址。,2026年9月普通家政广告提供线上活动线索；品牌展示页混入徐泾/古美/松江等上海地名，明显需逐项复核，不能把模板内容全信为北京业务。,品牌展示页写“家政人员无理由更换三次”。没有明确写免费、期限、育儿嫂适用范围、差价或到岗时限，不能升级为三次免费保障。,未取得退款比例、首配费、试用或更换失败扣费公式。,读到的4500–8000是普通住家保姆广告；未取得当前育儿嫂专门完整报价。,公司自述身份核实、体检、岗前测评和培训、责任保险；未取得候选验证样本或保单。,目录称管理团队全程跟踪用户反馈；展示页有督导/培训部门名称，但没有可核执行记录。,黄老师18611205361、010-52870883；朝阳武圣西里25号楼1单元201室。展示页另写国贸，需核当前到店点。,新增找到三次更换宣传与2018月嫂正面投稿；二者均不能证明当前育儿嫂换人质量。应核展示页政策是否仍执行、是否收费及无人可换的退费办法。,未取得可供签约的现行北京育儿嫂完整合同；未电话确认在岗/待岗候选、实际补位时间和退费执行,"华夏逢缘家政 北京 育儿嫂 公司 主体 官网 → 检索公司与北京育儿业务；相关原文和局限见来源。
华夏逢缘家政 育儿嫂 更换 退款 合同 服务费 → 检索换人、退费、合同；可用规则及缺口见具体发现。
华夏逢缘家政 口碑 投诉 黑猫 消费保 小红书 评价 → 检索具名消费评价及争议；只有明确对应品牌的材料才纳入。
寻找消费者关于“北京华夏逢缘家政”雇育儿嫂或保姆的真实体验、投诉、退费和换人纠纷，在黑猫、消费保、知乎、小红书或新闻中 → 增加正文具名限定和消费者/采访优先的复查。可用材料及排除理由见来源与口碑；无关品牌、商家广告、匿名泛推荐不算本机构独立口碑。","华夏逢缘公司简介 https://www.beijingbaomu.com/user/fengyuan/about.html（已通过 Exa web_fetch_exa 读取返回的正文）
华夏逢缘品牌展示页 https://www.beijingbaomu.com/fengyuan/（已通过 Exa web_fetch_exa 读取返回的正文）
华夏逢缘介绍的月嫂体验 https://www.beijingbaomu.com/xinxi/1226.html（已通过 Exa web_fetch_exa 读取返回的正文）",,完成两次查询。品牌短词结果多为华夏保险/理疗仪/沙发等同字噪声；补家政后仍未命中可确认华夏逢缘的雇主经验。没有把其他华夏品牌争议套用到本机构。,先核实,未匹配入选名单的补充组。本轮逐一对照四份正式政府名单，未取得可归属的入选记录；不等于机构差或不存在其他荣誉。,v2.0,本轮公开索引未取得可归属育儿履约投诉；华夏中青和华夏逢缘不合并。,已按1组名称查询当前公示列表，本轮未见记录；不代表零投诉，公示期限、名称别称和公开范围会影响结果。,"[黑猫] site:tousu.sina.com.cn ""北京华夏逢缘家政服务有限公司"" 投诉
该具体查询返回空结果；不代表平台全库无投诉。

[消费保] site:xfb315.com ""北京华夏逢缘家政服务有限公司"" 投诉
该具体查询返回空结果；不代表平台全库无投诉。

[监管媒体] ""北京华夏逢缘家政服务有限公司"" 投诉 退费 12315 消协 处罚 法院
本次查询返回7个索引链接（可能含无关项）。该渠道合并判读：目录、历史正面月嫂报道及华夏银行/保险等无关结果中未取得本公司明确投诉。 搜索页只据可见摘要判读；已回读来源另列，不把索引摘要当作已打开原文。

[消费保补查] 北京华夏逢缘家政服务有限公司 消费保 投诉 退费
本次查询返回18个索引链接（可能含无关项）。该渠道合并判读：消费保定向与补查未取得可归属个案。 搜索页只据可见摘要判读；已回读来源另列，不把索引摘要当作已打开原文。

[12315站内] 北京华夏逢缘家政服务有限公司
查询“北京华夏逢缘家政服务有限公司”：该名称在此次公示列表未见记录，不代表零投诉或没有历史纠纷；公示期限、名称别称和公开范围会影响结果。

未取得本轮可单列案例；不代表没有投诉。

来源（读取及归属边界见对应记录）：
https://tsgs.12315.cn/#/viewport",8.0,未匹配入选名单的补充组,不进入政府品牌优先组,0,,
北京运成家政服务有限公司,有北京业务线索,综合家政,商家目录自述北京运成家政服务有限公司、2014年1月成立；未取得登记机关实时核验。,2026-09-07 专页直接发布育儿嫂育婴师，朝阳望京经营地址；另具体岗位有1岁独立带睡。,本次原文含2026-09服务广告与2026-08机构文章，支持近期线上活动；未电话核当前候选和营业。,未取得免费更换次数、备选人提供期限及到岗承诺。,未取得中介/管理费的分项、解除合同和匹配失败退款细则。,2026-09-07育儿嫂服务广告6000–10000元/月；2026-01混合岗位中1岁带睡9000元。广告不包括完整休息和机构收费，不作为当期承诺。,商家宣称专业培训、健康证、育婴师证；未核证书原件和背景报告。,机构作者服务手记描述需求沟通、匹配与家庭协作；没有独立消费者对机构督导/换人的履约记录。,程老师13717789272（微信同号）；朝阳望京西园四区406号楼101。,已补近期服务、价格、电话和机构服务描述。口碑主要来自自写手记，不能算独立用户好评；取得当前更换、退款条款后才可和前列机构比较。,未取得可供签约的现行北京育儿嫂完整合同；未电话确认在岗/待岗候选、实际补位时间和退费执行,"北京运成家政 北京 育儿嫂 公司 主体 官网 → 检索公司与北京育儿业务；相关原文和局限见来源。
北京运成家政 育儿嫂 更换 退款 合同 服务费 → 检索换人、退费、合同；可用规则及缺口见具体发现。
北京运成家政 口碑 投诉 黑猫 消费保 小红书 评价 → 检索具名消费评价及争议；只有明确对应品牌的材料才纳入。
寻找消费者关于“北京运成家政”雇育儿嫂或保姆的真实体验、投诉、退费和换人纠纷，在黑猫、消费保、知乎、小红书或新闻中 → 增加正文具名限定和消费者/采访优先的复查。可用材料及排除理由见来源与口碑；无关品牌、商家广告、匿名泛推荐不算本机构独立口碑。","北京运成家政服务有限公司 https://www.beijingbaomu.com/user/yuncheng/（已通过 Exa web_fetch_exa 读取返回的正文）
运成提供育儿嫂育婴师 https://www.beijingbaomu.com/user/yuncheng/xq100000012704.html（已通过 Exa web_fetch_exa 读取返回的正文）
运成家政真实服务手记 https://www.beijingbaomu.com/xinxi/9999992431.html（已通过 Exa web_fetch_exa 读取返回的正文）",,站内精确机构检索完成，搜索呈现北京泛家政/求职/价格内容及别家明确点名投诉，未取得运成家政独立育儿嫂履约样本。,先核实,未匹配入选名单的补充组。本轮逐一对照四份正式政府名单，未取得可归属的入选记录；不等于机构差或不存在其他荣誉。,v2.0,本轮公开索引未取得可归属具体投诉；可验证的公开售后材料较少。,已按1组名称查询当前公示列表，本轮未见记录；不代表零投诉，公示期限、名称别称和公开范围会影响结果。,"[黑猫] site:tousu.sina.com.cn ""北京运成家政服务有限公司"" 投诉
该具体查询返回空结果；不代表平台全库无投诉。

[消费保] site:xfb315.com ""北京运成家政服务有限公司"" 投诉
该具体查询返回空结果；不代表平台全库无投诉。

[监管媒体] ""北京运成家政服务有限公司"" 投诉 退费 12315 消协 处罚 法院
本次查询返回12个索引链接（可能含无关项）。该渠道合并判读：主要是泛政府名单、采购和无关家政投诉，未核到对应运成公司的具体争议。 搜索页只据可见摘要判读；已回读来源另列，不把索引摘要当作已打开原文。

[消费保补查] 北京运成家政服务有限公司 消费保 投诉 退费
本次查询返回17个索引链接（可能含无关项）。该渠道合并判读：消费保定向及补查未取得可归属个案。 搜索页只据可见摘要判读；已回读来源另列，不把索引摘要当作已打开原文。

[12315站内] 北京运成家政服务有限公司
查询“北京运成家政服务有限公司”：该名称在此次公示列表未见记录，不代表零投诉或没有历史纠纷；公示期限、名称别称和公开范围会影响结果。

未取得本轮可单列案例；不代表没有投诉。

来源（读取及归属边界见对应记录）：
https://tsgs.12315.cn/#/viewport",4.0,未匹配入选名单的补充组,不进入政府品牌优先组,0,,
北京优贝优家政服务有限公司,有北京业务线索,综合家政,商家自述北京优贝优家政服务有限公司；与优贝优聪、优宝贝国际名称不同，未有法人关联证据，不合并其口碑或保障。,2026-06-11服务原页明确全北京、白班/住家育儿嫂等；主目录丰台方庄地址。,2026服务和招聘原页可读；实际当前档期和执照仍待验证。,商家原页称可先试工后签合同、不满可任意调换；没有说明免费、更换次数及到岗时限，需明确试工费用和更换差价。,未取得试工结束、机构匹配失败和中途解除的服务费退款规则。,2026-05育儿嫂/月嫂混合广告6000–10000元/月，6月家政混合广告5000–8000元/月；不能当统一育儿嫂价格，尚缺机构费、带睡和休息定义。,商家声明背景核实、培训、持证上岗、身份健康真实；未取得候选原始核验材料。,服务原页提客户沟通、投诉处理，但没有顾问响应或督导频率。,010-67654998、13161326998、13691120665；丰台方庄桥东鑫源国际1号楼509室。2022正面投稿所列13161326998与现商家页重合，支持品牌关联但不保证订单真实。,已补先试工、任意调换原文及2022月嫂正面投稿；当前育儿嫂免费更换和退费规则依然不完整。已排除近似品牌投诉和政策混淆。,未取得可供签约的现行北京育儿嫂完整合同；未电话确认在岗/待岗候选、实际补位时间和退费执行,"北京优贝优家政 北京 育儿嫂 公司 主体 官网 → 检索公司与北京育儿业务；相关原文和局限见来源。
北京优贝优家政 育儿嫂 更换 退款 合同 服务费 → 检索换人、退费、合同；可用规则及缺口见具体发现。
北京优贝优家政 口碑 投诉 黑猫 消费保 小红书 评价 → 检索具名消费评价及争议；只有明确对应品牌的材料才纳入。
寻找消费者关于“北京优贝优家政”雇育儿嫂或保姆的真实体验、投诉、退费和换人纠纷，在黑猫、消费保、知乎、小红书或新闻中 → 增加正文具名限定和消费者/采访优先的复查。可用材料及排除理由见来源与口碑；无关品牌、商家广告、匿名泛推荐不算本机构独立口碑。","北京优贝优家政服务有限公司 https://www.beijingbaomu.com/user/youbeiyou/（已通过 Exa web_fetch_exa 读取返回的正文）
全北京提供保姆育儿嫂 https://www.beijingbaomu.com/user/youbeiyou/xq99999985628.html（已通过 Exa web_fetch_exa 读取返回的正文）
二胎月嫂吴大姐体验 https://www.beijingbaomu.com/xinxi/9999991959.html（已通过 Exa web_fetch_exa 读取返回的正文）",,已做站内完整名称查询并阅读结果标题/链接，未命中可确认优贝优的独立服务经历。与优宝贝国际、优贝优聪等近名主体保持区分，未将他们的培训争议转嫁到本机构。,先核实,未匹配入选名单的补充组。本轮逐一对照四份正式政府名单，未取得可归属的入选记录；不等于机构差或不存在其他荣誉。,v2.0,本轮公开索引未取得可归属北京优贝优育儿服务的投诉；已明确排除优护家/育婴宝案件误归因。,已按1组名称查询当前公示列表，本轮未见记录；不代表零投诉，公示期限、名称别称和公开范围会影响结果。,"[黑猫] site:tousu.sina.com.cn ""北京优贝优家政服务有限公司"" 投诉
该具体查询返回空结果；不代表平台全库无投诉。

[消费保] site:xfb315.com ""北京优贝优家政服务有限公司"" 投诉
该具体查询返回空结果；不代表平台全库无投诉。

[监管媒体] ""北京优贝优家政服务有限公司"" 投诉 退费 12315 消协 处罚 法院
本次查询返回8个索引链接（可能含无关项）。该渠道合并判读：历史月嫂好评及同名/近名机构结果不足以形成当前独立评价。 搜索页只据可见摘要判读；已回读来源另列，不把索引摘要当作已打开原文。

[消费保补查] 北京优贝优家政服务有限公司 消费保 投诉 退费
本次查询返回17个索引链接（可能含无关项）。该渠道合并判读：消费保定向及补查未取得可归属优贝优个案。 搜索页只据可见摘要判读；已回读来源另列，不把索引摘要当作已打开原文。

[12315站内] 北京优贝优家政服务有限公司
查询“北京优贝优家政服务有限公司”：该名称在此次公示列表未见记录，不代表零投诉或没有历史纠纷；公示期限、名称别称和公开范围会影响结果。

未取得本轮可单列案例；不代表没有投诉。

来源（读取及归属边界见对应记录）：
https://tsgs.12315.cn/#/viewport",10.0,未匹配入选名单的补充组,不进入政府品牌优先组,0,,
北京齐家家政服务有限公司,有北京业务线索,综合家政,商家页自述为北京齐家家政服务有限公司，未取得政府登记页或执照校验。不要与齐家装修网、天伦齐家等近名品牌混并。,当前商家页列育婴师、育儿嫂，并列望京7个月宝宝、海淀满月宝宝等招聘，是北京育儿业务的直接商家线索。,2026-09-21直读页面可访问，有当日标注的信息；日期可能为刷新，不能等同岗位仍有效或已核实在营。,未取得现行育儿嫂换人条款；次数、收费、等待期及无人可换时如何处理均缺公开合同证据。,未取得该主体的育儿嫂退费合同或双方确认的退费实例；不能推定可退或不可退。,公开招聘样本：望京7个月宝宝约8000元/月、月休4天；海淀满月宝宝8500元单休。是岗位工资线索，非含中介费的当前用户报价。,简介自述定期专业培训、服务员体检和管理；没有核验实际人员的证书、背调报告或培训考核。,自述全程跟踪管理，未披露固定回访频率、负责督导或问题响应期限。,商家公开咨询电话18211165159、13718404972；未拨打。页脚丰台玉泉营宝隆大厦2-525，简介仍为大兴首邑上城，地址冲突需确认。,有具体北京育儿岗位和联系方式，较纯目录名称更可追查；关键缺口是法人核验与换人退费合同，暂无可归属的独立用户口碑。,当前签约与收款主体及营业执照；当前可面试人选及北京到岗档期；免费更换次数、补差价、候选和到岗期限；无法匹配或提前解约的退费公式与到账期限,"""北京齐家家政"" 育儿嫂 公司 → 商家页自述为北京齐家家政服务有限公司，未取得政府登记页或执照校验。不要与齐家装修网、天伦齐家等近名品牌混并。 当前商家页列育婴师、育儿嫂，并列望京7个月宝宝、海淀满月宝宝等招聘，是北京育儿业务的直接商家线索。
""北京齐家家政"" 更换 退款 合同 → 未取得现行育儿嫂换人条款；次数、收费、等待期及无人可换时如何处理均缺公开合同证据。 未取得该主体的育儿嫂退费合同或双方确认的退费实例；不能推定可退或不可退。
""北京齐家家政"" 评价 投诉 → 有具体北京育儿岗位和联系方式，较纯目录名称更可追查；关键缺口是法人核验与换人退费合同，暂无可归属的独立用户口碑。
北京齐家家政服务有限公司 → 执行补检索；证据及失败边界见sources与raw-39-56对应原始记录，不把无结果当无争议。
北京齐家家政13718404972 → 执行补检索；证据及失败边界见sources与raw-39-56对应原始记录，不把无结果当无争议。
北京齐家家政 评价 退款 黑猫 消费保 小红书 知乎 → 执行补检索；证据及失败边界见sources与raw-39-56对应原始记录，不把无结果当无争议。",北京齐家家政商家主页 https://www.beijingbaomu.com/user/xianghe/（已读原文）,,已完成小红书北京齐家家政精确查询，未取得可归属独立雇主样本。检索推荐主要是其他机构争议与招工；此前读到“齐其家政”的评论也不擅自当“齐家”。,先核实,未匹配入选名单的补充组。本轮逐一对照四份正式政府名单，未取得可归属的入选记录；不等于机构差或不存在其他荣誉。,v2.0,本轮公开索引未取得可归属北京齐家家政育儿服务投诉。,已按1组名称查询当前公示列表，本轮未见记录；不代表零投诉，公示期限、名称别称和公开范围会影响结果。,"[黑猫] site:tousu.sina.com.cn ""北京齐家家政服务有限公司"" 投诉
该具体查询返回空结果；不代表平台全库无投诉。

[消费保] site:xfb315.com ""北京齐家家政服务有限公司"" 投诉
该具体查询返回空结果；不代表平台全库无投诉。

[监管媒体] ""北京齐家家政服务有限公司"" 投诉 退费 12315 消协 处罚 法院
本次查询返回3个索引链接（可能含无关项）。该渠道合并判读：泛齐家装修、天伦齐家等结果不能对应本机构；未取得该主体明确媒体/监管争议。 搜索页只据可见摘要判读；已回读来源另列，不把索引摘要当作已打开原文。

[消费保补查] 北京齐家家政服务有限公司 消费保 投诉 退费
本次查询返回17个索引链接（可能含无关项）。该渠道合并判读：消费保定向及补查未取得可归属北京齐家家政个案。 搜索页只据可见摘要判读；已回读来源另列，不把索引摘要当作已打开原文。

[12315站内] 北京齐家家政服务有限公司
查询“北京齐家家政服务有限公司”：该名称在此次公示列表未见记录，不代表零投诉或没有历史纠纷；公示期限、名称别称和公开范围会影响结果。

未取得本轮可单列案例；不代表没有投诉。

来源（读取及归属边界见对应记录）：
https://tsgs.12315.cn/#/viewport",3.0,未匹配入选名单的补充组,不进入政府品牌优先组,0,,
北京三晋之家家政服务有限公司,有北京业务线索,综合家政,商家用名北京三晋之家家政服务有限公司；2025-11-07署名商家文章称从北京齐心家政升级。鱼泡索引披露2019-01-30成立、法定代表人姚满香、朝阳立清路地址，但未政府登记核验。,商家页有高级育儿嫂及通州、密云、海淀小月龄招聘。京东索引也出现三晋之家服务商品，尚未确认其店铺营业执照与该公司一致。,商家页面可读取，最近育儿招聘标2026年9月；改名为商家自述，不能替代法定名称变更证明。,未取得现行育儿嫂换人条款；次数、收费、等待期及无人可换时如何处理均缺公开合同证据。,未取得该主体的育儿嫂退费合同或双方确认的退费实例；不能推定可退或不可退。,商家页面有育儿岗位8000—8500元、9000元，以及人员工资9000元和10000元以上的样本；休息方式和职责不同，不能直接作为统一报价。,商家称培训、考核、上岗、跟踪和再培训形成闭环；没有人员证照与实际考核记录。,更名介绍自述专属客服管家和数字化全程跟踪；未披露明确回访频率及问题响应期限。,18911592902（商家公开，未拨打）；商家页北苑家园，第三方工商索引朝阳立清路8号院，正式门店地址需核。,别名线索已补齐，今后查口碑应同时查齐心、三晋之家；有具体育儿供给自述，尚无可归属的独立口碑或现行换退规则。,当前签约与收款主体及营业执照；当前可面试人选及北京到岗档期；免费更换次数、补差价、候选和到岗期限；无法匹配或提前解约的退费公式与到账期限,"""三晋之家"" 北京 育儿嫂 → 商家用名北京三晋之家家政服务有限公司；2025-11-07署名商家文章称从北京齐心家政升级。鱼泡索引披露2019-01-30成立、法定代表人姚满香、朝阳立清路地址，但未政府登记核验。 商家页有高级育儿嫂及通州、密云、海淀小月龄招聘。京东索引也出现三晋之家服务商品，尚未确认其店铺营业执照与该公司一致。
""三晋之家"" 家政 更换 退款 合同 → 未取得现行育儿嫂换人条款；次数、收费、等待期及无人可换时如何处理均缺公开合同证据。 未取得该主体的育儿嫂退费合同或双方确认的退费实例；不能推定可退或不可退。
""三晋之家"" 家政 评价 投诉 → 别名线索已补齐，今后查口碑应同时查齐心、三晋之家；有具体育儿供给自述，尚无可归属的独立口碑或现行换退规则。
北京三晋之家家政服务有限公司 → 执行补检索；证据及失败边界见sources与raw-39-56对应原始记录，不把无结果当无争议。
北京齐心家政更换退款投诉 → 执行补检索；证据及失败边界见sources与raw-39-56对应原始记录，不把无结果当无争议。
三晋之家 齐心家政 评价 退款 黑猫 消费保 小红书 知乎 → 执行补检索；证据及失败边界见sources与raw-39-56对应原始记录，不把无结果当无争议。","北京三晋之家商家主页 https://www.beijingbaomu.com/user/qixin/（已读原文）
十年同心，晋善晋美：三晋之家更名介绍 https://www.beijingbaomu.com/xinxi/9999992033.html（已读原文（原生阅读失败后通过公开HTML读取））
鱼泡企业信息页 https://www.yupao.com/qiye/11195761.html（搜索索引，原文待核）",,完成两次站内搜索并打开近名的三晋阿姨原帖，明确其位于太原并由商家自己发布，不能当北京三晋之家的口碑或换人承诺。未取得北京三晋之家可归属独立体验。,先核实,未匹配入选名单的补充组。本轮逐一对照四份正式政府名单，未取得可归属的入选记录；不等于机构差或不存在其他荣誉。,v2.0,本轮公开索引未取得可归属个案；前身与新品牌需要合同或工商关系闭环。,已按1组名称查询当前公示列表，本轮未见记录；不代表零投诉，公示期限、名称别称和公开范围会影响结果。,"[黑猫] site:tousu.sina.com.cn ""北京三晋之家家政服务有限公司"" 投诉
该具体查询返回空结果；不代表平台全库无投诉。

[消费保] site:xfb315.com ""北京三晋之家家政服务有限公司"" 投诉
该具体查询返回空结果；不代表平台全库无投诉。

[监管媒体] ""北京三晋之家家政服务有限公司"" 投诉 退费 12315 消协 处罚 法院
本次查询返回13个索引链接（可能含无关项）。该渠道合并判读：补查商家宣称前身北京齐心家政，未取得明确对应的公开消费争议；升级关系未有官方证明。 搜索页只据可见摘要判读；已回读来源另列，不把索引摘要当作已打开原文。

[消费保补查] 北京三晋之家家政服务有限公司 消费保 投诉 退费
本次查询返回17个索引链接（可能含无关项）。该渠道合并判读：消费保定向及补查未取得可归属个案。 搜索页只据可见摘要判读；已回读来源另列，不把索引摘要当作已打开原文。

[主体与别名补查] 北京三晋之家 北京齐心家政 投诉
本次查询返回18个索引链接（可能含无关项）。该渠道合并判读：补查商家宣称前身北京齐心家政，未取得明确对应的公开消费争议；升级关系未有官方证明。 搜索页只据可见摘要判读；已回读来源另列，不把索引摘要当作已打开原文。

[12315站内] 北京三晋之家家政服务有限公司
查询“北京三晋之家家政服务有限公司”：该名称在此次公示列表未见记录，不代表零投诉或没有历史纠纷；公示期限、名称别称和公开范围会影响结果。

未取得本轮可单列案例；不代表没有投诉。

来源（读取及归属边界见对应记录）：
https://tsgs.12315.cn/#/viewport",3.0,未匹配入选名单的补充组,不进入政府品牌优先组,0,,
北京康佑佳家政,有北京业务线索,综合家政,商家简介明确全称北京康佑佳健康管理有限公司；未取得政府登记页。搜索中的烟台康佑佳医药、医疗器械等非该主体。,商家列育儿育婴及早教；有劲松4个月宝宝白班、朝阳石佛营9个月宝宝、满月宝宝带睡招聘。,当前主页可访问并展示2026年9月育儿招聘；无法仅据刷新日期证实实时到岗与在营。,未取得现行育儿嫂换人条款；次数、收费、等待期及无人可换时如何处理均缺公开合同证据。,未取得该主体的育儿嫂退费合同或双方确认的退费实例；不能推定可退或不可退。,劲松白班育儿嫂岗位7500元双休、9至18点；石佛营带9个月宝宝的白班保姆6500元双休。两者工作量不同，均为招聘工资，不含未知服务费。,自述健康管理与家政结合，服务按技能等级收费；人员简历列育婴和早教证书，但证书真实性未核验。,未取得育儿业务督导人员、回访频率或异常事件处理流程。,18513932071（商家公开，未拨打）；朝阳北京像素北区8号楼302。,从未明主体推进到商家自述全称及具体北京育儿岗位，但育儿督导和换退保障仍没有公开合同证据；未取得独立消费经历。,当前签约与收款主体及营业执照；当前可面试人选及北京到岗档期；免费更换次数、补差价、候选和到岗期限；无法匹配或提前解约的退费公式与到账期限,"""康佑佳"" 北京 育儿嫂 公司 → 商家简介明确全称北京康佑佳健康管理有限公司；未取得政府登记页。搜索中的烟台康佑佳医药、医疗器械等非该主体。 商家列育儿育婴及早教；有劲松4个月宝宝白班、朝阳石佛营9个月宝宝、满月宝宝带睡招聘。
""康佑佳"" 家政 换人 退款 合同 → 未取得现行育儿嫂换人条款；次数、收费、等待期及无人可换时如何处理均缺公开合同证据。 未取得该主体的育儿嫂退费合同或双方确认的退费实例；不能推定可退或不可退。
""康佑佳"" 家政 评价 投诉 → 从未明主体推进到商家自述全称及具体北京育儿岗位，但育儿督导和换退保障仍没有公开合同证据；未取得独立消费经历。
北京康佑佳家政 → 执行补检索；证据及失败边界见sources与raw-39-56对应原始记录，不把无结果当无争议。
北京康佑佳健康管理有限公司 → 执行补检索；证据及失败边界见sources与raw-39-56对应原始记录，不把无结果当无争议。
康佑佳家政 评价 退款 黑猫 消费保 小红书 知乎 → 执行补检索；证据及失败边界见sources与raw-39-56对应原始记录，不把无结果当无争议。",北京康佑佳家政主页 https://www.beijingbaomu.com/user/kangyoujia/（已读原文）,,已做品牌词与家政限定两次查询。短词大量命中康佑佳轮椅商品，限定后主要泛家政内容，未取得可合理归属北京康佑佳家政的独立履约经历。,先核实,未匹配入选名单的补充组。本轮逐一对照四份正式政府名单，未取得可归属的入选记录；不等于机构差或不存在其他荣誉。,v2.0,本轮公开索引未取得可归属北京康佑佳的育儿投诉；未把其他健康管理公司的处罚贴到本机构。,已按1组名称查询当前公示列表，本轮未见记录；不代表零投诉，公示期限、名称别称和公开范围会影响结果。,"[黑猫] site:tousu.sina.com.cn ""北京康佑佳家政"" 投诉
该具体查询返回空结果；不代表平台全库无投诉。

[监管媒体] ""北京康佑佳家政"" 投诉 退费 12315 消协 处罚 法院
本次查询返回5个索引链接（可能含无关项）。该渠道合并判读：补查北京康佑佳健康管理，搜索出现京亿康（北京）处罚等近名材料，主体不同已排除。 搜索页只据可见摘要判读；已回读来源另列，不把索引摘要当作已打开原文。

[消费保] site:xfb315.com ""北京康佑佳家政"" 投诉
该具体查询返回空结果；不代表平台全库无投诉。

[消费保补查] 北京康佑佳家政 消费保 投诉 退费
本次查询返回17个索引链接（可能含无关项）。该渠道合并判读：消费保定向及补查未取得可归属个案。 搜索页只据可见摘要判读；已回读来源另列，不把索引摘要当作已打开原文。

[主体与别名补查] 北京康佑佳健康管理有限公司 投诉
本次查询返回15个索引链接（可能含无关项）。该渠道合并判读：补查北京康佑佳健康管理，搜索出现京亿康（北京）处罚等近名材料，主体不同已排除。 搜索页只据可见摘要判读；已回读来源另列，不把索引摘要当作已打开原文。

[12315站内] 北京康佑佳健康管理有限公司
查询“北京康佑佳健康管理有限公司”：该名称在此次公示列表未见记录，不代表零投诉或没有历史纠纷；公示期限、名称别称和公开范围会影响结果。

未取得本轮可单列案例；不代表没有投诉。

来源（读取及归属边界见对应记录）：
https://tsgs.12315.cn/#/viewport",1.0,未匹配入选名单的补充组,不进入政府品牌优先组,0,,
北京康贝乐家政服务有限公司,有北京业务线索,综合家政,北京康贝乐家政服务有限公司；商家自述家贝乐为旗下品牌。品牌关联尚未取得企业登记或商标权属核验。,主页明列育婴师，并有2026-09-17昌平40天宝宝及太阳宫育儿嫂、海淀5个月宝宝招聘。,现页可读取，多条育儿招聘标2026年9月；需核档期和法人。,未取得现行育儿嫂换人条款；次数、收费、等待期及无人可换时如何处理均缺公开合同证据。,未取得该主体的育儿嫂退费合同或双方确认的退费实例；不能推定可退或不可退。,海淀5个月宝宝岗位8000—9000元/月单休；另有育儿师简历10000—12000元以上，不是统一价或完整服务费。,自述与培训机构合作、培训后持证上岗；太阳宫岗位要求育婴证及体检。未核验实际候选人的报告，十佳示范店等荣誉仅是商家自述。,未公开可验证的督导和回访频率。,010-58453575、13581860105（公开商家号未拨打）；现页朝阳北苑路大屯里116号楼底商106室，旧广告天创世缘D1座606不能当现址。,北京育儿业务线索较具体，应以康贝乐与家贝乐两个名称追查合同主体；暂无可归属独立口碑，宣传荣誉不等于保障执行。,当前签约与收款主体及营业执照；当前可面试人选及北京到岗档期；免费更换次数、补差价、候选和到岗期限；无法匹配或提前解约的退费公式与到账期限,"""北京康贝乐家政"" 育儿嫂 公司 → 北京康贝乐家政服务有限公司；商家自述家贝乐为旗下品牌。品牌关联尚未取得企业登记或商标权属核验。 主页明列育婴师，并有2026-09-17昌平40天宝宝及太阳宫育儿嫂、海淀5个月宝宝招聘。
""康贝乐家政"" 更换 退款 合同 → 未取得现行育儿嫂换人条款；次数、收费、等待期及无人可换时如何处理均缺公开合同证据。 未取得该主体的育儿嫂退费合同或双方确认的退费实例；不能推定可退或不可退。
""康贝乐家政"" 评价 投诉 → 北京育儿业务线索较具体，应以康贝乐与家贝乐两个名称追查合同主体；暂无可归属独立口碑，宣传荣誉不等于保障执行。
北京康贝乐家政服务有限公司 → 执行补检索；证据及失败边界见sources与raw-39-56对应原始记录，不把无结果当无争议。
北京康贝乐 家贝乐 评价 退款 黑猫 消费保 小红书 知乎 → 执行补检索；证据及失败边界见sources与raw-39-56对应原始记录，不把无结果当无争议。","康贝乐商家主页 https://www.beijingbaomu.com/user/jiayuan/（已读原文）
家贝乐家政提供保姆育儿嫂 https://www.beijingbaomu.com/xuqiu/54046.html（Exa正文摘要，原文未复核）",,完成站内精确品牌/城市/行业词检索，结果中未见可合理归属康贝乐的独立顾客经历。核对与此前已读帖子重复的结果后，排除了其他品牌或匿名内容，不能据“未找到”判断口碑好。,先核实,未匹配入选名单的补充组。本轮逐一对照四份正式政府名单，未取得可归属的入选记录；不等于机构差或不存在其他荣誉。,v2.0,本轮公开索引未取得可归属康贝乐/家贝乐家政投诉；已排除近名早教机构关停新闻。,已按1组名称查询当前公示列表，本轮未见记录；不代表零投诉，公示期限、名称别称和公开范围会影响结果。,"[黑猫] site:tousu.sina.com.cn ""北京康贝乐家政服务有限公司"" 投诉
该具体查询返回空结果；不代表平台全库无投诉。

[消费保] site:xfb315.com ""北京康贝乐家政服务有限公司"" 投诉
该具体查询返回空结果；不代表平台全库无投诉。

[监管媒体] ""北京康贝乐家政服务有限公司"" 投诉 退费 12315 消协 处罚 法院
本次查询返回12个索引链接（可能含无关项）。该渠道合并判读：补查家贝乐品牌，未取得准确主体的消费争议；易贝乐早教关停不是康贝乐家政。 搜索页只据可见摘要判读；已回读来源另列，不把索引摘要当作已打开原文。

[消费保补查] 北京康贝乐家政服务有限公司 消费保 投诉 退费
本次查询返回18个索引链接（可能含无关项）。该渠道合并判读：消费保定向及补查未取得可归属个案。 搜索页只据可见摘要判读；已回读来源另列，不把索引摘要当作已打开原文。

[主体与别名补查] 家贝乐 北京康贝乐 投诉
本次查询返回16个索引链接（可能含无关项）。该渠道合并判读：补查家贝乐品牌，未取得准确主体的消费争议；易贝乐早教关停不是康贝乐家政。 搜索页只据可见摘要判读；已回读来源另列，不把索引摘要当作已打开原文。

[12315站内] 北京康贝乐家政服务有限公司
查询“北京康贝乐家政服务有限公司”：该名称在此次公示列表未见记录，不代表零投诉或没有历史纠纷；公示期限、名称别称和公开范围会影响结果。

未取得本轮可单列案例；不代表没有投诉。

来源（读取及归属边界见对应记录）：
https://tsgs.12315.cn/#/viewport",1.0,未匹配入选名单的补充组,不进入政府品牌优先组,0,,
北京君诚安家家政服务有限公司,有北京业务线索,综合家政,主页自称北京君诚安家家政服务有限公司，未取得政府登记页、执照或可验证统一信用代码。,简介称服务覆盖全北京；2026-09-02发布月嫂育儿嫂招聘，职责涉及喂养、洗澡、夜醒照顾等。未见可选人员清单。,网页可访问且有2026-09招聘自述；主体和实时接单均未独立核实。,未取得现行育儿嫂换人条款；次数、收费、等待期及无人可换时如何处理均缺公开合同证据。,未取得该主体的育儿嫂退费合同或双方确认的退费实例；不能推定可退或不可退。,未取得育儿嫂工资区间、年度中介费、试工费或其他收费明细。,商家称所有人员经筛选、培训并持证；没有课程、考试、背调或体检结果。,未取得督导与回访制度。,当前页仅在线预约咨询，地址通州潞城镇武兴路小豆各庄村301号院1号楼834室；未显示可核实咨询电话。,深查后仍属于资料薄弱候选：有北京育儿招聘但缺法人核验、价格、人员池和售后细则，未形成独立口碑证据。,当前签约与收款主体及营业执照；当前可面试人选及北京到岗档期；免费更换次数、补差价、候选和到岗期限；无法匹配或提前解约的退费公式与到账期限,"""君诚安家"" 北京 育儿嫂 → 主页自称北京君诚安家家政服务有限公司，未取得政府登记页、执照或可验证统一信用代码。 简介称服务覆盖全北京；2026-09-02发布月嫂育儿嫂招聘，职责涉及喂养、洗澡、夜醒照顾等。未见可选人员清单。
""君诚安家"" 更换 退款 合同 → 未取得现行育儿嫂换人条款；次数、收费、等待期及无人可换时如何处理均缺公开合同证据。 未取得该主体的育儿嫂退费合同或双方确认的退费实例；不能推定可退或不可退。
""君诚安家"" 评价 投诉 → 深查后仍属于资料薄弱候选：有北京育儿招聘但缺法人核验、价格、人员池和售后细则，未形成独立口碑证据。
北京君诚安家家政服务有限公司 → 执行补检索；证据及失败边界见sources与raw-39-56对应原始记录，不把无结果当无争议。
君诚安家家政 评价 退款 黑猫 消费保 小红书 知乎 → 执行补检索；证据及失败边界见sources与raw-39-56对应原始记录，不把无结果当无争议。",北京君诚安家商家主页 https://www.beijingbaomu.com/user/jcan/（已读原文）,,完成两次站内检索，并核读君诚严选账号指导帖：正文明确自称君诚安家，说明存在近期品牌内容，但帖子是经营者经验分享、没有顾客评论，不是独立口碑或更换实录。,先核实,未匹配入选名单的补充组。本轮逐一对照四份正式政府名单，未取得可归属的入选记录；不等于机构差或不存在其他荣誉。,v2.0,结果以无关卫生抽查、私募注销、律师名单为主，不能对应君诚安家；本轮公开索引未取得可归属个案。,已按1组名称查询当前公示列表，本轮未见记录；不代表零投诉，公示期限、名称别称和公开范围会影响结果。,"[黑猫投诉公开索引] site:tousu.sina.com.cn ""君诚安家""
本轮该平台定向公开索引未取得可归属个案；搜索不命中不等于没有投诉。

[消费保公开索引] site:xfb315.com ""君诚安家""
本轮该平台定向公开索引未取得可归属个案；搜索不命中不等于没有投诉。

[投诉/媒体/监管/司法公开网页] ""北京君诚安家"" 投诉 退费 消协 12315 处罚 法院
结果以无关卫生抽查、私募注销、律师名单为主，不能对应君诚安家；本轮公开索引未取得可归属个案。

[12315站内] 北京君诚安家家政服务有限公司
查询“北京君诚安家家政服务有限公司”：该名称在此次公示列表未见记录，不代表零投诉或没有历史纠纷；公示期限、名称别称和公开范围会影响结果。

未取得本轮可单列案例；不代表没有投诉。

来源（读取及归属边界见对应记录）：
https://tsgs.12315.cn/#/viewport",1.0,未匹配入选名单的补充组,不进入政府品牌优先组,0,,
北京俊誉家政公司,有北京业务线索,综合家政,北京保姆网简称俊誉家政公司，家政港与2025年谈单老师招聘自称北京俊誉家政服务有限公司；未政府登记核验。,2026年7—8月的商家招聘涉及丰台2个月宝宝、海淀2岁和1岁4个月宝宝；家政港另有丰台新宫及西局白班育儿招聘。,两站有2026年育儿招聘线索；都属商家自述，不等于现单或门店核验。,未取得现行育儿嫂换人条款；次数、收费、等待期及无人可换时如何处理均缺公开合同证据。,未取得该主体的育儿嫂退费合同或双方确认的退费实例；不能推定可退或不可退。,主带2个月、不带睡的丰台岗位8000—9000元单休；家政港5个月宝宝白班7000元双休，8个月宝宝白班6000—6500元单休，均为不同岗位工资样本。,单条招聘提出英语、绘本、年龄与经验要求，但没取得统一培训筛选流程。,谈单老师招聘提到匹配阿姨和促成签约；并未证明售后督导制度或到岗保证。,2025-10-30商家招聘列13671128643、18634498931、13683352572、13621324913，未拨打。两个目录地址分别为方恒偶寓B座1012和方庄南路15号楼9层1座1008，需确认现址。,已有更多具体育儿岗位和公司全称线索，但地址不一致；没有取得独立客户评价或换人退费承诺，先核门店及合同。,当前签约与收款主体及营业执照；当前可面试人选及北京到岗档期；免费更换次数、补差价、候选和到岗期限；无法匹配或提前解约的退费公式与到账期限,"""北京俊誉家政"" 育儿嫂 公司 → 北京保姆网简称俊誉家政公司，家政港与2025年谈单老师招聘自称北京俊誉家政服务有限公司；未政府登记核验。 2026年7—8月的商家招聘涉及丰台2个月宝宝、海淀2岁和1岁4个月宝宝；家政港另有丰台新宫及西局白班育儿招聘。
""北京俊誉家政"" 更换 退款 合同 → 未取得现行育儿嫂换人条款；次数、收费、等待期及无人可换时如何处理均缺公开合同证据。 未取得该主体的育儿嫂退费合同或双方确认的退费实例；不能推定可退或不可退。
""北京俊誉家政"" 评价 投诉 → 已有更多具体育儿岗位和公司全称线索，但地址不一致；没有取得独立客户评价或换人退费承诺，先核门店及合同。
北京俊誉家政公司 → 执行补检索；证据及失败边界见sources与raw-39-56对应原始记录，不把无结果当无争议。
俊誉家政 评价 退款 黑猫 消费保 小红书 知乎 → 执行补检索；证据及失败边界见sources与raw-39-56对应原始记录，不把无结果当无争议。","北京俊誉家政主页 https://www.beijingbaomu.com/user/junyijz/（已读原文）
家政港北京俊誉主页 https://bj.jiazhenggang.com/user/junyu/（Exa摘要；原文访问失败）
俊誉招聘谈单老师 https://www.beijingbaomu.com/xuqiu/100000013873.html（Exa正文摘要；待复核原文）",,已做精确品牌查询并核读北京俊誉家政服务有限公司账号的育婴师推荐帖，正文明确全北京0-3岁住家/白班育婴服务；仅证明品牌在发布服务信息，阿姨资历与好评均为其自述，未取得独立雇主经历。,先核实,未匹配入选名单的补充组。本轮逐一对照四份正式政府名单，未取得可归属的入选记录；不等于机构差或不存在其他荣誉。,v2.0,出现怀柔市场监管检查表、外地处罚和全国消费报道，所示单位不对应俊誉家政；本轮公开索引未取得可归属个案。,已核对当前公示列表。公示服务分类为体育培训、问题为定金争议，分类是否填报准确未核，不能改写为育儿嫂定金投诉。名称匹配可含分支及其他工种，不能作为机构投诉率。,"[黑猫投诉公开索引] site:tousu.sina.com.cn ""俊誉家政""
本轮该平台定向公开索引未取得可归属个案；搜索不命中不等于没有投诉。

[消费保公开索引] site:xfb315.com ""俊誉家政""
本轮该平台定向公开索引未取得可归属个案；搜索不命中不等于没有投诉。

[投诉/媒体/监管/司法公开网页] ""俊誉家政"" 北京 投诉 退费 消协 12315 处罚 法院
出现怀柔市场监管检查表、外地处罚和全国消费报道，所示单位不对应俊誉家政；本轮公开索引未取得可归属个案。

[12315站内] 北京俊誉家政服务有限公司
查询“北京俊誉家政服务有限公司”此次页面显示1条关键词匹配公示。公示服务分类为体育培训、问题为定金争议，分类是否填报准确未核，不能改写为育儿嫂定金投诉。以上数量是所列查询关键词此次匹配的公示记录数，可能含分支、近名和不同服务工种；不同查询之间可能重叠，不合计为机构投诉总数，不是投诉率或质量排名。公示期限为一年，不涵盖全部历史、未公开投诉或所有分支。投诉内容为当事人填写，调解结果不是违法认定；达成调解不等于退款已到账。

未取得本轮可单列案例；不代表没有投诉。

来源（读取及归属边界见对应记录）：
https://tsgs.12315.cn/#/viewport",1.0,未匹配入选名单的补充组,不进入政府品牌优先组,0,,
北京昊煜坤城家政公司,有北京业务线索,综合家政,商家使用北京昊煜坤城家政公司。另搜到北京昊煜坤城企业管理咨询有限公司，2026-04-28成立且范围含家政；没有证据把两者确认为同一签约主体。,主页主要服务字段列育儿嫂、育婴师，简介偏住家保姆、月嫂和厨娘派单；当前页服务信息、招聘列表为空，未取得具体育儿人员或订单。,页面存在；同名企业数据不能证明该店现营，当前育儿嫂可接单未确认。,未取得现行育儿嫂换人条款；次数、收费、等待期及无人可换时如何处理均缺公开合同证据。,未取得该主体的育儿嫂退费合同或双方确认的退费实例；不能推定可退或不可退。,未取得育儿工资、服务费和换人差价。,简介提培训、标准化管理的理念，但无具体课程、考核或人员资质证据。,仅一般管理口号，未取得实际督导流程。,商家页朝阳八里庄61号远洋商务801室，仅在线预约入口，未显示可核实电话。,逐项深查后业务证据仍弱：仅商家服务分类，没有具体育儿单；同名法人不可直接合并。暂不能判断真实供给、售后或口碑。,当前签约与收款主体及营业执照；当前可面试人选及北京到岗档期；免费更换次数、补差价、候选和到岗期限；无法匹配或提前解约的退费公式与到账期限,"""昊煜坤城"" 北京 家政 育儿嫂 → 商家使用北京昊煜坤城家政公司。另搜到北京昊煜坤城企业管理咨询有限公司，2026-04-28成立且范围含家政；没有证据把两者确认为同一签约主体。 主页主要服务字段列育儿嫂、育婴师，简介偏住家保姆、月嫂和厨娘派单；当前页服务信息、招聘列表为空，未取得具体育儿人员或订单。
""昊煜坤城"" 换人 退款 合同 → 未取得现行育儿嫂换人条款；次数、收费、等待期及无人可换时如何处理均缺公开合同证据。 未取得该主体的育儿嫂退费合同或双方确认的退费实例；不能推定可退或不可退。
""昊煜坤城"" 评价 投诉 → 逐项深查后业务证据仍弱：仅商家服务分类，没有具体育儿单；同名法人不可直接合并。暂不能判断真实供给、售后或口碑。
北京昊煜坤城家政 → 执行补检索；证据及失败边界见sources与raw-39-56对应原始记录，不把无结果当无争议。
昊煜坤城家政 评价 退款 黑猫 消费保 小红书 知乎 → 执行补检索；证据及失败边界见sources与raw-39-56对应原始记录，不把无结果当无争议。","北京昊煜坤城商家主页 https://www.beijingbaomu.com/user/bjhykc/（已读原文）
昊煜坤城企业管理咨询公司 https://www.shuididp.cn/yp-70f91c10142b306166eb142815307301.html（搜索索引；待原文复核）",,两次站内查询完成。首搜主要房地产/楼盘同字噪声，补家政后为泛阿姨求职与其他机构投诉，未取得昊煜坤城可归属的独立服务经历。,先核实,主体待核组。本轮逐一对照四份正式政府名单，未取得可归属的入选记录；不等于机构差或不存在其他荣誉。不进入政府品牌推选优先组；数值仅供查看已有资料构成。,v2.0,仅取得同名企业管理咨询公司信息及无关监管列表；咨询公司与原家政商家主体关系尚未证明，本轮公开索引未取得可归属个案。,已按1组名称查询当前公示列表，本轮未见记录；不代表零投诉，公示期限、名称别称和公开范围会影响结果。,"[黑猫投诉公开索引] site:tousu.sina.com.cn ""昊煜坤城""
本轮该平台定向公开索引未取得可归属个案；搜索不命中不等于没有投诉。

[消费保公开索引] site:xfb315.com ""昊煜坤城""
本轮该平台定向公开索引未取得可归属个案；搜索不命中不等于没有投诉。

[投诉/媒体/监管/司法公开网页] ""昊煜坤城"" 北京 投诉 退费 消协 12315 处罚 法院
仅取得同名企业管理咨询公司信息及无关监管列表；咨询公司与原家政商家主体关系尚未证明，本轮公开索引未取得可归属个案。

[12315站内] 北京昊煜坤城
查询“北京昊煜坤城”：该名称在此次公示列表未见记录，不代表零投诉或没有历史纠纷；公示期限、名称别称和公开范围会影响结果。

未取得本轮可单列案例；不代表没有投诉。

来源（读取及归属边界见对应记录）：
https://tsgs.12315.cn/#/viewport",1.0,主体待核组,不进入政府品牌优先组,0,,
北京春宇家政服务有限公司（简介写春雨，名称需核实）,有北京业务线索,综合家政,页面标题“北京春宇家政服务有限公司”，正文“北京春雨家政服务有限公司”，自述2021-04-12成立、200万资本。未找到可确认哪一名称正确的执照或政府登记。,2026-09-10望京15个月宝宝、不带睡的育儿家务招聘；2026-07-11有4个月宝宝育儿岗位。,主页有2026年7—9月业务信息，但名称冲突尚未解决，不能声称完成主体或现营核验。,未取得现行育儿嫂换人条款；次数、收费、等待期及无人可换时如何处理均缺公开合同证据。,未取得该主体的育儿嫂退费合同或双方确认的退费实例；不能推定可退或不可退。,4个月宝宝、辅助做饭家务的招聘工资8000—8500元；没有合同费和休息方式完整信息，不当统一报价。,现页没有详细筛选、培训或体检核验标准。,未取得育儿督导、回访制度。,北京丰台宋家庄家园；商家在线预约入口，未取得现行可核实电话。,现有具体育儿岗位线索，核心问题是公司名称不一致；应先拿执照及现行合同。没取得独立消费经历，不能据此给好评或差评。,春宇还是春雨，营业执照统一信用代码是什么；宋家庄当前实际门店与咨询电话；育儿嫂人员池与可接单档期；现行更换和退费合同全文,"""北京春宇家政"" ""北京春雨家政"" 育儿嫂 → 页面标题“北京春宇家政服务有限公司”，正文“北京春雨家政服务有限公司”，自述2021-04-12成立、200万资本。未找到可确认哪一名称正确的执照或政府登记。 2026-09-10望京15个月宝宝、不带睡的育儿家务招聘；2026-07-11有4个月宝宝育儿岗位。
""春宇家政"" 换人 退款 合同 → 未取得现行育儿嫂换人条款；次数、收费、等待期及无人可换时如何处理均缺公开合同证据。 未取得该主体的育儿嫂退费合同或双方确认的退费实例；不能推定可退或不可退。
""春宇家政"" 评价 投诉 → 现有具体育儿岗位线索，核心问题是公司名称不一致；应先拿执照及现行合同。没取得独立消费经历，不能据此给好评或差评。
北京春宇家政宋家庄 → 执行补检索；证据及失败边界见sources与raw-39-56对应原始记录，不把无结果当无争议。
北京春雨家政服务有限公司宋家庄投诉更换退款 → 执行补检索；证据及失败边界见sources与raw-39-56对应原始记录，不把无结果当无争议。
北京春宇 春雨家政 评价 退款 黑猫 消费保 小红书 知乎 → 执行补检索；证据及失败边界见sources与raw-39-56对应原始记录，不把无结果当无争议。",春宇／春雨家政商家页 https://www.beijingbaomu.com/user/bjchunyu/（已读原文）,,已分别检索春宇和资料简介中的春雨两个名称。两组结果均未获得可确认该企业的独立育儿嫂服务经历；因此保留名称待核，不把春雨相关随机帖子当同一主体。,先核实,主体待核组。本轮逐一对照四份正式政府名单，未取得可归属的入选记录；不等于机构差或不存在其他荣誉。不进入政府品牌推选优先组；数值仅供查看已有资料构成。,v2.0,同时追查春宇、简介中的春雨；结果中的贵阳春雨心、上海春雨和人名春宇未能对应北京本店。本轮公开索引未取得可归属个案，名称歧义仍限制覆盖。,已按2组名称查询当前公示列表，本轮未见记录；不代表零投诉，公示期限、名称别称和公开范围会影响结果。,"[黑猫投诉公开索引] site:tousu.sina.com.cn ""春宇家政""
本轮该平台定向公开索引未取得可归属个案；搜索不命中不等于没有投诉。

[消费保公开索引] site:xfb315.com ""春宇家政""
本轮该平台定向公开索引未取得可归属个案；搜索不命中不等于没有投诉。

[投诉/媒体/监管/司法公开网页] ""春宇家政"" 北京 投诉 退费 消协 12315 处罚 法院
同时追查春宇、简介中的春雨；结果中的贵阳春雨心、上海春雨和人名春宇未能对应北京本店。本轮公开索引未取得可归属个案，名称歧义仍限制覆盖。

[别名/精确主体/个案补充公开检索] ""北京春雨家政服务有限公司"" 投诉
补充检索人工归属结论：同时追查春宇、简介中的春雨；结果中的贵阳春雨心、上海春雨和人名春宇未能对应北京本店。本轮公开索引未取得可归属个案，名称歧义仍限制覆盖。

[别名/精确主体/个案补充公开检索] ""春雨家政"" 北京 消费保
补充检索人工归属结论：同时追查春宇、简介中的春雨；结果中的贵阳春雨心、上海春雨和人名春宇未能对应北京本店。本轮公开索引未取得可归属个案，名称歧义仍限制覆盖。

[12315站内] 北京春宇家政服务有限公司
查询“北京春宇家政服务有限公司”：该名称在此次公示列表未见记录，不代表零投诉或没有历史纠纷；公示期限、名称别称和公开范围会影响结果。

[12315站内] 北京春雨家政服务有限公司
查询“北京春雨家政服务有限公司”：该名称在此次公示列表未见记录，不代表零投诉或没有历史纠纷；公示期限、名称别称和公开范围会影响结果。

未取得本轮可单列案例；不代表没有投诉。

来源（读取及归属边界见对应记录）：
https://tsgs.12315.cn/#/viewport",0.0,主体待核组,不进入政府品牌优先组,0,,
轻喜到家,有北京业务线索,综合家政,官网主体为深圳轻喜到家科技有限公司，列北京分公司；未核当前育儿嫂订单的签约法人及人员劳动关系。,现官网列育婴早教业务，并列北京朝阳远洋国际中心C座301分公司；可证品牌有北京机构和育儿品类，未取得当前北京可面试人员清单。,现官网可访问并展示育婴早教及北京分公司；2026年媒体亦报道其经营活动。育儿嫂当前接单仍需核实。,未取得现行育儿嫂换人条款；次数、收费、等待期及无人可换时如何处理均缺公开合同证据。,未取得该主体的育儿嫂退费合同或双方确认的退费实例；不能推定可退或不可退。,未取得北京育儿嫂当前工资、年费和试工费；保洁次卡、年卡价格不适用于育儿嫂。,官网展示母婴育婴培训、深圳和上海培训基地及理论实操；属于品牌自述，未核北京实际人选考核与证照。,历史官方文章称直营员工制；不能据此认定每份当前育儿订单都为雇佣制。当前育儿督导频率及应急替补期限未公开。,官网北京分公司：朝阳东四环中段远洋国际中心C座301；可从官网官方咨询入口核单，未主动联系。,有北京分公司和育儿品类公开证据，人员与培训信息比纯目录充分；公开独立争议集中在其他服务，尚不足给北京育儿嫂口碑定级。,当前签约与收款主体及营业执照；当前可面试人选及北京到岗档期；免费更换次数、补差价、候选和到岗期限；无法匹配或提前解约的退费公式与到账期限,"轻喜到家 北京 育儿嫂 公司 直营 → 官网主体为深圳轻喜到家科技有限公司，列北京分公司；未核当前育儿嫂订单的签约法人及人员劳动关系。 现官网列育婴早教业务，并列北京朝阳远洋国际中心C座301分公司；可证品牌有北京机构和育儿品类，未取得当前北京可面试人员清单。
轻喜到家 育儿嫂 更换 退款 合同 → 未取得现行育儿嫂换人条款；次数、收费、等待期及无人可换时如何处理均缺公开合同证据。 未取得该主体的育儿嫂退费合同或双方确认的退费实例；不能推定可退或不可退。
轻喜到家 育儿嫂 投诉 评价 → 有北京分公司和育儿品类公开证据，人员与培训信息比纯目录充分；公开独立争议集中在其他服务，尚不足给北京育儿嫂口碑定级。","轻喜到家官网 https://www.qxdaojia.com/（已读原文）
消费者被敷衍、求职者被套路？轻喜到家规模扩张背后 https://news.10jqka.com.cn/20260421/c676144036.shtml（已读原文）
轻喜直营员工制介绍 https://www.qxdaojia.com/NewsDetail/4056497.html（搜索索引；本轮未取得正文）",,本条目无此次站内核查记录,第二批,未匹配入选名单的补充组。本轮逐一对照四份正式政府名单，未取得可归属的入选记录；不等于机构差或不存在其他荣誉。,v2.0,黑猫、消费保有多个品牌退款和预约争议；本轮回读一个用户确认已解决退款单、一个系统自动完结单。城市和工种不详的记录仅作品牌售后线索，不等同北京育儿嫂质量。,已核对当前公示列表。首屏包含各城市分支的培训、清洁、房屋保洁等，另有明显与主营不一致的填报分类；这些均不能作为北京育儿嫂投诉率。名称匹配可含分支及其他工种，不能作为机构投诉率。,"[黑猫投诉公开索引] site:tousu.sina.com.cn ""轻喜到家""
合并搜索结果中取得该平台链接；逐条核对品牌/主体，黑猫、消费保有多个品牌退款和预约争议；本轮回读一个用户确认已解决退款单、一个系统自动完结单。城市和工种不详的记录仅作品牌售后线索，不等同北京育儿嫂质量。

[消费保公开索引] site:xfb315.com ""轻喜到家""
合并搜索结果中取得该平台链接；逐条核对品牌/主体，黑猫、消费保有多个品牌退款和预约争议；本轮回读一个用户确认已解决退款单、一个系统自动完结单。城市和工种不详的记录仅作品牌售后线索，不等同北京育儿嫂质量。

[投诉/媒体/监管/司法公开网页] ""轻喜到家"" 投诉
黑猫、消费保有多个品牌退款和预约争议；本轮回读一个用户确认已解决退款单、一个系统自动完结单。城市和工种不详的记录仅作品牌售后线索，不等同北京育儿嫂质量。

[12315站内] 深圳轻喜到家科技有限公司
查询“深圳轻喜到家科技有限公司”此次页面显示449条关键词匹配公示。首屏包含各城市分支的培训、清洁、房屋保洁等，另有明显与主营不一致的填报分类；这些均不能作为北京育儿嫂投诉率。以上数量是所列查询关键词此次匹配的公示记录数，可能含分支、近名和不同服务工种；不同查询之间可能重叠，不合计为机构投诉总数，不是投诉率或质量排名。公示期限为一年，不涵盖全部历史、未公开投诉或所有分支。投诉内容为当事人填写，调解结果不是违法认定；达成调解不等于退款已到账。

案例：轻喜未消费服务退款诉求，用户后续确认解决
日期：2026-02-01
工种：家政套餐，具体工种未披露
记录：消费者就378元未消费服务申请退款，称原退款渠道和沟通不顺畅。
回应：平台显示转交企业；未见具体企业答复。
处理结果：2026-02-01用户申请完结，页面标已解决、方案退款；无退款到账明细。
限制：非可确认北京育儿订单；问题事实为投诉者陈述。
读取状态：已读原网页
来源：https://www.xfb365.com/tousu/100478700

案例：轻喜套餐无法预约后的退款诉求
日期：2026-07-04
工种：家政套餐，具体工种未披露
记录：用户称购买449元套餐后不能预约，申请退款需找客服但沟通无果。
回应：2026-07-07企业表示已反馈负责人跟进处理。
处理结果：2026-08-06因30天无后续操作系统自动完成；没有退款凭证。
限制：自动完成不等于实质解决；非可确认北京育儿订单。
读取状态：已读原网页
来源：https://tousu.sina.com.cn/complaint/view/17399394056/?sld=d5e83a11deb1af3621e12c5ef4e92b75

来源（读取及归属边界见对应记录）：
https://www.xfb365.com/tousu/100478700
https://tousu.sina.com.cn/complaint/view/17399394056/?sld=d5e83a11deb1af3621e12c5ef4e92b75
https://tsgs.12315.cn/#/viewport",1.0,未匹配入选名单的补充组,不进入政府品牌优先组,0,,
爱贝佳,有北京业务线索,母婴服务,存在多个名称：商家页“北京爱贝佳母婴护理服务中心”；品牌目录“北京爱贝佳医院管理有限公司”；广告另有家庭服务有限公司。未取得共同品牌权属及具体签约主体关系，不能混为一家法人。,北京家政港商家页列月嫂、育儿嫂、育婴师和早教师，地址丰台方庄南路2号10层2单元1003；可证北京育儿服务宣传。,商家页可读，品牌资料仍被索引；未取得近期可到岗育儿人员或订单证据。,未取得现行育儿嫂换人条款；次数、收费、等待期及无人可换时如何处理均缺公开合同证据。,未取得该主体的育儿嫂退费合同或双方确认的退费实例；不能推定可退或不可退。,未取得可验证的北京育儿嫂现行完整报价。,第三方推广稿有培训和高持证率宣传，未取得可核课程、考核记录或实际候选人报告。,未取得育儿业务回访频率、负责人和到岗替补时限。,北京家政港商家在线预约，方庄南路2号10层2单元1003；品牌目录另列B903，需核现址与法人。,北京育儿业务可追查，但同品牌多主体必须先拆清；本轮未取得可归属北京育儿订单的独立评价或公开换退合同。,当前签约与收款主体及营业执照；当前可面试人选及北京到岗档期；免费更换次数、补差价、候选和到岗期限；无法匹配或提前解约的退费公式与到账期限,"北京 爱贝佳 母婴护理 育儿嫂 公司 → 存在多个名称：商家页“北京爱贝佳母婴护理服务中心”；品牌目录“北京爱贝佳医院管理有限公司”；广告另有家庭服务有限公司。未取得共同品牌权属及具体签约主体关系，不能混为一家法人。 北京家政港商家页列月嫂、育儿嫂、育婴师和早教师，地址丰台方庄南路2号10层2单元1003；可证北京育儿服务宣传。
北京 爱贝佳 育儿嫂 更换 退款 合同 → 未取得现行育儿嫂换人条款；次数、收费、等待期及无人可换时如何处理均缺公开合同证据。 未取得该主体的育儿嫂退费合同或双方确认的退费实例；不能推定可退或不可退。
北京 爱贝佳 评价 投诉 育儿嫂 → 北京育儿业务可追查，但同品牌多主体必须先拆清；本轮未取得可归属北京育儿订单的独立评价或公开换退合同。
北京 爱贝佳 投诉 退款 小红书 → 执行补检索；证据及失败边界见sources与raw-39-56对应原始记录，不把无结果当无争议。","北京爱贝佳母婴护理服务中心商家页 https://bj.jiazhenggang.com/user/muying151/（已读原文）
Maigoo爱贝佳品牌资料 https://www.maigoo.com/brand/98851.html（搜索索引；原文访问失败）",,本条目无此次站内核查记录,先核实,主体待核组。本轮逐一对照四份正式政府名单，未取得可归属的入选记录；不等于机构差或不存在其他荣誉。不进入政府品牌推选优先组；数值仅供查看已有资料构成。,v2.0,检得2017年伤婴报道相关索引，但同时有企业声明称涉事人2013年已终止合作、该订单未经公司签约；归属存在实质争议，不能把标题直接当作该机构订单事故。黑猫/消费保未取得明确归属新增原单。,已按1组名称查询当前公示列表，本轮未见记录；不代表零投诉，公示期限、名称别称和公开范围会影响结果。,"[黑猫投诉公开索引] site:tousu.sina.com.cn ""爱贝佳""
本轮该平台定向公开索引未取得可归属个案；搜索不命中不等于没有投诉。

[消费保公开索引] site:xfb315.com ""爱贝佳""
本轮该平台定向公开索引未取得可归属个案；搜索不命中不等于没有投诉。

[投诉/媒体/监管/司法公开网页] ""爱贝佳"" 投诉
检得2017年伤婴报道相关索引，但同时有企业声明称涉事人2013年已终止合作、该订单未经公司签约；归属存在实质争议，不能把标题直接当作该机构订单事故。黑猫/消费保未取得明确归属新增原单。

[别名/精确主体/个案补充公开检索] ""爱贝佳"" ""2013"" 月嫂
补充检索人工归属结论：检得2017年伤婴报道相关索引，但同时有企业声明称涉事人2013年已终止合作、该订单未经公司签约；归属存在实质争议，不能把标题直接当作该机构订单事故。黑猫/消费保未取得明确归属新增原单。

[12315站内] 北京爱贝佳
查询“北京爱贝佳”：该名称在此次公示列表未见记录，不代表零投诉或没有历史纠纷；公示期限、名称别称和公开范围会影响结果。

未取得本轮可单列案例；不代表没有投诉。

来源（读取及归属边界见对应记录）：
https://tsgs.12315.cn/#/viewport",0.0,主体待核组,不进入政府品牌优先组,0,,
华夏中青,有北京业务线索,综合家政,官网主体北京华夏中青家政服务有限公司，自述1998年成立、总部北京；与“北京中青”“管家帮”分开。,官网介绍与北京商家页显示育婴家政；代红分公司有历史育儿招聘与第三方企业信息。没有核当前人选池。,官网简介可读；第三方招聘索引有北京代红分公司资料。实际接单及签约分公司仍需核实。,2015年代红分公司招聘页曾宣传合同期可调换；本轮原页读取失败，且历史广告不代表2026年统一政策。未取得现行免费次数、候选期限及到岗保证。,未取得现行退款公式或可归属北京育儿业务且有明确结局的退费案例。,未取得完整现行北京育儿嫂报价；旧目录价格和工资不作为2026年预算。,历史商家介绍称培训及职业、意外保险；宣传年代较旧，未取得当前保单范围及人员考核。,未取得现行育儿督导、回访和换人执行时限。,可从华夏中青官网确认北京门店；旧知春里门店与电话不当作已核实的现行联系方式。,北京老品牌主体和服务方向可追查，不能把十年前调换宣传当今天保障；本轮没有获得独立北京育儿消费经历或现行合同。,当前签约与收款主体及营业执照；当前可面试人选及北京到岗档期；免费更换次数、补差价、候选和到岗期限；无法匹配或提前解约的退费公式与到账期限,"华夏中青 北京 育儿嫂 公司 → 官网主体北京华夏中青家政服务有限公司，自述1998年成立、总部北京；与“北京中青”“管家帮”分开。 官网介绍与北京商家页显示育婴家政；代红分公司有历史育儿招聘与第三方企业信息。没有核当前人选池。
华夏中青 育儿嫂 更换 退款 合同 → 2015年代红分公司招聘页曾宣传合同期可调换；本轮原页读取失败，且历史广告不代表2026年统一政策。未取得现行免费次数、候选期限及到岗保证。 未取得现行退款公式或可归属北京育儿业务且有明确结局的退费案例。
华夏中青 北京 家政 投诉 评价 → 北京老品牌主体和服务方向可追查，不能把十年前调换宣传当今天保障；本轮没有获得独立北京育儿消费经历或现行合同。
华夏中青 北京 育儿嫂 退款 投诉 → 执行补检索；证据及失败边界见sources与raw-39-56对应原始记录，不把无结果当无争议。","华夏中青公司介绍 https://www.cyhs.cn/aboutus/about/（已读原文）
代红分公司育儿服务信息 https://www.cyhs.cn/service/information/2015/05/27/14106.html（此前资料已读；本轮原文访问失败）
华夏中青代红分公司资料 https://www.zhaopin.com/companydetail/91111R7HCDNOVVU8CW.htm（搜索索引）
华夏母婴商家简介 https://www.beijingbaomu.com/user/huaxiamuying/about.html（Exa正文摘要）",,本条目无此次站内核查记录,先核实,未匹配入选名单的补充组。本轮逐一对照四份正式政府名单，未取得可归属的入选记录；不等于机构差或不存在其他荣誉。,v2.0,主要命中华夏中青官网、工会企业资料及行业报道；异地分支和中青宝等不同主体不混入。本轮公开索引未取得可归属消费个案。,已按1组名称查询当前公示列表，本轮未见记录；不代表零投诉，公示期限、名称别称和公开范围会影响结果。,"[黑猫投诉公开索引] site:tousu.sina.com.cn ""华夏中青""
本轮该平台定向公开索引未取得可归属个案；搜索不命中不等于没有投诉。

[消费保公开索引] site:xfb315.com ""华夏中青""
本轮该平台定向公开索引未取得可归属个案；搜索不命中不等于没有投诉。

[投诉/媒体/监管/司法公开网页] ""华夏中青"" 投诉
主要命中华夏中青官网、工会企业资料及行业报道；异地分支和中青宝等不同主体不混入。本轮公开索引未取得可归属消费个案。

[12315站内] 北京华夏中青家政服务有限公司
查询“北京华夏中青家政服务有限公司”：该名称在此次公示列表未见记录，不代表零投诉或没有历史纠纷；公示期限、名称别称和公开范围会影响结果。

未取得本轮可单列案例；不代表没有投诉。

来源（读取及归属边界见对应记录）：
https://tsgs.12315.cn/#/viewport",4.0,未匹配入选名单的补充组,不进入政府品牌优先组,0,,
管家帮,业务仍需确认,综合家政,历史运营主体为北京易盟天地信息技术股份有限公司；不能与2022年成立的“北京帮管家家庭服务有限公司”或小象管家混并。当前承接管家帮订单的法人未确认。,历史官网、应用资料有北京育儿与家政业务；本轮2026年搜索未取得可信的当前北京育儿嫂接单、门店或人员池证据。,2022年媒体回顾2019年经营困难和欠薪诉讼；本轮未核实时经营或法律状态，不能直接称现已停业、失信或正常在营。,旧应用简介有同类免费更换宣传，未取得当前官方服务条款。广州历史判决反映过无法继续派人，不能外推今天所有订单。,未取得现行退款规则。南都报道广州旧合同法院按未履行期间判退1453元；是个案裁判，非统一退费政策，未证明实际到账。,2019年广州1998元会员费等历史价格不适用于当前北京育儿服务；现价未取得。,未取得当前北京人员筛选、体检和培训考核证据。,未取得当前客服督导与换人机制。历史经营困难报道要求首先核实当前主体。,旧第三方目录有95081等信息，但本轮未确认现行有效。不要在未核法人前向同名联系人付款。,当前北京育儿服务存在性尚未确认，优先级应低于主体、人员与合同可当下核实的机构。历史事件需展示年份城市，不能称当下定论。,当前签约与收款主体及营业执照；当前可面试人选及北京到岗档期；免费更换次数、补差价、候选和到岗期限；无法匹配或提前解约的退费公式与到账期限,"管家帮 北京 育儿嫂 公司 2026 → 历史运营主体为北京易盟天地信息技术股份有限公司；不能与2022年成立的“北京帮管家家庭服务有限公司”或小象管家混并。当前承接管家帮订单的法人未确认。 历史官网、应用资料有北京育儿与家政业务；本轮2026年搜索未取得可信的当前北京育儿嫂接单、门店或人员池证据。
管家帮 育儿嫂 免费 更换 退款 合同 → 旧应用简介有同类免费更换宣传，未取得当前官方服务条款。广州历史判决反映过无法继续派人，不能外推今天所有订单。 未取得现行退款规则。南都报道广州旧合同法院按未履行期间判退1453元；是个案裁判，非统一退费政策，未证明实际到账。
管家帮 北京 育儿嫂 评价 投诉 → 当前北京育儿服务存在性尚未确认，优先级应低于主体、人员与合同可当下核实的机构。历史事件需展示年份城市，不能称当下定论。
管家帮 北京易盟天地 2026 家政 → 执行补检索；证据及失败边界见sources与raw-39-56对应原始记录，不把无结果当无争议。","家政平台为何纷纷爆雷 https://k.sina.cn/article_7073635074_1a59f1b02001013zux.html?from=finance（已读原文）
广州法院消费者纠纷案例：家政平台停服退会员费 https://m.mp.oeeee.com/a/BAAFRD000020210314453481.html（已读原文）
管家帮历史应用介绍 https://foxdata.com/en/app-marketing-analytics/616459498/as/AR/（原资料已收录；本轮仅复查检索未取得当前官方页）",,本条目无此次站内核查记录,先核实,北京育儿业务待核组。本轮逐一对照四份正式政府名单，未取得可归属的入选记录；不等于机构差或不存在其他荣誉。不进入政府品牌推选优先组；数值仅供查看已有资料构成。,v2.0,回读2020南京欠薪、2021北京欠薪及雇主预付款报道，均有历史经营连续性信号。北京报道含创始人回应，南京报道时仍待处理；不能将历史争议写成2026仍未清偿或育儿照护事故。,已按1组名称查询当前公示列表，本轮未见记录；不代表零投诉，公示期限、名称别称和公开范围会影响结果。,"[黑猫投诉公开索引] site:tousu.sina.com.cn 管家帮
合并搜索结果中取得该平台链接；逐条核对品牌/主体，回读2020南京欠薪、2021北京欠薪及雇主预付款报道，均有历史经营连续性信号。北京报道含创始人回应，南京报道时仍待处理；不能将历史争议写成2026仍未清偿或育儿照护事故。

[消费保公开索引] site:xfb315.com 管家帮
本轮该平台定向公开索引未取得可归属个案；搜索不命中不等于没有投诉。

[投诉/媒体/监管/司法公开网页] 管家帮 投诉
回读2020南京欠薪、2021北京欠薪及雇主预付款报道，均有历史经营连续性信号。北京报道含创始人回应，南京报道时仍待处理；不能将历史争议写成2026仍未清偿或育儿照护事故。

[12315站内] 北京易盟天地信息技术股份有限公司
查询“北京易盟天地信息技术股份有限公司”：该名称在此次公示列表未见记录，不代表零投诉或没有历史纠纷；公示期限、名称别称和公开范围会影响结果。

案例：南京管家帮历史欠薪报道
日期：2020-01-08
工种：家政员工工资，非育儿消费订单
记录：员工称被拖欠半年工资；报道载南京分公司员工寻求法律援助并有法院立案。
回应：报道中当地负责人拒绝说明，公司经营状况被询问。
处理结果：报道时调解未果；本轮未取得后来清偿或判决结论。
限制：历史异地劳动报酬问题；不得写成当前欠薪或北京育儿护理事件。
读取状态：已读原网页
来源：https://news.jstv.com/a/20200108/cb5c13144acf4007b12c4d83e12dd5a7.shtml

案例：管家帮北京欠薪与预付款争议调查
日期：2021-01-30（原稿2021-01-29）
工种：一般保姆/家政及预付款
记录：记者采访北京家政人员称工资拖欠，也采访预付数万元但服务人员离岗后未获退款的雇主。
回应：创始人傅彦生承认欠薪及客户资金问题，称疫情影响现金流，介绍融资和协调方案；对2019问题称基本解决。
处理结果：报道时相关人员仍在追索；本轮未取得这些当事人此后清偿证据。
限制：来自2021年历史报道；不能推断2026状况，也不把劳动争议等同育儿技能缺陷。
读取状态：已读原网页
来源：https://finance.sina.cn/tech/2021-01-30/detail-ikftpnny2934766.d.html?fromtech=1

来源（读取及归属边界见对应记录）：
https://news.jstv.com/a/20200108/cb5c13144acf4007b12c4d83e12dd5a7.shtml
https://finance.sina.cn/tech/2021-01-30/detail-ikftpnny2934766.d.html?fromtech=1
https://tsgs.12315.cn/#/viewport",3.0,北京育儿业务待核组,不进入政府品牌优先组,0,,
三替（北京）,业务仍需确认,综合家政,品牌集团总部杭州，北京公开资料为北京三替养老护理集团有限公司；育儿宣传须与其北京养老护理业务分开。,北京家政港商家字段列育儿嫂、育婴师，但具体2025年服务内容主要是医院陪护和养老。杭州官网有住家、白班育儿嫂，不足证明北京当前接单。,北京护理机构与杭州家政品牌均有页面；北京育儿嫂品类实时接单仍未证实。,未取得北京育儿嫂换人合同。商家广告的48小时到岗针对护工，不能用于育儿嫂替补保证。,未取得北京育儿嫂退款细则或有明确结局的独立案例。,集团官网育儿嫂8000元起/月是杭州业务价格线索，不能直接列为北京报价。,集团官网介绍家政培训，但北京当前育儿人选的培训和背调未取得。,北京资料以照护管理为主，育儿督导、回访与替补时限未取得。,北京家政港商家咨询入口；招聘索引地址朝阳醉公坟第五运输公司2号楼，未核实当前育儿业务接待点。,集团确有育儿品类，但北京分支公开信息偏养老护理；北京育儿嫂应标“业务尚待确认”，不能凭杭州价格和护工48小时宣传给保障高分。,当前签约与收款主体及营业执照；当前可面试人选及北京到岗档期；免费更换次数、补差价、候选和到岗期限；无法匹配或提前解约的退费公式与到账期限,"三替 北京 育儿嫂 养老护理 公司 → 品牌集团总部杭州，北京公开资料为北京三替养老护理集团有限公司；育儿宣传须与其北京养老护理业务分开。 北京家政港商家字段列育儿嫂、育婴师，但具体2025年服务内容主要是医院陪护和养老。杭州官网有住家、白班育儿嫂，不足证明北京当前接单。
三替 北京 家政 更换 退款 合同 → 未取得北京育儿嫂换人合同。商家广告的48小时到岗针对护工，不能用于育儿嫂替补保证。 未取得北京育儿嫂退款细则或有明确结局的独立案例。
三替 北京 育儿嫂 评价 投诉 → 集团确有育儿品类，但北京分支公开信息偏养老护理；北京育儿嫂应标“业务尚待确认”，不能凭杭州价格和护工48小时宣传给保障高分。
北京三替养老护理集团 育儿嫂 联系 → 执行补检索；证据及失败边界见sources与raw-39-56对应原始记录，不把无结果当无争议。","北京三替养老护理商家页 https://bj.jiazhenggang.com/user/santicare/（已读原文）
三替集团官网 https://www.3tgroup.cn/（已读原文）
北京三替养老护理集团招聘信息 https://m.zhipin.com/companys/d82022082f00aa031HR63t21FFc~.html（搜索索引）
北京家政协会第六届理事会名单（北京中青官网刊载） https://www.zqjz.com/index/index/wlist?id=113（已读原文）",,本条目无此次站内核查记录,先核实,北京育儿业务待核组。对应2024年正式年度员工制企业入选公告，列名公司为北京三替养老护理集团有限公司。该年度员工制认定已过一年有效期，只记历史入选。不进入政府品牌推选优先组；数值仅供查看已有资料构成。,v2.0,短品牌检索噪音较多，追加北京三替养老护理集团有限公司全称，取得养老/家政企业名单但无可归属个案；杭州三替与北京主体须分开。,已按1组名称查询当前公示列表，本轮未见记录；不代表零投诉，公示期限、名称别称和公开范围会影响结果。,"[黑猫投诉公开索引] site:tousu.sina.com.cn 三替 北京
本轮该平台定向公开索引未取得可归属个案；搜索不命中不等于没有投诉。

[消费保公开索引] site:xfb315.com 三替 北京
本轮该平台定向公开索引未取得可归属个案；搜索不命中不等于没有投诉。

[投诉/媒体/监管/司法公开网页] 三替 北京 投诉
短品牌检索噪音较多，追加北京三替养老护理集团有限公司全称，取得养老/家政企业名单但无可归属个案；杭州三替与北京主体须分开。

[别名/精确主体/个案补充公开检索] ""北京三替养老护理集团有限公司"" 投诉
补充检索人工归属结论：短品牌检索噪音较多，追加北京三替养老护理集团有限公司全称，取得养老/家政企业名单但无可归属个案；杭州三替与北京主体须分开。

[12315站内] 北京三替养老护理集团有限公司
查询“北京三替养老护理集团有限公司”：该名称在此次公示列表未见记录，不代表零投诉或没有历史纠纷；公示期限、名称别称和公开范围会影响结果。

未取得本轮可单列案例；不代表没有投诉。

来源（读取及归属边界见对应记录）：
https://tsgs.12315.cn/#/viewport",15.0,北京育儿业务待核组,不进入政府品牌优先组,15,"北京三替养老护理集团有限公司
北京三替养老护理集团有限公司","https://sw.beijing.gov.cn/phone/zwxx/tzgg/202401/t20240131_3550205.html
https://rsj.beijing.gov.cn/xxgk/tzgg/202302/t20230208_2913405.html"
育天使,业务仍需确认,母婴服务,北京育天使家政服务有限公司；此前通州区政府名录列统一代码91110105MA020PXM7A及通州办公地址。当前品牌、官网和收款主体仍应对应核查。,北京主体名录及招聘资料有月嫂、育儿和早教业务；公开消费者投诉也涉及该北京品牌。未取得当前可选人选和接单档期。,政府名录和招聘索引提供主体线索；www官网仍可被索引但本轮读取超时，不能据技术失败判停业，也不能视官网内容当前可用。,没有现行公开合同。投诉中的多次更换经历可说明争议涉及匹配过程，但不证明当前免费次数或替补时限。,新检到2024年消费保投诉涉及19500元中介费，搜索索引显示已完结，但原文多次读取失败，未取得完结原因或退款到账证据。不能把状态标签当成功退费。,投诉个案提19500元服务费、阿姨13000元/26天；属于2024年特定双语需求合同，不当现行统一价。,客户投诉涉及双语能力宣传和照护安全；均为单方指控，未有裁判或双方确认，当前筛选标准未取得。,未取得固定育儿督导、回访频率和替补期限。,政府名录所列010-65970309、通州朱家垡村西900米院65号楼1至3层101；本轮未拨打核实。,有明确北京主体和育儿业务，但出现与用户关切直接相关的匹配、退费争议线索，应核合同原件及结局；不能把单方投诉断言成已证实事实。,当前签约与收款主体及营业执照；当前可面试人选及北京到岗档期；免费更换次数、补差价、候选和到岗期限；无法匹配或提前解约的退费公式与到账期限,"育天使 北京 家政 公司 育儿嫂 → 北京育天使家政服务有限公司；此前通州区政府名录列统一代码91110105MA020PXM7A及通州办公地址。当前品牌、官网和收款主体仍应对应核查。 北京主体名录及招聘资料有月嫂、育儿和早教业务；公开消费者投诉也涉及该北京品牌。未取得当前可选人选和接单档期。
育天使 更换 退款 合同 → 没有现行公开合同。投诉中的多次更换经历可说明争议涉及匹配过程，但不证明当前免费次数或替补时限。 新检到2024年消费保投诉涉及19500元中介费，搜索索引显示已完结，但原文多次读取失败，未取得完结原因或退款到账证据。不能把状态标签当成功退费。
育天使 北京 育儿嫂 投诉 评价 → 有明确北京主体和育儿业务，但出现与用户关切直接相关的匹配、退费争议线索，应核合同原件及结局；不能把单方投诉断言成已证实事实。
育天使 退款 2024 消费保 → 执行补检索；证据及失败边界见sources与raw-39-56对应原始记录，不把无结果当无争议。","通州区家政主体公开信息 https://www.bjtzh.gov.cn/bjtz/zwgk/tzgg/2026061717551322864/index.shtml（此前任务已读，本轮复核检索）
育天使招聘公司介绍 https://www.zhaopin.com/companydetail/CZL1319358140.htm（此前资料已读，本轮检索复核）
育天使高端母婴家政官网 https://www.yu-angel.com.cn/（搜索索引；原文读取超时）
育天使育儿嫂服务宣传与退款投诉 https://www.xfb315.com/tousu/97344817（搜索索引正文可读；原文多次访问失败）","作者肯定阿姨温和照护与分担带娃负担，标签明确为育天使。 https://www.xiaohongshu.com/explore/69d7a6520000000021010cb0；处理结果：未涉及换人或退款；边界：虽然出现于天鹅搜索结果，但属于育天使，不归因天鹅；交易真实性及商业合作关系未核验。
作者称2024年付19500元一年期中介费，多次换人后实际服务两个多月；原合同约定超过60天不退。近期沟通中对方提出退11700元，但双方对退款协议对应合同、到账前结清等安排仍有分歧。 https://www.xiaohongshu.com/explore/6aae6224000000000d025e8b；处理结果：作者明确说未接受该版协议，已投诉、仍在处理；提出退款方案不等于已退款。；边界：单方自述；2024合同不是现行全体客户规则；未独立验证合同全文、付款或企业答复。",本条目无此次站内核查记录,先核实,北京育儿业务待核组。本轮逐一对照四份正式政府名单，未取得可归属的入选记录；不等于机构差或不存在其他荣誉。不进入政府品牌推选优先组；数值仅供查看已有资料构成。,v2.0,消费保97344817与既有R014同案，本轮索引补到2024-11-19企业宣称已办理退款；2024-09-01自动关闭不是最终可见状态。原单直接读取失败；嘉佑天使投诉属于另一品牌，已排除。,已回读详情中最新公示（2026-09-01）：北京育天使家政服务有限公司，服务类别为保姆（未注明育儿），处理结果为“未达成调解协议”。公示未披露协议细节及退款到账证据，不能据此推断北京育儿嫂整体服务质量。,"[黑猫投诉公开索引] site:tousu.sina.com.cn 育天使
合并搜索结果中取得该平台链接；逐条核对品牌/主体，消费保97344817与既有R014同案，本轮索引补到2024-11-19企业宣称已办理退款；2024-09-01自动关闭不是最终可见状态。原单直接读取失败；嘉佑天使投诉属于另一品牌，已排除。

[消费保公开索引] site:xfb315.com 育天使
合并搜索结果中取得该平台链接；逐条核对品牌/主体，消费保97344817与既有R014同案，本轮索引补到2024-11-19企业宣称已办理退款；2024-09-01自动关闭不是最终可见状态。原单直接读取失败；嘉佑天使投诉属于另一品牌，已排除。

[投诉/媒体/监管/司法公开网页] 育天使 投诉
消费保97344817与既有R014同案，本轮索引补到2024-11-19企业宣称已办理退款；2024-09-01自动关闭不是最终可见状态。原单直接读取失败；嘉佑天使投诉属于另一品牌，已排除。

[别名/精确主体/个案补充公开检索] site:xfb365.com ""育天使""
补充检索人工归属结论：消费保97344817与既有R014同案，本轮索引补到2024-11-19企业宣称已办理退款；2024-09-01自动关闭不是最终可见状态。原单直接读取失败；嘉佑天使投诉属于另一品牌，已排除。

[12315站内] 北京育天使家政服务有限公司
查询“北京育天使家政服务有限公司”此次页面显示10条关键词匹配公示。首屏可见保姆及家政中介合同、格式条款和退赔记录；公示未充分细分专职育儿嫂，处理结果另见回读材料。以上数量是所列查询关键词此次匹配的公示记录数，可能含分支、近名和不同服务工种；不同查询之间可能重叠，不合计为机构投诉总数，不是投诉率或质量排名。公示期限为一年，不涵盖全部历史、未公开投诉或所有分支。投诉内容为当事人填写，调解结果不是违法认定；达成调解不等于退款已到账。

案例：育天使双语育儿及照护争议（既有R014补后续）
日期：2024-07-17
工种：双语育儿嫂
记录：用户称中介费19500元、阿姨工资13000元/26天，双语能力和照护表现与宣传不符，并提出婴儿呛奶住院争议。
回应：搜索索引显示2024-11-19企业修改处理结果，称已经办理完退款。
处理结果：索引最新后续为企业声明已退款、已解决；此前2024-09-01为平台自动关闭。未核具体到账金额。
限制：本轮原单读取失败，只有搜索索引可见进度；医疗因果和投诉事实未经独立核验。本条与既有 R014 是同一来源，合并更新；与小红书 X10 未确认同一订单，企业单方退款声明不能覆盖另一帖子中的消费者异议。
读取状态：仅搜索索引可读，原单回读失败
来源：https://www.xfb315.com/tousu/97344817

案例：北京育天使家政服务有限公司消费投诉公示
日期：2026-08-13
工种：保姆（未注明育儿）
记录：公示载消费者2026-08-13现场购买保姆服务，反映其他合同问题并要求退赔费用；处理结果为未达成调解协议。
回应：公示未展示企业具体答复。
处理结果：未达成调解协议
处理部门：北京朝阳区市场监督管理局
限制：按完整法人在官方公示平台公开查询，并打开最新一条详情核对。基本信息和问题是投诉人自行填写；调解结果不是违法或事实认定。服务分类未写育儿嫂，不能推断育儿；公示期限为1年，不是终身全量。
读取状态：已读12315官方页面具名详情和处理结果
来源：https://tsgs.12315.cn/#/viewport

来源（读取及归属边界见对应记录）：
https://www.xfb315.com/tousu/97344817
https://tsgs.12315.cn/#/viewport",0.0,北京育儿业务待核组,不进入政府品牌优先组,0,,
58到家（58同城运营的当前入口）,平台入口,平台入口,当前入口官方自称58同城自营；与历史更名天鹅到家的原58到家分开。投诉分派记录不能替代签约法人核验。,当前58入口及北京2024年白班育儿嫂合同投诉可证明北京业务线索；当前可面试人员仍需平台确认。,当前官方入口仍被搜索索引，打开超时；2026年仍有相关投诉索引但地域和结局未核，不能当北京新增样本。,未取得2026年统一育儿合同。公开争议涉及推荐人选不匹配、后续推荐中断；“更换”是否免费、上限和到岗期须看实际合同。,北京2024年投诉提4860元服务费、用工合计6天及按比例退费争议。后续系统自动完结不证明钱已退；个案条款不是现行统一政策。,4860元是2024年一份服务费样本，不是育儿嫂月薪或当前平台统一价。,入口自述实名认证、体检、背景核验及保险；本轮未核候选人材料及实际保险保障范围。,平台入口有售后服务，但未取得对北京育儿嫂响应、候选推荐或到岗时间的统一承诺。,使用daojiajx.58.com官方入口及58同城内订单客服；先确认订单上的公司名称。,58当前自营入口与58商家频道、天鹅必须分开。有直接北京育儿退费争议，应重点问首次匹配费及中断服务退费；不以投诉数量做市场口碑分。,当前签约与收款主体及营业执照；当前可面试人选及北京到岗档期；免费更换次数、补差价、候选和到岗期限；无法匹配或提前解约的退费公式与到账期限,"58到家 58同城 自营 北京 育儿嫂 公司 → 当前入口官方自称58同城自营；与历史更名天鹅到家的原58到家分开。投诉分派记录不能替代签约法人核验。 当前58入口及北京2024年白班育儿嫂合同投诉可证明北京业务线索；当前可面试人员仍需平台确认。
58到家 育儿嫂 首次匹配费 免费更换 退费 合同 → 未取得2026年统一育儿合同。公开争议涉及推荐人选不匹配、后续推荐中断；“更换”是否免费、上限和到岗期须看实际合同。 北京2024年投诉提4860元服务费、用工合计6天及按比例退费争议。后续系统自动完结不证明钱已退；个案条款不是现行统一政策。
58到家 北京 育儿嫂 投诉 评价 → 58当前自营入口与58商家频道、天鹅必须分开。有直接北京育儿退费争议，应重点问首次匹配费及中断服务退费；不以投诉数量做市场口碑分。","58到家当前官方入口 https://daojiajx.58.com/（当前搜索索引）
北京立水桥育儿嫂退费投诉 https://tousu.sina.com.cn/complaint/view/17372645899（已读原文）","作者称面试四人后选择8500元/26天的育儿嫂，用了约两个月，带娃及辅助家务总体满意；提到签约前看到首次匹配费。 https://www.xiaohongshu.com/explore/69a6c98e000000001a01e01e；处理结果：未发生换人、退款验证；边界：订单、服务期间和商业关联未核验；不能作为当前报价或首次匹配费合理性的证明。
作者称上户3天后因能力不符申请退款，与机构就首次匹配费扣除产生争议。 https://www.xiaohongshu.com/explore/6a7933a80000000035014715；处理结果：作者称正维权，未见已解决记录；边界：外地单方自述；标题与正文金额表述不同，不照搬确定金额；帖内法律判断未经核实，不采纳。",本条目无此次站内核查记录,平台入口,平台入口组。本轮逐一对照四份正式政府名单，未取得可归属的入选记录；不等于机构差或不存在其他荣誉。不进入政府品牌推选优先组；数值仅供查看已有资料构成。,v2.0,回读2026年育儿嫂换人补差价争议，投诉对象58同城客服，系统于3月27日自动完成。实际签约法人及服务城市未披露，不能混为天鹅到家或写成已退款。另有保洁及育儿单索引，未逐单充作独立北京案例。,已核对当前公示列表。按品牌关键词会匹配多个主体及各类服务，旧58到家、天鹅和当前58同城入口责任不能据关键词合并；不把查询总量归给当前入口。名称匹配可含分支及其他工种，不能作为机构投诉率。,"[黑猫投诉公开索引] site:tousu.sina.com.cn 58到家
合并搜索结果中取得该平台链接；逐条核对品牌/主体，回读2026年育儿嫂换人补差价争议，投诉对象58同城客服，系统于3月27日自动完成。实际签约法人及服务城市未披露，不能混为天鹅到家或写成已退款。另有保洁及育儿单索引，未逐单充作独立北京案例。

[消费保公开索引] site:xfb315.com 58到家
合并搜索结果中取得该平台链接；逐条核对品牌/主体，回读2026年育儿嫂换人补差价争议，投诉对象58同城客服，系统于3月27日自动完成。实际签约法人及服务城市未披露，不能混为天鹅到家或写成已退款。另有保洁及育儿单索引，未逐单充作独立北京案例。

[投诉/媒体/监管/司法公开网页] 58到家 投诉
回读2026年育儿嫂换人补差价争议，投诉对象58同城客服，系统于3月27日自动完成。实际签约法人及服务城市未披露，不能混为天鹅到家或写成已退款。另有保洁及育儿单索引，未逐单充作独立北京案例。

[别名/精确主体/个案补充公开检索] ""58同城育儿嫂更换遭刁难""
补充检索人工归属结论：回读2026年育儿嫂换人补差价争议，投诉对象58同城客服，系统于3月27日自动完成。实际签约法人及服务城市未披露，不能混为天鹅到家或写成已退款。另有保洁及育儿单索引，未逐单充作独立北京案例。

[12315站内] 58到家
查询“58到家”此次页面显示134条关键词匹配公示。按品牌关键词会匹配多个主体及各类服务，旧58到家、天鹅和当前58同城入口责任不能据关键词合并；不把查询总量归给当前入口。以上数量是所列查询关键词此次匹配的公示记录数，可能含分支、近名和不同服务工种；不同查询之间可能重叠，不合计为机构投诉总数，不是投诉率或质量排名。公示期限为一年，不涵盖全部历史、未公开投诉或所有分支。投诉内容为当事人填写，调解结果不是违法认定；达成调解不等于退款已到账。

案例：58同城育儿嫂更换补差价争议
日期：2026-02-13
工种：育儿嫂
记录：标题反映免费换人承诺与补差价争议，涉诉3500元，投诉对象为58同城客服。
回应：可见2月13日、24日、25日客服回复时间；回复正文未公开显示。
处理结果：2026-03-27因距企业回复30天、用户未操作而自动完成；未核退款。
限制：原页未展示投诉详情全文、合同和城市。归当前58客服处理线索，不能证明具体签约法人或指向天鹅；不重复放商家频道。
读取状态：已读原页标题、对象及处理时间线；正文缺失
来源：https://tousu.sina.com.cn/complaint/view/17393603670?sld=2a69916178f4f9d487172fbf3c7e79d7

来源（读取及归属边界见对应记录）：
https://tousu.sina.com.cn/complaint/view/17393603670?sld=2a69916178f4f9d487172fbf3c7e79d7
https://tsgs.12315.cn/#/viewport",2.0,平台入口组,不进入政府品牌优先组,0,,
京东家政,平台入口,平台入口,北京亦庄官方发布2025年称成立北京京东家政服务有限公司。2026年又有北京京东厚行科技有限公司设立消息；不能自动推定后者为所有家政合同收款方。,2025官方发布称核心为保洁和家电清洗，并逐步尝试月嫂、育儿嫂、养老。2026年新增公司及家厨服务证明业务扩展，但尚未取得北京育儿嫂直接可下单或派人证据。,京东家政经营活动有2025官方和2026公司新闻；北京育儿嫂是否实际在售仍未确认。,未取得京东家政北京育儿嫂换人条款。第三方店铺和实物商品换新政策均不适用。,未取得北京育儿嫂完整退款规则或可验证退费经历；保洁券退费案例不当作育儿保障结论。,未取得北京育儿嫂现行工资与服务费。,2025年官方就业报道介绍清洁员实名背调、体检、培训和师带徒，不能直接证明育儿嫂培训，也不表示全员都是正式员工。,清洁服务的培训管理公开较多，育儿督导、替补人员池及响应期限未取得。,京东App“京东家政”官方服务入口，区别京东商城第三方店铺；需确认育儿品类及订单法人。,应保留在“京东官方潜在入口／北京育儿服务未确认”，不能与已明确有北京育儿岗位的机构同级排名；商城第三方育儿商家另列。,当前签约与收款主体及营业执照；当前可面试人选及北京到岗档期；免费更换次数、补差价、候选和到岗期限；无法匹配或提前解约的退费公式与到账期限,"京东家政 北京 育儿嫂 自营 2026 → 北京亦庄官方发布2025年称成立北京京东家政服务有限公司。2026年又有北京京东厚行科技有限公司设立消息；不能自动推定后者为所有家政合同收款方。 2025官方发布称核心为保洁和家电清洗，并逐步尝试月嫂、育儿嫂、养老。2026年新增公司及家厨服务证明业务扩展，但尚未取得北京育儿嫂直接可下单或派人证据。
京东家政 育儿嫂 退费 更换 合同 → 未取得京东家政北京育儿嫂换人条款。第三方店铺和实物商品换新政策均不适用。 未取得北京育儿嫂完整退款规则或可验证退费经历；保洁券退费案例不当作育儿保障结论。
京东家政 北京 育儿嫂 评价 投诉 → 应保留在“京东官方潜在入口／北京育儿服务未确认”，不能与已明确有北京育儿岗位的机构同级排名；商城第三方育儿商家另列。
京东家政 京东厚行 2026 北京 官方 → 执行补检索；证据及失败边界见sources与raw-39-56对应原始记录，不把无结果当无争议。","京东家政独立运营消息 https://news.bjd.com.cn/2025/06/17/11202101.shtml（已读原文）
京东家政就业与培训报道 https://chinajob.mohrss.gov.cn/h5/c/2025-12-17/470680.shtml（已读原文）
京东在北京成立科技公司，业务含家政服务 https://www.guandian.cn/article/20260611/566563.html（已读原文）",作者反映家务服务损坏物品后的赔付争议。 https://www.xiaohongshu.com/explore/6a5489de0000000007013bd3；处理结果：未见双方确认处理结果；边界：不是育儿嫂体验，不给京东育儿嫂打负分。,本条目无此次站内核查记录,平台入口,平台入口组。对应2025年正式政府联合推选并发布的劳务品牌企业名录，列名公司为北京京东家政服务有限公司。名单没有官方名次；仍须核对本单合同、育儿人选与换人条款。不进入政府品牌推选优先组；数值仅供查看已有资料构成。,v2.0,消费保保洁预约/地址争议原单显示已退款；黑猫杭州培训工具包争议有京东客服回复但未展示解决结论。均非已确认北京育儿嫂案例；第三方店铺不能泛归京东家政自营。,已核对当前公示列表。首屏含家政中介、清洁及食品制作等多类服务，商品服务类别为投诉人填报；不是北京自营育儿嫂订单数量，也不能归给第三方商户频道。名称匹配可含分支及其他工种，不能作为机构投诉率。,"[黑猫投诉公开索引] site:tousu.sina.com.cn 京东家政
合并搜索结果中取得该平台链接；逐条核对品牌/主体，消费保保洁预约/地址争议原单显示已退款；黑猫杭州培训工具包争议有京东客服回复但未展示解决结论。均非已确认北京育儿嫂案例；第三方店铺不能泛归京东家政自营。

[消费保公开索引] site:xfb315.com 京东家政
合并搜索结果中取得该平台链接；逐条核对品牌/主体，消费保保洁预约/地址争议原单显示已退款；黑猫杭州培训工具包争议有京东客服回复但未展示解决结论。均非已确认北京育儿嫂案例；第三方店铺不能泛归京东家政自营。

[投诉/媒体/监管/司法公开网页] 京东家政 投诉
消费保保洁预约/地址争议原单显示已退款；黑猫杭州培训工具包争议有京东客服回复但未展示解决结论。均非已确认北京育儿嫂案例；第三方店铺不能泛归京东家政自营。

[12315站内] 北京京东家政服务有限公司
查询“北京京东家政服务有限公司”此次页面显示753条关键词匹配公示。首屏含家政中介、清洁及食品制作等多类服务，商品服务类别为投诉人填报；不是北京自营育儿嫂订单数量，也不能归给第三方商户频道。以上数量是所列查询关键词此次匹配的公示记录数，可能含分支、近名和不同服务工种；不同查询之间可能重叠，不合计为机构投诉总数，不是投诉率或质量排名。公示期限为一年，不涵盖全部历史、未公开投诉或所有分支。投诉内容为当事人填写，调解结果不是违法认定；达成调解不等于退款已到账。

[12315站内] 北京京东厚行科技有限公司
查询“北京京东厚行科技有限公司”：该名称在此次公示列表未见记录，不代表零投诉或没有历史纠纷；公示期限、名称别称和公开范围会影响结果。

案例：京东家政保洁预约地址及未履约争议
日期：2024-10-06（消费日10-04）
工种：保洁
记录：用户称预约地址变回旧址、服务通知不足、未打扫却自动完成，涉诉149元。
回应：页面未展示详细企业回复。
处理结果：页面当前标已退款；未展示具体退款日期和到账明细。
限制：投诉对象京东商城、用户称京东家政；合同主体未展示，非育儿嫂服务。
读取状态：已读原网页
来源：https://m.xfb315.com/tousu/97711345

案例：杭州京东家政培训工具包退款争议
日期：2026-04-17
工种：家政培训/工具包
记录：学员称培训需购买450元工具包且工作规则与招聘宣传不同，要求退费。
回应：2026-04-18京东客服回复，公开抓取未显示回复正文。
处理结果：页面已回复，未显示退款或实体结论。
限制：标题称京东家政（上海），实际为杭州培训；是否属本项目北京签约主体未核。不作为北京雇主育儿服务评价。
读取状态：已读原网页
来源：https://tousu.sina.com.cn/complaint/view/17396081576?sld=bb4eff0cb3817562f5540c25c1533fa6

来源（读取及归属边界见对应记录）：
https://m.xfb315.com/tousu/97711345
https://tousu.sina.com.cn/complaint/view/17396081576?sld=bb4eff0cb3817562f5540c25c1533fa6
https://tsgs.12315.cn/#/viewport",60.0,平台入口组,不进入政府品牌优先组,60,"北京京东家政服务有限公司
北京京东家政服务有限公司","https://rsj.beijing.gov.cn/bm/ztzl/ssjzlwpp/202510/t20251031_4249345.html
https://rsj.beijing.gov.cn/xxgk/tzgg/202511/t20251103_4251298.html"
58同城北京育儿嫂商家频道,平台入口,平台入口,58同城北京保姆月嫂商家列表是信息平台入口，列表含多家独立经营商户，不能当一家机构。,当前列表出现北京育儿嫂相关广告，发现京南领航、益友嘉、阿依妈妈、众合瑞家等可进一步归属的商家；需逐商家核法人和育儿品类。,搜索索引近期更新，直接页面只返回动态壳；本轮读取了索引列表和部分具体商户广告，未批量读取每条评论。,免费调换、视频面试、售后保障等是具体商家标签；频道不存在本轮可验证的统一育儿换人合同。不能把相邻商家的标签串到另一家。,收费、试工、退款由实际订单主体及合同决定；未取得可应用全部商户的统一退款保证。,列表混有月嫂、保姆、老人陪护、钟点工与育儿嫂，价格和评价不可横向混算。,认证、平台保障标签仅为平台展示，不能代替人员背调、证照和体检核验。,商家需分别给出督导、紧急替补与平台投诉介入条件。,从58北京商家列表进入具体门店并核验营业执照与合同；本轮未拨打或发送消息。,频道继续保留为扩充入口，不能给一个统一机构分或统一口碑。新增商家分别深查，只有北京育儿业务达到证据门槛才纳入机构名单。,逐家商户营业执照、门店与接单状态；平台保障究竟覆盖哪些争议及赔付上限；具体商家免费换人与退款合同；评价是否对应育儿工种、北京分店和真实交易,"58同城 北京 育儿嫂 商家 家政公司 → 58同城北京保姆月嫂商家列表是信息平台入口，列表含多家独立经营商户，不能当一家机构。 当前列表出现北京育儿嫂相关广告，发现京南领航、益友嘉、阿依妈妈、众合瑞家等可进一步归属的商家；需逐商家核法人和育儿品类。
58同城 北京 育儿嫂 商家 更换 退费 合同 → 免费调换、视频面试、售后保障等是具体商家标签；频道不存在本轮可验证的统一育儿换人合同。不能把相邻商家的标签串到另一家。 收费、试工、退款由实际订单主体及合同决定；未取得可应用全部商户的统一退款保证。
58同城 北京 育儿嫂 商家 评价 投诉 → 频道继续保留为扩充入口，不能给一个统一机构分或统一口碑。新增商家分别深查，只有北京育儿业务达到证据门槛才纳入机构名单。","58北京保姆月嫂商家列表 https://m.58.com/bj/baomu/（搜索索引正文；原页动态壳）
众合瑞家服务广告 https://tracklog.58.com/detail/m/shenghuo/79183847829700x.shtml（索引正文；原文另行补核）
北京众合瑞家育儿服务广告 https://m.58.com/bj/baomu/28894981157162x.shtml（已读原文）",,本条目无此次站内核查记录,平台入口,平台入口组。本轮逐一对照四份正式政府名单，未取得可归属的入选记录；不等于机构差或不存在其他荣誉。不进入政府品牌推选优先组；数值仅供查看已有资料构成。,v2.0,该项是58商家信息频道而非单一履约机构。检得58同城客服处理的育儿换人争议，统一记在当前58入口agency-53，不重复算频道案例；具体独立商户须按合同主体另查。,该条目是多商户平台频道，未将平台作为单一家政机构查询或合并投诉。应按实际商户、合同及收款主体分别核查；没有统一可比较的机构公示数。,"[黑猫投诉公开索引] site:tousu.sina.com.cn 58同城 育儿嫂
合并搜索结果中取得该平台链接；逐条核对品牌/主体，该项是58商家信息频道而非单一履约机构。检得58同城客服处理的育儿换人争议，统一记在当前58入口agency-53，不重复算频道案例；具体独立商户须按合同主体另查。

[消费保公开索引] site:xfb315.com 58同城 育儿嫂
本轮该平台定向公开索引未取得可归属个案；搜索不命中不等于没有投诉。

[投诉/媒体/监管/司法公开网页] 58同城 育儿嫂 投诉
该项是58商家信息频道而非单一履约机构。检得58同城客服处理的育儿换人争议，统一记在当前58入口agency-53，不重复算频道案例；具体独立商户须按合同主体另查。

未取得本轮可单列案例；不代表没有投诉。

来源（读取及归属边界见对应记录）：
",0.0,平台入口组,不进入政府品牌优先组,0,,
京东商城育儿嫂第三方商家,平台入口,平台入口,京东商城育儿嫂商品频道是多家第三方商户入口；晞悦嘉贝、沪上睿知等品牌各有独立签约主体，不等于京东家政直营。,当前公开京东商品频道原文可读“晞悦嘉贝月嫂育儿嫂陪伴师，北京门店可外派”；索引有沪上睿知北京育儿师服务，需核每店北京实际派单。,京东公开频道HTML当前可读取，证明商品入口存在；不证明指定北京区县的人员档期。,未取得频道统一的育儿换人条款；不能套用京东实物商品“换新”政策。,育儿属于服务产品，咨询费、定金、尾款各可能独立SKU；本轮未取得具体商户合同，不以普通商品退款FAQ代替。,页面含咨询与尾款商品，显示价格不能当一月工资或年度服务费；需逐店完整报价。,品牌、销量和评价数不是阿姨个人资质；需核实际人选与店铺培训。,需逐家核售后责任主体、换人等待期及京东平台介入范围。,从京东商品页进入相应第三方店铺查看资质和客服；未下单、联系或提交个人信息。,电商入口能补充实体商家线索；必须按店铺分别调查，不能给频道统一好评率或直接认定京东官方负责换阿姨。,每家店铺证照与实际合同法人是否一致；北京具体区县可派人与门店证据；咨询费/定金/尾款与完整服务收费关系；实体服务换人退费合同及平台争议处理范围,"京东 北京 育儿嫂 服务 店铺 → 京东商城育儿嫂商品频道是多家第三方商户入口；晞悦嘉贝、沪上睿知等品牌各有独立签约主体，不等于京东家政直营。 当前公开京东商品频道原文可读“晞悦嘉贝月嫂育儿嫂陪伴师，北京门店可外派”；索引有沪上睿知北京育儿师服务，需核每店北京实际派单。
京东 育儿嫂 第三方 更换 退款 合同 → 未取得频道统一的育儿换人条款；不能套用京东实物商品“换新”政策。 育儿属于服务产品，咨询费、定金、尾款各可能独立SKU；本轮未取得具体商户合同，不以普通商品退款FAQ代替。
京东 育儿嫂 北京 店铺 评价 投诉 → 电商入口能补充实体商家线索；必须按店铺分别调查，不能给频道统一好评率或直接认定京东官方负责换阿姨。",京东保姆服务商品频道 https://www.jd.com/hprm/17138cbbc56d1be9d9f9.html?electedExtAttrSet=878%2C&extAttrValue=expand_name%2C%40300103%3A%3A878&sort_type=sort_default（已读公开HTML原文；沪上条目另见搜索索引）,,本条目无此次站内核查记录,平台入口,平台入口组。本轮逐一对照四份正式政府名单，未取得可归属的入选记录；不等于机构差或不存在其他荣誉。不进入政府品牌推选优先组；数值仅供查看已有资料构成。,v2.0,该项为京东第三方育儿嫂商品频道；结果主要是商品页和京东综合投诉，无法归给一个独立家政商家。本轮公开索引未取得可归属的频道级个案，自营京东家政另列。,该条目是多商户平台频道，未将平台作为单一家政机构查询或合并投诉。应按实际商户、合同及收款主体分别核查；没有统一可比较的机构公示数。,"[黑猫投诉公开索引] site:tousu.sina.com.cn ""京东商城 育儿嫂""
合并搜索结果中取得该平台链接；逐条核对品牌/主体，该项为京东第三方育儿嫂商品频道；结果主要是商品页和京东综合投诉，无法归给一个独立家政商家。本轮公开索引未取得可归属的频道级个案，自营京东家政另列。

[消费保公开索引] site:xfb315.com ""京东商城 育儿嫂""
本轮该平台定向公开索引未取得可归属个案；搜索不命中不等于没有投诉。

[投诉/媒体/监管/司法公开网页] ""京东商城 育儿嫂"" 投诉
该项为京东第三方育儿嫂商品频道；结果主要是商品页和京东综合投诉，无法归给一个独立家政商家。本轮公开索引未取得可归属的频道级个案，自营京东家政另列。

未取得本轮可单列案例；不代表没有投诉。

来源（读取及归属边界见对应记录）：
",0.0,平台入口组,不进入政府品牌优先组,0,,
利人家政,有北京业务线索,综合家政,中国家协2026-06介绍明确北京利人家政有限公司；商家自填登记资料列2023-03-01注册。协会文同时写公司2018成立、品牌2023独立，历史表述需核，不强行统一。,协会介绍主营育婴师、月嫂和保姆，总部朝阳高碑店东区，北京海淀/大兴/朝阳共4店为企业提交口径；2025北京生活节有利人负责人出席，支持本地经营活动。,2026-06协会介绍、2025-10公开活动和商家平台业务交叉支持公开经营线索；未电话核档期和备选池规模。,未取得育儿嫂免费换人次数、同级替补和到岗时限的书面条款；机构规模不能替代替补承诺。,未取得育儿嫂试用退费、提前终约和匹配失败退出的现行公式。一般行业公约不能据会员身份自动当该店已承诺。,未取得北京育儿嫂工资、服务费、保险费及假日价差明细；商家广告电话询价不构成公开报价。,协会介绍称总部设人才培训与阿姨住宿，2025活动负责人称严格培训；拟派个人背调、育婴考核与实习未查验。,有总部/门店服务体系线索，未见育儿嫂督导频次、夜间紧急响应和退费审批时限。,协会列总部高碑店东区；家政港旧注册地址朝阳北路102号7层711。现行接待点和客服电话未取得官方一致信息，应预约前核实。,补入北京本地综合家政候选。已经核到真实主体及近期活动，换退合同和独立育儿嫂交易样本未取得；协会的口碑形容与阿姨库数字不足以支撑高排名。,2018历史与2023公司注册关系；现行接待点和签约公司；育儿嫂更换与退款条款；近三个月前雇主回访,"""利人家政"" 北京 育儿嫂 公司 → 中国家协2026-06介绍明确北京利人家政有限公司；商家自填登记资料列2023-03-01注册。协会文同时写公司2018成立、品牌2023独立，历史表述需核，不强行统一。 协会介绍主营育婴师、月嫂和保姆，总部朝阳高碑店东区，北京海淀/大兴/朝阳共4店为企业提交口径；2025北京生活节有利人负责人出席，支持本地经营活动。
""利人家政"" 换人 退款 合同 → 未取得育儿嫂免费换人次数、同级替补和到岗时限的书面条款；机构规模不能替代替补承诺。 未取得育儿嫂试用退费、提前终约和匹配失败退出的现行公式。一般行业公约不能据会员身份自动当该店已承诺。
""利人家政"" 投诉 评价 口碑 → 补入北京本地综合家政候选。已经核到真实主体及近期活动，换退合同和独立育儿嫂交易样本未取得；协会的口碑形容与阿姨库数字不足以支撑高排名。
利人家政 免费 更换 退费 → 已检索并审查返回结果；相关主体、业务及政策补入findings。未命中可归属独立交易经历时不据此判定口碑良好。
""利人家政"" ""投诉"" → 已检索并审查返回结果；相关主体、业务及政策补入findings。未命中可归属独立交易经历时不据此判定口碑良好。
""利人家政"" (site:tousu.sina.com.cn OR site:xfb315.com OR site:zhihu.com OR site:xiaohongshu.com) → 已检索并审查返回结果；相关主体、业务及政策补入findings。未命中可归属独立交易经历时不据此判定口碑良好。","北京利人家政有限公司 https://www.chsa.com.cn/nd.jsp?_ngc=-1&fromColId=-1&id=862（已打开并阅读相关正文）
北京利人家政商家页 https://bj.jiazhenggang.com/user/bjjzg26/（搜索返回相关正文）
望京一刻钟品质生活节 https://www.visitbeijing.com.cn/article/4OzXCrSMgM3（正常HTTP已读正文）",,本次站内检索未取得可归属北京利人的育儿雇主经历样本；不能据此判断好评或无投诉。,第二批,主体待核组。本轮逐一对照四份正式政府名单，未取得可归属的入选记录；不等于机构差或不存在其他荣誉。不进入政府品牌推选优先组；数值仅供查看已有资料构成。,v2.0,主要为中国家协企业介绍、招聘和生活服务活动；定州利人家政及陈利人微博与北京机构不同。本轮公开索引未取得可归属个案。,已按1组名称查询当前公示列表，本轮未见记录；不代表零投诉，公示期限、名称别称和公开范围会影响结果。,"[黑猫投诉公开索引] site:tousu.sina.com.cn ""利人家政""
本轮该平台定向公开索引未取得可归属个案；搜索不命中不等于没有投诉。

[消费保公开索引] site:xfb315.com ""利人家政""
本轮该平台定向公开索引未取得可归属个案；搜索不命中不等于没有投诉。

[投诉/媒体/监管/司法公开网页] ""利人家政"" 投诉
主要为中国家协企业介绍、招聘和生活服务活动；定州利人家政及陈利人微博与北京机构不同。本轮公开索引未取得可归属个案。

[12315站内] 北京利人家政有限公司
查询“北京利人家政有限公司”：该名称在此次公示列表未见记录，不代表零投诉或没有历史纠纷；公示期限、名称别称和公开范围会影响结果。

未取得本轮可单列案例；不代表没有投诉。

来源（读取及归属边界见对应记录）：
https://tsgs.12315.cn/#/viewport",1.0,主体待核组,不进入政府品牌优先组,0,,
陈诚家政,有北京业务线索,综合家政,中国家协介绍北京陈诚家政服务有限公司成立于2024-04-29，依托北京陈诚保洁有限公司；是不同法人，不将保洁历史直接算为育儿嫂历史。,2026协会正文明确保姆、月嫂、育儿嫂，北京服务点为昌平天通苑东一区68号楼8单元底商。,2026-02会员介绍支持业务持续公开展示；前身冬奥保洁服务履历不是育儿嫂当前上户验证。,已查主体、换人合同和精确投诉词，未取得育儿嫂免费换人次数、同等级及到岗时间规则。,未取得现行试工失败、提前终约、候选不匹配时的退费公式或审批时限。,未取得现行育儿嫂工资和机构服务费；保洁计费不作育儿嫂价格。,协会企业介绍称全员背景核查、技能和礼仪考核；没有取得专门育儿嫂考核内容、体检标准和个人证据。,企业描述调度反馈、熊猫小程序及高德预约，未见育儿嫂督导频次和紧急补位的服务级别约定。,协会可确认天通苑东一区68号楼8单元底商，介绍称熊猫小程序/高德可预约；未取得可核的育儿嫂专属联系电话。,可以补入本地机构范围，理由是协会正文已直接写育儿嫂业务。独立口碑补查主要返回保洁和异地同名，未找到能核实的北京育儿嫂交易全过程，不能沿用前身保洁荣誉做育儿排名。,育儿嫂当前报价与完整合同；拟派人选育婴实操和最近上户记录；换人时限与退出退费；家政公司和保洁公司责任边界,"""陈诚家政"" 北京 育儿嫂 公司 → 中国家协介绍北京陈诚家政服务有限公司成立于2024-04-29，依托北京陈诚保洁有限公司；是不同法人，不将保洁历史直接算为育儿嫂历史。 2026协会正文明确保姆、月嫂、育儿嫂，北京服务点为昌平天通苑东一区68号楼8单元底商。
""陈诚家政"" 换人 退款 合同 → 已查主体、换人合同和精确投诉词，未取得育儿嫂免费换人次数、同等级及到岗时间规则。 未取得现行试工失败、提前终约、候选不匹配时的退费公式或审批时限。
""陈诚家政"" 投诉 评价 口碑 → 可以补入本地机构范围，理由是协会正文已直接写育儿嫂业务。独立口碑补查主要返回保洁和异地同名，未找到能核实的北京育儿嫂交易全过程，不能沿用前身保洁荣誉做育儿排名。
陈诚家政 天通苑 电话 → 已检索并审查返回结果；相关主体、业务及政策补入findings。未命中可归属独立交易经历时不据此判定口碑良好。
""陈诚家政"" ""投诉"" → 已检索并审查返回结果；相关主体、业务及政策补入findings。未命中可归属独立交易经历时不据此判定口碑良好。
""陈诚家政"" (site:tousu.sina.com.cn OR site:xfb315.com OR site:zhihu.com OR site:xiaohongshu.com) → 已检索并审查返回结果；相关主体、业务及政策补入findings。未命中可归属独立交易经历时不据此判定口碑良好。","北京陈诚家政服务有限公司 https://www.chsa.com.cn/nd.jsp?_ngc=-1&fromColId=-1&id=825（已打开并阅读相关正文）
陈诚保洁品牌资料 https://www.maigoo.com/brand/4157048.html（搜索返回相关正文）",,未取得可归属陈诚的北京育儿雇主评价；可见品牌内容以自营保洁推广为主，不能代表育儿服务满意度。,第二批,主体待核组。本轮逐一对照四份正式政府名单，未取得可归属的入选记录；不等于机构差或不存在其他荣誉。不进入政府品牌推选优先组；数值仅供查看已有资料构成。,v2.0,主要命中协会介绍；“陈诚”作为自然人的康依家养老劳务诉讼不能归入北京陈诚家政公司。本轮公开索引未取得可归属个案。,已按1组名称查询当前公示列表，本轮未见记录；不代表零投诉，公示期限、名称别称和公开范围会影响结果。,"[黑猫投诉公开索引] site:tousu.sina.com.cn ""陈诚家政""
本轮该平台定向公开索引未取得可归属个案；搜索不命中不等于没有投诉。

[消费保公开索引] site:xfb315.com ""陈诚家政""
本轮该平台定向公开索引未取得可归属个案；搜索不命中不等于没有投诉。

[投诉/媒体/监管/司法公开网页] ""陈诚家政"" 投诉
主要命中协会介绍；“陈诚”作为自然人的康依家养老劳务诉讼不能归入北京陈诚家政公司。本轮公开索引未取得可归属个案。

[12315站内] 北京陈诚家政服务有限公司
查询“北京陈诚家政服务有限公司”：该名称在此次公示列表未见记录，不代表零投诉或没有历史纠纷；公示期限、名称别称和公开范围会影响结果。

未取得本轮可单列案例；不代表没有投诉。

来源（读取及归属边界见对应记录）：
https://tsgs.12315.cn/#/viewport",2.0,主体待核组,不进入政府品牌优先组,0,,
春和万家,有北京业务线索,综合家政,中国家协2025介绍明确北京春和万家家政服务有限公司，昌平发展路8号院中天创业园；与泛称“春和”“万家”公司分开。,协会服务列表写“有儿嫂”（原文笔误）、家庭保姆、月嫂及母婴护理，结合本地商家目录育儿陪伴可作北京育儿服务线索；需核实际承接0—3岁长期照护。,2025-09协会记录及本地目录可读，能确认存在公开业务；未实际联系核目前接单和0—3岁候选。,未取得免费换人次数、临时离岗补位、同档阿姨及到岗时限约定；无结果不代表机构不支持。,未取得试工、提前解约、长期匹配失败退费规则及到账期限。,未取得育儿嫂现行工资及机构服务费；目录无可验证报价。,商家目录称系统培训、严格筛选，缺少育儿嫂具体技能考核、体检、保险及前雇主验证。,未取得督导入户/远程指导频次和投诉处理承诺；“品质高效”属于一般宣传。,商业目录给发展路8号院5号楼3层308及16619908846、19839696253，未得到官方电话交叉确认，仅联系线索。,协会和本地目录能补机构广度；已经逐项检索业务、换退和口碑。公开合同和可归属的近期雇主样本未取得，重点核其是否确有婴幼儿长期照护人才及能否兜底替补。,具体是否接0—3岁育儿嫂；当前接待点与官方号码；免费替补和退费细则；拟派人员筛查考核,"""春和万家"" 北京 育儿嫂 公司 → 中国家协2025介绍明确北京春和万家家政服务有限公司，昌平发展路8号院中天创业园；与泛称“春和”“万家”公司分开。 协会服务列表写“有儿嫂”（原文笔误）、家庭保姆、月嫂及母婴护理，结合本地商家目录育儿陪伴可作北京育儿服务线索；需核实际承接0—3岁长期照护。
""春和万家"" 换人 退款 合同 → 未取得免费换人次数、临时离岗补位、同档阿姨及到岗时限约定；无结果不代表机构不支持。 未取得试工、提前解约、长期匹配失败退费规则及到账期限。
""春和万家"" 投诉 评价 口碑 → 协会和本地目录能补机构广度；已经逐项检索业务、换退和口碑。公开合同和可归属的近期雇主样本未取得，重点核其是否确有婴幼儿长期照护人才及能否兜底替补。
春和万家 家政 换人 退款 → 已检索并审查返回结果；相关主体、业务及政策补入findings。未命中可归属独立交易经历时不据此判定口碑良好。
""春和万家"" ""退费"" → 已检索并审查返回结果；相关主体、业务及政策补入findings。未命中可归属独立交易经历时不据此判定口碑良好。
""春和万家"" (site:tousu.sina.com.cn OR site:xfb315.com OR site:zhihu.com OR site:xiaohongshu.com) → 已检索并审查返回结果；相关主体、业务及政策补入findings。未命中可归属独立交易经历时不据此判定口碑良好。","北京春和万家家政服务有限公司 https://www.chsa.com.cn/nd.jsp?_ngc=-1&fromColId=-1&id=811（已打开并阅读相关正文）
回龙观生活服务商家目录 https://www.mmmiaomen.com/svc?district=changping&street=cp01（已打开并阅读相关正文）",,品牌有育儿嫂自营推广，但本次未取得可核实的独立北京雇主经历；不能用宣传笔记和点赞数当作口碑。,第二批,主体待核组。本轮逐一对照四份正式政府名单，未取得可归属的入选记录；不等于机构差或不存在其他荣誉。不进入政府品牌推选优先组；数值仅供查看已有资料构成。,v2.0,检索结果有地图商家线索，但大多为“春和万家欢”文艺活动等词语碰撞。本轮公开索引未取得可归属个案。,已按1组名称查询当前公示列表，本轮未见记录；不代表零投诉，公示期限、名称别称和公开范围会影响结果。,"[黑猫投诉公开索引] site:tousu.sina.com.cn ""春和万家""
本轮该平台定向公开索引未取得可归属个案；搜索不命中不等于没有投诉。

[消费保公开索引] site:xfb315.com ""春和万家""
本轮该平台定向公开索引未取得可归属个案；搜索不命中不等于没有投诉。

[投诉/媒体/监管/司法公开网页] ""春和万家"" 投诉
检索结果有地图商家线索，但大多为“春和万家欢”文艺活动等词语碰撞。本轮公开索引未取得可归属个案。

[12315站内] 北京春和万家家政服务有限公司
查询“北京春和万家家政服务有限公司”：该名称在此次公示列表未见记录，不代表零投诉或没有历史纠纷；公示期限、名称别称和公开范围会影响结果。

未取得本轮可单列案例；不代表没有投诉。

来源（读取及归属边界见对应记录）：
https://tsgs.12315.cn/#/viewport",1.0,主体待核组,不进入政府品牌优先组,0,,
神灯阿姨,有北京业务线索,综合家政,中国家协2025会员介绍对应北京神灯阿姨科技有限公司、AUNTY DIVINE品牌，称品牌自2016设立；品牌年限不等同当前法人成立时间。,协会正文明确保姆、月嫂、育儿嫂、护老、管家等；招聘检索有北京西城天宁寺育婴师/育儿嫂岗位，可补本地供给线索。,2025协会简介和近月抓取招聘线索支持公开经营；未验证当前待岗人选和合同主体。,未取得北京育儿嫂免费更换次数、到岗时限、同级差价和突发离岗处理。,未取得合同、试用退出退费与连续不匹配退款政策；信息化管理与“三S服务”不能代替具体权利。,招聘里8500—15000元/月是求职薪酬信息，不是雇主全包报价；当前服务费尚未取得。,会员介绍称信息化管理，没有完整育儿嫂背调、体检、培训考核和保险细则；拟派个人证件需审。,未取得专人督导、客服首次响应、替岗安排与退款审批机制。,协会没有可读服务电话或接待地址；招聘显示西城天宁寺为线索，不能直接当总部接待点。,应加入已发现机构范围，协会文本直接支持育儿嫂业务。对于自称零投诉和高转介绍，专门检索后仍没有可审样本及统计口径；不得把宣传数字当客观排名依据，关键换退条款须补合同。,官方接待点与签约主体；育儿嫂合同及费用；临时离岗与免费补位时限；转介绍统计及真实雇主回访,"""神灯阿姨"" 北京 育儿嫂 公司 → 中国家协2025会员介绍对应北京神灯阿姨科技有限公司、AUNTY DIVINE品牌，称品牌自2016设立；品牌年限不等同当前法人成立时间。 协会正文明确保姆、月嫂、育儿嫂、护老、管家等；招聘检索有北京西城天宁寺育婴师/育儿嫂岗位，可补本地供给线索。
""神灯阿姨"" 换人 退款 合同 → 未取得北京育儿嫂免费更换次数、到岗时限、同级差价和突发离岗处理。 未取得合同、试用退出退费与连续不匹配退款政策；信息化管理与“三S服务”不能代替具体权利。
""神灯阿姨"" 投诉 评价 口碑 → 应加入已发现机构范围，协会文本直接支持育儿嫂业务。对于自称零投诉和高转介绍，专门检索后仍没有可审样本及统计口径；不得把宣传数字当客观排名依据，关键换退条款须补合同。
神灯阿姨 官网 免费 更换 → 已检索并审查返回结果；相关主体、业务及政策补入findings。未命中可归属独立交易经历时不据此判定口碑良好。
""神灯阿姨"" → 已检索并审查返回结果；相关主体、业务及政策补入findings。未命中可归属独立交易经历时不据此判定口碑良好。
""神灯阿姨"" (site:tousu.sina.com.cn OR site:xfb315.com OR site:zhihu.com OR site:xiaohongshu.com) → 已检索并审查返回结果；相关主体、业务及政策补入findings。未命中可归属独立交易经历时不据此判定口碑良好。","北京神灯阿姨科技有限公司 https://www.chsa.com.cn/nd.jsp?_ngc=-1&fromColId=-1&id=781（原生不可读后正常HTTP全文已读）
北京家政相关招聘列表 https://m.58.com/w/ppezwe7034/（搜索返回相关岗位正文）",,本次未取得可归属北京神灯的独立育儿雇主经历。原帖的零投诉及90%转介绍是机构宣传，未经独立验证；换人、请假替岗也仅是宣传项目，不能据此推导时限和退款权利。,第二批,主体待核组。本轮逐一对照四份正式政府名单，未取得可归属的入选记录；不等于机构差或不存在其他荣誉。不进入政府品牌推选优先组；数值仅供查看已有资料构成。,v2.0,短品牌出现神灯设备、账号昵称及无关社会新闻；补精确法人后仅取得协会企业信息。本轮公开索引未取得可归属个案。,已按1组名称查询当前公示列表，本轮未见记录；不代表零投诉，公示期限、名称别称和公开范围会影响结果。,"[黑猫投诉公开索引] site:tousu.sina.com.cn ""神灯阿姨""
本轮该平台定向公开索引未取得可归属个案；搜索不命中不等于没有投诉。

[消费保公开索引] site:xfb315.com ""神灯阿姨""
本轮该平台定向公开索引未取得可归属个案；搜索不命中不等于没有投诉。

[投诉/媒体/监管/司法公开网页] ""神灯阿姨"" 投诉
短品牌出现神灯设备、账号昵称及无关社会新闻；补精确法人后仅取得协会企业信息。本轮公开索引未取得可归属个案。

[别名/精确主体/个案补充公开检索] ""北京神灯阿姨科技有限公司"" 投诉
补充检索人工归属结论：短品牌出现神灯设备、账号昵称及无关社会新闻；补精确法人后仅取得协会企业信息。本轮公开索引未取得可归属个案。

[12315站内] 北京神灯阿姨科技有限公司
查询“北京神灯阿姨科技有限公司”：该名称在此次公示列表未见记录，不代表零投诉或没有历史纠纷；公示期限、名称别称和公开范围会影响结果。

未取得本轮可单列案例；不代表没有投诉。

来源（读取及归属边界见对应记录）：
https://tsgs.12315.cn/#/viewport",0.0,主体待核组,不进入政府品牌优先组,0,,
正点家政,有北京业务线索,综合家政,北京正点家政集团有限公司，2023与2024北京市员工制家政正式入选名单可核。京嫂招聘企业介绍称其属正点旗下高端月嫂品牌，状元宝贝亦见集团业务资料；应关联品牌组避免重复计数。 京嫂为相关母婴品牌，有政府/就业材料指向正点集团；合并展示品牌关系，不另计一家独立机构。,大兴区人社就业平台列育婴师岗位，2025招聘7500—12000元/月；企业介绍北京海淀、丰台、朝阳、通州运营中心，能支持本地长期育儿业务。 京嫂目前明确的产品是月嫂，不能把其先服务后收费宣传直接当成正点长期育儿嫂条款。,2025政府招聘岗位和品牌活动支持在营线索；2023/2024名单的年度不能写成2026资格，当前具体门店及育儿嫂人选未联系。,2023商业目录写前7天不满意免费更换月嫂，2026推广稿又写前3天；均以月嫂为主。育儿嫂免费换人次数和到岗时限未取得现行官方条款，不采用旧描述套用。,2023目录转述“服务不满意退费无条件”，并评价大冲突协调较弱；它是用户创建聚合信息，无可查具体交易。现行育儿嫂退款范围与时间仍须正式合同。,7500—12000元/月为2025育婴师招聘工资，非雇主报价；2023目录称长期服务费相当一个月工资，为旧二手资料，不作为2026标准。,官方就业页面载明集团培训和职业机构背景，商业目录称月嫂育儿嫂在集团学校培训；尚无候选个人实操考核、背调和保险资料。,员工制历史入选能支持管理模式线索，不保证每位人选为劳动合同员工或即时可替补；育儿嫂督导与应急到岗仍未公开。,大兴就业平台经营地址马家堡西路时代天街5层状元宝贝月嫂中心；京嫂招聘为时代金街2层，应分业务线核预约地址。本轮未核官方统一服务电话。,有官方员工制和育婴师招聘依据，可进入北京本地机构比较；但市场常将其月嫂后收费承诺套到育儿嫂，证据不足。已检查独立平台索引，未得到可归属近期北京育儿嫂闭环案例，商业目录的高排名不采用。,育儿嫂是否也先服务后收费；当前换人免费次数和退款公式；正点/状元宝贝/京嫂合同责任分工；员工制具体人选的劳动或劳务关系；京嫂品牌的育儿嫂产品与本次具体签约主体,"""正点家政"" 北京 育儿嫂 公司 → 北京正点家政集团有限公司，2023与2024北京市员工制家政正式入选名单可核。京嫂招聘企业介绍称其属正点旗下高端月嫂品牌，状元宝贝亦见集团业务资料；应关联品牌组避免重复计数。 大兴区人社就业平台列育婴师岗位，2025招聘7500—12000元/月；企业介绍北京海淀、丰台、朝阳、通州运营中心，能支持本地长期育儿业务。
""正点家政"" 换人 退款 合同 → 2023商业目录写前7天不满意免费更换月嫂，2026推广稿又写前3天；均以月嫂为主。育儿嫂免费换人次数和到岗时限未取得现行官方条款，不采用旧描述套用。 2023目录转述“服务不满意退费无条件”，并评价大冲突协调较弱；它是用户创建聚合信息，无可查具体交易。现行育儿嫂退款范围与时间仍须正式合同。
""正点家政"" 投诉 评价 口碑 → 有官方员工制和育婴师招聘依据，可进入北京本地机构比较；但市场常将其月嫂后收费承诺套到育儿嫂，证据不足。已检查独立平台索引，未得到可归属近期北京育儿嫂闭环案例，商业目录的高排名不采用。
正点家政 官网 月嫂 育儿嫂 退费 → 已检索并审查返回结果；相关主体、业务及政策补入findings。未命中可归属独立交易经历时不据此判定口碑良好。
""正点家政"" ""退款"" → 已检索并审查返回结果；相关主体、业务及政策补入findings。未命中可归属独立交易经历时不据此判定口碑良好。
""正点家政"" (site:tousu.sina.com.cn OR site:xfb315.com OR site:zhihu.com OR site:xiaohongshu.com) → 已检索并审查返回结果；相关主体、业务及政策补入findings。未命中可归属独立交易经历时不据此判定口碑良好。
""京嫂"" 北京 育儿嫂 公司 → 北京市人社现名录为北京京嫂科技发展集团有限公司；2025早期输入基地名录用北京京嫂科技发展有限公司。招聘企业介绍称2023-08-11成立、属正点集团旗下高端月嫂品牌；独立保存但关联正点组，不虚增完全独立资源池。 2025官方报道明确高端母婴护理和北京培训/服务运营；本轮找到的直接招聘以月嫂为主。聚合搜索含育婴师，但归属混杂，未充分证明京嫂单独长期育儿嫂产品。
""京嫂"" 换人 退款 合同 → 未取得京嫂育儿嫂免费更换和到岗条款。母婴“客户零风险”模式是概括，不足以推出育儿嫂替補保证。 企业招聘自述月嫂工作结束后收费；不等同育儿嫂无需定金或无条件退费。当前正式退款合同与付款流程未取得。
""京嫂"" 投诉 评价 口碑 → 作为正点集团关联品牌保留独立研究记录，方便核合同主体。现有强证据集中月嫂，不宜先归为已完全确认的长期育儿嫂供应商；要先核具体产品和承接公司，再比较换人保障。公开独立平台索引未取得近期可核京嫂育儿嫂评价。
京嫂 育儿嫂 官网 退费 → 已检索并审查返回结果；相关主体、业务及政策补入findings。未命中可归属独立交易经历时不据此判定口碑良好。
""京嫂"" 育儿嫂 → 已检索并审查返回结果；相关主体、业务及政策补入findings。未命中可归属独立交易经历时不据此判定口碑良好。
""京嫂"" (site:tousu.sina.com.cn OR site:xfb315.com OR site:zhihu.com OR site:xiaohongshu.com) → 已检索并审查返回结果；相关主体、业务及政策补入findings。未命中可归属独立交易经历时不据此判定口碑良好。","2024北京市员工制家政服务企业入选公告 https://sw.beijing.gov.cn/phone/zwxx/tzgg/202401/t20240131_3550205.html（已打开并阅读相关正文）
北京正点家政集团招聘与单位信息 https://jy.daxing.net/qyzs/190763.jhtml（已打开并阅读相关正文）
正点家政商家资料 https://m.cityhui.com/shop/17542.html（已打开并阅读相关正文）
京嫂医护月嫂招聘 https://www.zhaopin.com/jobdetail/CCL1486482680J40615321302.htm（正常HTTP已读相关正文）
北京京嫂科技发展集团有限公司 https://rsj.beijing.gov.cn/bm/ztzl/ssjzlwpp/202511/t20251103_4250992.html（已打开并阅读相关正文）
丰台三大品牌入选家政劳务名单 https://www.beijing.gov.cn/ywdt/gqrd/202511/t20251114_4281180.html（已打开并阅读相关正文）",,本轮未取得正点北京育儿雇主独立经历；与京嫂的机构关联沿用已核主体档案，不能用同品牌月嫂培训宣传替代雇主口碑。,第二批,政府品牌推选优先组。对应2025年正式政府联合推选并发布的劳务品牌企业名录，列名公司为北京京嫂科技发展集团有限公司。名单没有官方名次；仍须核对本单合同、育儿人选与换人条款。这是品牌关联记录，仅适用于列名法人，不覆盖所有同品牌订单。2025年京嫂为关联品牌的另一法人，主要经营月嫂；正点长期育儿合同主体与推选记录适用范围另核。,v2.0,主要取得员工制家政名单、春节保供、校企合作、商业榜单。名单内的公示监督电话和推广评价不等于投诉记录；本轮公开索引未取得可归属个案。,已按1组名称查询当前公示列表，本轮未见记录；不代表零投诉，公示期限、名称别称和公开范围会影响结果。,"[黑猫投诉公开索引] site:tousu.sina.com.cn ""正点家政""
本轮该平台定向公开索引未取得可归属个案；搜索不命中不等于没有投诉。

[消费保公开索引] site:xfb315.com ""正点家政""
本轮该平台定向公开索引未取得可归属个案；搜索不命中不等于没有投诉。

[投诉/媒体/监管/司法公开网页] ""正点家政"" 投诉
主要取得员工制家政名单、春节保供、校企合作、商业榜单。名单内的公示监督电话和推广评价不等于投诉记录；本轮公开索引未取得可归属个案。

[12315站内] 北京正点家政集团有限公司
查询“北京正点家政集团有限公司”：该名称在此次公示列表未见记录，不代表零投诉或没有历史纠纷；公示期限、名称别称和公开范围会影响结果。

未取得本轮可单列案例；不代表没有投诉。

来源（读取及归属边界见对应记录）：
https://tsgs.12315.cn/#/viewport",62.0,政府品牌推选优先组,10,60,"北京京嫂科技发展集团有限公司
北京正点家政集团有限公司
北京正点家政集团有限公司
北京京嫂科技发展有限公司","https://rsj.beijing.gov.cn/bm/ztzl/ssjzlwpp/202511/t20251103_4250992.html
https://sw.beijing.gov.cn/phone/zwxx/tzgg/202401/t20240131_3550205.html
https://rsj.beijing.gov.cn/xxgk/tzgg/202302/t20230208_2913405.html
https://rsj.beijing.gov.cn/xxgk/tzgg/202511/t20251103_4251298.html"
家家福宁,有北京业务线索,综合家政,2025北京市人社名录为北京家家福宁家政有限公司；部分推广稿加“服务”二字，不直接当精确法人。,2026-06保定就业发布京津冀招聘含北京家家福宁育儿嫂80人、月嫂及护理岗位；2025政府名录和河北福嫂输入基地支持北京家政业务。,2025官方品牌名单及2026招聘信息支持持续经营线索；具体门店与当下在岗人数未问询。,未取得当前育儿嫂免费换人次数、等待时间和等价候选保障；社区网点多并不等同当天可替补。,未取得北京育儿嫂现行试工退出、提前解约及多次换人失败的退费公式。,最新招聘正文未提供可核育儿嫂薪酬/客户服务费，公开推广稿报价不采用。,有技能培训师招聘与劳务输入基地线索；具体候选健康/背景/育婴实操考核和保险未取得。,社区家政和养老业务公开存在，但未见育儿嫂督导频率及紧急离岗补位政策。,政府详情页联系方式在图片中，本轮原文页面可读但图片下载未成功；不将网站12333政策咨询电话写成机构电话。旧东城门店地址仅作线索。,有较新的官方和育儿嫂招聘证据，应纳入本地机构范围。口碑专项搜索主要是商业推荐；另见2022公共场所抽查不合格旧线索，具体场所、原因和整改不明，不能当作2026阿姨健康或育儿嫂服务差的结论。,当前门店与客服联系方式；育儿嫂完整合同和价目；替补等待、退款规则；2022公共场所抽查具体项目及整改（如选择该门店）,"""家家福宁"" 北京 育儿嫂 公司 → 2025北京市人社名录为北京家家福宁家政有限公司；部分推广稿加“服务”二字，不直接当精确法人。 2026-06保定就业发布京津冀招聘含北京家家福宁育儿嫂80人、月嫂及护理岗位；2025政府名录和河北福嫂输入基地支持北京家政业务。
""家家福宁"" 换人 退款 合同 → 未取得当前育儿嫂免费换人次数、等待时间和等价候选保障；社区网点多并不等同当天可替补。 未取得北京育儿嫂现行试工退出、提前解约及多次换人失败的退费公式。
""家家福宁"" 投诉 评价 口碑 → 有较新的官方和育儿嫂招聘证据，应纳入本地机构范围。口碑专项搜索主要是商业推荐；另见2022公共场所抽查不合格旧线索，具体场所、原因和整改不明，不能当作2026阿姨健康或育儿嫂服务差的结论。
家家福宁 家政 官网 育儿嫂 → 已检索并审查返回结果；相关主体、业务及政策补入findings。未命中可归属独立交易经历时不据此判定口碑良好。
""家家福宁"" 官网 → 已检索并审查返回结果；相关主体、业务及政策补入findings。未命中可归属独立交易经历时不据此判定口碑良好。
""家家福宁"" (site:tousu.sina.com.cn OR site:xfb315.com OR site:zhihu.com OR site:xiaohongshu.com) → 已检索并审查返回结果；相关主体、业务及政策补入findings。未命中可归属独立交易经历时不据此判定口碑良好。","北京家家福宁家政有限公司 https://rsj.beijing.gov.cn/bm/ztzl/ssjzlwpp/202511/t20251103_4251026.html（已打开并阅读相关正文）
京津冀劳务协作招聘信息 https://www.sohu.com/a/1035281853_121106842（正常HTTP已读相关正文）
河北福嫂来京输入基地名单 https://xinwen.bjd.com.cn/content/s690c5cbfe4b02424b0c2997d.html（搜索返回相关正文）
2022年10月北京市卫生健康随机抽查结果 https://www.bjxch.gov.cn/file/20221229/1672278815187073105.pdf（搜索返回结果表行；原文附件打开失败）",,没有取得可归属北京家家福宁的育儿雇主评价；近名家福宁内容是行业及养老活动，不可推定为育儿服务口碑。,第二批,政府品牌推选优先组。对应2025年正式政府联合推选并发布的劳务品牌企业名录，列名公司为北京家家福宁家政有限公司。名单没有官方名次；仍须核对本单合同、育儿人选与换人条款。,v2.0,政府原PDF明确记载2022-10-26北京家家福宁家政有限公司公共场所卫生抽查不合格，已视觉复核表格。未列具体不合格项目、处罚或后续整改；不能据此推断育儿服务事故或当前状况。,已按1组名称查询当前公示列表，本轮未见记录；不代表零投诉，公示期限、名称别称和公开范围会影响结果。,"[黑猫投诉公开索引] site:tousu.sina.com.cn ""家家福宁""
本轮该平台定向公开索引未取得可归属个案；搜索不命中不等于没有投诉。

[消费保公开索引] site:xfb315.com ""家家福宁""
本轮该平台定向公开索引未取得可归属个案；搜索不命中不等于没有投诉。

[投诉/媒体/监管/司法公开网页] ""家家福宁"" 投诉
政府原PDF明确记载2022-10-26北京家家福宁家政有限公司公共场所卫生抽查不合格，已视觉复核表格。未列具体不合格项目、处罚或后续整改；不能据此推断育儿服务事故或当前状况。

[别名/精确主体/个案补充公开检索] ""家家福宁"" ""不合格""
补充检索人工归属结论：政府原PDF明确记载2022-10-26北京家家福宁家政有限公司公共场所卫生抽查不合格，已视觉复核表格。未列具体不合格项目、处罚或后续整改；不能据此推断育儿服务事故或当前状况。

[别名/精确主体/个案补充公开检索] ""北京家家福宁家政有限公司"" 处罚 整改
补充检索人工归属结论：政府原PDF明确记载2022-10-26北京家家福宁家政有限公司公共场所卫生抽查不合格，已视觉复核表格。未列具体不合格项目、处罚或后续整改；不能据此推断育儿服务事故或当前状况。

[12315站内] 北京家家福宁家政有限公司
查询“北京家家福宁家政有限公司”：该名称在此次公示列表未见记录，不代表零投诉或没有历史纠纷；公示期限、名称别称和公开范围会影响结果。

案例：2022年公共场所卫生抽查不合格
日期：2022-10-26（PDF公布于2022-12目录）
工种：公共场所卫生监督
记录：2022年10月北京市卫生健康随机抽查结果PDF第1页第26行：北京家家福宁家政有限公司，公共场所，2022-10-26 16:02，不合格。
回应：该表无企业答复。
处理结果：只公开当次检查结果；未列具体项目、处罚决定或整改复查。
限制：已下载原PDF、文本提取并视觉复核；这是历史公共场所检查，不能推断育儿护理质量或当前违法。
读取状态：已读政府原PDF并视觉复核第1页第26行
来源：https://www.bjxch.gov.cn/file/20221229/1672278815187073105.pdf

来源（读取及归属边界见对应记录）：
https://www.bjxch.gov.cn/file/20221229/1672278815187073105.pdf
https://tsgs.12315.cn/#/viewport",61.0,政府品牌推选优先组,14,60,"北京家家福宁家政有限公司
北京家家福宁家政有限公司","https://rsj.beijing.gov.cn/bm/ztzl/ssjzlwpp/202511/t20251103_4251026.html
https://rsj.beijing.gov.cn/xxgk/tzgg/202511/t20251103_4251298.html"
妇婴乐,业务仍需确认,母婴服务,北京市人社2025名录明确北京妇婴乐家政服务有限公司，历史商务局连锁资源库亦有同名主体；不与乌鲁木齐等地同名公司自动合并。,第三方企业培训介绍称提供北京月嫂、催乳、育婴师及家庭服务；2026-08政府报道负责人招募人员服务北京家庭。长期育儿嫂专门工种和可面试供给仍需具体核单。,2026-08-12政府新闻明确负责人参加8月5日家政劳务活动，较旧培训目录更能支持当年持续业务活动；未直接问询育儿嫂档期。,未取得北京育儿嫂免费更换次数、同等等级和到岗时限的合同级条款。,未取得试用、更换失败、提前终止合同的退款比例与时限；“月嫂十佳品牌”历史称号不能代替保障。,未取得当前北京育儿嫂月薪、服务费、保险等完整报价；培训招生价格不作为请阿姨支出。,历史培训平台介绍有母婴护理及催乳培训和管理团队；未取得当前育婴师课程、体检、背调、考核及具体证件。,2026政府报道体现人员输入对接，不能证明育儿嫂入户督导和突发补位；这些条款仍待合同核。,培训平台13552901487是历史招生联系线索，未证当前客户服务号码；政府详情海报未完整读取，不猜电话。,主体和2026业务活动证据明确，能补机构覆盖。深查未取得当下育儿嫂换退合同和具名独立交易过程；现有独立媒体材料偏劳务活动，不能把培训荣誉或月嫂宣传直接转成育儿嫂推荐。,长期育儿嫂当前是否可接单；专用客户热线和店铺主体；试工换退合同与报价；育婴师个人技能和健康证明,"""妇婴乐"" 北京 育儿嫂 公司 → 北京市人社2025名录明确北京妇婴乐家政服务有限公司，历史商务局连锁资源库亦有同名主体；不与乌鲁木齐等地同名公司自动合并。 第三方企业培训介绍称提供北京月嫂、催乳、育婴师及家庭服务；2026-08政府报道负责人招募人员服务北京家庭。长期育儿嫂专门工种和可面试供给仍需具体核单。
""妇婴乐"" 换人 退款 合同 → 未取得北京育儿嫂免费更换次数、同等等级和到岗时限的合同级条款。 未取得试用、更换失败、提前终止合同的退款比例与时限；“月嫂十佳品牌”历史称号不能代替保障。
""妇婴乐"" 投诉 评价 口碑 → 主体和2026业务活动证据明确，能补机构覆盖。深查未取得当下育儿嫂换退合同和具名独立交易过程；现有独立媒体材料偏劳务活动，不能把培训荣誉或月嫂宣传直接转成育儿嫂推荐。
妇婴乐 育儿嫂 官网 退换 → 已检索并审查返回结果；相关主体、业务及政策补入findings。未命中可归属独立交易经历时不据此判定口碑良好。
""妇婴乐"" 官网 → 已检索并审查返回结果；相关主体、业务及政策补入findings。未命中可归属独立交易经历时不据此判定口碑良好。
""妇婴乐"" (site:tousu.sina.com.cn OR site:xfb315.com OR site:zhihu.com OR site:xiaohongshu.com) → 已检索并审查返回结果；相关主体、业务及政策补入findings。未命中可归属独立交易经历时不据此判定口碑良好。","北京妇婴乐家政服务有限公司 https://rsj.beijing.gov.cn/bm/ztzl/ssjzlwpp/202511/t20251103_4251001.html（已打开并阅读相关正文）
京津冀三地签署劳务协作协议 https://fgw.beijing.gov.cn/fzggzl/zyhz/gzdt/jjbf/xggz/202608/t20260812_4820195.htm（已打开并阅读相关正文）
北京妇婴乐培训介绍 https://www.inxue.com/school-8009/（搜索返回相关正文）
妇婴乐宝贝门店相册 https://www.dianping.com/shop/97435592/photos/album（搜索返回门店页信息）",,未取得妇婴乐北京育儿嫂可归属雇主评价；同音近名医疗和其他中介不可合并计算。,先核实,北京育儿业务待核组。对应2025年正式政府联合推选并发布的劳务品牌企业名录，列名公司为北京妇婴乐家政服务有限公司。名单没有官方名次；仍须核对本单合同、育儿人选与换人条款。不进入政府品牌推选优先组；数值仅供查看已有资料构成。,v2.0,取得人社名录、历史连锁资料、分支登记及匿名正向问答；乌鲁木齐同名单位不并入。匿名问答中的换嫂经历缺独立核验，本轮公开索引未取得可归属投诉个案。,已按1组名称查询当前公示列表，本轮未见记录；不代表零投诉，公示期限、名称别称和公开范围会影响结果。,"[黑猫投诉公开索引] site:tousu.sina.com.cn ""妇婴乐""
本轮该平台定向公开索引未取得可归属个案；搜索不命中不等于没有投诉。

[消费保公开索引] site:xfb315.com ""妇婴乐""
本轮该平台定向公开索引未取得可归属个案；搜索不命中不等于没有投诉。

[投诉/媒体/监管/司法公开网页] ""妇婴乐"" 投诉
取得人社名录、历史连锁资料、分支登记及匿名正向问答；乌鲁木齐同名单位不并入。匿名问答中的换嫂经历缺独立核验，本轮公开索引未取得可归属投诉个案。

[12315站内] 北京妇婴乐家政服务有限公司
查询“北京妇婴乐家政服务有限公司”：该名称在此次公示列表未见记录，不代表零投诉或没有历史纠纷；公示期限、名称别称和公开范围会影响结果。

未取得本轮可单列案例；不代表没有投诉。

来源（读取及归属边界见对应记录）：
https://tsgs.12315.cn/#/viewport",61.0,北京育儿业务待核组,不进入政府品牌优先组,60,北京妇婴乐家政服务有限公司,https://rsj.beijing.gov.cn/bm/ztzl/ssjzlwpp/202511/t20251103_4251001.html
北京易家美,有北京业务线索,综合家政,家协文章标题为“北京易家美科技有限公司”，正文及北京保姆网店铺均称“北京易家美家政有限公司”、创建于2020年。两名称关系、现签约法人和统一信用代码未取得，不能直接归为同一法律主体。,家协介绍明确列育儿嫂、月嫂及住家保姆；本地店铺位于北京朝阳东坝，另有北京朝阳常营育儿嫂招聘。可以纳入北京育儿服务品牌候选。,2025年家协介绍与招聘、当前可读取的服务店铺构成持续业务线索；未电话确认2026年排班和当前实体门店。,未取得其育儿嫂合同、免费换人次数、换人期限及替补到岗时限。招聘和协会会员资料不能证明免费替换承诺。,未取得服务费退还比例、适配失败或机构无人可换的退费办法、到账时限。,育儿嫂招聘页面标7000–12000元/月、做六休一，更新于2025-08-20；这是招聘薪资，不是当前消费者报价。雇主服务费、带睡、双胎及加班费用未取得。,协会和店铺自述注重培训管理；招聘要求育婴证并称有商业保险。未取得当前培训课纲、证书核验途径、背调/体检项目和保单。,公开介绍仅有培训管理的一般表述；专属顾问、回访频次和投诉升级负责人未取得。,北京保姆网店铺公示北京市朝阳区东坝，未给出可核对的门牌和服务专线；招聘平台联系方式需登录。可从已读店铺入口咨询。,可纳入北京育儿服务机构候选，但换人保障目前没有可依赖的书面证据。公开口碑检索未取得可对应的独立雇主体验；不据此判为好评。需先解决科技/家政两种主体名及合同退换规则。,现签约法人与两种公司名的关系；免费更换范围、次数、到岗时限；退费公式、当前总费用；近期北京雇主评价和实体门店,"北京易家美家政 公司 官网 北京育儿嫂 服务 主体 → 读取命中业务资料，核对北京服务范围及机构身份；具体结果见业务、主体字段。
北京易家美家政 育儿嫂 更换 退款 合同 服务费 → 检查目标机构售后来源，未将其他机构或通用合同指南当作该机构条款。
北京易家美家政 消费者 口碑 投诉 黑猫 消费保 小红书 → 筛查消费者口碑、黑猫、消费保、小红书线索，剔除营销稿及不对应品牌。
""易家美"" 育儿嫂 调换 退款 → 精确品牌/主体/业务词补搜，阅读相关原文；保留无结果与近名误命中的边界。
""易家美"" 投诉 评价 小红书 消费保 → 精确品牌/主体/业务词补搜，阅读相关原文；保留无结果与近名误命中的边界。
""易家美"" (site:xiaohongshu.com OR site:tousu.sina.com.cn OR site:xfb365.com OR site:zhihu.com) 评价 投诉 → 追加小红书、黑猫、消费保、知乎域名定向检索；结果多为近名或其他机构，仅采纳可准确对应的原始记录。
""易家美"" (投诉 OR 评价 OR 小红书) → 原生精确词搜索主要返回成都装修近名，不对应北京家政。","中国家协：北京易家美科技有限公司 https://www.chsa.com.cn/nd.jsp?id=725（已打开原文并阅读相关正文（Exa web_fetch））
北京易家美家政店铺 https://www.beijingbaomu.com/user/bjyjm/（已打开原文并阅读相关正文（Exa web_fetch））
北京易家美：优秀育儿嫂招聘 https://b.dianzhangzhipin.com/job/1XZ52d-4EVA~.html（已打开原文并阅读相关正文（Exa web_fetch））",,未取得可明确归属易家美的独立育儿雇主订单评价。机构2024年帖宣称先试工后收费、不满意随时退，可作为询问合同的线索，尚无适用条件、退费公式和履约个案佐证。,第二批,主体待核组。本轮逐一对照四份正式政府名单，未取得可归属的入选记录；不等于机构差或不存在其他荣誉。不进入政府品牌推选优先组；数值仅供查看已有资料构成。,v2.0,结果为协会介绍和招聘信息，标题科技公司与正文家政公司仍须核对应关系。本轮公开索引未取得可归属个案。,已按1组名称查询当前公示列表，本轮未见记录；不代表零投诉，公示期限、名称别称和公开范围会影响结果。,"[黑猫投诉公开索引] site:tousu.sina.com.cn ""北京易家美""
本轮该平台定向公开索引未取得可归属个案；搜索不命中不等于没有投诉。

[消费保公开索引] site:xfb315.com ""北京易家美""
本轮该平台定向公开索引未取得可归属个案；搜索不命中不等于没有投诉。

[投诉/媒体/监管/司法公开网页] ""北京易家美"" 投诉
结果为协会介绍和招聘信息，标题科技公司与正文家政公司仍须核对应关系。本轮公开索引未取得可归属个案。

[12315站内] 北京易家美
查询“北京易家美”：该名称在此次公示列表未见记录，不代表零投诉或没有历史纠纷；公示期限、名称别称和公开范围会影响结果。

未取得本轮可单列案例；不代表没有投诉。

来源（读取及归属边界见对应记录）：
https://tsgs.12315.cn/#/viewport",1.0,主体待核组,不进入政府品牌优先组,0,,
依链家政,有北京业务线索,综合家政,北京人社2025名录列依链（北京）家政服务管理有限公司；第三方企业页列信用代码91110112MA7DNHHE6N、开业。官网品牌、地址与企业名线索一致；未取得工商实时原档。,官网明确向家庭提供保姆、母婴护理、育婴早教等到家服务，并公示北京朝阳门店。可纳入北京育婴服务机构候选，具体月龄与带睡能力仍需按阿姨核对。,2025北京人社名录、当前可读官网和北京门店地址可交叉佐证品牌活动；https一度超时，http主页已成功读到，不能把抓取错误解释为停业。,官网未列免费更换次数、失配重配规则或到岗期限；“30分钟顾问对接”不能写成30分钟换人。,未取得育儿服务合同和机构无人可换、提前解约时的退费公式。,未取得北京育婴服务工资分档、服务费、试工和续约费用。,官网自述4项专业培训、5项背景调查、9项健康检查和定制平安百万家政保险。项目明细、真实保单、证书及当前候选人记录未取得；10万资源库也未独立验证。,官网自述专属客服全程跟踪、顾问30分钟对接、24小时热线；未取得育儿记录模板、上户督导次数和不达标的合同补救。,官网公示15101672111、18232650615；北京市朝阳区光华路阳光100国际公寓D座8层。第三方登记地址光华路2号4号楼8层802。,北京育婴业务和公司身份比只有营销文的品牌更容易核对，但仍缺最关键的更换/退费合同。多渠道精确词搜索未取得可对应的独立雇主口碑，无法据政府名录把售后评为优秀。,是否按育儿嫂合同承诺免费更换；响应与替补实际到岗分别多久；服务费及各类解约退款；当前在岗育婴师及回访实例,"北京依链家政 公司 官网 北京育儿嫂 服务 主体 → 读取命中业务资料，核对北京服务范围及机构身份；具体结果见业务、主体字段。
北京依链家政 育儿嫂 更换 退款 合同 服务费 → 检查目标机构售后来源，未将其他机构或通用合同指南当作该机构条款。
北京依链家政 消费者 口碑 投诉 黑猫 消费保 小红书 → 筛查消费者口碑、黑猫、消费保、小红书线索，剔除营销稿及不对应品牌。
""依链"" ""家政"" 更换 退款 → 精确品牌/主体/业务词补搜，阅读相关原文；保留无结果与近名误命中的边界。
""依链"" ""家政"" 口碑 投诉 小红书 → 精确品牌/主体/业务词补搜，阅读相关原文；保留无结果与近名误命中的边界。
""依链 家政"" (site:xiaohongshu.com OR site:tousu.sina.com.cn OR site:xfb365.com OR site:zhihu.com) 评价 投诉 → 追加小红书、黑猫、消费保、知乎域名定向检索；结果多为近名或其他机构，仅采纳可准确对应的原始记录。
""依链"" 家政 (投诉 OR 评价 OR 小红书) → 返回异地依链物流、佛山生活服务或义乌饰品，排除；未取得同主体雇主评价。","依链家政官网 http://www.yljiazheng.com/（已打开原文并阅读相关正文（Exa web_fetch））
北京人社：十省区市家政劳务品牌企业名录 https://rsj.beijing.gov.cn/weimenhu/wmtgz/202511/t20251106_4264127.html（已打开原文并阅读相关正文（Exa web_fetch））
依链（北京）家政服务管理有限公司企业页 https://www.yellowurl.cn/60057659.html（已打开原文并阅读相关正文（Exa web_fetch））",,本次未取得依链北京育儿雇主可归属口碑；养老招聘活跃不能直接说明育儿订单售后或满意度。,第二批,政府品牌推选优先组。对应2025年正式政府联合推选并发布的劳务品牌企业名录，列名公司为依链（北京）家政服务管理有限公司。名单没有官方名次；仍须核对本单合同、育儿人选与换人条款。,v2.0,结果主要是官网、养老照护宣传、政策及招聘；其他地区企业的投诉不能归依链。本轮公开索引未取得可归属个案。,已按1组名称查询当前公示列表，本轮未见记录；不代表零投诉，公示期限、名称别称和公开范围会影响结果。,"[黑猫投诉公开索引] site:tousu.sina.com.cn ""依链家政""
本轮该平台定向公开索引未取得可归属个案；搜索不命中不等于没有投诉。

[消费保公开索引] site:xfb315.com ""依链家政""
本轮该平台定向公开索引未取得可归属个案；搜索不命中不等于没有投诉。

[投诉/媒体/监管/司法公开网页] ""依链家政"" 投诉
结果主要是官网、养老照护宣传、政策及招聘；其他地区企业的投诉不能归依链。本轮公开索引未取得可归属个案。

[12315站内] 依链（北京）家政服务管理有限公司
查询“依链（北京）家政服务管理有限公司”：该名称在此次公示列表未见记录，不代表零投诉或没有历史纠纷；公示期限、名称别称和公开范围会影响结果。

未取得本轮可单列案例；不代表没有投诉。

来源（读取及归属边界见对应记录）：
https://tsgs.12315.cn/#/viewport",66.0,政府品牌推选优先组,7,60,"依链（北京）家政服务管理有限公司
依链（北京）家政服务管理有限公司","https://rsj.beijing.gov.cn/bm/ztzl/ssjzlwpp/202511/t20251103_4251014.html
https://rsj.beijing.gov.cn/xxgk/tzgg/202511/t20251103_4251298.html"
北京为家汇,业务仍需确认,综合家政,家协正式列北京为家汇家庭服务有限公司；职友集列代码911101053971046086、王亚波、注册180万元、开业，旧投资资料法人/资本不同，不能混用为现行工商信息。,逐条核读家协介绍实际主营物业管理、楼宇清洗、石材及绿植养护、高端家庭保洁。追加“为家汇 育儿嫂”“为家汇 保姆”和月嫂/育婴搜索，未取得北京入户育儿嫂产品、阿姨派遣或明确订单证据。,2024-12-25家协物业业务介绍及当前第三方企业页可读。公司的存续、家政行业归类均不足以证明现在向家庭派育儿嫂。,未取得育儿嫂更换规则；物业/清洁人员管理不能套用为育儿嫂替补。,未取得育儿嫂服务费及退款规则。,未取得育儿嫂报价；不将清洗、物业报价混入育儿嫂比较。,家协文章介绍清洗物业管理体系、质量认证和员工培训；这些是物业清洁业务证据，不能证明婴幼儿照护培训。,介绍具有物业管理团队和保洁标准；未取得育儿嫂督导流程。,职友集公示注册地址北京市怀柔区琉璃庙镇老公营村208号-24；旧投资介绍为望京街4号楼6层602。未核得目前育儿业务热线或服务门店。,已深查，当前不宜计入“已确认可提供北京育儿嫂”的机构数。留在待核池并说明原因：目前取得的是物业/清洁业务材料，不是育儿嫂承接证据。这不是漏查，也不是认定公司不经营或无任何育儿业务。,当前是否实际提供入户育儿嫂；育儿嫂报价与签约样本；北京育儿团队和售后联系人,"北京为家汇家政 公司 官网 北京育儿嫂 服务 主体 → 读取命中业务资料，核对北京服务范围及机构身份；具体结果见业务、主体字段。
北京为家汇家政 育儿嫂 更换 退款 合同 服务费 → 检查目标机构售后来源，未将其他机构或通用合同指南当作该机构条款。
北京为家汇家政 消费者 口碑 投诉 黑猫 消费保 小红书 → 筛查消费者口碑、黑猫、消费保、小红书线索，剔除营销稿及不对应品牌。
""为家汇"" ""育儿嫂"" → 精确品牌/主体/业务词补搜，阅读相关原文；保留无结果与近名误命中的边界。
""为家汇"" ""保姆"" → 精确品牌/主体/业务词补搜，阅读相关原文；保留无结果与近名误命中的边界。
""为家汇"" 投诉 退款 评价 → 精确品牌/主体/业务词补搜，阅读相关原文；保留无结果与近名误命中的边界。
""为家汇"" (site:xiaohongshu.com OR site:tousu.sina.com.cn OR site:xfb365.com OR site:zhihu.com) 评价 投诉 → 追加小红书、黑猫、消费保、知乎域名定向检索；结果多为近名或其他机构，仅采纳可准确对应的原始记录。
""为家汇"" 月嫂 育婴 → 只找到家协物业清洁介绍，未找到育儿产品。","中国家协：北京为家汇家庭服务有限公司 https://www.chsa.com.cn/nd.jsp?id=696（已打开原文并阅读相关正文（Exa web_fetch））
北京为家汇家庭服务有限公司怎么样 https://www.jobui.com/company/12430083/（已打开原文并阅读相关正文（Exa web_fetch））",,本条目无此次站内核查记录,先核实,北京育儿业务待核组。本轮逐一对照四份正式政府名单，未取得可归属的入选记录；不等于机构差或不存在其他荣誉。不进入政府品牌推选优先组；数值仅供查看已有资料构成。,v2.0,结果主要是协会介绍、商标及无关文档；本轮公开索引未取得可归属个案。,已按1组名称查询当前公示列表，本轮未见记录；不代表零投诉，公示期限、名称别称和公开范围会影响结果。,"[黑猫投诉公开索引] site:tousu.sina.com.cn ""北京为家汇""
本轮该平台定向公开索引未取得可归属个案；搜索不命中不等于没有投诉。

[消费保公开索引] site:xfb315.com ""北京为家汇""
本轮该平台定向公开索引未取得可归属个案；搜索不命中不等于没有投诉。

[投诉/媒体/监管/司法公开网页] ""北京为家汇"" 投诉
结果主要是协会介绍、商标及无关文档；本轮公开索引未取得可归属个案。

[12315站内] 北京为家汇家庭服务有限公司
查询“北京为家汇家庭服务有限公司”：该名称在此次公示列表未见记录，不代表零投诉或没有历史纠纷；公示期限、名称别称和公开范围会影响结果。

未取得本轮可单列案例；不代表没有投诉。

来源（读取及归属边界见对应记录）：
https://tsgs.12315.cn/#/viewport",0.0,北京育儿业务待核组,不进入政府品牌优先组,0,,
北京达喜母婴护理,业务仍需确认,母婴服务,中国家协会员文章标题为北京达喜母婴护理有限公司，2024-12-25发布。通过两个读取通道打开均只有标题/日期，没有正文、信用代码或联系方式。未取得可交叉确认的工商原档。,精确公司全称与“育儿嫂/月嫂/育婴”补搜，未取得该主体北京入户育儿嫂产品；“母婴护理”名称不能自动等于长期育儿嫂。,能够确认2024年行业协会页面列出公司名；当前实际营业、服务区域、月嫂与育儿嫂业务边界未能确认。,未取得该公司的育儿嫂更换条款或有效承诺。,未取得退费条款与投诉处理办法。,未取得育儿嫂价格、服务费或试工费用。,未取得培训、背调、体检、持证及保险证据；不把婴达喜母婴用品连锁资料归给本主体。,未取得顾问督导、回访频率或争议升级渠道。,家协文章无公开联系电话和地址，未核得本主体可用官方联系方式。,已完成精确名称、业务、售后与口碑多轮搜索，并读过协会原页；证据仍只到“协会列名”。放入待核名录，不计入已确认北京育儿嫂机构，不把近名婴达喜的门店、评价或业务挪过来。,营业执照与官方联系人；是否做北京长期育儿嫂，而非月嫂/培训；现行合同、换人退费和候选人；独立雇主口碑,"北京达喜母婴 公司 官网 北京育儿嫂 服务 主体 → 读取命中业务资料，核对北京服务范围及机构身份；具体结果见业务、主体字段。
北京达喜母婴 育儿嫂 更换 退款 合同 服务费 → 检查目标机构售后来源，未将其他机构或通用合同指南当作该机构条款。
北京达喜母婴 消费者 口碑 投诉 黑猫 消费保 小红书 → 筛查消费者口碑、黑猫、消费保、小红书线索，剔除营销稿及不对应品牌。
""北京达喜母婴护理有限公司"" 育儿嫂 月嫂 → 精确品牌/主体/业务词补搜，阅读相关原文；保留无结果与近名误命中的边界。
""达喜母婴"" 退款 投诉 口碑 → 精确品牌/主体/业务词补搜，阅读相关原文；保留无结果与近名误命中的边界。
""达喜母婴"" (site:xiaohongshu.com OR site:tousu.sina.com.cn OR site:xfb365.com OR site:zhihu.com) 评价 投诉 → 追加小红书、黑猫、消费保、知乎域名定向检索；结果多为近名或其他机构，仅采纳可准确对应的原始记录。
""北京达喜母婴护理有限公司"" -婴达喜；""达喜母婴"" ""育婴"" → 只匹配到家协标题，近名婴达喜电子商务排除。",中国家协：北京达喜母婴护理有限公司 https://www.chsa.com.cn/nd.jsp?fromColId=129&id=691（Exa与原生网页均已打开，页面只有标题日期，未取得业务正文）,,本条目无此次站内核查记录,先核实,北京育儿业务待核组。本轮逐一对照四份正式政府名单，未取得可归属的入选记录；不等于机构差或不存在其他荣誉。不进入政府品牌推选优先组；数值仅供查看已有资料构成。,v2.0,取得协会会员条目和少量名称相似的零售/企业结果，未形成可核消费者记录。本轮公开索引未取得可归属个案。,已按1组名称查询当前公示列表，本轮未见记录；不代表零投诉，公示期限、名称别称和公开范围会影响结果。,"[黑猫投诉公开索引] site:tousu.sina.com.cn ""北京达喜母婴""
本轮该平台定向公开索引未取得可归属个案；搜索不命中不等于没有投诉。

[消费保公开索引] site:xfb315.com ""北京达喜母婴""
本轮该平台定向公开索引未取得可归属个案；搜索不命中不等于没有投诉。

[投诉/媒体/监管/司法公开网页] ""北京达喜母婴"" 投诉
取得协会会员条目和少量名称相似的零售/企业结果，未形成可核消费者记录。本轮公开索引未取得可归属个案。

[12315站内] 北京达喜母婴护理有限公司
查询“北京达喜母婴护理有限公司”：该名称在此次公示列表未见记录，不代表零投诉或没有历史纠纷；公示期限、名称别称和公开范围会影响结果。

未取得本轮可单列案例；不代表没有投诉。

来源（读取及归属边界见对应记录）：
https://tsgs.12315.cn/#/viewport",0.0,北京育儿业务待核组,不进入政府品牌优先组,0,,
爱宝蓓 / 北京爱月宝,有北京业务线索,母婴服务,推广主页称爱宝蓓（北京）家政服务有限责任公司，成立2019年，以爱月宝品牌经营。智联招聘的企业介绍明确称爱月宝品牌加盟商；应按北京本地爱宝蓓签约主体考察，不能把全国爱月宝各店合并。第三方目录给信用代码91110111MA01K2E1X3，未验工商原档。,商家主页明确提供育儿、育婴到家服务，服务区域北京，公示房山实体地址；2026年推广稿具体写0–3岁入户照料。智联招聘亦写月嫂、育婴师服务。可纳入北京候选。 北京家政港原文也明确列育儿嫂/育婴师。,2026年8月更新的业务推广主页和对应招聘入口仍可检索；正式加盟授权、营业执照与实时阿姨排班未取得。,主推广主页没有列换人次数或期限；另一2026-08-11推广稿称7天适配、24小时匹配、48小时交接，但未附正式协议且不同段落还有4小时响应，不能视为已核合同承诺。,未取得雇主中介费/管理费的退费比例和到账时限。培训学费返还宣传与家庭服务费是不同事项。,未取得可核对的当前育儿嫂分档报价、年度服务费、试工工资和节假日费用。,商家自述30%理论/70%实操、体检、家政险和复训；房山职校2023年度质量报告在搜索索引可见与爱宝蓓合作托育产教中心的记录，是有限的外部培训线索，不能推成所有阿姨合格或全国官方认证。,商家自述专属顾问、每日服务日志、定期入户回访、下户复盘；未取得实际在户记录。官网“零重大纠纷/零事故”和“2000+家庭”没有独立数据，不能作为口碑结论。,13263186658；北京市房山区良乡地区西潞东里甲1号楼底商1层S-01-1（商家主页“1屋”疑为录入错误，第三方地址为1层）。大兴第二门店只有推广文字，未核具体门牌。,可纳入北京母婴育儿服务候选，重点考察房山实际店和爱宝蓓本地合同。现有大量网络推荐稿主要是企业营销；没有取得可信的独立北京雇主换人/退费经历。推广中的7天适配与48小时交接，应要求写入具体合同后才可比较。,爱月宝加盟授权及本地签约主体；免费换人次数、到岗时限和退费原条款；当前工资与服务费；真实近期雇主评价、保险及阿姨履历,"北京爱宝蓓家政 公司 官网 北京育儿嫂 服务 主体 → 读取命中业务资料，核对北京服务范围及机构身份；具体结果见业务、主体字段。
北京爱宝蓓家政 育儿嫂 更换 退款 合同 服务费 → 检查目标机构售后来源，未将其他机构或通用合同指南当作该机构条款。
北京爱宝蓓家政 消费者 口碑 投诉 黑猫 消费保 小红书 → 筛查消费者口碑、黑猫、消费保、小红书线索，剔除营销稿及不对应品牌。
""爱宝蓓"" ""爱月宝"" 更换 退款 → 精确品牌/主体/业务词补搜，阅读相关原文；保留无结果与近名误命中的边界。
""北京爱月宝"" 投诉 育儿嫂 退款 → 精确品牌/主体/业务词补搜，阅读相关原文；保留无结果与近名误命中的边界。
""爱宝蓓"" 口碑 黑猫 消费保 小红书 → 精确品牌/主体/业务词补搜，阅读相关原文；保留无结果与近名误命中的边界。
""爱宝蓓 北京爱月宝"" (site:xiaohongshu.com OR site:tousu.sina.com.cn OR site:xfb365.com OR site:zhihu.com) 评价 投诉 → 追加小红书、黑猫、消费保、知乎域名定向检索；结果多为近名或其他机构，仅采纳可准确对应的原始记录。
""爱宝蓓"" (投诉 OR 评价 OR 小红书) → 找到北京教委托管学校年报的合作线索、本地企业目录和新媒体招聘，未找到独立雇主评价。","北京爱月宝/爱宝蓓服务主页 http://aiyeubao.m.pinsowang.com/（已打开原文并阅读相关正文（Exa web_fetch））
咨询育儿嫂公司怎么联系？北京爱月宝 https://www.hqol.cn/qiye/article/97689.html（已打开原文并阅读相关正文（Exa web_fetch））
爱宝蓓新媒体推广专员招聘 https://www.zhaopin.com/jobdetail/CC874946990J40693591002.htm（原生搜索读到企业简介；原生/Exa打开遇安全验证，未声称已读全文）
房山区房山职业学校2023年度质量报告 https://jw.beijing.gov.cn/bjzj/gdzyreport/zdreport/202403/P020250515618963264042.pdf（已打开PDF文档身份与目录；目标合作段来自公开搜索索引，未完成目标页原图核读）
北京家政港：爱宝蓓（北京）家政服务有限责任公司 https://bj.jiazhenggang.com/user/bjjz2831/（已打开原文并阅读相关正文（Exa web_fetch））",,未取得可归属北京爱宝蓓/爱月宝的独立育儿嫂订单评价。发现爱月宝月嫂负面线索，但服务为52天月嫂且无法确认北京门店，不能计入北京育儿嫂负面样本。,第二批,未匹配入选名单的补充组。本轮逐一对照四份正式政府名单，未取得可归属的入选记录；不等于机构差或不存在其他荣誉。,v2.0,北京爱月宝/爱宝蓓命中协会介绍、培训销售和大量选型推广；全国加盟门店不能直接汇总到北京爱宝蓓。本轮公开索引未取得可归属个案。,已按1组名称查询当前公示列表，本轮未见记录；不代表零投诉，公示期限、名称别称和公开范围会影响结果。,"[黑猫投诉公开索引] site:tousu.sina.com.cn 爱宝蓓 北京爱月宝
本轮该平台定向公开索引未取得可归属个案；搜索不命中不等于没有投诉。

[消费保公开索引] site:xfb315.com 爱宝蓓 北京爱月宝
本轮该平台定向公开索引未取得可归属个案；搜索不命中不等于没有投诉。

[投诉/媒体/监管/司法公开网页] 爱宝蓓 北京爱月宝 投诉
北京爱月宝/爱宝蓓命中协会介绍、培训销售和大量选型推广；全国加盟门店不能直接汇总到北京爱宝蓓。本轮公开索引未取得可归属个案。

[12315站内] 爱宝蓓（北京）家政服务有限责任公司
查询“爱宝蓓（北京）家政服务有限责任公司”：该名称在此次公示列表未见记录，不代表零投诉或没有历史纠纷；公示期限、名称别称和公开范围会影响结果。

未取得本轮可单列案例；不代表没有投诉。

来源（读取及归属边界见对应记录）：
https://tsgs.12315.cn/#/viewport",5.0,未匹配入选名单的补充组,不进入政府品牌优先组,0,,
爱嘉里家政,有北京业务线索,线上撮合服务,到位商品品牌为爱嘉里家政，订购须知称爱嘉里母婴家政公司。精确名搜索未取得可核对的完整法人名/统一信用代码；推广稿称2017年北京创立，但没有附工商原档。,到位北京站有住家育儿嫂/育婴师独立商品，写26天/月，护理、喂养、辅食、习惯和早期训练等工作。可以纳入北京育儿嫂候选，具体订单承接方仍需核对。,北京商品页可读取且2026年8月有近期宣传活动；尚未验证营业执照、当地候选人或实际订单。,已读北京育儿嫂商品页明确写服务期间可无限次免费调换阿姨，属于可定位的商家公开承诺。未列换人推荐/到岗期限、同等级差价、暂停期间或反复不适配如何处理，仍需写入合同。,商品订购须知在取消服务提前告知天数处仍保留“[具体天数]”模板空白，并称按协议可能收费。未取得服务费退费公式。到位通用未服务退款保障不应扩展到线下签的全年中介费。,北京商品6500元/月，为参考价；26天/月、每周休一天，按所选人员级别确定实际工资。双胞胎加价，签合同时另收“一定服务费”，金额未公示。,商品页自述理论实操培训持证、体检、公安联网背景核查、第三方征信和百万家政责任险。未取得证书、体检、实际保单及背调授权文件；商品宣传不能替代逐人核验。,商品页提供反馈及客服渠道；推广文称家政顾问+门店客服跟进。没有可核对的回访频率、育儿日志和换人升级时限。,推广资料公示15801373709、北京经济技术开发区西环北路18号三层；到位北京商品可作线上咨询入口。电话地址来自营销资料，未实地核对。,可纳入北京育儿嫂候选。公开换人承诺相对具体，是值得索取合同的理由；同时服务费未明、取消天数模板未填写，退费保障不能打高分。搜索中的大量“口碑好”文章是商家推广，未取得可核验独立雇主样本。,法人与到位店铺经营者一致性；免费替换的到岗期限与人员级别；服务费金额和取消/退费规则；近期北京雇主真实换人经历,"北京爱嘉里家政 公司 官网 北京育儿嫂 服务 主体 → 读取命中业务资料，核对北京服务范围及机构身份；具体结果见业务、主体字段。
北京爱嘉里家政 育儿嫂 更换 退款 合同 服务费 → 检查目标机构售后来源，未将其他机构或通用合同指南当作该机构条款。
北京爱嘉里家政 消费者 口碑 投诉 黑猫 消费保 小红书 → 筛查消费者口碑、黑猫、消费保、小红书线索，剔除营销稿及不对应品牌。
""爱嘉里"" 家政 公司 北京 → 精确品牌/主体/业务词补搜，阅读相关原文；保留无结果与近名误命中的边界。
""爱嘉里"" 家政 投诉 黑猫 小红书 → 精确品牌/主体/业务词补搜，阅读相关原文；保留无结果与近名误命中的边界。
""爱嘉里"" (site:xiaohongshu.com OR site:tousu.sina.com.cn OR site:xfb365.com OR site:zhihu.com) 评价 投诉 → 追加小红书、黑猫、消费保、知乎域名定向检索；结果多为近名或其他机构，仅采纳可准确对应的原始记录。
""爱嘉里"" (投诉 OR 差评 OR 小红书) → 主要为商家商品及企业推广，未取得可对应消费者评价。","到位北京：爱嘉里住家育儿嫂/育婴师 https://bj.daoway.cn/detail?CNtag=%E4%BF%9D%E5%A7%86%E6%9C%88%E5%AB%82&detailId=2680766（已打开原文并阅读相关正文（Exa web_fetch））
北京短期育婴师机构介绍：爱嘉里 https://www.dzwww.com/jixie/597e4e87001273964.html（已打开原文并阅读相关正文（Exa web_fetch））",,本次未取得爱嘉里的独立北京育儿雇主样本，搜索同词酒店和其他机构经历已排除；不能据此给出口碑好坏结论。,第二批,主体待核组。本轮逐一对照四份正式政府名单，未取得可归属的入选记录；不等于机构差或不存在其他荣誉。不进入政府品牌推选优先组；数值仅供查看已有资料构成。,v2.0,检得服务商品页；搜索返回的爱侬及佳禾投诉不是爱嘉里，均排除。本轮公开索引未取得可归属个案，精确签约法人仍不清晰。,已按1组名称查询当前公示列表，本轮未见记录；不代表零投诉，公示期限、名称别称和公开范围会影响结果。,"[黑猫投诉公开索引] site:tousu.sina.com.cn 爱嘉里家政
本轮该平台定向公开索引未取得可归属个案；搜索不命中不等于没有投诉。

[消费保公开索引] site:xfb315.com 爱嘉里家政
合并搜索结果中取得该平台链接；逐条核对品牌/主体，检得服务商品页；搜索返回的爱侬及佳禾投诉不是爱嘉里，均排除。本轮公开索引未取得可归属个案，精确签约法人仍不清晰。

[投诉/媒体/监管/司法公开网页] 爱嘉里家政 投诉
检得服务商品页；搜索返回的爱侬及佳禾投诉不是爱嘉里，均排除。本轮公开索引未取得可归属个案，精确签约法人仍不清晰。

[12315站内] 爱嘉里家政
查询“爱嘉里家政”：该名称在此次公示列表未见记录，不代表零投诉或没有历史纠纷；公示期限、名称别称和公开范围会影响结果。

未取得本轮可单列案例；不代表没有投诉。

来源（读取及归属边界见对应记录）：
https://tsgs.12315.cn/#/viewport",16.0,主体待核组,不进入政府品牌优先组,0,,
e家帮,业务仍需确认,线上撮合服务,官网2024-08-01隐私协议和应用宝开发/运营者均写广州互缘网络科技有限公司；应用备案粤ICP备13062290号-10A。未取得北京分支签约主体或北京育儿订单履约方。,官网有专门育儿嫂业务页；官方预约页城市列表含北京，应用介绍也列育儿嫂。但城市选择入口不等于北京目前有可用育儿嫂，未取得北京在岗名单、成功订单或服务实体。列北京履约待核，不能当作已确认足量北京服务。,2018报道创始人退出并由团队另一成员接手，是历史交接而非当前停业证明。官网与2024隐私政策仍可读，应用宝显示2026-02-28更新4.0.1；有产品运营线索，仍不足以确认北京育儿嫂供给。,官网育儿嫂页写服务期间不限次数更换同等级阿姨，没有明确写“免费”、到岗期限、升级差价或中介费处理。旧用户协议主要谈保洁信息撮合和撮合后平台协议终止，两类承诺适用关系需新合同确认。,未取得北京育儿服务费退款公式和失配退费时限。clause.html页脚2014–2016，内容主要是保洁撮合及责任限制，不能当成当前育儿合同，更不直接评价其法律效力。,官网住家育儿嫂4500–8000元/月、不住家4000–8000元/月，未注明价格更新日期或北京专属。机构服务费、试工、工作天数和替换差价未取得；不宜视为当前北京可成交价。,育儿页称背景实名核验、健康证审核、平安雇主险/阿姨意外险最高20万元；主页/应用另称PICC家政险。存在不同页面保险品牌和口径，需验当前保单。,官网自述回访、辅导、工作记录和培训；应用称专属督导。未取得北京本地督导团队、上户频率和换人执行案例。,应用宝2026年版本说明及官方H5页热线020-33279580；2024隐私协议另列020-87582641（隐私联系）。未确认北京实体店。,公开研究已完成；平台产品仍有更新，但北京育儿嫂承接能力证据不足，放入“全国平台/北京履约待核”。同等级无限次更换的公开文字有参考价值，先确认是否免费、由谁履约、多久到岗。独立可读评价只有历史异工种保洁，不能排为北京育儿口碑靠前。,北京当前育儿嫂候选人和实际履约法人；替换是否免费、上户时效、无人可换的退款；最新育儿合同替代旧保洁用户协议；当前价格、费用和保险；近期北京育儿雇主评价,"e家帮 北京 育儿嫂 公司 官网 北京育儿嫂 服务 主体 → 读取命中业务资料，核对北京服务范围及机构身份；具体结果见业务、主体字段。
e家帮 北京 育儿嫂 育儿嫂 更换 退款 合同 服务费 → 检查目标机构售后来源，未将其他机构或通用合同指南当作该机构条款。
e家帮 北京 育儿嫂 消费者 口碑 投诉 黑猫 消费保 小红书 → 筛查消费者口碑、黑猫、消费保、小红书线索，剔除营销稿及不对应品牌。
""e家帮"" ""北京"" ""育儿嫂"" → 精确品牌/主体/业务词补搜，阅读相关原文；保留无结果与近名误命中的边界。
""e家帮"" ""育儿嫂"" ""投诉"" → 精确品牌/主体/业务词补搜，阅读相关原文；保留无结果与近名误命中的边界。
""e家帮"" ""退款"" ""北京"" → 精确品牌/主体/业务词补搜，阅读相关原文；保留无结果与近名误命中的边界。
""e家帮"" (site:xiaohongshu.com OR site:tousu.sina.com.cn OR site:xfb365.com OR site:zhihu.com) 评价 投诉 → 追加小红书、黑猫、消费保、知乎域名定向检索；结果多为近名或其他机构，仅采纳可准确对应的原始记录。
""e家帮"" ""北京"" 育儿嫂 公司 → 补得官方H5北京城市入口、应用隐私协议和2018创始人交接报道；均已读重要原文。","e家帮育儿嫂服务页 https://ejbang.com/website/yuersao.jsp（已打开原文并阅读相关正文（Exa web_fetch））
e家帮官方保姆预约页 https://h5.ejbang.com/weixin/service_note/serve_bm_allinone.jsp（已打开原文并阅读相关正文（Exa web_fetch））
e家帮家政服务隐私协议 https://www.ejbang.com/userapp/policy_app.html（已打开原文并阅读相关正文（Exa web_fetch））
e家帮用户协议 https://ejbang.com/clause.html（已打开原文并阅读相关正文（Exa web_fetch））
应用宝：e家帮家政服务 https://sj.qq.com/appdetail/com.poperson.homeresident（已打开原文并阅读相关正文（Exa web_fetch））
铅笔道/凤凰网：e家帮创始人退出 https://tech.ifeng.com/c/7fCwRsJBz8j（已打开原文并阅读相关正文（Exa web_fetch））",,本条目无此次站内核查记录,先核实,北京育儿业务待核组。本轮逐一对照四份正式政府名单，未取得可归属的入选记录；不等于机构差或不存在其他荣誉。不进入政府品牌推选优先组；数值仅供查看已有资料构成。,v2.0,命中官网FAQ、用户协议、意见反馈入口和应用页；出现投诉联系方式不等于实际投诉。本轮公开索引未取得可归属个案，北京履约主体仍不明。,已核对当前公示列表。可见广州运营主体名下的家政中介及其他家政服务售后、价格争议；北京育儿业务承接仍未确认。名称匹配可含分支及其他工种，不能作为机构投诉率。,"[黑猫投诉公开索引] site:tousu.sina.com.cn e家帮
本轮该平台定向公开索引未取得可归属个案；搜索不命中不等于没有投诉。

[消费保公开索引] site:xfb315.com e家帮
本轮该平台定向公开索引未取得可归属个案；搜索不命中不等于没有投诉。

[投诉/媒体/监管/司法公开网页] e家帮 投诉
命中官网FAQ、用户协议、意见反馈入口和应用页；出现投诉联系方式不等于实际投诉。本轮公开索引未取得可归属个案，北京履约主体仍不明。

[12315站内] 广州互缘网络科技有限公司
查询“广州互缘网络科技有限公司”此次页面显示3条关键词匹配公示。可见广州运营主体名下的家政中介及其他家政服务售后、价格争议；北京育儿业务承接仍未确认。以上数量是所列查询关键词此次匹配的公示记录数，可能含分支、近名和不同服务工种；不同查询之间可能重叠，不合计为机构投诉总数，不是投诉率或质量排名。公示期限为一年，不涵盖全部历史、未公开投诉或所有分支。投诉内容为当事人填写，调解结果不是违法认定；达成调解不等于退款已到账。

未取得本轮可单列案例；不代表没有投诉。

来源（读取及归属边界见对应记录）：
https://tsgs.12315.cn/#/viewport",6.0,北京育儿业务待核组,不进入政府品牌优先组,0,,
北京优宝贝国际家政,业务仍需确认,综合家政,BOSS企业页列北京优宝贝国际家政服务有限公司，2021-04-20成立，代码91110113MA02A1GE2T，法定代表人倪永英、注册资本10万元、存续。这是第三方工商摘录，未复核官方登记；与优贝优/优贝优聪/佳优宝贝不能合并。,企业招聘页的旗下品牌含“优宝贝月嫂育儿嫂”，并公示北京朝阳办公地点，可确认其北京育儿服务定位线索。没有找到直接面向雇主的当前育儿嫂产品或正式合同，招聘页提示职位已过期；实际供给仍待核。,BOSS页面2026-02-19更新、企业状态存续但所招职位已过期；2025两条培训收费投诉指向同一全称。不能据此判目前停业或仍有可上户育儿嫂。,未取得面向家庭的育儿嫂免费更换条款、次数或到岗时限；不能套用近名优贝优的任意调换宣传。,未取得育儿嫂雇主服务费退费公式。两条黑猫投诉涉及培训/招合伙人费用，不能当作育儿嫂服务退款条款或真实雇主退费案例。,未取得面向雇主的育儿嫂工资和机构服务费。投诉中的6780元、2370元是培训相关争议金额，不能填作育儿服务价格。,能查到护理培训活动的当事人投诉线索，但没有证书核验、育儿课纲、体检、保险和人员筛选制度的可靠公开材料。,未取得家庭服务顾问、在岗督导和问题升级机制。,BOSS办公地点北京朝阳区西店村A区8号楼107独栋；工商摘录注册地址石景山区阜石路165号院2号楼11层1129。未取得可核验家庭服务专线；两个地址用途不同。,主体和育儿服务品牌有线索，当前直接育儿嫂供给及合同尚未验证，建议留在候选待核池。两条培训收费争议值得问清处理结果，但应单列“培训端争议”，不能伪装成北京雇主育儿嫂差评；目前缺乏独立雇主样本。,当前是否直接向家庭派育儿嫂；育儿合同与免费换人退费规则；实时营业/门店与雇主服务电话；两条培训投诉的最终解决材料；近期北京育儿嫂雇主评价,"北京优宝贝国际家政 公司 官网 北京育儿嫂 服务 主体 → 读取命中业务资料，核对北京服务范围及机构身份；具体结果见业务、主体字段。
北京优宝贝国际家政 育儿嫂 更换 退款 合同 服务费 → 检查目标机构售后来源，未将其他机构或通用合同指南当作该机构条款。
北京优宝贝国际家政 消费者 口碑 投诉 黑猫 消费保 小红书 → 筛查消费者口碑、黑猫、消费保、小红书线索，剔除营销稿及不对应品牌。
""优宝贝国际家政"" ""育儿嫂"" → 精确品牌/主体/业务词补搜，阅读相关原文；保留无结果与近名误命中的边界。
""优宝贝国际家政"" 更换 退款 合同 → 精确品牌/主体/业务词补搜，阅读相关原文；保留无结果与近名误命中的边界。
""优宝贝国际家政"" ""小红书"" → 精确品牌/主体/业务词补搜，阅读相关原文；保留无结果与近名误命中的边界。
""优宝贝国际家政"" (site:xiaohongshu.com OR site:tousu.sina.com.cn OR site:xfb365.com OR site:zhihu.com) 评价 投诉 → 追加小红书、黑猫、消费保、知乎域名定向检索；结果多为近名或其他机构，仅采纳可准确对应的原始记录。","BOSS：北京优宝贝国际家政服务有限公司 https://m.zhipin.com/companys/282c0243ee964e131Hd539q4F1Q~.html（已打开原文并阅读相关正文（Exa web_fetch））
黑猫：北京优宝贝国际家政退款及侵权投诉 https://tousu.sina.cn/complaint/view/17381183349?sld=eb3fdbdb97ac8db01811032b201c9fbd（已打开原文并阅读相关正文（Exa web_fetch））
黑猫：北京优宝贝国际家政虚假信息投诉 https://tousu.sina.com.cn/complaint/view/17381548714?sld=73664d0336f47572856c26704ac6125a（已打开原文并阅读相关正文（Exa web_fetch））",,本条目无此次站内核查记录,先核实,北京育儿业务待核组。本轮逐一对照四份正式政府名单，未取得可归属的入选记录；不等于机构差或不存在其他荣誉。不进入政府品牌推选优先组；数值仅供查看已有资料构成。,v2.0,追加完整法人及黑猫定向仍未返回新的可归属索引，保留既有两条具名培训退款记录但本轮原单回读失败，不能冒称刷新了处理状态。优优宝贝教育的租赁判决属于不同法人，已排除。,已按1组名称查询当前公示列表，本轮未见记录；不代表零投诉，公示期限、名称别称和公开范围会影响结果。,"[黑猫投诉公开索引] site:tousu.sina.com.cn ""北京优宝贝""
本轮该平台定向公开索引未取得可归属个案；搜索不命中不等于没有投诉。

[消费保公开索引] site:xfb315.com ""北京优宝贝""
本轮该平台定向公开索引未取得可归属个案；搜索不命中不等于没有投诉。

[投诉/媒体/监管/司法公开网页] ""北京优宝贝"" 投诉
追加完整法人及黑猫定向仍未返回新的可归属索引，保留既有两条具名培训退款记录但本轮原单回读失败，不能冒称刷新了处理状态。优优宝贝教育的租赁判决属于不同法人，已排除。

[别名/精确主体/个案补充公开检索] ""北京优宝贝国际家政服务有限公司"" 投诉
补充检索人工归属结论：追加完整法人及黑猫定向仍未返回新的可归属索引，保留既有两条具名培训退款记录但本轮原单回读失败，不能冒称刷新了处理状态。优优宝贝教育的租赁判决属于不同法人，已排除。

[别名/精确主体/个案补充公开检索] site:tousu.sina.com.cn ""优宝贝"" 家政
补充检索人工归属结论：追加完整法人及黑猫定向仍未返回新的可归属索引，保留既有两条具名培训退款记录但本轮原单回读失败，不能冒称刷新了处理状态。优优宝贝教育的租赁判决属于不同法人，已排除。

[别名/精确主体/个案补充公开检索] ""北京优宝贝国际家政"" 黑猫
补充检索人工归属结论：追加完整法人及黑猫定向仍未返回新的可归属索引，保留既有两条具名培训退款记录但本轮原单回读失败，不能冒称刷新了处理状态。优优宝贝教育的租赁判决属于不同法人，已排除。

[12315站内] 北京优宝贝国际家政服务有限公司
查询“北京优宝贝国际家政服务有限公司”：该名称在此次公示列表未见记录，不代表零投诉或没有历史纠纷；公示期限、名称别称和公开范围会影响结果。

案例：培训收费与退款争议（既有R017）
日期：2025-03-23
工种：培训/招合伙人，非雇主育儿嫂
记录：投诉者称家人经网络招募缴纳培训和工位相关费用合计6780元，申请退款未获同意。
回应：本轮未取得新企业答复。
处理结果：页面显示待分配商家、商家匹配失败；未见退款证据。
限制：单方陈述，没有可核验的裁判或商家回复，不可写成已认定诈骗或育儿服务退费失败。 本轮原页面及替代读取均失败；原有状态尚未刷新。
读取状态：既有证据，本轮回读失败
来源：https://tousu.sina.cn/complaint/view/17381183349?sld=eb3fdbdb97ac8db01811032b201c9fbd

案例：培训宣传与退费争议（既有R018）
日期：2025-04-03
工种：高级护理员培训，非雇主育儿嫂
记录：投诉者就2370元培训费用申请退款，称报名后的培训/住宿安排和沟通体验与预期不符。
回应：本轮未取得新企业答复。
处理结果：待分配商家；未见办结或退款回执，部分补充内容隐藏。
限制：投诉指向本公司全称，但属于学员培训经历；不推断所有阿姨服务质量。 本轮原页面及替代读取均失败；原有状态尚未刷新。
读取状态：既有证据，本轮回读失败
来源：https://tousu.sina.com.cn/complaint/view/17381548714?sld=73664d0336f47572856c26704ac6125a

来源（读取及归属边界见对应记录）：
https://tousu.sina.cn/complaint/view/17381183349?sld=eb3fdbdb97ac8db01811032b201c9fbd
https://tousu.sina.com.cn/complaint/view/17381548714?sld=73664d0336f47572856c26704ac6125a
https://tsgs.12315.cn/#/viewport",0.0,北京育儿业务待核组,不进入政府品牌优先组,0,,
晞悦嘉贝,有北京业务线索,母婴服务,北京晞悦嘉贝家政服务有限公司已出现在北京市人社局2025-11-06劳务品牌名录。商家自填代码91110107MA0208M19Y，未政府登记核验；昌平分公司另有第三方注册线索。,商家主页明确北京育儿嫂，历史东城2岁宝宝早教家务招聘；当前京东原文有“北京门店可外派”育儿嫂服务尾款SKU。,政府名录证明2025年列入，京东商品与目录当前可读；目录招聘停在2021年，不能凭目录断言当前人选充足。,未取得更换条款、免费次数与替补期限。,未取得完整退费合同及有明确结局的独立退款案例。,京东咨询与尾款SKU不能当完整工资或服务费；现行报价未取得。,商家称有技能培训团队和规范化管理；未取得课程、考核和人选背调资料。,商家称规划老师全程一对一服务，未给固定回访频率、响应时限。,商家公开13671009085，石景山银河南大街2号院紫御国际4号楼1009；未拨打。另页写9层，需核现址。,建议新增为北京育儿候选。主体列入政府名录和北京商品线索明确；尚未取得独立育儿口碑及换退合同，不能仅凭京东评分升为高保障。,当前签约法人、门店与实际接单档期；免费换人次数、费用、推荐及到岗期限；无法匹配、临时下户及提前解约退费公式；真实育儿订单与用户评价可追溯性,"晞悦嘉贝 北京 育儿嫂 公司 → 北京晞悦嘉贝家政服务有限公司已出现在北京市人社局2025-11-06劳务品牌名录。商家自填代码91110107MA0208M19Y，未政府登记核验；昌平分公司另有第三方注册线索。 商家主页明确北京育儿嫂，历史东城2岁宝宝早教家务招聘；当前京东原文有“北京门店可外派”育儿嫂服务尾款SKU。
晞悦嘉贝 育儿嫂 更换 退款 合同 → 未取得更换条款、免费次数与替补期限。 未取得完整退费合同及有明确结局的独立退款案例。
晞悦嘉贝 家政 评价 投诉 小红书 → 建议新增为北京育儿候选。主体列入政府名录和北京商品线索明确；尚未取得独立育儿口碑及换退合同，不能仅凭京东评分升为高保障。
晞悦嘉贝 北京 育儿嫂 公司 官网 → 补查商家及企业线索；部分查询遇免费额度限制，已用原生搜索继续。
""晞悦嘉贝"" 退款 投诉 黑猫 消费保 小红书 → 补查平台索引；部分查询遇额度限制，不把无结果当无投诉。","北京人社局劳务品牌名录：晞悦嘉贝 https://rsj.beijing.gov.cn/bm/ztzl/ssjzlwpp/202511/t20251103_4250979.html（已读原文）
晞悦嘉贝商家主页 https://www.beijingbaomu.com/user/xiyuejiabei/（已读公开HTML原文）
晞悦嘉贝主体简介 https://www.beijingbaomu.com/user/bjxyjbjz/（已读公开HTML原文）
京东育儿服务商品频道 https://www.jd.com/hprm/17138cbbc56d1be9d9f9.html?electedExtAttrSet=878%2C&extAttrValue=expand_name%2C%40300103%3A%3A878&sort_type=sort_default（已读原文）",,本条目无此次站内核查记录,第二批,政府品牌推选优先组。对应2025年正式政府联合推选并发布的劳务品牌企业名录，列名公司为北京晞悦嘉贝家政服务有限公司。名单没有官方名次；仍须核对本单合同、育儿人选与换人条款。,v2.0,命中京东服务商品、分公司工商摘录及人社品牌名录，未见可归属消费个案；商品频道信息不是第三方履约质量验证。,已按1组名称查询当前公示列表，本轮未见记录；不代表零投诉，公示期限、名称别称和公开范围会影响结果。,"[黑猫投诉公开索引] site:tousu.sina.com.cn ""晞悦嘉贝""
本轮该平台定向公开索引未取得可归属个案；搜索不命中不等于没有投诉。

[消费保公开索引] site:xfb315.com ""晞悦嘉贝""
本轮该平台定向公开索引未取得可归属个案；搜索不命中不等于没有投诉。

[投诉/媒体/监管/司法公开网页] ""晞悦嘉贝"" 投诉
命中京东服务商品、分公司工商摘录及人社品牌名录，未见可归属消费个案；商品频道信息不是第三方履约质量验证。

[12315站内] 北京晞悦嘉贝家政服务有限公司
查询“北京晞悦嘉贝家政服务有限公司”：该名称在此次公示列表未见记录，不代表零投诉或没有历史纠纷；公示期限、名称别称和公开范围会影响结果。

未取得本轮可单列案例；不代表没有投诉。

来源（读取及归属边界见对应记录）：
https://tsgs.12315.cn/#/viewport",63.0,政府品牌推选优先组,9,60,北京晞悦嘉贝家政服务有限公司,https://rsj.beijing.gov.cn/bm/ztzl/ssjzlwpp/202511/t20251103_4250979.html
沪上睿知,业务仍需确认,综合家政,招聘页主体沪上睿知（上海）科技服务有限公司，第三方工商区列2025-03-11成立、代码91310114MAEDH0U166；品牌自述2023创立，不能把品牌年限当法人年限。,早先京东频道索引出现“上海育儿师北京育儿师”，当前原文不再显示该条目；招聘原文主打上海私人管家和助理，尚未取得具体北京育儿岗位、门店或派单证明。,上海招聘页当前可读，育儿陪伴业务有异地线索；北京现售与到岗需再次确认。,未取得北京育儿换人条款；上海管家售后体系不能外推。,未取得北京育儿退费合同或可归属消费者案例。,招聘页高薪助理岗位不等于育儿报价；未取得北京育儿收费。,自述有背调、岗前实训，主要针对管家和助理；育儿专业考核未证实。,自述售后跟进管控，没有北京育儿督导频率和替补期限。,招聘页地址上海徐汇光大会展中心D座12楼；未取得北京接待地址，联系方式需App查看，本轮未登录。,保留为外地品牌待核项，暂不计入已确认北京育儿机构。已有一次北京商品索引线索，但当前主体业务与北京实际派单尚未对上。,当前签约法人、门店与实际接单档期；免费换人次数、费用、推荐及到岗期限；无法匹配、临时下户及提前解约退费公式；真实育儿订单与用户评价可追溯性,"沪上睿知 北京 育儿嫂 公司 → 招聘页主体沪上睿知（上海）科技服务有限公司，第三方工商区列2025-03-11成立、代码91310114MAEDH0U166；品牌自述2023创立，不能把品牌年限当法人年限。 早先京东频道索引出现“上海育儿师北京育儿师”，当前原文不再显示该条目；招聘原文主打上海私人管家和助理，尚未取得具体北京育儿岗位、门店或派单证明。
沪上睿知 育儿嫂 更换 退款 合同 → 未取得北京育儿换人条款；上海管家售后体系不能外推。 未取得北京育儿退费合同或可归属消费者案例。
沪上睿知 家政 评价 投诉 小红书 → 保留为外地品牌待核项，暂不计入已确认北京育儿机构。已有一次北京商品索引线索，但当前主体业务与北京实际派单尚未对上。
沪上睿知 北京 育儿嫂 公司 官网 → 补查商家及企业线索；部分查询遇免费额度限制，已用原生搜索继续。
""沪上睿知"" 退款 投诉 黑猫 消费保 小红书 → 补查平台索引；部分查询遇额度限制，不把无结果当无投诉。","沪上睿知招聘公司介绍 https://m.veryeast.cn/8087453（已读原文）
京东保姆服务频道 https://www.jd.com/hprm/17138cbbc56d1be9d9f9.html?electedExtAttrSet=878%2C&extAttrValue=expand_name%2C%40300103%3A%3A878&sort_type=sort_default（搜索索引含品牌；当前原文无对应条目）",,本条目无此次站内核查记录,先核实,北京育儿业务待核组。本轮逐一对照四份正式政府名单，未取得可归属的入选记录；不等于机构差或不存在其他荣誉。不进入政府品牌推选优先组；数值仅供查看已有资料构成。,v2.0,命中沪上睿知招聘和京东商品页，本轮公开索引未取得可归属个案；上海主体与北京实际履约仍需对合同。,已按1组名称查询当前公示列表，本轮未见记录；不代表零投诉，公示期限、名称别称和公开范围会影响结果。,"[黑猫投诉公开索引] site:tousu.sina.com.cn ""沪上睿知""
本轮该平台定向公开索引未取得可归属个案；搜索不命中不等于没有投诉。

[消费保公开索引] site:xfb315.com ""沪上睿知""
本轮该平台定向公开索引未取得可归属个案；搜索不命中不等于没有投诉。

[投诉/媒体/监管/司法公开网页] ""沪上睿知"" 投诉
命中沪上睿知招聘和京东商品页，本轮公开索引未取得可归属个案；上海主体与北京实际履约仍需对合同。

[12315站内] 沪上睿知（上海）科技服务有限公司
查询“沪上睿知（上海）科技服务有限公司”：该名称在此次公示列表未见记录，不代表零投诉或没有历史纠纷；公示期限、名称别称和公开范围会影响结果。

未取得本轮可单列案例；不代表没有投诉。

来源（读取及归属边界见对应记录）：
https://tsgs.12315.cn/#/viewport",0.0,北京育儿业务待核组,不进入政府品牌优先组,0,,
京南领航,有北京业务线索,母婴服务,58商户名北京京南领航家政有限公司，未取得独立执照或政府登记信息。,58最新索引中其独立标题写住家及不住家育儿嫂，服务全北京；已与相邻商家条目区分。具体店铺原文因动态访问未取得。,2026-09索引可见广告，页面打开超时；不能等同核实门店在营或阿姨实时可到岗。,只见售后保障、签订合同等标签，未取得明确免费换人承诺；相邻“无忧”免费调换标签不能算该家。,未取得退费条款或真实退款结局。,广告电话询价，没有可核育儿工资和中介费。,未取得该机构具体培训、背调或体检证据。,未取得售后负责人、回访频率、候选和到岗时限。,58条目联系人李老师；手机号未显示。北京公司具体地址未取得，未拨打联系。,可补入“平台商家、主体待核”层，确认其广告明确提供北京育儿嫂，但独立资料极少。没有独立口碑证据，不能给好评或保障高分。,当前签约法人、门店与实际接单档期；免费换人次数、费用、推荐及到岗期限；无法匹配、临时下户及提前解约退费公式；真实育儿订单与用户评价可追溯性,"京南领航 北京 育儿嫂 公司 → 58商户名北京京南领航家政有限公司，未取得独立执照或政府登记信息。 58最新索引中其独立标题写住家及不住家育儿嫂，服务全北京；已与相邻商家条目区分。具体店铺原文因动态访问未取得。
京南领航 育儿嫂 更换 退款 合同 → 只见售后保障、签订合同等标签，未取得明确免费换人承诺；相邻“无忧”免费调换标签不能算该家。 未取得退费条款或真实退款结局。
京南领航 家政 评价 投诉 小红书 → 可补入“平台商家、主体待核”层，确认其广告明确提供北京育儿嫂，但独立资料极少。没有独立口碑证据，不能给好评或保障高分。
京南领航 北京 育儿嫂 公司 官网 → 补查商家及企业线索；部分查询遇免费额度限制，已用原生搜索继续。
""京南领航"" 退款 投诉 黑猫 消费保 小红书 → 补查平台索引；部分查询遇额度限制，不把无结果当无投诉。","58家政条目：北京京南领航住家不住家育儿嫂 https://www.58.com/npphy2022120410310/（搜索索引正文；原文超时）
58京南领航保姆月嫂条目 https://www.58.com/npphy202212044385/（搜索索引）",,本条目无此次站内核查记录,第二批,主体待核组。本轮逐一对照四份正式政府名单，未取得可归属的入选记录；不等于机构差或不存在其他荣誉。不进入政府品牌推选优先组；数值仅供查看已有资料构成。,v2.0,搜索结果集中58服务广告，没有可归属投诉处理记录；本轮公开索引未取得可归属个案。,已按1组名称查询当前公示列表，本轮未见记录；不代表零投诉，公示期限、名称别称和公开范围会影响结果。,"[黑猫投诉公开索引] site:tousu.sina.com.cn ""京南领航""
本轮该平台定向公开索引未取得可归属个案；搜索不命中不等于没有投诉。

[消费保公开索引] site:xfb315.com ""京南领航""
本轮该平台定向公开索引未取得可归属个案；搜索不命中不等于没有投诉。

[投诉/媒体/监管/司法公开网页] ""京南领航"" 投诉
搜索结果集中58服务广告，没有可归属投诉处理记录；本轮公开索引未取得可归属个案。

[12315站内] 北京京南领航家政有限公司
查询“北京京南领航家政有限公司”：该名称在此次公示列表未见记录，不代表零投诉或没有历史纠纷；公示期限、名称别称和公开范围会影响结果。

未取得本轮可单列案例；不代表没有投诉。

来源（读取及归属边界见对应记录）：
https://tsgs.12315.cn/#/viewport",1.0,主体待核组,不进入政府品牌优先组,0,,
益友嘉,有北京业务线索,综合家政,官网署北京益友嘉职业介绍有限责任公司；古城商家页另用北京益友嘉家政服务有限责任公司，永乐分公司、服务中心称谓亦不同。品牌可追查但具体合同主体应分店核。,官网和永乐店原文列育儿，58当前列表古城店及育儿嫂服务可见；2023商家文章列古城金融长安26号院8号楼806。,官网可读但新闻主要2018—2020，目录主要2022；58近期仍有商家和评价索引，实时人选需核。,未取得现行免费换人次数、间隔及替补到岗期限。,未取得现行退费合同或有明确信息的独立育儿退款经历。,永乐旧简介育儿嫂3500—4500元/月、看小孩做家务2500—3000，正文和招聘年代久远，明确不作为2026报价。,永乐店自述统一体检和初级培训；无现行候选人的证书与实际考试记录。,官网仅一般售后有保障宣传，未明确育儿督导频率和替补时限。,官网公开010-68812303、010-88696810、010-68684178等；永乐店目录地址石景山永乐小区41号楼南。未拨打，旧官网需确认有效。,建议新增北京本地社区家政候选，石景山覆盖线索较清楚。独立评价目前只有平台摘录，不能把不同门店、非育儿工种评分合并，更不能用旧低价作预算。,当前签约法人、门店与实际接单档期；免费换人次数、费用、推荐及到岗期限；无法匹配、临时下户及提前解约退费公式；真实育儿订单与用户评价可追溯性,"益友嘉 北京 育儿嫂 公司 → 官网署北京益友嘉职业介绍有限责任公司；古城商家页另用北京益友嘉家政服务有限责任公司，永乐分公司、服务中心称谓亦不同。品牌可追查但具体合同主体应分店核。 官网和永乐店原文列育儿，58当前列表古城店及育儿嫂服务可见；2023商家文章列古城金融长安26号院8号楼806。
益友嘉 育儿嫂 更换 退款 合同 → 未取得现行免费换人次数、间隔及替补到岗期限。 未取得现行退费合同或有明确信息的独立育儿退款经历。
益友嘉 家政 评价 投诉 小红书 → 建议新增北京本地社区家政候选，石景山覆盖线索较清楚。独立评价目前只有平台摘录，不能把不同门店、非育儿工种评分合并，更不能用旧低价作预算。
益友嘉 北京 育儿嫂 公司 官网 → 补查商家及企业线索；部分查询遇免费额度限制，已用原生搜索继续。
""益友嘉"" 退款 投诉 黑猫 消费保 小红书 → 补查平台索引；部分查询遇额度限制，不把无结果当无投诉。","益友嘉官网 http://www.bjyyj.cn/（已读公开HTML原文）
益友嘉永乐分公司主页 https://bj.jiazhenggang.com/user/yyjjz2008/（已读原文）
58北京益友嘉多个门店列表 https://m.58.com/bj/baomu/（搜索索引；未读逐条成交评论）
益友嘉古城店长期提供育儿嫂 https://www.beijingbaomu.com/user/yiyoujia1/xq100000004091.html（Exa正文摘要）",,本条目无此次站内核查记录,第二批,未匹配入选名单的补充组。本轮逐一对照四份正式政府名单，未取得可归属的入选记录；不等于机构差或不存在其他荣誉。,v2.0,命中旧家政广告与店铺页；负面标题中的“益友荟”是另一名称/投资项目，不能归为益友嘉家政。本轮公开索引未取得可归属个案。,已按1组名称查询当前公示列表，本轮未见记录；不代表零投诉，公示期限、名称别称和公开范围会影响结果。,"[黑猫投诉公开索引] site:tousu.sina.com.cn ""益友嘉""
本轮该平台定向公开索引未取得可归属个案；搜索不命中不等于没有投诉。

[消费保公开索引] site:xfb315.com ""益友嘉""
本轮该平台定向公开索引未取得可归属个案；搜索不命中不等于没有投诉。

[投诉/媒体/监管/司法公开网页] ""益友嘉"" 投诉
命中旧家政广告与店铺页；负面标题中的“益友荟”是另一名称/投资项目，不能归为益友嘉家政。本轮公开索引未取得可归属个案。

[12315站内] 北京益友嘉
查询“北京益友嘉”：该名称在此次公示列表未见记录，不代表零投诉或没有历史纠纷；公示期限、名称别称和公开范围会影响结果。

未取得本轮可单列案例；不代表没有投诉。

来源（读取及归属边界见对应记录）：
https://tsgs.12315.cn/#/viewport",3.0,未匹配入选名单的补充组,不进入政府品牌优先组,0,,
阿依妈妈,有北京业务线索,母婴服务,北京家协2024理事名单原文列北京阿依妈妈教育咨询有限公司及总经理；58商家用名北京阿依妈妈家政服务，关联仍须看该店执照。,58北京列表其广告含育儿嫂，平台摘录有家长称视频面试后次日到岗；可证北京业务宣传及用户线索，但未查实完整订单。,2024协会名单和当前58索引均有品牌线索；尚未核签约门店及人选档期。,未取得该北京店现行换人承诺或合同条款。,未取得可归属北京育儿订单的退款案例或退款公式。,未取得北京育儿嫂当前工资、服务费与试工收费。,天津阿依妈妈的培训宣传及其他法人不能套北京；北京候选人课程、背调和证照未取得。,历史法院文书转载出现派单及客户回访的经营过程，只能证明历史运作；当前回访频率及督导时限未取得。,58条目联系人张老师；未取得可确认的当前北京门店地址和咨询电话。,建议新增北京候选，但北京与天津培训主体、实物品牌必须区分。58育儿好评仅是单条索引线索，历史员工诉讼不作为育儿消费差评。,当前签约法人、门店与实际接单档期；免费换人次数、费用、推荐及到岗期限；无法匹配、临时下户及提前解约退费公式；真实育儿订单与用户评价可追溯性,"阿依妈妈 北京 育儿嫂 公司 → 北京家协2024理事名单原文列北京阿依妈妈教育咨询有限公司及总经理；58商家用名北京阿依妈妈家政服务，关联仍须看该店执照。 58北京列表其广告含育儿嫂，平台摘录有家长称视频面试后次日到岗；可证北京业务宣传及用户线索，但未查实完整订单。
阿依妈妈 育儿嫂 更换 退款 合同 → 未取得该北京店现行换人承诺或合同条款。 未取得可归属北京育儿订单的退款案例或退款公式。
阿依妈妈 家政 评价 投诉 小红书 → 建议新增北京候选，但北京与天津培训主体、实物品牌必须区分。58育儿好评仅是单条索引线索，历史员工诉讼不作为育儿消费差评。
阿依妈妈 北京 育儿嫂 公司 官网 → 补查商家及企业线索；部分查询遇免费额度限制，已用原生搜索继续。
""阿依妈妈"" 退款 投诉 黑猫 消费保 小红书 → 补查平台索引；部分查询遇额度限制，不把无结果当无投诉。","北京家协第六届理事名单（中青官网刊载） https://www.zqjz.com/index/index/wlist?id=113（已读原文）
58北京阿依妈妈商家及评价摘要 https://m.58.com/bj/baomu/（搜索索引；非逐条评论全文）
阿依妈妈与离职派单老师占有物纠纷判决转载 https://zh.wikisource.org/wiki/北京市丰台区人民法院（2023）京0106民初4972号民事判决书（已读原文）",,本条目无此次站内核查记录,第二批,主体待核组。本轮逐一对照四份正式政府名单，未取得可归属的入选记录；不等于机构差或不存在其他荣誉。不进入政府品牌推选优先组；数值仅供查看已有资料构成。,v2.0,回读2023年法院文书第三方转载：阿依妈妈起诉前员工返还工作财物，属于公司与员工争议，非雇主消费投诉；天津同品牌培训不自动归北京。本轮未取得可归属北京育儿消费个案。,已按1组名称查询当前公示列表，本轮未见记录；不代表零投诉，公示期限、名称别称和公开范围会影响结果。,"[黑猫投诉公开索引] site:tousu.sina.com.cn ""阿依妈妈""
本轮该平台定向公开索引未取得可归属个案；搜索不命中不等于没有投诉。

[消费保公开索引] site:xfb315.com ""阿依妈妈""
本轮该平台定向公开索引未取得可归属个案；搜索不命中不等于没有投诉。

[投诉/媒体/监管/司法公开网页] ""阿依妈妈"" 投诉
回读2023年法院文书第三方转载：阿依妈妈起诉前员工返还工作财物，属于公司与员工争议，非雇主消费投诉；天津同品牌培训不自动归北京。本轮未取得可归属北京育儿消费个案。

[12315站内] 北京阿依妈妈教育咨询有限公司
查询“北京阿依妈妈教育咨询有限公司”：该名称在此次公示列表未见记录，不代表零投诉或没有历史纠纷；公示期限、名称别称和公开范围会影响结果。

未取得本轮可单列案例；不代表没有投诉。

来源（读取及归属边界见对应记录）：
https://tsgs.12315.cn/#/viewport",1.0,主体待核组,不进入政府品牌优先组,0,,
众合瑞家,有北京业务线索,综合家政,商家广告全称北京众合瑞家健康科技有限公司，另称众合家政；培训目录自填代码91110105061344878F，未政府登记核验。,58原文列全北京育儿服务；亚运村商家原文有2025年12月海淀3个月、顺义8个月等具体育儿岗位。,商家服务广告原文可读，亚运村岗位至2025年12月；58当前列表有评价数，但不是可验证育儿单量与实时供给。,58原文明确不满意可在合同期内免费更换；未披露次数、跨级补差、推荐及到岗期限，也未取得合同本身。,未取得现行退款公式、无人可换处理或真实退费结局。,2025年12月朝外大街3个月宝宝白班岗位6500—7000元双休；顺义带睡1万元线索。招聘工资，不含服务费、非2026统一价。,商家自述身份核查、体检、培训和投保；“13亿人口中心”营销表述未经验证，实际背调范围与保单需单独核。,58原文自述专属微信一对一督导、定期督查、技能提升与公司反馈系统；回访频率和响应时限未披露。,亚运村页朝阳大屯路天创世缘B2座16层1606；旧58广告18210285919，未拨打核实。,建议新增且更换宣传比无条款小店更具体；仍必须索取换人期限、无法匹配退费和实际保单。推广文中的99分、100%资质率及千人团队均不采信为独立口碑。,当前签约法人、门店与实际接单档期；免费换人次数、费用、推荐及到岗期限；无法匹配、临时下户及提前解约退费公式；真实育儿订单与用户评价可追溯性,"众合瑞家 北京 育儿嫂 公司 → 商家广告全称北京众合瑞家健康科技有限公司，另称众合家政；培训目录自填代码91110105061344878F，未政府登记核验。 58原文列全北京育儿服务；亚运村商家原文有2025年12月海淀3个月、顺义8个月等具体育儿岗位。
众合瑞家 育儿嫂 更换 退款 合同 → 58原文明确不满意可在合同期内免费更换；未披露次数、跨级补差、推荐及到岗期限，也未取得合同本身。 未取得现行退款公式、无人可换处理或真实退费结局。
众合瑞家 家政 评价 投诉 小红书 → 建议新增且更换宣传比无条款小店更具体；仍必须索取换人期限、无法匹配退费和实际保单。推广文中的99分、100%资质率及千人团队均不采信为独立口碑。
众合瑞家 北京 育儿嫂 公司 官网 → 补查商家及企业线索；部分查询遇免费额度限制，已用原生搜索继续。
""众合瑞家"" 退款 投诉 黑猫 消费保 小红书 → 补查平台索引；部分查询遇额度限制，不把无结果当无投诉。","众合瑞家北京育儿服务及售后宣传 https://m.58.com/bj/baomu/28894981157162x.shtml（已读原文）
众合瑞家亚运村商家主页 https://bj.jiazhenggang.com/user/bjzhrjyyc/（已读公开HTML原文）
众合家政品牌与法人介绍 https://tracklog.58.com/detail/m/shenghuo/79183847829700x.shtml（搜索索引；原文超时）
众合瑞家培训机构资料 http://www.liexue.cn/school-97357/（Exa正文摘要）",,本条目无此次站内核查记录,第二批,未匹配入选名单的补充组。本轮逐一对照四份正式政府名单，未取得可归属的入选记录；不等于机构差或不存在其他荣誉。,v2.0,回读2017新京报菲佣调查，众合瑞家员工称公司不能承接涉外业务，但可通过私人关系联系。属于历史媒体风险线索，没有该页行政处罚或判决；不将其它中介2万元定金等情节移植给本店。,已回读详情中最新公示（2026-06-12）：北京众合瑞家健康科技有限公司，服务类别为家政中介服务（未注明育儿），处理结果为“未达成调解协议”。公示未披露协议细节及退款到账证据，不能据此推断北京育儿嫂整体服务质量。,"[黑猫投诉公开索引] site:tousu.sina.com.cn ""众合瑞家""
本轮该平台定向公开索引未取得可归属个案；搜索不命中不等于没有投诉。

[消费保公开索引] site:xfb315.com ""众合瑞家""
本轮该平台定向公开索引未取得可归属个案；搜索不命中不等于没有投诉。

[投诉/媒体/监管/司法公开网页] ""众合瑞家"" 投诉
回读2017新京报菲佣调查，众合瑞家员工称公司不能承接涉外业务，但可通过私人关系联系。属于历史媒体风险线索，没有该页行政处罚或判决；不将其它中介2万元定金等情节移植给本店。

[12315站内] 北京众合瑞家健康科技有限公司
查询“北京众合瑞家健康科技有限公司”此次页面显示1条关键词匹配公示。可见2026-06-12公示的家政中介合同与退赔争议，网店名为众合瑞家家政月嫂专营店；实际工种未明确为育儿嫂。以上数量是所列查询关键词此次匹配的公示记录数，可能含分支、近名和不同服务工种；不同查询之间可能重叠，不合计为机构投诉总数，不是投诉率或质量排名。公示期限为一年，不涵盖全部历史、未公开投诉或所有分支。投诉内容为当事人填写，调解结果不是违法认定；达成调解不等于退款已到账。

案例：2017年涉外家政私人渠道报道线索
日期：2017-08-04
工种：涉外家政，不详是否育儿
记录：记者探访华普花园众合瑞家，员工称国内公司不能承接涉外家政，但可通过私人关系帮忙联系菲律宾家政人员。
回应：文中呈现员工对业务边界和私人联系渠道的说法；没有独立公司后续说明。
处理结果：该篇无行政处罚、法院认定或后续处理结论。
限制：历史员工表述；报道其它中介收费/证件问题不能全部移植给众合瑞家；品牌与当前合同主体仍需核对。
读取状态：已读原网页
来源：https://finance.sina.cn/china/gncj/2017-08-04/detail-ifyitamv4892516.d.html

案例：北京众合瑞家健康科技有限公司消费投诉公示
日期：2026-04-02
工种：家政中介服务（未注明育儿）
记录：公示载消费者在其他平台的众合瑞家家政月嫂专营店购买家政中介服务，提出订约信息争议和退赔诉求；处理结果为未达成调解协议。
回应：公示未展示企业具体答复。
处理结果：未达成调解协议
处理部门：北京朝阳区市场监督管理局
限制：按完整法人在官方公示平台公开查询，并打开最新一条详情核对。基本信息和问题是投诉人自行填写；调解结果不是违法或事实认定。服务分类未写育儿嫂，不能推断育儿；公示期限为1年，不是终身全量。
读取状态：已读12315官方页面具名详情和处理结果
来源：https://tsgs.12315.cn/#/viewport

来源（读取及归属边界见对应记录）：
https://finance.sina.cn/china/gncj/2017-08-04/detail-ifyitamv4892516.d.html
https://tsgs.12315.cn/#/viewport",11.0,未匹配入选名单的补充组,不进入政府品牌优先组,0,,
邦巧手,有北京业务线索,线上撮合服务,京东出现邦巧手旗舰店；第三方企业页列北京邦巧手科技有限公司，2026-03-25成立，代码91110108MAK8JXQ69U。尚未取得店铺执照，不能确认同名公司就是京东店铺运营或签约主体。,京东当前可读商品频道有北京白班育儿嫂、大婴育儿嫂等实际服务文案，同时也有电子版选人攻略；二者需分开。,当前京东列表存在北京育儿服务商品。打开具体商品只返回页面壳，未核实档期和下单可用性。,未取得现行换人政策、免费次数或到岗时间。,未取得完整合同或具体真实退款案例；不能套用京东实物商品无理由退货政策。,商品频道不展示完整劳务费用，服务咨询/攻略、定金、尾款不能算完整月费用；现行报价未取得。,未取得品牌可核验的育儿考核、背景核查或培训证据。,未取得育儿督导与应急替班安排。,京东旗舰店为当前咨询入口；同名公司第三方登记地址为海淀文慧园北路22号6层西部603-876，未核实是否接待门店。,新增为京东第三方北京育儿商家候选，不能算京东自营。业务文案已核，主体关联、合同和独立育儿口碑仍需看实证。,当前京东店铺执照与实际签约/派单法人；工资、平台商品支付款、服务费和尾款如何分别计收；免费换人次数、替补推荐及到岗期限；提前结束或无法匹配的退费计算方式；完整的北京育儿真实订单评价,"""邦巧手"" 北京 育儿嫂 公司 → 京东出现邦巧手旗舰店；第三方企业页列北京邦巧手科技有限公司，2026-03-25成立，代码91110108MAK8JXQ69U。尚未取得店铺执照，不能确认同名公司就是京东店铺运营或签约主体。 京东当前可读商品频道有北京白班育儿嫂、大婴育儿嫂等实际服务文案，同时也有电子版选人攻略；二者需分开。
""邦巧手"" 更换 退款 合同 → 未取得现行换人政策、免费次数或到岗时间。 未取得完整合同或具体真实退款案例；不能套用京东实物商品无理由退货政策。
""邦巧手"" 评价 投诉 黑猫 消费保 → 未取得可归属该品牌、北京育儿工种的独立用户完整评价或已确认争议；检索无命中不等于零投诉。
""邦巧手"" 家政 公司 → 京东出现邦巧手旗舰店；第三方企业页列北京邦巧手科技有限公司，2026-03-25成立，代码91110108MAK8JXQ69U。尚未取得店铺执照，不能确认同名公司就是京东店铺运营或签约主体。","京东育儿服务频道：邦巧手北京育儿嫂 https://www.jd.com/hprm/17138cbbc56d1be9d9f9.html?electedExtAttrSet=878%2C&extAttrValue=expand_name%2C%40300103%3A%3A878&sort_type=sort_default（已读原文）
邦巧手具体商品链接 https://item.jd.com/10212722357494.html（已打开，内容未取得）
北京邦巧手科技有限公司资料 https://www.shuididp.cn/yp-87cacb9566178f263a718078f2804601.html（已读原文）",,本条目无此次站内核查记录,第二批,主体待核组。本轮逐一对照四份正式政府名单，未取得可归属的入选记录；不等于机构差或不存在其他荣誉。不进入政府品牌推选优先组；数值仅供查看已有资料构成。,v2.0,命中北京邦巧手科技有限公司第三方登记线索，机器人灵心巧手及台湾企业诉讼并非本机构。本轮公开索引未取得可归属个案，店铺执照与同名主体未核。,已按1组名称查询当前公示列表，本轮未见记录；不代表零投诉，公示期限、名称别称和公开范围会影响结果。,"[黑猫投诉公开索引] site:tousu.sina.com.cn ""邦巧手""
本轮该平台定向公开索引未取得可归属个案；搜索不命中不等于没有投诉。

[消费保公开索引] site:xfb315.com ""邦巧手""
本轮该平台定向公开索引未取得可归属个案；搜索不命中不等于没有投诉。

[投诉/媒体/监管/司法公开网页] ""邦巧手"" 投诉
命中北京邦巧手科技有限公司第三方登记线索，机器人灵心巧手及台湾企业诉讼并非本机构。本轮公开索引未取得可归属个案，店铺执照与同名主体未核。

[12315站内] 北京邦巧手科技有限公司
查询“北京邦巧手科技有限公司”：该名称在此次公示列表未见记录，不代表零投诉或没有历史纠纷；公示期限、名称别称和公开范围会影响结果。

未取得本轮可单列案例；不代表没有投诉。

来源（读取及归属边界见对应记录）：
https://tsgs.12315.cn/#/viewport",0.0,主体待核组,不进入政府品牌优先组,0,,
汇众万家,有北京业务线索,线上撮合服务,京东商品使用汇众万家，部分频道品牌筛选写汇众亿万家；未取得店铺营业执照、北京签约主体或二者关系证明。,京东当前可读商品原文列月嫂育儿嫂，北京上海外派全国；证明商家广告覆盖北京，不代表京东直接派单。,当前京东页面可读且有北京育儿文案；具体商品页仅返回壳，实际北京可派档期未核。,未取得育儿嫂换人范围、次数、费用及替补时限。,未取得现行服务合同和退款规则，未找到可归属北京育儿订单的独立退款结果。,频道展示预约、咨询及育儿服务等不同商品，无可核完整工资和服务费；不以评论数或低额咨询商品判断价格。,未取得可核验的育儿技能考试、身份背景及健康检查安排。,未取得专职督导与紧急离岗补位机制。,当前京东商品可作为咨询入口；未取得可核北京实体店地址、公开咨询电话。,新增为平台商家候选。北京育儿服务营销可确认，汇众万家与汇众亿万家的法人、门店关系尚未核清，不合并异地同名公司或套用京东自营服务承诺。,当前京东店铺执照与实际签约/派单法人；工资、平台商品支付款、服务费和尾款如何分别计收；免费换人次数、替补推荐及到岗期限；提前结束或无法匹配的退费计算方式；完整的北京育儿真实订单评价,"""汇众万家"" 北京 育儿嫂 公司 → 京东商品使用汇众万家，部分频道品牌筛选写汇众亿万家；未取得店铺营业执照、北京签约主体或二者关系证明。 京东当前可读商品原文列月嫂育儿嫂，北京上海外派全国；证明商家广告覆盖北京，不代表京东直接派单。
""汇众万家"" 更换 退款 合同 → 未取得育儿嫂换人范围、次数、费用及替补时限。 未取得现行服务合同和退款规则，未找到可归属北京育儿订单的独立退款结果。
""汇众万家"" 评价 投诉 黑猫 消费保 → 未取得可归属该品牌、北京育儿工种的独立用户完整评价或已确认争议；检索无命中不等于零投诉。
""汇众万家"" 家政 公司 → 京东商品使用汇众万家，部分频道品牌筛选写汇众亿万家；未取得店铺营业执照、北京签约主体或二者关系证明。","京东育儿服务频道：汇众万家 https://www.jd.com/hprm/17138cbbc56d1be9d9f9.html?electedExtAttrSet=878%2C&extAttrValue=expand_name%2C%40300103%3A%3A878&sort_type=sort_default（已读原文）
汇众万家育儿商品链接 https://item.jd.com/10079982839877.html（已打开，内容未取得）
京东汇众亿万家品牌筛选频道 https://www.jd.com/jiage/91923db1a51bfd03b428.html?brand=%E6%B1%87%E4%BC%97%E4%BA%BF%E4%B8%87%E5%AE%B6&electedExtAttrSet=&extAttrValue=expand_name%2C&sort_type=sort_default（搜索索引；原文未取得）",,本条目无此次站内核查记录,第二批,主体待核组。本轮逐一对照四份正式政府名单，未取得可归属的入选记录；不等于机构差或不存在其他荣誉。不进入政府品牌推选优先组；数值仅供查看已有资料构成。,v2.0,回读2023年法院转载文书：汇众万家为家政合同中介，但诉讼是护老人员向个人雇主追春节工资，机构不是被告。不可当机构败诉或育儿投诉，且与京东店铺关系未核。,已按1组名称查询当前公示列表，本轮未见记录；不代表零投诉，公示期限、名称别称和公开范围会影响结果。,"[黑猫投诉公开索引] site:tousu.sina.com.cn ""汇众万家""
本轮该平台定向公开索引未取得可归属个案；搜索不命中不等于没有投诉。

[消费保公开索引] site:xfb315.com ""汇众万家""
本轮该平台定向公开索引未取得可归属个案；搜索不命中不等于没有投诉。

[投诉/媒体/监管/司法公开网页] ""汇众万家"" 投诉
回读2023年法院转载文书：汇众万家为家政合同中介，但诉讼是护老人员向个人雇主追春节工资，机构不是被告。不可当机构败诉或育儿投诉，且与京东店铺关系未核。

[12315站内] 汇众万家
查询“汇众万家”：该名称在此次公示列表未见记录，不代表零投诉或没有历史纠纷；公示期限、名称别称和公开范围会影响结果。

未取得本轮可单列案例；不代表没有投诉。

来源（读取及归属边界见对应记录）：
https://tsgs.12315.cn/#/viewport",0.0,主体待核组,不进入政府品牌优先组,0,,
中享家政,有北京业务线索,综合家政,中国家协会员介绍列北京中享家政服务有限公司，称2023-12-28成立；2025-03-27开设城南嘉园分公司。属于企业提交介绍，未查询实时工商登记。,协会原文明确列育婴师、月嫂，并说明为北京家庭推荐和培训育儿嫂，支持纳入北京候选。不能因为名录分类为养老就排除其育儿业务。,2025-09协会文章是较近业务线索；当前具体人选和接单排班未确认。,未取得育儿嫂免费更换次数、适用条件、替补候选和到岗时限。,未取得试用不合适、无人可换或提前终约的退款公式与到账期限。,没有取得当前育儿嫂工资及机构服务费完整报价。,会员介绍自述背景审查、体检、岗前培训和考核、持续技能培训；没有核验拟派个人记录。,自述客户经理全程跟踪；保险介绍存在模板化表述，承保范围、督导频次及赔付条件均待合同核对。,会员介绍公开电话13511062487；总部丰台方庄亚胜铂第公馆十层，分公司城南大道A座1218，未电话确认接待点。,有明确北京育儿业务资料，值得补入候选。具名检索没有取得可对应的独立育儿嫂雇主经历，暂不能判断口碑；换退保障尚缺条款。,现行签约主体与门店；换人次数、费用和候选/到岗期限；连续不匹配的退费公式；当前可面试人选及前雇主回访,"""北京中享家政服务有限公司"" 育儿嫂 服务 → 中国家协会员介绍列北京中享家政服务有限公司，称2023-12-28成立；2025-03-27开设城南嘉园分公司。属于企业提交介绍，未查询实时工商登记。 协会原文明确列育婴师、月嫂，并说明为北京家庭推荐和培训育儿嫂，支持纳入北京候选。不能因为名录分类为养老就排除其育儿业务。
""北京中享家政服务有限公司"" 更换 退费 合同 → 未取得育儿嫂免费更换次数、适用条件、替补候选和到岗时限。 未取得试用不合适、无人可换或提前终约的退款公式与到账期限。
""北京中享家政服务有限公司"" 投诉 口碑 评价 → 有明确北京育儿业务资料，值得补入候选。具名检索没有取得可对应的独立育儿嫂雇主经历，暂不能判断口碑；换退保障尚缺条款。",北京中享家政服务有限公司 https://www.chsa.com.cn/nd.jsp?fromColId=132&id=797（已打开阅读正文）,,本条目无此次站内核查记录,第二批,主体待核组。本轮逐一对照四份正式政府名单，未取得可归属的入选记录；不等于机构差或不存在其他荣誉。不进入政府品牌推选优先组；数值仅供查看已有资料构成。,v2.0,命中协会企业简介、招聘等；服务承诺中的投诉机制属于企业宣传，不是实际记录。本轮公开索引未取得可归属个案。,已按1组名称查询当前公示列表，本轮未见记录；不代表零投诉，公示期限、名称别称和公开范围会影响结果。,"[黑猫投诉公开索引] site:tousu.sina.com.cn ""中享家政""
本轮该平台定向公开索引未取得可归属个案；搜索不命中不等于没有投诉。

[消费保公开索引] site:xfb315.com ""中享家政""
本轮该平台定向公开索引未取得可归属个案；搜索不命中不等于没有投诉。

[投诉/媒体/监管/司法公开网页] ""中享家政"" 投诉
命中协会企业简介、招聘等；服务承诺中的投诉机制属于企业宣传，不是实际记录。本轮公开索引未取得可归属个案。

[12315站内] 北京中享家政服务有限公司
查询“北京中享家政服务有限公司”：该名称在此次公示列表未见记录，不代表零投诉或没有历史纠纷；公示期限、名称别称和公开范围会影响结果。

未取得本轮可单列案例；不代表没有投诉。

来源（读取及归属边界见对应记录）：
https://tsgs.12315.cn/#/viewport",2.0,主体待核组,不进入政府品牌优先组,0,,
星护星选,有北京业务线索,综合家政,中国家协北京会员页列北京星护星选科技有限公司；宣传文章页头使用同名公司，未核验实际合同法人。,2026-08品牌宣传文章列北京服务区域与育儿嫂、月嫂、保姆等业务，可作为北京服务招揽线索。,2026-06会员列名和2026-08品牌宣传支持近期公开活动；当前北京育儿嫂候选和实际履约能力未核验。,品牌宣传页写7天内免费更换、1小时售后响应；“7天”具体适用阶段和工种未给完整条款，1小时响应也不是替补到岗时限。,未取得现行育儿嫂退费比例、扣费项及到账期限。,文章没有可复核的北京育儿嫂工资及服务费明细。,宣传有身份、背调、体检、培训、考核和证书审核六项流程；未读取个人报告。文中等级、评分与推荐值缺少统计方法，不采为质量分。,宣传三方协议、上户跟踪、回访和售后响应。50万元家政险是宣传口径，具体保单和育儿嫂承保范围未核实。,品牌宣传页列13466416965；指向xhxx.me官网，本轮官网读取失败。未致电确认。,有近期北京育儿服务宣传，但未找到可对应的独立雇主体验。宣传榜单和自报评分均未采用；应重点核实“7天内免费换”的适用范围、替补到岗和退款。,官网与当前合同主体；7天免费换的工种、次数和限制；育儿嫂补位到岗期限；保险与退款明细,"""北京星护星选科技有限公司"" 育儿嫂 服务 → 中国家协北京会员页列北京星护星选科技有限公司；宣传文章页头使用同名公司，未核验实际合同法人。 2026-08品牌宣传文章列北京服务区域与育儿嫂、月嫂、保姆等业务，可作为北京服务招揽线索。
""北京星护星选科技有限公司"" 更换 退费 合同 → 品牌宣传页写7天内免费更换、1小时售后响应；“7天”具体适用阶段和工种未给完整条款，1小时响应也不是替补到岗时限。 未取得现行育儿嫂退费比例、扣费项及到账期限。
""北京星护星选科技有限公司"" 投诉 口碑 评价 → 有近期北京育儿服务宣传，但未找到可对应的独立雇主体验。宣传榜单和自报评分均未采用；应重点核实“7天内免费换”的适用范围、替补到岗和退款。","北京星护星选科技有限公司 https://www.chsa.com.cn/nd.jsp?id=855（已打开阅读正文）
星护星选品牌宣传页面 https://www.youthcn.com.cn/qiyezixun/7848486.html（已打开阅读正文）
宣传页指向的星护星选官网 http://www.xhxx.me/（本轮打开失败）",,本条目无此次站内核查记录,第二批,主体待核组。本轮逐一对照四份正式政府名单，未取得可归属的入选记录；不等于机构差或不存在其他荣誉。不进入政府品牌推选优先组；数值仅供查看已有资料构成。,v2.0,公开索引被大量“口碑榜”“避坑指南”等推广稿覆盖，不能用推广中的好评/零投诉作为独立口碑。本轮索引未取得可归属消费者个案。,已回读详情中最新公示（2026-05-26）：北京星护星选科技有限公司，服务类别为家政中介服务（未注明育儿），处理结果为“未达成调解协议”。公示未披露协议细节及退款到账证据，不能据此推断北京育儿嫂整体服务质量。,"[黑猫投诉公开索引] site:tousu.sina.com.cn ""星护星选""
本轮该平台定向公开索引未取得可归属个案；搜索不命中不等于没有投诉。

[消费保公开索引] site:xfb315.com ""星护星选""
本轮该平台定向公开索引未取得可归属个案；搜索不命中不等于没有投诉。

[投诉/媒体/监管/司法公开网页] ""星护星选"" 投诉
公开索引被大量“口碑榜”“避坑指南”等推广稿覆盖，不能用推广中的好评/零投诉作为独立口碑。本轮索引未取得可归属消费者个案。

[12315站内] 北京星护星选科技有限公司
查询“北京星护星选科技有限公司”此次页面显示1条关键词匹配公示。可见2026-05-26公示的家政中介合同履约与退赔争议，未披露具体照护工种。以上数量是所列查询关键词此次匹配的公示记录数，可能含分支、近名和不同服务工种；不同查询之间可能重叠，不合计为机构投诉总数，不是投诉率或质量排名。公示期限为一年，不涵盖全部历史、未公开投诉或所有分支。投诉内容为当事人填写，调解结果不是违法认定；达成调解不等于退款已到账。

案例：北京星护星选科技有限公司消费投诉公示
日期：2026-05-18
工种：家政中介服务（未注明育儿）
记录：公示载消费者现场购买家政中介服务，反映合同履行问题并要求退赔费用；处理结果为未达成调解协议。
回应：公示未展示企业具体答复。
处理结果：未达成调解协议
处理部门：北京大兴区市场监督管理局
限制：按完整法人在官方公示平台公开查询，并打开最新一条详情核对。基本信息和问题是投诉人自行填写；调解结果不是违法或事实认定。服务分类未写育儿嫂，不能推断育儿；公示期限为1年，不是终身全量。
读取状态：已读12315官方页面具名详情和处理结果
来源：https://tsgs.12315.cn/#/viewport

来源（读取及归属边界见对应记录）：
https://tsgs.12315.cn/#/viewport",2.0,主体待核组,不进入政府品牌优先组,0,,
清源管家,业务仍需确认,综合家政,中国家协列北京清源管家家政有限公司；BOSS工商转载列2016-06-06成立、代码91110116MA0061TH6A。属于平台转载，未进行实时工商核验。,有北京家政主体与过期月嫂招聘，但未找到足以确认当前向家庭提供长期育儿嫂的直接服务页。不能将清源到家等近名主体合并。,2026-06家协列名及招聘资料可见，但岗位标注已过期；不足以确认育儿业务、当前门店接待和候选库存。,未取得该主体适用于育儿嫂的免费更换承诺或时限。,未取得育儿嫂试工或中途解约的退费条款。,过期月嫂招聘薪资不是育儿嫂家庭报价；当前服务费未取得。,未取得可核验的育儿嫂招聘筛选、背调、体检或培训材料。,未取得育儿嫂督导、回访及售后负责人等书面资料。,BOSS介绍称北苑路北领地OFFICE C607，公司地址字段却为金隅大成国际中心A2座3-99；公开地址不一致，预约前需核。,公开资料深查后仍不能确认当前北京长期育儿嫂业务。保留为业务待核线索，未把过期月嫂招聘、近名公司或不相关评价当作该机构育儿服务证据。,是否开展长期育儿嫂服务；现行经营地址和签约主体；现行育儿嫂合同、报价和换退规则,"""北京清源管家家政有限公司"" 育儿嫂 服务 → 中国家协列北京清源管家家政有限公司；BOSS工商转载列2016-06-06成立、代码91110116MA0061TH6A。属于平台转载，未进行实时工商核验。 有北京家政主体与过期月嫂招聘，但未找到足以确认当前向家庭提供长期育儿嫂的直接服务页。不能将清源到家等近名主体合并。
""北京清源管家家政有限公司"" 更换 退费 合同 → 未取得该主体适用于育儿嫂的免费更换承诺或时限。 未取得育儿嫂试工或中途解约的退费条款。
""北京清源管家家政有限公司"" 投诉 口碑 评价 → 公开资料深查后仍不能确认当前北京长期育儿嫂业务。保留为业务待核线索，未把过期月嫂招聘、近名公司或不相关评价当作该机构育儿服务证据。","北京清源管家家政有限公司 https://www.chsa.com.cn/nd.jsp?id=853（已打开阅读正文）
北京清源管家公司资料与招聘 https://m.zhipin.com/companys/10e2781043f1d63b03N429W9EFU~.html（已打开阅读正文）",,本条目无此次站内核查记录,先核实,北京育儿业务待核组。本轮逐一对照四份正式政府名单，未取得可归属的入选记录；不等于机构差或不存在其他荣誉。不进入政府品牌推选优先组；数值仅供查看已有资料构成。,v2.0,结果为协会名录与招聘，没有可归属的投诉处理记录；本轮公开索引未取得可归属个案。,已回读详情中最新公示（2026-06-29）：北京清源管家家政有限公司，服务类别为职业教育服务，处理结果为“未达成调解协议”。公示未披露协议细节及退款到账证据，不能据此推断北京育儿嫂整体服务质量。,"[黑猫投诉公开索引] site:tousu.sina.com.cn ""清源管家""
本轮该平台定向公开索引未取得可归属个案；搜索不命中不等于没有投诉。

[消费保公开索引] site:xfb315.com ""清源管家""
本轮该平台定向公开索引未取得可归属个案；搜索不命中不等于没有投诉。

[投诉/媒体/监管/司法公开网页] ""清源管家"" 投诉
结果为协会名录与招聘，没有可归属的投诉处理记录；本轮公开索引未取得可归属个案。

[12315站内] 北京清源管家家政有限公司
查询“北京清源管家家政有限公司”此次页面显示3条关键词匹配公示。可见职业教育、技能培训及家政中介定金等不同类别公示；培训投诉不能当作育儿嫂履约投诉。以上数量是所列查询关键词此次匹配的公示记录数，可能含分支、近名和不同服务工种；不同查询之间可能重叠，不合计为机构投诉总数，不是投诉率或质量排名。公示期限为一年，不涵盖全部历史、未公开投诉或所有分支。投诉内容为当事人填写，调解结果不是违法认定；达成调解不等于退款已到账。

案例：北京清源管家家政有限公司消费投诉公示
日期：2026-04-21
工种：职业教育服务
记录：公示载消费者现场购买职业教育服务，反映宣传问题并要求退赔费用；处理结果为未达成调解协议。该例明确属于教育培训，不是雇主育儿服务。
回应：公示未展示企业具体答复。
处理结果：未达成调解协议
处理部门：北京朝阳区市场监督管理局
限制：按完整法人在官方公示平台公开查询，并打开最新一条详情核对。基本信息和问题是投诉人自行填写；调解结果不是违法或事实认定。服务分类未写育儿嫂，不能推断育儿；公示期限为1年，不是终身全量。
读取状态：已读12315官方页面具名详情和处理结果
来源：https://tsgs.12315.cn/#/viewport

来源（读取及归属边界见对应记录）：
https://tsgs.12315.cn/#/viewport",0.0,北京育儿业务待核组,不进入政府品牌优先组,0,,
佳和誉泰,业务仍需确认,综合家政,北京佳和誉泰家政服务有限公司见2024协会名单，官网索引与培训目录同名。,官网索引称母婴护理及育婴培训、培训与服务一体；培训目录原文称入户服务，但尚未取得具体北京育儿客户订单或现售育儿服务页。,协会名单2024年、培训目录当前可读；官网访问出现TLS证书验证失败，本轮未绕过验证。,未取得公开可核验的现行资料。,未取得公开可核验的现行资料。,未取得公开可核验的现行资料。,公开培训目录自述免费岗前培训、合格就业，并设审核、培训、入户服务、等级考核制度；实际育儿考试和合格标准未取得。,未取得公开可核验的现行资料。,培训目录公开13552901487，未拨打核实。,已核北京主体和培训/家政服务线索，具体面向家庭的北京育儿派单尚未证实。暂留待核，不用育婴培训自动代替育儿嫂服务。,现行育儿服务合同及实际签约主体；免费换人范围、次数、推荐及到岗期限；无法匹配或提前解约的退费算法；可核真实北京育儿订单评价及当前人选档期,"""佳和誉泰"" 北京 育儿嫂 公司 → 北京佳和誉泰家政服务有限公司见2024协会名单，官网索引与培训目录同名。 官网索引称母婴护理及育婴培训、培训与服务一体；培训目录原文称入户服务，但尚未取得具体北京育儿客户订单或现售育儿服务页。
""佳和誉泰"" 更换 退款 合同 → 未取得公开可核验的现行资料。 未取得公开可核验的现行资料。
""佳和誉泰"" 评价 投诉 黑猫 消费保 → 已搜索投诉平台、媒体与公开索引，未取得可确认北京育儿工种的完整消费案例；其他业务或历史材料见来源及排除项。","北京家协第六届理事会36名成员名单 https://www.zqjz.com/index/index/wlist?id=113（已读原文）
佳和誉泰培训目录主页 https://www.ibixue.com/school-7992/（已读公开HTML原文）
佳和誉泰培训业务页 https://www.jhytjz.cn/col.jsp?id=104（搜索索引；打开失败）",,本条目无此次站内核查记录,先核实,北京育儿业务待核组。本轮逐一对照四份正式政府名单，未取得可归属的入选记录；不等于机构差或不存在其他荣誉。不进入政府品牌推选优先组；数值仅供查看已有资料构成。,v2.0,结果为官网、培训页和商标；四川同名企业管理公司不同主体。宣传里的“零投诉”未获独立验证，本轮公开索引未取得可归属个案。,已按1组名称查询当前公示列表，本轮未见记录；不代表零投诉，公示期限、名称别称和公开范围会影响结果。,"[黑猫投诉公开索引] site:tousu.sina.com.cn ""佳和誉泰""
本轮该平台定向公开索引未取得可归属个案；搜索不命中不等于没有投诉。

[消费保公开索引] site:xfb315.com ""佳和誉泰""
本轮该平台定向公开索引未取得可归属个案；搜索不命中不等于没有投诉。

[投诉/媒体/监管/司法公开网页] ""佳和誉泰"" 投诉
结果为官网、培训页和商标；四川同名企业管理公司不同主体。宣传里的“零投诉”未获独立验证，本轮公开索引未取得可归属个案。

[12315站内] 北京佳和誉泰家政服务有限公司
查询“北京佳和誉泰家政服务有限公司”：该名称在此次公示列表未见记录，不代表零投诉或没有历史纠纷；公示期限、名称别称和公开范围会影响结果。

未取得本轮可单列案例；不代表没有投诉。

来源（读取及归属边界见对应记录）：
https://tsgs.12315.cn/#/viewport",1.0,北京育儿业务待核组,不进入政府品牌优先组,0,,
佳翊会,有北京业务线索,综合家政,2024协会名单为北京佳翊教育科技服务有限公司；培训目录品牌为佳翊会母婴服务机构。同名北京佳翊和家政公司未证明关联，签约须核。,北京佳翊母婴培训目录原文明确到家月嫂、育儿、住家阿姨及月子会所护理员，育儿业务可作为候选依据。,当前商家介绍可读但无明确更新日，最新人选和实际到岗需核。,未取得公开可核验的现行资料。,未取得公开可核验的现行资料。,其他商家目录的11800/13800/17800是月嫂等级价，不能当育儿嫂当前报价；育儿完整收费未取得。,自述提供免费岗前及实操培训；医院合作和赴美岗位为机构宣传，未从合作方验证。,未取得北京育儿督导频率、突发离岗处置和限时替补制度。,目录线索为酒仙桥将台路2号和乔丽晶底商H101，尚未核实当前接待地址或直接电话。,可新增为北京母婴到家候选。育儿服务文案明确，但独立育儿口碑和换人、退费条款不足，不据高端定位作质量排名。,现行育儿服务合同及实际签约主体；免费换人范围、次数、推荐及到岗期限；无法匹配或提前解约的退费算法；可核真实北京育儿订单评价及当前人选档期,"""佳翊"" 北京 育儿嫂 公司 → 2024协会名单为北京佳翊教育科技服务有限公司；培训目录品牌为佳翊会母婴服务机构。同名北京佳翊和家政公司未证明关联，签约须核。 北京佳翊母婴培训目录原文明确到家月嫂、育儿、住家阿姨及月子会所护理员，育儿业务可作为候选依据。
""佳翊"" 更换 退款 合同 → 未取得公开可核验的现行资料。 未取得公开可核验的现行资料。
""佳翊"" 评价 投诉 黑猫 消费保 → 已搜索投诉平台、媒体与公开索引，未取得可确认北京育儿工种的完整消费案例；其他业务或历史材料见来源及排除项。","北京家协第六届理事会36名成员名单 https://www.zqjz.com/index/index/wlist?id=113（已读原文）
北京佳翊母婴培训机构简介 https://edu.sdnews.com.cn/bj/j_1ee63/about/index.html（已读原文）
佳翊会服务商目录 https://www.youbangkeyi.com/newdetail/106044（搜索索引）",,本条目无此次站内核查记录,第二批,未匹配入选名单的补充组。本轮逐一对照四份正式政府名单，未取得可归属的入选记录；不等于机构差或不存在其他荣誉。,v2.0,回读三联2023医院停业报道：提及的佳翊会咨询服务公司为被拖欠月嫂费用的一方，报道并称其垫付月嫂工资；不能反向归为该家政欠薪。与协会教育科技主体关系未核。,已按1组名称查询当前公示列表，本轮未见记录；不代表零投诉，公示期限、名称别称和公开范围会影响结果。,"[黑猫投诉公开索引] site:tousu.sina.com.cn ""佳翊会""
本轮该平台定向公开索引未取得可归属个案；搜索不命中不等于没有投诉。

[消费保公开索引] site:xfb315.com ""佳翊会""
本轮该平台定向公开索引未取得可归属个案；搜索不命中不等于没有投诉。

[投诉/媒体/监管/司法公开网页] ""佳翊会"" 投诉
回读三联2023医院停业报道：提及的佳翊会咨询服务公司为被拖欠月嫂费用的一方，报道并称其垫付月嫂工资；不能反向归为该家政欠薪。与协会教育科技主体关系未核。

[12315站内] 北京佳翊教育科技服务有限公司
查询“北京佳翊教育科技服务有限公司”：该名称在此次公示列表未见记录，不代表零投诉或没有历史纠纷；公示期限、名称别称和公开范围会影响结果。

未取得本轮可单列案例；不代表没有投诉。

来源（读取及归属边界见对应记录）：
https://tsgs.12315.cn/#/viewport",1.0,未匹配入选名单的补充组,不进入政府品牌优先组,0,,
阳光二十一 / 阳光21,业务仍需确认,综合家政,北京阳光二十一文化发展有限公司列2024协会名单及2023北京市员工制家政企业名单。,政府记录证明历史家政主体；阳光21育儿服务仅查到旧目录与点评门店线索，未取得当前具体北京育儿派单原文。,2023员工制资格和2024理事名单均是历史状态，不直接证明2026育儿可订。,未取得公开可核验的现行资料。,未取得公开可核验的现行资料。,点评显示的门店人均和旧目录价格不作为2026育儿报价。,2018商务局技能提升项目曾列同名公司；不能当当前每位阿姨持证或员工制证明。,未取得公开可核验的现行资料。,点评相册索引为东三环南路54号华腾园11-107；未核当前门店。,记录在本地家政储备名单，但目前不足以确认最新北京育儿服务；需要实际育儿服务页、合同及人选供给证据。,现行育儿服务合同及实际签约主体；免费换人范围、次数、推荐及到岗期限；无法匹配或提前解约的退费算法；可核真实北京育儿订单评价及当前人选档期,"""阳光二十一"" 北京 育儿嫂 公司 → 北京阳光二十一文化发展有限公司列2024协会名单及2023北京市员工制家政企业名单。 政府记录证明历史家政主体；阳光21育儿服务仅查到旧目录与点评门店线索，未取得当前具体北京育儿派单原文。
""阳光二十一"" 更换 退款 合同 → 未取得公开可核验的现行资料。 未取得公开可核验的现行资料。
""阳光二十一"" 评价 投诉 黑猫 消费保 → 已搜索投诉平台、媒体与公开索引，未取得可确认北京育儿工种的完整消费案例；其他业务或历史材料见来源及排除项。","北京家协第六届理事会36名成员名单 https://www.zqjz.com/index/index/wlist?id=113（已读原文）
2023北京市员工制家政企业名单 https://rsj.beijing.gov.cn/xxgk/tzgg/202302/t20230208_2913405.html（已读原文）
阳光二十一妇女儿童服务中心相册 https://www.dianping.com/shop/3540088/photos/album（搜索索引）
北京育儿嫂旧目录文档 https://www.5idoc.com/doc/4919786557.html（搜索索引）",,本条目无此次站内核查记录,先核实,北京育儿业务待核组。对应2023年正式年度员工制企业入选公告，列名公司为北京阳光二十一文化发展有限公司。该年度员工制认定已过一年有效期，只记历史入选。不进入政府品牌推选优先组；数值仅供查看已有资料构成。,v2.0,核对北京阳光二十一文化发展有限公司及阳光二十一别称。结果以培训、员工制名录和点评相册为主；消费保返回阳光人寿保险及旅游等同词结果，均不属该家政主体。 本轮公开索引未取得可归属的投诉或处罚个案。,已按1组名称查询当前公示列表，本轮未见记录；不代表零投诉，公示期限、名称别称和公开范围会影响结果。,"[黑猫投诉公开索引] site:tousu.sina.com.cn 阳光二十一 OR 阳光21
已实际检索 site:tousu.sina.com.cn 阳光二十一 OR 阳光21；同批输出候选经主体人工核对，本轮公开索引未取得可归属的平台投诉个案。

[消费保旧域公开索引] site:xfb315.com 阳光二十一 OR 阳光21
已实际检索 site:xfb315.com 阳光二十一 OR 阳光21；同批输出候选经主体人工核对，本轮公开索引未取得可归属的平台投诉个案。

[监管/司法/媒体公开索引] ""北京阳光二十一文化发展有限公司"" 投诉 退费 12315 消协 处罚 法院 媒体
核对北京阳光二十一文化发展有限公司及阳光二十一别称。结果以培训、员工制名录和点评相册为主；消费保返回阳光人寿保险及旅游等同词结果，均不属该家政主体。

[消费保新域公开索引] 阳光二十一 OR 阳光21 消费保 site:xfb365.com
已实际检索 阳光二十一 OR 阳光21 消费保 site:xfb365.com；同批输出候选经主体人工核对，本轮公开索引未取得可归属的平台投诉个案。 返回的平台同名或其他商户候选见排除说明，不能视为本机构投诉。

[品牌别称/个案后续补查] ""阳光二十一"" 家政 投诉
补查实际执行。核对北京阳光二十一文化发展有限公司及阳光二十一别称。结果以培训、员工制名录和点评相册为主；消费保返回阳光人寿保险及旅游等同词结果，均不属该家政主体。

[12315站内] 北京阳光二十一文化发展有限公司
查询“北京阳光二十一文化发展有限公司”：该名称在此次公示列表未见记录，不代表零投诉或没有历史纠纷；公示期限、名称别称和公开范围会影响结果。

未取得本轮可单列案例；不代表没有投诉。

来源（读取及归属边界见对应记录）：
https://tsgs.12315.cn/#/viewport",10.0,北京育儿业务待核组,不进入政府品牌优先组,10,北京阳光二十一文化发展有限公司,https://rsj.beijing.gov.cn/xxgk/tzgg/202302/t20230208_2913405.html
恩赐月嫂,有北京业务线索,母婴服务,北京恩赐月嫂家政服务有限公司列2024协会名单及2026房山区人社招聘公告。,2026-07-03房山区人社公告明确招育婴师50人，工作为0–3岁日常照料、辅食和早期教育；与月嫂岗位分列。,2026年7月明确有育婴招聘记录；9月实时可到岗人选未核。,历史媒体走访曾记载“有健康问题换人”的口头表示，但未取得当前免费次数、替补期限或合同。,未取得当前退款规则或可归属北京育儿订单的已确认退款结局。,2026-07招聘薪酬6000–15000元/月，属于工资区间，未含服务费且非家庭正式报价；该批招聘公示有效期仅7天。,招聘称缴五险；不能证明每名服务人员劳动关系和保险。历史走访对健康证和复检费用有讨论，不能当现行筛查流程。,未取得公开可核验的现行资料。,政府公告工作地址房山区长阳镇加州水郡西区三期122栋102室；仅见人社统一咨询电话，未取得公司现行直联电话。,可新增北京育儿机构，2026具体岗位证据充分。重要边界：旧媒体文不能误写成近期恩赐造假投诉，全文中其他商家的假证表述不能归给恩赐。,现行育儿服务合同及实际签约主体；免费换人范围、次数、推荐及到岗期限；无法匹配或提前解约的退费算法；可核真实北京育儿订单评价及当前人选档期,"""恩赐月嫂"" 北京 育儿嫂 公司 → 北京恩赐月嫂家政服务有限公司列2024协会名单及2026房山区人社招聘公告。 2026-07-03房山区人社公告明确招育婴师50人，工作为0–3岁日常照料、辅食和早期教育；与月嫂岗位分列。
""恩赐月嫂"" 更换 退款 合同 → 历史媒体走访曾记载“有健康问题换人”的口头表示，但未取得当前免费次数、替补期限或合同。 未取得当前退款规则或可归属北京育儿订单的已确认退款结局。
""恩赐月嫂"" 评价 投诉 黑猫 消费保 → 已搜索投诉平台、媒体与公开索引，未取得可确认北京育儿工种的完整消费案例；其他业务或历史材料见来源及排除项。","北京家协第六届理事会36名成员名单 https://www.zqjz.com/index/index/wlist?id=113（已读原文）
北京樾缘等五单位招聘：恩赐育婴师 https://www.bjfsh.gov.cn/zwgk/qrlsbj/zdly_999/fshcyjy/rlzyscgqxx/202607/t20260710_40115508.shtml（已读原文）
家政市场还是很乱，没干过也能上岗 https://www.lifetimes.cn/article/9CaKrnJQcvF（已读公开HTML原文）",,本条目无此次站内核查记录,第二批,主体待核组。本轮逐一对照四份正式政府名单，未取得可归属的入选记录；不等于机构差或不存在其他荣誉。不进入政府品牌推选优先组；数值仅供查看已有资料构成。,v2.0,新增2013年京华时报暗访：明确指向恩赐第一分公司，涉及未培训、未核健康证明和包装育婴经验；保留报道中协会回应以及记者未实际入户的界限。旧生命时报走访也已回读，其恩赐段仅涉及健康证明和复检答复，不能把其他公司的办假证情节归给恩赐。,已按1组名称查询当前公示列表，本轮未见记录；不代表零投诉，公示期限、名称别称和公开范围会影响结果。,"[黑猫投诉公开索引] site:tousu.sina.com.cn 恩赐月嫂
已实际检索 site:tousu.sina.com.cn 恩赐月嫂；同批输出候选经主体人工核对，本轮公开索引未取得可归属的平台投诉个案。

[消费保旧域公开索引] site:xfb315.com 恩赐月嫂
已实际检索 site:xfb315.com 恩赐月嫂；同批输出候选经主体人工核对，本轮公开索引未取得可归属的平台投诉个案。

[监管/司法/媒体公开索引] ""北京恩赐月嫂家政服务有限公司"" 投诉 退费 12315 消协 处罚 法院 媒体
新增2013年京华时报暗访：明确指向恩赐第一分公司，涉及未培训、未核健康证明和包装育婴经验；保留报道中协会回应以及记者未实际入户的界限。旧生命时报走访也已回读，其恩赐段仅涉及健康证明和复检答复，不能把其他公司的办假证情节归给恩赐。

[消费保新域公开索引] 恩赐月嫂 消费保 site:xfb365.com
已实际检索 恩赐月嫂 消费保 site:xfb365.com；同批输出候选经主体人工核对，本轮公开索引未取得可归属的平台投诉个案。 返回的平台同名或其他商户候选见排除说明，不能视为本机构投诉。

[品牌别称/个案后续补查] ""恩赐"" ""2013"" ""整改""
补查实际执行。新增2013年京华时报暗访：明确指向恩赐第一分公司，涉及未培训、未核健康证明和包装育婴经验；保留报道中协会回应以及记者未实际入户的界限。旧生命时报走访也已回读，其恩赐段仅涉及健康证明和复检答复，不能把其他公司的办假证情节归给恩赐。

[12315站内] 北京恩赐月嫂家政服务有限公司
查询“北京恩赐月嫂家政服务有限公司”：该名称在此次公示列表未见记录，不代表零投诉或没有历史纠纷；公示期限、名称别称和公开范围会影响结果。

案例：京城月嫂行业乱象调查
日期：2013-02-17刊发；2013年1–2月暗访
工种：育婴嫂
记录：记者无育儿经历、未出示身份证健康证且未受培训，报道称该分公司仍收300元培训费，指导将23岁改25岁、虚构带孩子经历；面谈后口头约定三天试用、月薪3500元，记者最终未实际入户。
回应：报道记录分公司负责人在面谈时称健康证刚过期、接受一个月正规培训；北京家政服务协会工作人员未正面回应恩赐行为。未取得报道后的公司正式答复。
处理结果：暗访止于面谈及口头协议；未取得监管处理、退费或后续整改结果。
限制：历史单一分公司媒体调查，非当前各店统一情况；文中雇主曾换十余育儿嫂涉及多家公司，不能全归恩赐。
读取状态：原生web解码失败后curl直连GBK解码，已读全文，HTML/文本留存
来源：https://style.sina.com.cn/news/p/2013-02-17/0928116250.shtml

案例：家政市场还是很乱，没干过也能上岗
日期：网页显示2024-03-09；正文仍将2016标准实施写作将来，事件年未确认
工种：普通保姆
记录：恩赐段记录健康证明是否齐全及雇主提出复检的问答；同篇其他公司可代办证件的情节未归恩赐。
回应：恩赐门店答复健康证齐全，雇主可自费复检，查出问题可以换。
处理结果：报道未对应具体成交及退款处置。
限制：文章正文时间与页面时间冲突，不能作为2024现行服务承诺；非客户投诉。
读取状态：已用原生web回读正文、当事人意见及处理结果
来源：https://www.lifetimes.cn/article/9CaKrnJQcvF

来源（读取及归属边界见对应记录）：
https://style.sina.com.cn/news/p/2013-02-17/0928116250.shtml
https://www.lifetimes.cn/article/9CaKrnJQcvF
https://tsgs.12315.cn/#/viewport",0.0,主体待核组,不进入政府品牌优先组,0,,
超级保姆,业务仍需确认,综合家政,北京超级保姆家政服务有限公司列2024理事名单与2025政府招聘。,安康人社2025-07-21北京方向岗位表仅明确一般家政服务员30人，未说明婴幼儿照护；本轮未取得明确北京育儿派单证据。,2025公开招聘证明历史业务活动，当前育儿服务未核。,未取得公开可核验的现行资料。,未取得公开可核验的现行资料。,6000–15000为一般家政招聘工资，不当育儿报价。,未取得公开可核验的现行资料。,未取得公开可核验的现行资料。,政府招聘列13366154578，朝阳汤立路216号东方郁金香C座606室，未拨打。,北京家政主体可确认，育儿服务仍待明确证据，暂不计入已确认北京育儿机构。,现行育儿服务合同及实际签约主体；免费换人范围、次数、推荐及到岗期限；无法匹配或提前解约的退费算法；可核真实北京育儿订单评价及当前人选档期,"""超级保姆"" 北京 育儿嫂 公司 → 北京超级保姆家政服务有限公司列2024理事名单与2025政府招聘。 安康人社2025-07-21北京方向岗位表仅明确一般家政服务员30人，未说明婴幼儿照护；本轮未取得明确北京育儿派单证据。
""超级保姆"" 更换 退款 合同 → 未取得公开可核验的现行资料。 未取得公开可核验的现行资料。
""超级保姆"" 评价 投诉 黑猫 消费保 → 已搜索投诉平台、媒体与公开索引，未取得可确认北京育儿工种的完整消费案例；其他业务或历史材料见来源及排除项。","北京家协第六届理事会36名成员名单 https://www.zqjz.com/index/index/wlist?id=113（已读原文）
安康市2025年第八批就业岗位表 https://www.hanbin.gov.cn/Content-2887980.html（已读公开HTML原文）",,本条目无此次站内核查记录,先核实,北京育儿业务待核组。本轮逐一对照四份正式政府名单，未取得可归属的入选记录；不等于机构差或不存在其他荣誉。不进入政府品牌推选优先组；数值仅供查看已有资料构成。,v2.0,以北京超级保姆家政服务有限公司核归属。消费保返回阿姨到了（北京）家政有限公司的5600元中介费争议，属于另一法人，不能并入超级保姆；自如等结果同样排除。 本轮公开索引未取得可归属的投诉或处罚个案。,已回读详情中最新公示（2025-12-11）：北京超级保姆家政服务有限公司，服务类别为家政中介服务，处理结果为“未达成调解协议”。公示未披露协议细节及退款到账证据，不能据此推断北京育儿嫂整体服务质量。,"[黑猫投诉公开索引] site:tousu.sina.com.cn 北京超级保姆
已实际检索 site:tousu.sina.com.cn 北京超级保姆；同批输出候选经主体人工核对，本轮公开索引未取得可归属的平台投诉个案。

[消费保旧域公开索引] site:xfb315.com 北京超级保姆
已实际检索 site:xfb315.com 北京超级保姆；同批输出候选经主体人工核对，本轮公开索引未取得可归属的平台投诉个案。

[监管/司法/媒体公开索引] ""北京超级保姆家政服务有限公司"" 投诉 退费 12315 消协 处罚 法院 媒体
以北京超级保姆家政服务有限公司核归属。消费保返回阿姨到了（北京）家政有限公司的5600元中介费争议，属于另一法人，不能并入超级保姆；自如等结果同样排除。

[消费保新域公开索引] 北京超级保姆 消费保 site:xfb365.com
已实际检索 北京超级保姆 消费保 site:xfb365.com；同批输出候选经主体人工核对，本轮公开索引未取得可归属的平台投诉个案。 返回的平台同名或其他商户候选见排除说明，不能视为本机构投诉。

[12315站内] 北京超级保姆家政服务有限公司
查询“北京超级保姆家政服务有限公司”此次页面显示1条关键词匹配公示。可见2025-12-11公示的家政中介定金及退赔争议，服务工种未细分。以上数量是所列查询关键词此次匹配的公示记录数，可能含分支、近名和不同服务工种；不同查询之间可能重叠，不合计为机构投诉总数，不是投诉率或质量排名。公示期限为一年，不涵盖全部历史、未公开投诉或所有分支。投诉内容为当事人填写，调解结果不是违法认定；达成调解不等于退款已到账。

案例：北京超级保姆家政服务有限公司消费投诉处理公示
日期：2025-09-30
工种：家政中介服务
记录：消费者反映2025-09-29购买的家政中介服务涉及定金及退赔争议。官方公示列出的处理结果为“未达成调解协议”。
回应：公示没有展示企业具体答复。
处理结果：未达成调解协议
处理部门：北京朝阳区市场监督管理局
限制：投诉基本信息与问题由当事人填报，不是违法认定。公示未披露协议具体内容、退款金额或到账证据；未确认该单为育儿嫂。公示期限为一年，本次只回读选取的具名详情。
读取状态：已打开12315官方详情，核对主体、服务及处理结果
来源：https://tsgs.12315.cn/#/viewport

来源（读取及归属边界见对应记录）：
https://tsgs.12315.cn/#/viewport",0.0,北京育儿业务待核组,不进入政府品牌优先组,0,,
管家多多,有北京业务线索,综合家政,北京管家多多家政有限公司列2024协会理事名单；教育宝商家介绍同名。,教育宝机构原文明确为家庭、医院提供月嫂和育儿嫂，育儿培训与家庭服务均有文案，不只学校。,教育平台内容更新至2026-07-25，可见经营宣传；当前到岗档期未核。,未取得公开可核验的现行资料。,未取得公开可核验的现行资料。,未取得家庭育儿工资、服务费及试工费；培训学费不等于聘用费用。,原文有育婴、早教、辅食等培训课程，机构自述2014年创立；培训人数和高就业率不作独立认证。,未取得公开可核验的现行资料。,教育宝列高碑店乡G区47-1、青年路大悦城B1-35及昌平培训基地；400-029-0997转570709是平台转接号，不是已核机构直线。,新增为有北京家庭育儿服务文案的候选。培训体系可供面试时追问，但学员好评与雇主育儿好评需要分开。,现行育儿服务合同及实际签约主体；免费换人范围、次数、推荐及到岗期限；无法匹配或提前解约的退费算法；可核真实北京育儿订单评价及当前人选档期,"""管家多多"" 北京 育儿嫂 公司 → 北京管家多多家政有限公司列2024协会理事名单；教育宝商家介绍同名。 教育宝机构原文明确为家庭、医院提供月嫂和育儿嫂，育儿培训与家庭服务均有文案，不只学校。
""管家多多"" 更换 退款 合同 → 未取得公开可核验的现行资料。 未取得公开可核验的现行资料。
""管家多多"" 评价 投诉 黑猫 消费保 → 已搜索投诉平台、媒体与公开索引，未取得可确认北京育儿工种的完整消费案例；其他业务或历史材料见来源及排除项。","北京家协第六届理事会36名成员名单 https://www.zqjz.com/index/index/wlist?id=113（已读原文）
北京管家多多教育宝主页 https://bj.jiaoyubao.cn/edu/bjgjdd/（已读原文）
河北家政就业报道 https://he.people.com.cn/n2/2025/0825/c192235-41331660.html（搜索索引）",,本条目无此次站内核查记录,第二批,政府品牌推选优先组。对应2025年正式政府联合推选并发布的劳务品牌企业名录，列名公司为北京管家多多家政有限公司。名单没有官方名次；仍须核对本单合同、育儿人选与换人条款。,v2.0,结果有河北福嫂输入基地、家政之家住宿和培训学员评价；这些不是雇主育儿订单口碑。桔多多网贷、链家房产和轻松到家投诉均非管家多多。 本轮公开索引未取得可归属的投诉或处罚个案。,已回读详情中最新公示（2026-07-22）：北京管家多多家政有限公司，服务类别为其他技能培训服务，处理结果为“未达成调解协议”。公示未披露协议细节及退款到账证据，不能据此推断北京育儿嫂整体服务质量。,"[黑猫投诉公开索引] site:tousu.sina.com.cn 管家多多
已实际检索 site:tousu.sina.com.cn 管家多多；同批输出候选经主体人工核对，本轮公开索引未取得可归属的平台投诉个案。

[消费保旧域公开索引] site:xfb315.com 管家多多
已实际检索 site:xfb315.com 管家多多；同批输出候选经主体人工核对，本轮公开索引未取得可归属的平台投诉个案。

[监管/司法/媒体公开索引] ""北京管家多多家政有限公司"" 投诉 退费 12315 消协 处罚 法院 媒体
结果有河北福嫂输入基地、家政之家住宿和培训学员评价；这些不是雇主育儿订单口碑。桔多多网贷、链家房产和轻松到家投诉均非管家多多。

[消费保新域公开索引] 管家多多 消费保 site:xfb365.com
已实际检索 管家多多 消费保 site:xfb365.com；同批输出候选经主体人工核对，本轮公开索引未取得可归属的平台投诉个案。 返回的平台同名或其他商户候选见排除说明，不能视为本机构投诉。

[12315站内] 北京管家多多家政有限公司
查询“北京管家多多家政有限公司”此次页面显示5条关键词匹配公示。首屏包含技能培训及其他家政服务，涉及合同、售后与宣传争议；不同服务不能合并为育儿嫂评价。以上数量是所列查询关键词此次匹配的公示记录数，可能含分支、近名和不同服务工种；不同查询之间可能重叠，不合计为机构投诉总数，不是投诉率或质量排名。公示期限为一年，不涵盖全部历史、未公开投诉或所有分支。投诉内容为当事人填写，调解结果不是违法认定；达成调解不等于退款已到账。

案例：北京管家多多家政有限公司消费投诉处理公示
日期：2026-05-18
工种：其他技能培训服务
记录：消费者反映2026-05-18购买的其他技能培训服务涉及合同履行与退赔争议。官方公示列出的处理结果为“未达成调解协议”。
回应：公示没有展示企业具体答复。
处理结果：未达成调解协议
处理部门：北京朝阳区市场监督管理局
限制：投诉基本信息与问题由当事人填报，不是违法认定。公示未披露协议具体内容、退款金额或到账证据；未确认该单为育儿嫂。公示期限为一年，本次只回读选取的具名详情。
读取状态：已打开12315官方详情，核对主体、服务及处理结果
来源：https://tsgs.12315.cn/#/viewport

来源（读取及归属边界见对应记录）：
https://tsgs.12315.cn/#/viewport",61.0,政府品牌推选优先组,14,60,"北京管家多多家政有限公司
北京管家多多家政有限公司","https://rsj.beijing.gov.cn/bm/ztzl/ssjzlwpp/202511/t20251103_4251005.html
https://rsj.beijing.gov.cn/xxgk/tzgg/202511/t20251103_4251298.html"
福平家政,有北京业务线索,综合家政,北京福平家政服务有限公司列协会名单；2026东城政府公告标题同名，正文写北京福平家政服务中心。合同主体名称需核，不能自动等同原富平。,东城区2026-04-27公告明确招聘育儿嫂50人，要求2年以上育儿或月嫂经验，并带过0–6岁孩子。,2026年4月有具体岗位公开记录；当前候选阿姨和门店合同需确认。,未取得公开可核验的现行资料。,未取得公开可核验的现行资料。,育儿招聘薪酬6000–15000元/月；月嫂12800–26800单列，不能混用，服务费与报价未取得。,岗位要求健康证、上户前指定项目检查、育婴资格证；是招聘标准，不证明每位在岗者已经通过。,同时招聘业务督导并要求跟进回访，但没有实际督导频率、离岗响应和替补期限。,政府公告15311983356（苏老师），东城区幸福家园7号楼底商102；未拨打。,新增北京育儿候选，近期政府岗位证据较具体。需要重点核签约法人，以及是否承诺换人后不断档与费用如何退。,现行育儿服务合同及实际签约主体；免费换人范围、次数、推荐及到岗期限；无法匹配或提前解约的退费算法；可核真实北京育儿订单评价及当前人选档期,"""福平家政"" 北京 育儿嫂 公司 → 北京福平家政服务有限公司列协会名单；2026东城政府公告标题同名，正文写北京福平家政服务中心。合同主体名称需核，不能自动等同原富平。 东城区2026-04-27公告明确招聘育儿嫂50人，要求2年以上育儿或月嫂经验，并带过0–6岁孩子。
""福平家政"" 更换 退款 合同 → 未取得公开可核验的现行资料。 未取得公开可核验的现行资料。
""福平家政"" 评价 投诉 黑猫 消费保 → 已搜索投诉平台、媒体与公开索引，未取得可确认北京育儿工种的完整消费案例；其他业务或历史材料见来源及排除项。","北京家协第六届理事会36名成员名单 https://www.zqjz.com/index/index/wlist?id=113（已读原文）
东城区岗位推荐：北京福平家政 https://www.bjdch.gov.cn/zwgk/zdlygk/wgjyzdly/qyzp/202604/t20260430_4630359.html（已读原文）
福平招聘介绍 https://www.zhaopin.com/jobdetail/CCL1249778540J40954156802.htm（搜索索引）",,本条目无此次站内核查记录,第二批,其他政府记录组。对应2025年正式联合推选的劳务输入基地名单；非服务质量等级评选，列名公司为北京福平家政服务有限公司。劳务输入基地反映人员对接功能，不等于育儿服务质量认证。,v2.0,精确主体和品牌补查仍以福嫂住宿、培训、公益及招聘报道为主。招聘自述提到原富平家政，尚不足独立证明全部历史法人沿革；不把其他富平主体争议直接并入。 本轮公开索引未取得可归属的投诉或处罚个案。,已按1组名称查询当前公示列表，本轮未见记录；不代表零投诉，公示期限、名称别称和公开范围会影响结果。,"[黑猫投诉公开索引] site:tousu.sina.com.cn ""北京福平家政""
已实际检索 site:tousu.sina.com.cn ""北京福平家政""；同批输出候选经主体人工核对，本轮公开索引未取得可归属的平台投诉个案。

[消费保旧域公开索引] site:xfb315.com ""北京福平家政""
已实际检索 site:xfb315.com ""北京福平家政""；同批输出候选经主体人工核对，本轮公开索引未取得可归属的平台投诉个案。

[监管/司法/媒体公开索引] ""北京福平家政服务有限公司"" 投诉 退费 12315 消协 处罚 法院 媒体
精确主体和品牌补查仍以福嫂住宿、培训、公益及招聘报道为主。招聘自述提到原富平家政，尚不足独立证明全部历史法人沿革；不把其他富平主体争议直接并入。

[消费保新域公开索引] ""北京福平家政"" 消费保 site:xfb365.com
已实际检索 ""北京福平家政"" 消费保 site:xfb365.com；同批输出候选经主体人工核对，本轮公开索引未取得可归属的平台投诉个案。

[品牌别称/个案后续补查] ""北京福平"" 家政 投诉 退费
补查实际执行。精确主体和品牌补查仍以福嫂住宿、培训、公益及招聘报道为主。招聘自述提到原富平家政，尚不足独立证明全部历史法人沿革；不把其他富平主体争议直接并入。

[12315站内] 北京福平家政服务有限公司
查询“北京福平家政服务有限公司”：该名称在此次公示列表未见记录，不代表零投诉或没有历史纠纷；公示期限、名称别称和公开范围会影响结果。

未取得本轮可单列案例；不代表没有投诉。

来源（读取及归属边界见对应记录）：
https://tsgs.12315.cn/#/viewport",12.0,其他政府记录组,不进入政府品牌优先组,10,北京福平家政服务有限公司,https://rsj.beijing.gov.cn/xxgk/tzgg/202511/t20251103_4251298.html
爱婴宝,业务仍需确认,综合家政,北京爱婴宝家政服务有限公司列2024协会及2018商务局培训项目；不是北京亿婴宝教育科技有限公司。,已确认历史家政主体与培训活动；未取得现行北京育儿嫂服务或可归属的具体派单原文。,2024会员工作单位存在，当前育儿在营状态未核。,未取得公开可核验的现行资料。,未取得公开可核验的现行资料。,未取得公开可核验的现行资料。,2018年生活性服务业技能提升支持名单有该公司，不能证明2026育儿培训内容和人员质量。,未取得公开可核验的现行资料。,第三方企业索引地址朝阳豆各庄黄厂西路1号A1栋二层20095；不是已核当前门店。,保留待核机构，不漏记但暂不认定当前育儿服务；名称不同于亿婴宝，不能共用证据。,现行育儿服务合同及实际签约主体；免费换人范围、次数、推荐及到岗期限；无法匹配或提前解约的退费算法；可核真实北京育儿订单评价及当前人选档期,"""爱婴宝"" 北京 育儿嫂 公司 → 北京爱婴宝家政服务有限公司列2024协会及2018商务局培训项目；不是北京亿婴宝教育科技有限公司。 已确认历史家政主体与培训活动；未取得现行北京育儿嫂服务或可归属的具体派单原文。
""爱婴宝"" 更换 退款 合同 → 未取得公开可核验的现行资料。 未取得公开可核验的现行资料。
""爱婴宝"" 评价 投诉 黑猫 消费保 → 已搜索投诉平台、媒体与公开索引，未取得可确认北京育儿工种的完整消费案例；其他业务或历史材料见来源及排除项。","北京家协第六届理事会36名成员名单 https://www.zqjz.com/index/index/wlist?id=113（已读原文）
2018生活服务业岗位技能项目名单 https://sw.beijing.gov.cn/phone/zwxx/swzjzczc/201912/t20191220_1349535.html（已读原文）
北京爱婴宝企业索引 https://top.qcc.com/tc/eeffe8913fad.html（搜索索引）",,本条目无此次站内核查记录,先核实,北京育儿业务待核组。本轮逐一对照四份正式政府名单，未取得可归属的入选记录；不等于机构差或不存在其他荣誉。不进入政府品牌推选优先组；数值仅供查看已有资料构成。,v2.0,已以北京爱婴宝主体核查；结果是2018培训等历史项目及工商/招聘资料。万婴宝、亿婴宝和异地爱婴宝名称接近，不能互相替代。 本轮公开索引未取得可归属的投诉或处罚个案。,已按1组名称查询当前公示列表，本轮未见记录；不代表零投诉，公示期限、名称别称和公开范围会影响结果。,"[黑猫投诉公开索引] site:tousu.sina.com.cn ""北京爱婴宝家政""
已实际检索 site:tousu.sina.com.cn ""北京爱婴宝家政""；同批输出候选经主体人工核对，本轮公开索引未取得可归属的平台投诉个案。

[消费保旧域公开索引] site:xfb315.com ""北京爱婴宝家政""
已实际检索 site:xfb315.com ""北京爱婴宝家政""；同批输出候选经主体人工核对，本轮公开索引未取得可归属的平台投诉个案。

[监管/司法/媒体公开索引] ""北京爱婴宝家政服务有限公司"" 投诉 退费 12315 消协 处罚 法院 媒体
已以北京爱婴宝主体核查；结果是2018培训等历史项目及工商/招聘资料。万婴宝、亿婴宝和异地爱婴宝名称接近，不能互相替代。

[消费保新域公开索引] ""北京爱婴宝家政"" 消费保 site:xfb365.com
已实际检索 ""北京爱婴宝家政"" 消费保 site:xfb365.com；同批输出候选经主体人工核对，本轮公开索引未取得可归属的平台投诉个案。

[12315站内] 北京爱婴宝家政服务有限公司
查询“北京爱婴宝家政服务有限公司”：该名称在此次公示列表未见记录，不代表零投诉或没有历史纠纷；公示期限、名称别称和公开范围会影响结果。

未取得本轮可单列案例；不代表没有投诉。

来源（读取及归属边界见对应记录）：
https://tsgs.12315.cn/#/viewport",0.0,北京育儿业务待核组,不进入政府品牌优先组,0,,
正德社区服务中心,业务仍需确认,综合家政,北京市昌平区正德社区服务中心列2024理事工作单位；公开介绍为社区服务社会组织。,社区产业园聚合家政服务的线索存在，但没有证实由正德自身签约和派出育儿嫂；平台集合不能算独立派单公司。,有2024社区平台活动报道；育儿签约主体未取得。,未取得公开可核验的现行资料。,未取得公开可核验的现行资料。,未取得公开可核验的现行资料。,未取得公开可核验的现行资料。,未取得公开可核验的现行资料。,未取得公开可核验的现行资料。,记录为社区服务平台，暂不纳入直接派单的育儿机构；需确认具体承接育儿合同的入驻公司。,现行育儿服务合同及实际签约主体；免费换人范围、次数、推荐及到岗期限；无法匹配或提前解约的退费算法；可核真实北京育儿订单评价及当前人选档期,"""正德社区服务"" 北京 育儿嫂 公司 → 北京市昌平区正德社区服务中心列2024理事工作单位；公开介绍为社区服务社会组织。 社区产业园聚合家政服务的线索存在，但没有证实由正德自身签约和派出育儿嫂；平台集合不能算独立派单公司。
""正德社区服务"" 更换 退款 合同 → 未取得公开可核验的现行资料。 未取得公开可核验的现行资料。
""正德社区服务"" 评价 投诉 黑猫 消费保 → 已搜索投诉平台、媒体与公开索引，未取得可确认北京育儿工种的完整消费案例；其他业务或历史材料见来源及排除项。","北京家协第六届理事会36名成员名单 https://www.zqjz.com/index/index/wlist?id=113（已读原文）
正德社区服务中心官网 https://web.chinde.com.cn/（搜索索引；打开失败）
昌平社区服务产业园报道 https://peking.bjd.com.cn/content/s670e3cf1e4b0c25b287cc797.html（搜索索引）",,本条目无此次站内核查记录,先核实,北京育儿业务待核组。本轮逐一对照四份正式政府名单，未取得可归属的入选记录；不等于机构差或不存在其他荣誉。不进入政府品牌推选优先组；数值仅供查看已有资料构成。,v2.0,以北京市昌平区正德社区服务中心核查，结果主要为社区服务、养老文章和名录。回查搜索返回的民政局2025年三季度检查公示，未找到该中心名称，不能据标题写成其处罚。 本轮公开索引未取得可归属的投诉或处罚个案。,已按1组名称查询当前公示列表，本轮未见记录；不代表零投诉，公示期限、名称别称和公开范围会影响结果。,"[黑猫投诉公开索引] site:tousu.sina.com.cn ""北京正德社区服务中心""
已实际检索 site:tousu.sina.com.cn ""北京正德社区服务中心""；同批输出候选经主体人工核对，本轮公开索引未取得可归属的平台投诉个案。

[消费保旧域公开索引] site:xfb315.com ""北京正德社区服务中心""
已实际检索 site:xfb315.com ""北京正德社区服务中心""；同批输出候选经主体人工核对，本轮公开索引未取得可归属的平台投诉个案。

[监管/司法/媒体公开索引] ""北京市昌平区正德社区服务中心"" 投诉 退费 12315 消协 处罚 法院 媒体
以北京市昌平区正德社区服务中心核查，结果主要为社区服务、养老文章和名录。回查搜索返回的民政局2025年三季度检查公示，未找到该中心名称，不能据标题写成其处罚。

[消费保新域公开索引] ""北京正德社区服务中心"" 消费保 site:xfb365.com
已实际检索 ""北京正德社区服务中心"" 消费保 site:xfb365.com；同批输出候选经主体人工核对，本轮公开索引未取得可归属的平台投诉个案。

[12315站内] 北京市昌平区正德社区服务中心
查询“北京市昌平区正德社区服务中心”：该名称在此次公示列表未见记录，不代表零投诉或没有历史纠纷；公示期限、名称别称和公开范围会影响结果。

未取得本轮可单列案例；不代表没有投诉。

来源（读取及归属边界见对应记录）：
https://tsgs.12315.cn/#/viewport",0.0,北京育儿业务待核组,不进入政府品牌优先组,0,,
家和贝婴家政,有北京业务线索,母婴服务,中国家协成员为北京家和贝婴健康科技有限公司；58 育婴商户显示“家和贝婴家政”。《生命时报》报道出现同名北京家和贝婴及负责人于娜，属于其他家政业务旁证。未取得把 58 商户直接连到该法人的营业执照/合同，暂按待确认的品牌关系保留。,已在 58 两个实时公开页面读到海淀“家和贝婴家政”广告，明确育婴师/育儿嫂、抚触、营养配餐及不住家标签。因此有北京育儿服务商户证据；适用月龄、全天/住家是否可选及现时档期未公开。,本次普通 HTTP 请求在两个实时 58 页面复现同一育婴广告，其他同主题页面存在广告换版。可见业务线索不等于当日可接单；协会法人当前营业状态和商户映射仍待核。,已查品牌更换、退款、合同和完整法人，未取得本商户明确更换政策。相邻其他商户的“免费调换/一个月内不满意退费”不归入此家；承诺次数、时限和备选人员数量未知。,未取得雇主合同、退款口径或具名已解决案例；试工费、中介费、已服务天数的结算及退费时限均未确认。,已读广告没有可归属的阿姨工资、服务费和雇主总价。58 所示 4.3 是商户评分，不是价格；不能借旁边机构的薪资或收费补齐。,广告仅一般性表示技能服务；未取得证件核验、背景调查、体检项目、育婴实操考核和培训课程。协会成员名称不是这些核验已做的证明。,未取得育婴督导、回访或投诉处理制度。58 页面可见 4.3/5 条评价，但评价原文、订单服务种类、时间和真伪均未取得，也未取得可归属黑猫/消费保案例；不据聚合分数排名。,58 广告联系人为贾老师，服务地区海淀；可从公开商户列表识别名称，但本次未调用电话展示或联系商家。2021 年护理补贴目录是老人护理旧信息，不作当前育儿业务联系方式。,北京育婴商户广告已实际读到，完成与安得同样的合同、换退、投诉检索。它适合保留为信息较少的商户候选；法人映射、书面换退和独立用户订单均待核，保障透明度不足以进入优先排名。,58 商户与北京家和贝婴健康科技有限公司的营业执照映射；育儿适龄范围、住家/白班产品和现有人员；工资/服务费报价和试工规则；换人、退款及督导合同条款；5 条评价的原文、日期和服务类型,"""家和贝婴"" 北京 育儿嫂 公司 → 北京家和贝婴健康科技有限公司列2024协会名单；媒体和58同名业务线索。 58可归属本商户的标题写普通保姆、买菜做饭、洗涤熨烫；相邻育儿嫂条目属于其他商户，不能串读。本轮未取得明确婴幼儿育儿业务。
""家和贝婴"" 更换 退款 合同 → 已补查业务、合同或口碑；未取得可归属的换退合同或独立消费案例，不表示没有争议。
""家和贝婴"" 评价 投诉 黑猫 消费保 → 已搜索投诉平台、媒体与公开索引，未取得可确认北京育儿工种的完整消费案例；其他业务或历史材料见来源及排除项。
""家和贝婴"" 北京 育儿嫂 育婴师 → 已核对搜索返回与本公司名称、北京业务关联；可用证据及排除项详见逐家筛查。
""家和贝婴"" 公司 服务 → 已核对搜索返回与本公司名称、北京业务关联；可用证据及排除项详见逐家筛查。
""家和贝婴"" 育儿嫂 育婴师 → 已核对完整主体或品牌服务线索；仅搜索摘要者在来源阅读状态中单列。
""家和贝婴"" 月嫂 育婴 → 已核对完整主体或品牌服务线索；仅搜索摘要者在来源阅读状态中单列。
""家和贝婴"" 官网 → 已补查业务、合同或口碑；未取得可归属的换退合同或独立消费案例，不表示没有争议。
""家和贝婴"" 投诉 差评 黑猫 → 已补查业务、合同或口碑；未取得可归属的换退合同或独立消费案例，不表示没有争议。
""家和贝婴"" site:tousu.sina.com.cn → 未检到可归属的结果；不等于无投诉或承诺可以退款。
""家和贝婴"" site:xiaofeibao.com → 未检到可归属的结果；不等于无投诉或承诺可以退款。
""北京家和贝婴健康科技有限公司"" 退款 合同 → 未检到可归属的结果；不等于无投诉或承诺可以退款。
""家和贝婴"" ""北京"" ""贾"" → 58 聚合广告再次出现同名育婴服务；普通网页请求已复现海淀商户广告，但法人桥接未取得。","北京家协第六届理事会36名成员名单 https://www.zqjz.com/index/index/wlist?id=113（已读原文）
58家和贝婴普通保姆条目 https://www.58.com/npphy202212048753/（搜索索引）
整理收纳成为朝阳产业｜生命时报 https://www.lifetimes.cn/article/4DInsA0MAK5（原生打开失败；普通 HTTP 请求读到全文）
北京家和贝婴健康科技有限公司｜中国家庭服务业协会 https://www.chsa.com.cn/nd.jsp?fromColId=-1&id=589&_ngc=-1#_np=0_31_38（团队已读取原页面；本批复核保存全文）
58 公开服务目录中的家和贝婴育婴广告 https://www.58.com/npphyhx25729140767/（原生打开超时；普通 HTTP 请求读到本商户完整广告段）
58 另一公开页面中的家和贝婴育婴广告 https://www.58.com/npphyjm202208241705/（普通 HTTP 请求读到本商户广告段）",,未取得可归属家和贝婴北京育儿嫂订单的独立评价；养老知识内容、其他品牌抱怨和笼统推荐不能替代样本。,第二批,主体待核组。本轮逐一对照四份正式政府名单，未取得可归属的入选记录；不等于机构差或不存在其他荣誉。不进入政府品牌推选优先组；数值仅供查看已有资料构成。,v2.0,用家和贝婴品牌及北京家和贝婴健康科技有限公司检索，公开投诉索引稀疏。搜索返回两份怀柔区检查表，回读未找到家和贝婴，未取得可关联该店铺的监管个案；58店铺与法人关系仍应以合同核验。 本轮公开索引未取得可归属的投诉或处罚个案。,已按1组名称查询当前公示列表，本轮未见记录；不代表零投诉，公示期限、名称别称和公开范围会影响结果。,"[黑猫投诉公开索引] site:tousu.sina.com.cn ""家和贝婴""
已实际检索 site:tousu.sina.com.cn ""家和贝婴""；同批输出候选经主体人工核对，本轮公开索引未取得可归属的平台投诉个案。

[消费保旧域公开索引] site:xfb315.com ""家和贝婴""
已实际检索 site:xfb315.com ""家和贝婴""；同批输出候选经主体人工核对，本轮公开索引未取得可归属的平台投诉个案。

[监管/司法/媒体公开索引] ""北京家和贝婴健康科技有限公司"" 投诉 退费 12315 消协 处罚 法院 媒体
用家和贝婴品牌及北京家和贝婴健康科技有限公司检索，公开投诉索引稀疏。搜索返回两份怀柔区检查表，回读未找到家和贝婴，未取得可关联该店铺的监管个案；58店铺与法人关系仍应以合同核验。

[消费保新域公开索引] ""家和贝婴"" 消费保 site:xfb365.com
已实际检索 ""家和贝婴"" 消费保 site:xfb365.com；同批输出候选经主体人工核对，本轮公开索引未取得可归属的平台投诉个案。

[品牌别称/个案后续补查] ""家和贝婴"" 投诉 退款
补查实际执行。用家和贝婴品牌及北京家和贝婴健康科技有限公司检索，公开投诉索引稀疏。搜索返回两份怀柔区检查表，回读未找到家和贝婴，未取得可关联该店铺的监管个案；58店铺与法人关系仍应以合同核验。

[12315站内] 北京家和贝婴健康科技有限公司
查询“北京家和贝婴健康科技有限公司”：该名称在此次公示列表未见记录，不代表零投诉或没有历史纠纷；公示期限、名称别称和公开范围会影响结果。

未取得本轮可单列案例；不代表没有投诉。

来源（读取及归属边界见对应记录）：
https://tsgs.12315.cn/#/viewport",0.0,主体待核组,不进入政府品牌优先组,0,,
父母时间,业务仍需确认,综合家政,北京父母时间教育科技有限公司列2024协会理事工作单位，其他联合活动也有同名线索。,本轮全称、北京育儿业务、换退合同、投诉检索主要命中协会和行业活动，未取得可归属的现售育儿服务、门店或人员供给。,行业参与证明2024历史存在，不足以确认2026面向家庭育儿服务。,未取得公开可核验的现行资料。,未取得公开可核验的现行资料。,未取得公开可核验的现行资料。,未取得公开可核验的现行资料。,未取得公开可核验的现行资料。,未取得公开可核验的现行资料。,完整记录检索范围后留为待核，不能用行业名单填补育儿业务、价格和口碑证据。,现行育儿服务合同及实际签约主体；免费换人范围、次数、推荐及到岗期限；无法匹配或提前解约的退费算法；可核真实北京育儿订单评价及当前人选档期,"""父母时间"" 北京 育儿嫂 公司 → 北京父母时间教育科技有限公司列2024协会理事工作单位，其他联合活动也有同名线索。 本轮全称、北京育儿业务、换退合同、投诉检索主要命中协会和行业活动，未取得可归属的现售育儿服务、门店或人员供给。
""父母时间"" 更换 退款 合同 → 未取得公开可核验的现行资料。 未取得公开可核验的现行资料。
""父母时间"" 评价 投诉 黑猫 消费保 → 已搜索投诉平台、媒体与公开索引，未取得可确认北京育儿工种的完整消费案例；其他业务或历史材料见来源及排除项。","北京家协第六届理事会36名成员名单 https://www.zqjz.com/index/index/wlist?id=113（已读原文）
家政行业联合服务活动 https://www.xhslw.com/m/view.php?aid=4236（搜索索引；打开失败）",,本条目无此次站内核查记录,先核实,北京育儿业务待核组。本轮逐一对照四份正式政府名单，未取得可归属的入选记录；不等于机构差或不存在其他荣誉。不进入政府品牌推选优先组；数值仅供查看已有资料构成。,v2.0,父母时间是易泛化词，已限定北京父母时间教育科技有限公司并补父母时间教育。命中协会和公益活动，其他家长教育讨论、互联网隐私条款不构成这家机构投诉。 本轮公开索引未取得可归属的投诉或处罚个案。,已按1组名称查询当前公示列表，本轮未见记录；不代表零投诉，公示期限、名称别称和公开范围会影响结果。,"[黑猫投诉公开索引] site:tousu.sina.com.cn ""北京父母时间""
已实际检索 site:tousu.sina.com.cn ""北京父母时间""；同批输出候选经主体人工核对，本轮公开索引未取得可归属的平台投诉个案。

[消费保旧域公开索引] site:xfb315.com ""北京父母时间""
已实际检索 site:xfb315.com ""北京父母时间""；同批输出候选经主体人工核对，本轮公开索引未取得可归属的平台投诉个案。

[监管/司法/媒体公开索引] ""北京父母时间教育科技有限公司"" 投诉 退费 处罚 法院
父母时间是易泛化词，已限定北京父母时间教育科技有限公司并补父母时间教育。命中协会和公益活动，其他家长教育讨论、互联网隐私条款不构成这家机构投诉。

[消费保新域公开索引] ""北京父母时间"" 消费保 site:xfb365.com
已实际检索 ""北京父母时间"" 消费保 site:xfb365.com；同批输出候选经主体人工核对，本轮公开索引未取得可归属的平台投诉个案。

[品牌别称/个案后续补查] ""父母时间教育"" 投诉
补查实际执行。父母时间是易泛化词，已限定北京父母时间教育科技有限公司并补父母时间教育。命中协会和公益活动，其他家长教育讨论、互联网隐私条款不构成这家机构投诉。

[12315站内] 北京父母时间教育科技有限公司
查询“北京父母时间教育科技有限公司”：该名称在此次公示列表未见记录，不代表零投诉或没有历史纠纷；公示期限、名称别称和公开范围会影响结果。

未取得本轮可单列案例；不代表没有投诉。

来源（读取及归属边界见对应记录）：
https://tsgs.12315.cn/#/viewport",0.0,北京育儿业务待核组,不进入政府品牌优先组,0,,
文武家政,业务仍需确认,综合家政,北京文武家政服务有限公司列2024协会名单。检索另有河北文武公司，未证明双方关系。,北京公司可见月嫂培训学校及招生招聘线索，尚未取得由该北京法人提供长期育儿嫂的具体订单或现售服务。,协会与培训招聘线索存在，现行育儿派单未证实。,未取得公开可核验的现行资料。,未取得公开可核验的现行资料。,未取得公开可核验的现行资料。,学校目录称月嫂培训，未取得北京育儿培训考核和与雇主签约安排。,未取得公开可核验的现行资料。,未取得公开可核验的现行资料。,暂列培训及派单待核机构；不把河北同名公司的北京岗位直接算为北京文武法人履约。,现行育儿服务合同及实际签约主体；免费换人范围、次数、推荐及到岗期限；无法匹配或提前解约的退费算法；可核真实北京育儿订单评价及当前人选档期,"""文武家政"" 北京 育儿嫂 公司 → 北京文武家政服务有限公司列2024协会名单。检索另有河北文武公司，未证明双方关系。 北京公司可见月嫂培训学校及招生招聘线索，尚未取得由该北京法人提供长期育儿嫂的具体订单或现售服务。
""文武家政"" 更换 退款 合同 → 未取得公开可核验的现行资料。 未取得公开可核验的现行资料。
""文武家政"" 评价 投诉 黑猫 消费保 → 已搜索投诉平台、媒体与公开索引，未取得可确认北京育儿工种的完整消费案例；其他业务或历史材料见来源及排除项。","北京家协第六届理事会36名成员名单 https://www.zqjz.com/index/index/wlist?id=113（已读原文）
北京文武家政月嫂培训学校介绍 https://www.bjfyysgs.com/news-info.php?id=1413（搜索索引）
文武招聘职位 https://www.zhaopin.com/jobdetail/CCL1288239540J40926103915.htm（搜索索引）",,本条目无此次站内核查记录,先核实,北京育儿业务待核组。本轮逐一对照四份正式政府名单，未取得可归属的入选记录；不等于机构差或不存在其他荣誉。不进入政府品牌推选优先组；数值仅供查看已有资料构成。,v2.0,精确核对北京文武家政服务有限公司；命中通州招聘与分类信息，未取得可归属个案。不得把河北等外地同名字号一并认定。 本轮公开索引未取得可归属的投诉或处罚个案。,已按1组名称查询当前公示列表，本轮未见记录；不代表零投诉，公示期限、名称别称和公开范围会影响结果。,"[黑猫投诉公开索引] site:tousu.sina.com.cn ""北京文武家政""
已实际检索 site:tousu.sina.com.cn ""北京文武家政""；同批输出候选经主体人工核对，本轮公开索引未取得可归属的平台投诉个案。

[消费保旧域公开索引] site:xfb315.com ""北京文武家政""
已实际检索 site:xfb315.com ""北京文武家政""；同批输出候选经主体人工核对，本轮公开索引未取得可归属的平台投诉个案。

[监管/司法/媒体公开索引] ""北京文武家政服务有限公司"" 投诉 退费 处罚 法院
精确核对北京文武家政服务有限公司；命中通州招聘与分类信息，未取得可归属个案。不得把河北等外地同名字号一并认定。

[消费保新域公开索引] ""北京文武家政"" 消费保 site:xfb365.com
已实际检索 ""北京文武家政"" 消费保 site:xfb365.com；同批输出候选经主体人工核对，本轮公开索引未取得可归属的平台投诉个案。

[12315站内] 北京文武家政服务有限公司
查询“北京文武家政服务有限公司”：该名称在此次公示列表未见记录，不代表零投诉或没有历史纠纷；公示期限、名称别称和公开范围会影响结果。

未取得本轮可单列案例；不代表没有投诉。

来源（读取及归属边界见对应记录）：
https://tsgs.12315.cn/#/viewport",0.0,北京育儿业务待核组,不进入政府品牌优先组,0,,
六八到家,业务仍需确认,综合家政,北京六八到家家政服务有限公司列2024理事工作单位，智联岗位同名；不是58到家/天鹅/58同城。,岗位索引列儿童饮食起居和学校接送，说明儿童照料线索；小月龄、辅食、夜间喂养等育儿服务范围未取得。,职位索引可见，原文打开超时或仅页面壳；不能确认岗位当前有效和现成人选。,未取得公开可核验的现行资料。,未取得公开可核验的现行资料。,7000–10000为招聘工资，不能当小月龄育儿正式报价。,未取得公开可核验的现行资料。,未取得公开可核验的现行资料。,智联索引朝阳青年汇102-928，未核是否接待门店。,保留儿童照料候选；若用户接受大龄儿童陪护可进一步问询，小月龄育儿证据不足。名字与58不同，单独核主体和合同。,现行育儿服务合同及实际签约主体；免费换人范围、次数、推荐及到岗期限；无法匹配或提前解约的退费算法；可核真实北京育儿订单评价及当前人选档期,"""六八到家"" 北京 育儿嫂 公司 → 北京六八到家家政服务有限公司列2024理事工作单位，智联岗位同名；不是58到家/天鹅/58同城。 岗位索引列儿童饮食起居和学校接送，说明儿童照料线索；小月龄、辅食、夜间喂养等育儿服务范围未取得。
""六八到家"" 更换 退款 合同 → 未取得公开可核验的现行资料。 未取得公开可核验的现行资料。
""六八到家"" 评价 投诉 黑猫 消费保 → 已搜索投诉平台、媒体与公开索引，未取得可确认北京育儿工种的完整消费案例；其他业务或历史材料见来源及排除项。","北京家协第六届理事会36名成员名单 https://www.zqjz.com/index/index/wlist?id=113（已读原文）
北京六八到家保姆儿童照料招聘 https://www.zhaopin.com/jobdetail/CCL1364788190J40713418504.htm（搜索索引；打开失败）",,本条目无此次站内核查记录,先核实,北京育儿业务待核组。对应2025年正式联合推选的劳务输入基地名单；非服务质量等级评选，列名公司为北京六八到家家政服务有限公司。劳务输入基地反映人员对接功能，不等于育儿服务质量认证。不进入政府品牌推选优先组；数值仅供查看已有资料构成。,v2.0,六八到家命中招聘、课程和政府就业信息；未取得可归属个案。六八到家与58到家是不同检索对象，不能挪用58相关投诉。 本轮公开索引未取得可归属的投诉或处罚个案。,已回读详情中最新公示（2026-08-05）：北京六八到家家政服务有限公司，服务类别为家政中介服务，处理结果为“达成调解协议”。公示未披露协议细节及退款到账证据，不能据此推断北京育儿嫂整体服务质量。,"[黑猫投诉公开索引] site:tousu.sina.com.cn ""六八到家""
已实际检索 site:tousu.sina.com.cn ""六八到家""；同批输出候选经主体人工核对，本轮公开索引未取得可归属的平台投诉个案。

[消费保旧域公开索引] site:xfb315.com ""六八到家""
已实际检索 site:xfb315.com ""六八到家""；同批输出候选经主体人工核对，本轮公开索引未取得可归属的平台投诉个案。

[监管/司法/媒体公开索引] ""北京六八到家家政服务有限公司"" 投诉 退费 处罚 法院
六八到家命中招聘、课程和政府就业信息；未取得可归属个案。六八到家与58到家是不同检索对象，不能挪用58相关投诉。

[消费保新域公开索引] ""六八到家"" 消费保 site:xfb365.com
已实际检索 ""六八到家"" 消费保 site:xfb365.com；同批输出候选经主体人工核对，本轮公开索引未取得可归属的平台投诉个案。

[12315站内] 北京六八到家家政服务有限公司
查询“北京六八到家家政服务有限公司”此次页面显示2条关键词匹配公示。可见家政中介定金和售后争议；六八到家与58到家不是同一名称或已证实的同一主体。以上数量是所列查询关键词此次匹配的公示记录数，可能含分支、近名和不同服务工种；不同查询之间可能重叠，不合计为机构投诉总数，不是投诉率或质量排名。公示期限为一年，不涵盖全部历史、未公开投诉或所有分支。投诉内容为当事人填写，调解结果不是违法认定；达成调解不等于退款已到账。

案例：北京六八到家家政服务有限公司消费投诉处理公示
日期：2026-05-30
工种：家政中介服务
记录：消费者反映2026-05-30购买的家政中介服务涉及定金及退赔争议。官方公示列出的处理结果为“达成调解协议”。
回应：公示没有展示企业具体答复。
处理结果：达成调解协议
处理部门：北京朝阳区市场监督管理局
限制：投诉基本信息与问题由当事人填报，不是违法认定。公示未披露协议具体内容、退款金额或到账证据；未确认该单为育儿嫂。公示期限为一年，本次只回读选取的具名详情。
读取状态：已打开12315官方详情，核对主体、服务及处理结果
来源：https://tsgs.12315.cn/#/viewport

来源（读取及归属边界见对应记录）：
https://tsgs.12315.cn/#/viewport",10.0,北京育儿业务待核组,不进入政府品牌优先组,10,北京六八到家家政服务有限公司,https://rsj.beijing.gov.cn/xxgk/tzgg/202511/t20251103_4251298.html
诚友情,业务仍需确认,综合家政,北京诚友情家政服务有限公司列2024协会及2024北京市员工制家政企业名单。,可确认北京一般家政业务及历史外派；当前育儿服务仅旧目录线索，未取得具体婴幼儿岗位或現行服务原文。,2024名单及旧案可证明历史主体业务；2026育儿可订状态待核。,2021普通家政纠纷显示曾安排替换，未取得现行育儿免费次数和替补期限。,历史普通家政合同案法院判退600元中介费；这是个案判决，不是2026退款政策，也未证明已履行。,该旧案中介费1000、工资5000；不得用作当前育儿费用。,未取得公开可核验的现行资料。,法院认定当时合同未明确家政面积、具体内容和标准，公司服务存在部分违约；育儿现行管理未核。,未取得公开可核验的现行资料。,需要保留并展示已查出的历史家政诉讼，不能据员工制名单判定售后可靠。暂未确认当前育儿业务，个案也不是北京育儿雇主口碑。,现行育儿服务合同及实际签约主体；免费换人范围、次数、推荐及到岗期限；无法匹配或提前解约的退费算法；可核真实北京育儿订单评价及当前人选档期,"""诚友情"" 北京 育儿嫂 公司 → 北京诚友情家政服务有限公司列2024协会及2024北京市员工制家政企业名单。 可确认北京一般家政业务及历史外派；当前育儿服务仅旧目录线索，未取得具体婴幼儿岗位或現行服务原文。
""诚友情"" 更换 退款 合同 → 2021普通家政纠纷显示曾安排替换，未取得现行育儿免费次数和替补期限。 历史普通家政合同案法院判退600元中介费；这是个案判决，不是2026退款政策，也未证明已履行。
""诚友情"" 评价 投诉 黑猫 消费保 → 已搜索投诉平台、媒体与公开索引，未取得可确认北京育儿工种的完整消费案例；其他业务或历史材料见来源及排除项。","北京家协第六届理事会36名成员名单 https://www.zqjz.com/index/index/wlist?id=113（已读原文）
2024北京市员工制家政企业名单 https://rsj.beijing.gov.cn/xxgk/tzgg/202401/t20240129_3548057.html（已读原文）
诚友情普通家政合同纠纷判决转载 https://zh.wikisource.org/zh-hans/北京市海淀区人民法院（2022）京0108民初6589号民事判决书（已读原文）",,本条目无此次站内核查记录,先核实,北京育儿业务待核组。对应2024年正式年度员工制企业入选公告，列名公司为北京诚友情家政服务有限公司。该年度员工制认定已过一年有效期，只记历史入选。不进入政府品牌推选优先组；数值仅供查看已有资料构成。,v2.0,复核已知2023年中介合同判决，并补全公司答辩与部分退款结果。公司未细化服务面积等被判退中介费600元；涉案服务发生在三亚，属于普通家政，非北京育儿嫂。,已按1组名称查询当前公示列表，本轮未见记录；不代表零投诉，公示期限、名称别称和公开范围会影响结果。,"[黑猫投诉公开索引] site:tousu.sina.com.cn ""诚友情""
已实际检索 site:tousu.sina.com.cn ""诚友情""；同批输出候选经主体人工核对，本轮公开索引未取得可归属的平台投诉个案。

[消费保旧域公开索引] site:xfb315.com ""诚友情""
已实际检索 site:xfb315.com ""诚友情""；同批输出候选经主体人工核对，本轮公开索引未取得可归属的平台投诉个案。

[监管/司法/媒体公开索引] ""北京诚友情家政服务有限公司"" 投诉 退费 处罚 法院
复核已知2023年中介合同判决，并补全公司答辩与部分退款结果。公司未细化服务面积等被判退中介费600元；涉案服务发生在三亚，属于普通家政，非北京育儿嫂。

[消费保新域公开索引] ""诚友情"" 消费保 site:xfb365.com
已实际检索 ""诚友情"" 消费保 site:xfb365.com；同批输出候选经主体人工核对，本轮公开索引未取得可归属的平台投诉个案。

[12315站内] 北京诚友情家政服务有限公司
查询“北京诚友情家政服务有限公司”：该名称在此次公示列表未见记录，不代表零投诉或没有历史纠纷；公示期限、名称别称和公开范围会影响结果。

案例：主皓与北京诚友情家政服务有限公司等中介合同纠纷，（2022）京0108民初6589号
日期：2023-03-28判决；2021年订单
工种：普通家政/保姆
记录：雇主要求返工资、机票、家具损失和1000元中介费。法院认为公司促成合同时未细化服务面积和内容、未完全履行义务，判退600元中介费；家具损坏等未获证明。
回应：公司辩称已完成介绍且一直协调，不同意退中介费和连带赔偿；称服务人员有保险，但否认本案存在已证实的财物损害。
处理结果：判公司退600元中介费，服务人员退671元回程机票，驳回其他请求；未取得执行到账。
限制：第三方转载未登录裁判网复验；异地普通家政不能当北京育儿嫂案。
读取状态：已用原生web回读正文、当事人意见及处理结果
来源：https://zh.wikisource.org/wiki/北京市海淀区人民法院（2022）京0108民初6589号民事判决书

来源（读取及归属边界见对应记录）：
https://zh.wikisource.org/wiki/北京市海淀区人民法院（2022）京0108民初6589号民事判决书
https://tsgs.12315.cn/#/viewport",15.0,北京育儿业务待核组,不进入政府品牌优先组,15,北京诚友情家政服务有限公司,https://sw.beijing.gov.cn/phone/zwxx/tzgg/202401/t20240131_3550205.html
云朵家政,有北京业务线索,综合家政,北京云朵家政服务有限公司列2024协会工作单位；58广告同名，未取得政府登记原始记录。与2026成立的云朵序公司不合并。,58当前公开原文有其独立“育婴师月嫂金牌服务提供住家保姆服务”条目，标全北京可服务，联系人房老师。广告明确育婴，但具体育儿能力和候选人需核。,当前58原文存在广告；只证明市场宣传，不等同实时可到岗。,紧接该条目的“免费换人”属于另一商家，不能算云朵承诺；本家明确更换政策未取得。,未取得公开可核验的现行资料。,该条目需咨询，无可核工资、服务费。,未取得公开可核验的现行资料。,未取得公开可核验的现行资料。,58联系人房老师，手机号隐藏。第三方公司地址线索朝阳博大路3号院9号10层1004，未核现门店。,新增为北京平台育婴商家候选，但证据以广告为主，换退合同和育儿独立口碑未取得。,现行育儿服务合同及实际签约主体；免费换人范围、次数、推荐及到岗期限；无法匹配或提前解约的退费算法；可核真实北京育儿订单评价及当前人选档期,"""云朵家政"" 北京 育儿嫂 公司 → 北京云朵家政服务有限公司列2024协会工作单位；58广告同名，未取得政府登记原始记录。与2026成立的云朵序公司不合并。 58当前公开原文有其独立“育婴师月嫂金牌服务提供住家保姆服务”条目，标全北京可服务，联系人房老师。广告明确育婴，但具体育儿能力和候选人需核。
""云朵家政"" 更换 退款 合同 → 紧接该条目的“免费换人”属于另一商家，不能算云朵承诺；本家明确更换政策未取得。 未取得公开可核验的现行资料。
""云朵家政"" 评价 投诉 黑猫 消费保 → 已搜索投诉平台、媒体与公开索引，未取得可确认北京育儿工种的完整消费案例；其他业务或历史材料见来源及排除项。","北京家协第六届理事会36名成员名单 https://www.zqjz.com/index/index/wlist?id=113（已读原文）
58北京云朵育婴师月嫂条目 https://www.58.com/npphy2022120411876/（已读公开HTML原文）
北京云朵公司目录 https://www.qiyeku.cn/tag/company9b1e28-9.html（搜索索引）",,本条目无此次站内核查记录,第二批,未匹配入选名单的补充组。本轮逐一对照四份正式政府名单，未取得可归属的入选记录；不等于机构差或不存在其他荣誉。,v2.0,核对北京云朵家政服务有限公司，结果以工商及招聘为主；未取得可归属个案。其他云朵文化、云朵序等近名不能归入。 本轮公开索引未取得可归属的投诉或处罚个案。,已回读详情中最新公示（2026-09-04）：北京云朵家政服务有限公司，服务类别为其他家政服务，处理结果为“达成调解协议”。公示未披露协议细节及退款到账证据，不能据此推断北京育儿嫂整体服务质量。,"[黑猫投诉公开索引] site:tousu.sina.com.cn ""北京云朵家政""
已实际检索 site:tousu.sina.com.cn ""北京云朵家政""；同批输出候选经主体人工核对，本轮公开索引未取得可归属的平台投诉个案。

[消费保旧域公开索引] site:xfb315.com ""北京云朵家政""
已实际检索 site:xfb315.com ""北京云朵家政""；同批输出候选经主体人工核对，本轮公开索引未取得可归属的平台投诉个案。

[监管/司法/媒体公开索引] ""北京云朵家政服务有限公司"" 投诉 退费 处罚 法院
核对北京云朵家政服务有限公司，结果以工商及招聘为主；未取得可归属个案。其他云朵文化、云朵序等近名不能归入。

[消费保新域公开索引] ""北京云朵家政"" 消费保 site:xfb365.com
已实际检索 ""北京云朵家政"" 消费保 site:xfb365.com；同批输出候选经主体人工核对，本轮公开索引未取得可归属的平台投诉个案。

[12315站内] 北京云朵家政服务有限公司
查询“北京云朵家政服务有限公司”此次页面显示30条关键词匹配公示。首屏含技能培训、其他家政及家政中介售后宣传争议，没有足够信息把记录逐一判作育儿嫂。以上数量是所列查询关键词此次匹配的公示记录数，可能含分支、近名和不同服务工种；不同查询之间可能重叠，不合计为机构投诉总数，不是投诉率或质量排名。公示期限为一年，不涵盖全部历史、未公开投诉或所有分支。投诉内容为当事人填写，调解结果不是违法认定；达成调解不等于退款已到账。

案例：北京云朵家政服务有限公司消费投诉处理公示
日期：2026-07-30
工种：其他家政服务
记录：消费者反映2026-07-30购买的其他家政服务涉及售后与退赔争议。官方公示列出的处理结果为“达成调解协议”。
回应：公示没有展示企业具体答复。
处理结果：达成调解协议
处理部门：北京朝阳区市场监督管理局
限制：投诉基本信息与问题由当事人填报，不是违法认定。公示未披露协议具体内容、退款金额或到账证据；未确认该单为育儿嫂。公示期限为一年，本次只回读选取的具名详情。
读取状态：已打开12315官方详情，核对主体、服务及处理结果
来源：https://tsgs.12315.cn/#/viewport

来源（读取及归属边界见对应记录）：
https://tsgs.12315.cn/#/viewport",0.0,未匹配入选名单的补充组,不进入政府品牌优先组,0,,
俏管家（北京）,有北京业务线索,综合家政,俏管家（北京）家政服务有限公司见2025政府招聘；智联有同名分公司。企查查索引称总公司2014-04-23成立、10万元，未政府登记原站核验。,2025-07-21安康人社北京方向岗位表明确育婴员30人，有育儿经验；另招家庭教育指导师。智联分公司原文有多个北京育儿嫂岗位。,2025政府岗位及当前智联北京育儿职位可读；具体空档与当前人选未核。,未取得当前免费换人次数、工资差价及到岗时限。,未取得北京育儿现行退费合同或可核独立退款案例。南宁同名赴港护理新闻已排除。,政府育婴员招聘薪酬8000–15000元/月，指导师9000–12000，均非家庭正式报价，服务费未披露。,政府岗位要求有育儿经验；旧商家宣传免费培训、合格上岗，但实际育儿考核、体检与背调未取得。,智联有客户回访岗位，无法据此确认育儿回访频率或临时补位承诺。,政府公告13260182136（万老师），顺义后沙峪香沁园小区1号楼1层107室；智联分公司为通州万达广场1-101，需确认签约门店。,新增北京育儿机构候选。政府与商家岗位交叉支持业务，换人合同和雇主口碑仍缺；南宁、天津、台湾同名公司新闻与北京法人分开。,现行育儿服务合同及实际签约主体；免费换人范围、次数、推荐及到岗期限；无法匹配或提前解约的退费算法；可核真实北京育儿订单评价及当前人选档期,"""俏管家（北京）家政服务有限公司"" 育婴 北京 → 俏管家（北京）家政服务有限公司见2025政府招聘；智联有同名分公司。企查查索引称总公司2014-04-23成立、10万元，未政府登记原站核验。 2025-07-21安康人社北京方向岗位表明确育婴员30人，有育儿经验；另招家庭教育指导师。智联分公司原文有多个北京育儿嫂岗位。
""俏管家"" 更换 退款 合同 → 未取得当前免费换人次数、工资差价及到岗时限。 未取得北京育儿现行退费合同或可核独立退款案例。南宁同名赴港护理新闻已排除。
""俏管家"" 北京 评价 投诉 黑猫 消费保 → 已搜索投诉平台、媒体与公开索引，未取得可确认北京育儿工种的完整消费案例；其他业务或历史材料见来源及排除项。","安康2025年第八批北京方向就业岗位 https://rsj.ankang.gov.cn/Content-2838763.html（已读公开HTML原文）
俏管家北京分公司招聘主页 https://m.zhaopin.com/company/CZL1277792890.htm（已读原文）
北京家政企业索引：俏管家 https://top.qcc.com/tc/8b6e31b9d8bf.html（搜索索引）
报名先缴2.5万元 护工来港无期 https://www.tkww.hk/a/202303/30/AP6424cfd3e4b0195a79e9388d.html（已读原文）",,本条目无此次站内核查记录,第二批,主体待核组。本轮逐一对照四份正式政府名单，未取得可归属的入选记录；不等于机构差或不存在其他荣誉。不进入政府品牌推选优先组；数值仅供查看已有资料构成。,v2.0,以俏管家（北京）家政服务有限公司核查；命中招聘、企业资料、合作商名录和推广榜单。商业推荐文没有可核客户订单，未作为独立好评。 本轮公开索引未取得可归属的投诉或处罚个案。,已回读详情中最新公示（2026-07-23）：俏管家（北京）家政服务有限公司，服务类别为家政中介服务，处理结果为“双方自行和解或者投诉人撤回投诉”。公示未披露协议细节及退款到账证据，不能据此推断北京育儿嫂整体服务质量。,"[黑猫投诉公开索引] site:tousu.sina.com.cn ""北京俏管家""
已实际检索 site:tousu.sina.com.cn ""北京俏管家""；同批输出候选经主体人工核对，本轮公开索引未取得可归属的平台投诉个案。

[消费保旧域公开索引] site:xfb315.com ""北京俏管家""
已实际检索 site:xfb315.com ""北京俏管家""；同批输出候选经主体人工核对，本轮公开索引未取得可归属的平台投诉个案。

[监管/司法/媒体公开索引] ""俏管家（北京）家政服务有限公司"" 投诉 退费 处罚 法院
以俏管家（北京）家政服务有限公司核查；命中招聘、企业资料、合作商名录和推广榜单。商业推荐文没有可核客户订单，未作为独立好评。

[消费保新域公开索引] ""北京俏管家"" 消费保 site:xfb365.com
已实际检索 ""北京俏管家"" 消费保 site:xfb365.com；同批输出候选经主体人工核对，本轮公开索引未取得可归属的平台投诉个案。

[12315站内] 俏管家（北京）家政服务有限公司
查询“俏管家（北京）家政服务有限公司”此次页面显示2条关键词匹配公示。可见家政中介与技能培训两类公示，商户名虽含保姆月嫂育儿嫂，仍不能由商户名确定该单工种。以上数量是所列查询关键词此次匹配的公示记录数，可能含分支、近名和不同服务工种；不同查询之间可能重叠，不合计为机构投诉总数，不是投诉率或质量排名。公示期限为一年，不涵盖全部历史、未公开投诉或所有分支。投诉内容为当事人填写，调解结果不是违法认定；达成调解不等于退款已到账。

案例：俏管家（北京）家政服务有限公司消费投诉处理公示
日期：2026-07-08
工种：家政中介服务
记录：消费者反映2026-07-08购买的家政中介服务涉及其他合同与退赔争议。官方公示列出的处理结果为“双方自行和解或者投诉人撤回投诉”。
回应：公示没有展示企业具体答复。
处理结果：双方自行和解或者投诉人撤回投诉
处理部门：北京顺义区市场监督管理局
限制：投诉基本信息与问题由当事人填报，不是违法认定。公示未披露协议具体内容、退款金额或到账证据；未确认该单为育儿嫂。公示期限为一年，本次只回读选取的具名详情。
读取状态：已打开12315官方详情，核对主体、服务及处理结果
来源：https://tsgs.12315.cn/#/viewport

来源（读取及归属边界见对应记录）：
https://tsgs.12315.cn/#/viewport",2.0,主体待核组,不进入政府品牌优先组,0,,
安得家政,有北京业务线索,综合家政,协会介绍与智联招聘均指向北京安得家政有限公司，成立日期为 2023-05-17。协会 2026-02 介绍列孙亚成，智联现有工商栏列孙学博，法代存在来源/时点差异；最新营业执照及合同盖章主体未取得。,已读精确主体的北京朝阳育儿嫂招聘正文：婴幼儿喂养、哄睡、换尿布、洗澡、辅食、适龄启蒙和成长记录。属于可归属公司的北京婴幼儿照护业务线索；现有阿姨档期和与雇主签约产品仍需实核。,本次可读取该公司招聘正文及 2026 年协会条目，说明存在公开经营线索；招聘刷新不证明当日有适配阿姨，未完成电话或线下营业核验。,已按品牌和完整法人补查更换、合同、服务费，未取得公开换人条款。免费次数、响应时限、候选不合格如何处理、空档是否收费均未证实。,已查品牌/法人退款及投诉平台索引，未取得完整雇主合同；单方退款争议见口碑部分。服务费计法、试工不满意退费、连续换人失败后的退费时限均未知。,招聘搜索索引显示阿姨岗位 9000—15000 元/月；实时未登录页面把薪资隐藏为 **。这是招聘薪资线索，非雇主成交价或含中介费的总报价；休息天数、节假日、食宿和管理费未取得。,招聘正文要求育婴相关证、至少 1 年照护经验、健康证明和无不良记录，列辅食、早教及应急知识。仅证明公司公布的招聘要求；是否逐项核验、核验渠道和实际岗前考核记录未取得。,招聘公司介绍自称高级家政顾问定制方案、服务反馈跟进；未见督导上门频率、投诉处理 时限约定 或跟进样例。未独立核验消费订单；补充的具名单方经历见口碑部分。,招聘索引工作点为朝阳望京悠乐汇 D 座 365A，原文实时页详细地址打码。可由该公司智联页核验主体，未取得可靠的公开消费者业务热线；未联系公司。,小红书站内已读具名材料：作者称2025-11-12与安欣生活签3个月用人合同，试工前收阿姨工资30%定金、之后补齐，三个月服务费3500元；原阿姨1月11日因家中有事申请下户后，作者约8000元的替换需求得到的候选多为1万元以上。作者转找别家后要求退剩余1个月服务费被拒，称合同有不满意阿姨不予退款条款，改配家政阿姨又被要求支付费用。正文称安欣已被北京安得收购，首图写两者关联。 可见内容未核验订单；退费结果和案例边界见逐条记录。,最新营业执照和合同盖章主体，核对法代差异；服务费及合同期限、试工结算；换人时限、免费次数、空档及换人失败退款；现有可面试阿姨、核验记录、客户回访样例,"""安得家政"" 北京 育儿嫂 育婴师 → 已核对搜索返回与本公司名称、北京业务关联；可用证据及排除项详见逐家筛查。
""安得家政"" 公司 服务 → 已核对搜索返回与本公司名称、北京业务关联；可用证据及排除项详见逐家筛查。
""安得家政"" 更换 退款 合同 服务费 → 已核对完整主体或品牌服务线索；仅搜索摘要者在来源阅读状态中单列。
""安得家政"" 投诉 口碑 黑猫 小红书 → 已核对完整主体或品牌服务线索；仅搜索摘要者在来源阅读状态中单列。
""北京安得家政"" 育儿嫂 官网 → 已核对完整主体或品牌服务线索；仅搜索摘要者在来源阅读状态中单列。
""北京安得家政有限公司"" 退款 → 已补查业务、合同或口碑；未取得可归属的换退合同或独立消费案例，不表示没有争议。
""北京安得家政有限公司"" 投诉 → 已补查业务、合同或口碑；未取得可归属的换退合同或独立消费案例，不表示没有争议。
""安得家政"" site:tousu.sina.com.cn → 未检到可归属的结果；不等于无投诉或承诺可以退款。
""安得家政"" site:xiaofeibao.com → 未检到可归属的结果；不等于无投诉或承诺可以退款。","北京安得家政有限公司｜中国家庭服务业协会 https://www.chsa.com.cn/nd.jsp?fromColId=-1&id=835&_ngc=-1#_np=0_31_38（团队已读取原页面；本批复核保存全文）
育儿嫂招聘｜北京安得家政有限公司 https://www.zhaopin.com/jobdetail/CCL1505764020J41007433204.htm（搜索索引已读；原生打开超时后普通 HTTP 请求读到招聘正文）",作者称2025-11-12与安欣生活签3个月用人合同，试工前收阿姨工资30%定金、之后补齐，三个月服务费3500元；原阿姨1月11日因家中有事申请下户后，作者约8000元的替换需求得到的候选多为1万元以上。作者转找别家后要求退剩余1个月服务费被拒，称合同有不满意阿姨不予退款条款，改配家政阿姨又被要求支付费用。正文称安欣已被北京安得收购，首图写两者关联。 https://www.xiaohongshu.com/explore/696cd537000000000b00826f；处理结果：未取得退款或成功替换结局；可见评论无作者后续。；边界：单方帖子。未逐张核实配图中的合同/聊天记录，未核收购关系及中介回应。正文称阿姨干了三个月与签约11月12日、1月11日下户存在时间不一致，保留为作者叙述；帖子仅显示01-18不补年份。另称被新中介损失2000元属于另一机构，不归安得。 7条可见评论没有原作者的解决更新。；其中办理证书不分配工作的评论属于从业者培训纠纷，不作为本雇主订单的证据。；其他机构和个人的指责不合并入该案。,取得1条明确关联安得/安欣生活的北京育儿雇主负面经历，核心是替换候选超预算、剩余服务费退款争议。机构收购关系、实际合同和结局仍需核实，不能把单方描述当作已裁决事实。,第二批,主体待核组。本轮逐一对照四份正式政府名单，未取得可归属的入选记录；不等于机构差或不存在其他荣誉。不进入政府品牌推选优先组；数值仅供查看已有资料构成。,v2.0,以北京安得家政有限公司核查；结果为协会介绍、58企业认证及招聘。未取得可归属公开投诉个案；既有小红书经验由原档案保留，本轮检索未命中不冲销旧证据。 本轮公开索引未取得可归属的投诉或处罚个案。,已按1组名称查询当前公示列表，本轮未见记录；不代表零投诉，公示期限、名称别称和公开范围会影响结果。,"[黑猫投诉公开索引] site:tousu.sina.com.cn ""北京安得家政""
已实际检索 site:tousu.sina.com.cn ""北京安得家政""；同批输出候选经主体人工核对，本轮公开索引未取得可归属的平台投诉个案。

[消费保旧域公开索引] site:xfb315.com ""北京安得家政""
已实际检索 site:xfb315.com ""北京安得家政""；同批输出候选经主体人工核对，本轮公开索引未取得可归属的平台投诉个案。

[监管/司法/媒体公开索引] ""北京安得家政有限公司"" 投诉 退费 处罚 法院
以北京安得家政有限公司核查；结果为协会介绍、58企业认证及招聘。未取得可归属公开投诉个案；既有小红书经验由原档案保留，本轮检索未命中不冲销旧证据。

[消费保新域公开索引] ""北京安得家政"" 消费保 site:xfb365.com
已实际检索 ""北京安得家政"" 消费保 site:xfb365.com；同批输出候选经主体人工核对，本轮公开索引未取得可归属的平台投诉个案。

[12315站内] 北京安得家政有限公司
查询“北京安得家政有限公司”：该名称在此次公示列表未见记录，不代表零投诉或没有历史纠纷；公示期限、名称别称和公开范围会影响结果。

未取得本轮可单列案例；不代表没有投诉。

来源（读取及归属边界见对应记录）：
https://tsgs.12315.cn/#/viewport",2.0,主体待核组,不进入政府品牌优先组,0,,
友好和平,有北京业务线索,综合家政,政府名录及招聘全称为北京友好和平护理服务有限公司，品牌“和平家政”。政府海报称品牌1997年成立，官网索引称公司2000年成立，品牌与法人年限需分开，不擅自统一。,东城区人社2025-01-13原文在本公司段明确育儿嫂20人，要求专业技能培训；官网索引也明确为北京市民提供育儿。已区别该文前一家公司300人育儿招聘。,2025育儿招聘和11月政府海报可核；2026实时派单需确认。官网HTTPS访问出现证书过期，本轮未绕过证书验证。,未取得当前免费换人次数和替补到岗期限。,未取得当前育儿服务退费公式或已确认退款经历。,政府2025招聘工资7000–12000元/月，是育儿嫂薪资区间，不含中介/服务费，也不是2026正式报价；官网1680元是育婴培训学费。,政府收录海报自述健康资质、背景核查、理论考核、实操和心理评估五方面准入；新手岗前2–4周培训及回炉培训。未取得实际候选人考核记录。,海报称标准化操作和持续培训，未披露育儿督导频率、应急响应时间或替班名单。,海报及政府招聘均列13141119220（付老师），东城和平里中街3号院3号楼3-8号二层01室。官网另有旧电话，本轮优先政府近年一致信息，未拨打。,可以纳入北京育儿机构。政府具体招聘交叉支持育儿业务和联系电话；培训自述较完整，但用户核心的换退期限与真实订单售后仍待合同核验。,当前北京育儿签约、派单及收款主体；婴幼儿年龄段适配、实际人选与到岗档期；免费换人次数、差价、推荐/到岗期限；无法匹配或提前终止的退费公式；完整真实育儿订单评价与投诉处理证据,"""北京友好和平护理服务有限公司"" 育儿嫂 育婴 服务 → 政府名录及招聘全称为北京友好和平护理服务有限公司，品牌“和平家政”。政府海报称品牌1997年成立，官网索引称公司2000年成立，品牌与法人年限需分开，不擅自统一。
北京 ""友好和平"" 育儿嫂 育婴师 服务 公司 → 东城区人社2025-01-13原文在本公司段明确育儿嫂20人，要求专业技能培训；官网索引也明确为北京市民提供育儿。已区别该文前一家公司300人育儿招聘。
""友好和平"" 家政 更换 退费 合同 → 未取得当前免费换人次数和替补到岗期限。 未取得当前育儿服务退费公式或已确认退款经历。
""友好和平"" 家政 投诉 评价 口碑 → 已核相关报道和搜索结果；没有可验证北京育儿订单的完整独立投诉结局。个案、非育儿、历史与异地主体详见各字段。","北京友好和平护理服务有限公司：北京市家政劳务品牌名录详情 https://rsj.beijing.gov.cn/bm/ztzl/ssjzlwpp/202511/t20251103_4251041.html（已读详情文字及原始介绍海报）
北京友好和平护理服务有限公司介绍海报 https://rsj.beijing.gov.cn/bm/ztzl/ssjzlwpp/202511/W020251103349990758282.jpg（已读海报原图）
东城2025元旦家政行业专场招聘 https://www.bjdch.gov.cn/zwgk/zdlygk/wgjyzdly/jycy/202501/t20250113_3987794.html（已读原文）
和平家政公司简介 https://hp-jia.com/aboutus?cid=2（索引正文；打开失败）",,本条目无此次站内核查记录,第二批,政府品牌推选优先组。对应2025年正式政府联合推选并发布的劳务品牌企业名录，列名公司为北京友好和平护理服务有限公司。名单没有官方名次；仍须核对本单合同、育儿人选与换人条款。,v2.0,核对北京友好和平护理服务有限公司并补和平家政。结果以名录、保供、招聘和2006春节用工报道为主；和平精英游戏退款误标到家政分类，明确排除。 本轮公开索引未取得可归属的投诉或处罚个案。,已按1组名称查询当前公示列表，本轮未见记录；不代表零投诉，公示期限、名称别称和公开范围会影响结果。,"[黑猫投诉公开索引] site:tousu.sina.com.cn ""友好和平""
已实际检索 site:tousu.sina.com.cn ""友好和平""；同批输出候选经主体人工核对，本轮公开索引未取得可归属的平台投诉个案。

[消费保旧域公开索引] site:xfb315.com ""友好和平""
已实际检索 site:xfb315.com ""友好和平""；同批输出候选经主体人工核对，本轮公开索引未取得可归属的平台投诉个案。

[监管/司法/媒体公开索引] ""北京友好和平护理服务有限公司"" 投诉 退费 处罚 法院
核对北京友好和平护理服务有限公司并补和平家政。结果以名录、保供、招聘和2006春节用工报道为主；和平精英游戏退款误标到家政分类，明确排除。

[消费保新域公开索引] ""友好和平"" 消费保 site:xfb365.com
已实际检索 ""友好和平"" 消费保 site:xfb365.com；同批输出候选经主体人工核对，本轮公开索引未取得可归属的平台投诉个案。

[品牌别称/个案后续补查] ""和平家政"" 北京 投诉 退费
补查实际执行。核对北京友好和平护理服务有限公司并补和平家政。结果以名录、保供、招聘和2006春节用工报道为主；和平精英游戏退款误标到家政分类，明确排除。

[12315站内] 北京友好和平护理服务有限公司
查询“北京友好和平护理服务有限公司”：该名称在此次公示列表未见记录，不代表零投诉或没有历史纠纷；公示期限、名称别称和公开范围会影响结果。

未取得本轮可单列案例；不代表没有投诉。

来源（读取及归属边界见对应记录）：
https://tsgs.12315.cn/#/viewport",61.0,政府品牌推选优先组,14,60,北京友好和平护理服务有限公司,https://rsj.beijing.gov.cn/bm/ztzl/ssjzlwpp/202511/t20251103_4251041.html
老兵爱民,业务仍需确认,综合家政,政府海报为北京老兵爱民家政服务有限公司，称2009年创办、北京8家直营店；2024政府员工制名单另可确认。店数及人员数量是海报时点介绍。,政府海报和2025丰台官方报道突出居家养老、助残和一般家政。2026北京晚报有接送小孩及老人替班报道，但本轮未取得小月龄育儿嫂具体服务/岗位；婴儿模型培训照片不作育儿派单证明。,2026-01-19北京晚报采访该公司负责人可确认近期一般家政经营活动；育儿品类仍需单独确认。,2026北京晚报记载老人照护在春节期间安排自有人员及被雇主放假的住家保姆替班，属于养老/普通家政；育儿免费换人及到岗承诺未取得。,未取得北京育儿合同退费规则或可归属育儿的退款个案。,媒体中春节加班计薪适用于养老替班语境；没有可核2026育儿工资和服务费。,政府介绍称岗前与回炉培训、背景核查、健康备案；未取得育儿专项课程、实操评价与实际候选人资料。,海报自述招募、培训、上岗、售后管理和投诉机制；98%投诉及时率无样本口径，不能用作独立口碑评分。,政府海报010-68697092（王老师），丰台青塔西路7号3层，未拨打核现育儿业务。,保留已深入核查的北京一般家政/养老机构，但暂不计为已确认小月龄育儿服务。现有替班证据是老人照护，不能直接承诺给育儿家庭。,当前北京育儿签约、派单及收款主体；婴幼儿年龄段适配、实际人选与到岗档期；免费换人次数、差价、推荐/到岗期限；无法匹配或提前终止的退费公式；完整真实育儿订单评价与投诉处理证据,"""北京老兵爱民家政服务有限公司"" 育儿嫂 育婴 服务 → 政府海报为北京老兵爱民家政服务有限公司，称2009年创办、北京8家直营店；2024政府员工制名单另可确认。店数及人员数量是海报时点介绍。
北京 ""老兵爱民"" 育儿嫂 育婴师 服务 公司 → 政府海报和2025丰台官方报道突出居家养老、助残和一般家政。2026北京晚报有接送小孩及老人替班报道，但本轮未取得小月龄育儿嫂具体服务/岗位；婴儿模型培训照片不作育儿派单证明。
""老兵爱民"" 家政 更换 退费 合同 → 2026北京晚报记载老人照护在春节期间安排自有人员及被雇主放假的住家保姆替班，属于养老/普通家政；育儿免费换人及到岗承诺未取得。 未取得北京育儿合同退费规则或可归属育儿的退款个案。
""老兵爱民"" 家政 投诉 评价 口碑 → 已核相关报道和搜索结果；没有可验证北京育儿订单的完整独立投诉结局。个案、非育儿、历史与异地主体详见各字段。
""老兵爱民"" ""育儿嫂"" → 未取得可归属具体育儿服务原文。
""68697092"" ""育儿"" → 电话与育儿定向补查，未取得具体服务证据。
""北京老兵爱民家政服务有限公司"" ""月嫂"" → 未取得明确母婴派单证据。","北京老兵爱民家政服务有限公司：北京市家政劳务品牌名录详情 https://rsj.beijing.gov.cn/bm/ztzl/ssjzlwpp/202511/t20251103_4250984.html（已读详情文字及原始介绍海报）
北京老兵爱民家政服务有限公司介绍海报 https://rsj.beijing.gov.cn/bm/ztzl/ssjzlwpp/202511/W020251103338746217755.jpg（已读海报原图）
2024员工制家政企业名单 https://rsj.beijing.gov.cn/xxgk/tzgg/202401/t20240129_3548057.html（已读原文）
丰台三大品牌入选家政劳务品牌 https://www.beijing.gov.cn/ywdt/gqrd/202511/t20251114_4281180.html（已读原文）
春节长假考验城市服务续航力 https://bjwb-app.bjd.com.cn/content/s696dbf74e4b0cd719e9c5b89.html（已读公开HTML原文）",,本条目无此次站内核查记录,先核实,北京育儿业务待核组。对应2025年正式政府联合推选并发布的劳务品牌企业名录，列名公司为北京老兵爱民家政服务有限公司。名单没有官方名次；仍须核对本单合同、育儿人选与换人条款。不进入政府品牌推选优先组；数值仅供查看已有资料构成。,v2.0,核对北京老兵爱民家政服务有限公司；春节代班、养老用工、保供和输入基地报道不是育儿客户投诉；推广榜单不作口碑证据。 本轮公开索引未取得可归属的投诉或处罚个案。,已按1组名称查询当前公示列表，本轮未见记录；不代表零投诉，公示期限、名称别称和公开范围会影响结果。,"[黑猫投诉公开索引] site:tousu.sina.com.cn ""老兵爱民""
已实际检索 site:tousu.sina.com.cn ""老兵爱民""；同批输出候选经主体人工核对，本轮公开索引未取得可归属的平台投诉个案。

[消费保旧域公开索引] site:xfb315.com ""老兵爱民""
已实际检索 site:xfb315.com ""老兵爱民""；同批输出候选经主体人工核对，本轮公开索引未取得可归属的平台投诉个案。

[监管/司法/媒体公开索引] ""北京老兵爱民家政服务有限公司"" 投诉 退费 处罚 法院
核对北京老兵爱民家政服务有限公司；春节代班、养老用工、保供和输入基地报道不是育儿客户投诉；推广榜单不作口碑证据。

[消费保新域公开索引] ""老兵爱民"" 消费保 site:xfb365.com
已实际检索 ""老兵爱民"" 消费保 site:xfb365.com；同批输出候选经主体人工核对，本轮公开索引未取得可归属的平台投诉个案。

[12315站内] 北京老兵爱民家政服务有限公司
查询“北京老兵爱民家政服务有限公司”：该名称在此次公示列表未见记录，不代表零投诉或没有历史纠纷；公示期限、名称别称和公开范围会影响结果。

未取得本轮可单列案例；不代表没有投诉。

来源（读取及归属边界见对应记录）：
https://tsgs.12315.cn/#/viewport",60.0,北京育儿业务待核组,不进入政府品牌优先组,60,"北京老兵爱民家政服务有限公司
北京老兵爱民家政服务有限公司
北京老兵爱民家政服务有限公司","https://rsj.beijing.gov.cn/bm/ztzl/ssjzlwpp/202511/t20251103_4250984.html
https://sw.beijing.gov.cn/phone/zwxx/tzgg/202401/t20240131_3550205.html
https://rsj.beijing.gov.cn/xxgk/tzgg/202511/t20251103_4251298.html"
祺捷利,业务仍需确认,综合家政,政府海报名录为北京祺捷利技术发展有限公司，称2009年成立；2026门头沟政协企业推介写2003年5月，成立年份冲突未核，不能直接确定。,海报及2026政协原文重点是养老照护、单位保洁、物业、家庭烹饪和接送；未取得明确长期育儿嫂/育婴派单。海报有儿童照料照片但没有对应具体服务品类证据。,2026-03-19政协报道可核主体近期服务活动，但并不证明育儿业务在售。,未取得育儿更换条款或替补期限。,未取得育儿退费合同与消费者退款结局。,未取得育儿工资、服务费和试工收费；养老补贴项目不当育儿价。,海报称岗前、技能及回炉培训，2026政协提及护理员培训；未取得婴幼儿实操考核资料。,公开资料集中养老服务规范与政府购买服务；具体育儿督导及应急流程未取得。,海报010-61864050（于老师），门头沟诺德彩园小区金沙西街5号院4号一层，未拨打。,育儿业务证据不足，留在已筛查养老/综合家政层。具体主体联系信息已补齐，可避免把政府品牌入选误当育儿资质。,当前北京育儿签约、派单及收款主体；婴幼儿年龄段适配、实际人选与到岗档期；免费换人次数、差价、推荐/到岗期限；无法匹配或提前终止的退费公式；完整真实育儿订单评价与投诉处理证据,"""北京祺捷利技术发展有限公司"" 育儿嫂 育婴 服务 → 政府海报名录为北京祺捷利技术发展有限公司，称2009年成立；2026门头沟政协企业推介写2003年5月，成立年份冲突未核，不能直接确定。
北京 ""祺捷利"" 育儿嫂 育婴师 服务 公司 → 海报及2026政协原文重点是养老照护、单位保洁、物业、家庭烹饪和接送；未取得明确长期育儿嫂/育婴派单。海报有儿童照料照片但没有对应具体服务品类证据。
""祺捷利"" 家政 更换 退费 合同 → 未取得育儿更换条款或替补期限。 未取得育儿退费合同与消费者退款结局。
""祺捷利"" 家政 投诉 评价 口碑 → 已核相关报道和搜索结果；没有可验证北京育儿订单的完整独立投诉结局。个案、非育儿、历史与异地主体详见各字段。
""祺捷利"" ""育婴"" → 未取得明确育婴派单原文。
""祺捷利"" 月嫂 保姆 → 补查后仍主要命中政府品牌和养老介绍。","北京祺捷利技术发展有限公司：北京市家政劳务品牌名录详情 https://rsj.beijing.gov.cn/bm/ztzl/ssjzlwpp/202511/t20251103_4250973.html（已读详情文字及原始介绍海报）
北京祺捷利技术发展有限公司介绍海报 https://rsj.beijing.gov.cn/bm/ztzl/ssjzlwpp/202511/W020251103336486397677.jpg（已读海报原图）
门头沟政协委员履职与祺捷利公司介绍 https://zx.bjmtg.gov.cn/zx/c101214/202603/9cdc01a803fc433fa87b64c3276987c6.shtml（已读原文）",,本条目无此次站内核查记录,先核实,北京育儿业务待核组。对应2025年正式政府联合推选并发布的劳务品牌企业名录，列名公司为北京祺捷利技术发展有限公司。名单没有官方名次；仍须核对本单合同、育儿人选与换人条款。不进入政府品牌推选优先组；数值仅供查看已有资料构成。,v2.0,以北京祺捷利技术发展有限公司核查，命中品牌名录和人物报道。搜索误返回ICP备案清理转载，回读未找到祺捷利，不能写成该公司监管处罚。 本轮公开索引未取得可归属的投诉或处罚个案。,已按1组名称查询当前公示列表，本轮未见记录；不代表零投诉，公示期限、名称别称和公开范围会影响结果。,"[黑猫投诉公开索引] site:tousu.sina.com.cn ""祺捷利""
已实际检索 site:tousu.sina.com.cn ""祺捷利""；同批输出候选经主体人工核对，本轮公开索引未取得可归属的平台投诉个案。

[消费保旧域公开索引] site:xfb315.com ""祺捷利""
已实际检索 site:xfb315.com ""祺捷利""；同批输出候选经主体人工核对，本轮公开索引未取得可归属的平台投诉个案。

[监管/司法/媒体公开索引] ""北京祺捷利技术发展有限公司"" 投诉 退费 处罚 法院
以北京祺捷利技术发展有限公司核查，命中品牌名录和人物报道。搜索误返回ICP备案清理转载，回读未找到祺捷利，不能写成该公司监管处罚。

[消费保新域公开索引] ""祺捷利"" 消费保 site:xfb365.com
已实际检索 ""祺捷利"" 消费保 site:xfb365.com；同批输出候选经主体人工核对，本轮公开索引未取得可归属的平台投诉个案。

[12315站内] 北京祺捷利技术发展有限公司
查询“北京祺捷利技术发展有限公司”：该名称在此次公示列表未见记录，不代表零投诉或没有历史纠纷；公示期限、名称别称和公开范围会影响结果。

未取得本轮可单列案例；不代表没有投诉。

来源（读取及归属边界见对应记录）：
https://tsgs.12315.cn/#/viewport",60.0,北京育儿业务待核组,不进入政府品牌优先组,60,北京祺捷利技术发展有限公司,https://rsj.beijing.gov.cn/bm/ztzl/ssjzlwpp/202511/t20251103_4250973.html
今日东方,有北京业务线索,综合家政,北京今日东方家政服务有限公司见政府海报及2024员工制名单，海报称2009年成立。另有今日东方劳务派遣/人力资源公司，未自动视为同一签约法人。,2025-10-15《国际商报》活动报道明确今日东方北京展台接待育婴/育儿嫂咨询并推荐方案；2026新京报对该公司调度及其育儿嫂姐姐的采访是补充行业活动线索，不能单靠亲属关系认定合同归属。,2026年2月媒体采访可确认该公司有在岗运营；当月人数变化为春节护工语境，不能当2026-09育儿储备。,2026报道记录调度协调春节护工换岗及用工缺口，但并无针对育儿订单的免费更换、推荐/到岗期限。,未取得育儿服务退款合同或有可核解决结局的退款案例。,政府海报护工平均收入6000元属于护工数据，不能当育儿嫂报价；育儿工资与中介费未取得。,政府海报和新京报介绍吕梁山护工培训及就业对接；未取得育儿候选人证书、健康筛查及婴幼儿实操考核记录。,有总调度岗位和跨区人员协调的媒体证据；是否为每位育儿客户配督导、遇离岗几小时补位，未披露。,海报17710120116（高老师），北京房山燕山迎风四里0号，未拨打。,可以纳入北京育儿候选，已找到可直接归属该品牌的北京育儿咨询服务报道。机构规模主要反映养老护工业务，育儿换人能力还需单独验证。,当前北京育儿签约、派单及收款主体；婴幼儿年龄段适配、实际人选与到岗档期；免费换人次数、差价、推荐/到岗期限；无法匹配或提前终止的退费公式；完整真实育儿订单评价与投诉处理证据,"""北京今日东方家政服务有限公司"" 育儿嫂 育婴 服务 → 北京今日东方家政服务有限公司见政府海报及2024员工制名单，海报称2009年成立。另有今日东方劳务派遣/人力资源公司，未自动视为同一签约法人。
北京 ""今日东方"" 育儿嫂 育婴师 服务 公司 → 2025-10-15《国际商报》活动报道明确今日东方北京展台接待育婴/育儿嫂咨询并推荐方案；2026新京报对该公司调度及其育儿嫂姐姐的采访是补充行业活动线索，不能单靠亲属关系认定合同归属。
""今日东方"" 家政 更换 退费 合同 → 2026报道记录调度协调春节护工换岗及用工缺口，但并无针对育儿订单的免费更换、推荐/到岗期限。 未取得育儿服务退款合同或有可核解决结局的退款案例。
""今日东方"" 家政 投诉 评价 口碑 → 已核相关报道和搜索结果；没有可验证北京育儿订单的完整独立投诉结局。个案、非育儿、历史与异地主体详见各字段。
""今日东方"" ""育儿嫂"" → 找到展会育儿咨询报道及2026新京报。
""品质升级加速，家政服务激发消费新活力"" → 定位商业观察转载国际商报原文，回读确认今日东方段落。","北京今日东方家政服务有限公司：北京市家政劳务品牌名录详情 https://rsj.beijing.gov.cn/bm/ztzl/ssjzlwpp/202511/t20251103_4250968.html（已读详情文字及原始介绍海报）
北京今日东方家政服务有限公司介绍海报 https://rsj.beijing.gov.cn/bm/ztzl/ssjzlwpp/202511/W020251103335734480525.jpg（已读海报原图）
品质升级加速，家政服务激发消费新活力 https://www.sygcnews.com.cn/sy2/112197.jhtml（已读原文）
六年首次团圆年：吕梁山护工一家四口的北京春节 https://m.bjnews.com.cn/detail/1770954779129145.html（已读原文）
2024员工制家政企业名单 https://rsj.beijing.gov.cn/xxgk/tzgg/202401/t20240129_3548057.html（已读原文）",,本条目无此次站内核查记录,第二批,政府品牌推选优先组。对应2025年正式政府联合推选并发布的劳务品牌企业名录，列名公司为北京今日东方家政服务有限公司。名单没有官方名次；仍须核对本单合同、育儿人选与换人条款。,v2.0,保留并回读2025年生活节新手父亲咨询今日东方的媒体采访，仅支持现场咨询体验，不证明签约、换人或退款。其余政府名录、招聘与资源库未提供投诉处理个案。 本轮公开索引未取得可归属的投诉或处罚个案。,已按1组名称查询当前公示列表，本轮未见记录；不代表零投诉，公示期限、名称别称和公开范围会影响结果。,"[黑猫投诉公开索引] site:tousu.sina.com.cn ""北京今日东方家政""
已实际检索 site:tousu.sina.com.cn ""北京今日东方家政""；同批输出候选经主体人工核对，本轮公开索引未取得可归属的平台投诉个案。

[消费保旧域公开索引] site:xfb315.com ""北京今日东方家政""
已实际检索 site:xfb315.com ""北京今日东方家政""；同批输出候选经主体人工核对，本轮公开索引未取得可归属的平台投诉个案。

[监管/司法/媒体公开索引] ""北京今日东方家政服务有限公司"" 投诉 退费 处罚 法院
保留并回读2025年生活节新手父亲咨询今日东方的媒体采访，仅支持现场咨询体验，不证明签约、换人或退款。其余政府名录、招聘与资源库未提供投诉处理个案。

[消费保新域公开索引] ""北京今日东方家政"" 消费保 site:xfb365.com
已实际检索 ""北京今日东方家政"" 消费保 site:xfb365.com；同批输出候选经主体人工核对，本轮公开索引未取得可归属的平台投诉个案。

[12315站内] 北京今日东方家政服务有限公司
查询“北京今日东方家政服务有限公司”：该名称在此次公示列表未见记录，不代表零投诉或没有历史纠纷；公示期限、名称别称和公开范围会影响结果。

案例：品质升级加速，家政服务激发消费新活力
日期：2025-10-15刊发；10月11–12日活动
工种：育儿嫂咨询
记录：一名新手父亲在今日东方展台咨询育儿嫂，向记者评价工作人员按需求推荐了方案。
回应：报道未涉及争议，不适用投诉答复。
处理结果：未记签约、入户、换人或退款结果。
限制：仅咨询环节的单个现场采访，不能概括整体履约满意度。
读取状态：原生web不稳定后curl原页成功，已读全文并留存
来源：https://www.sygcnews.com.cn/sy2/112197.jhtml

来源（读取及归属边界见对应记录）：
https://www.sygcnews.com.cn/sy2/112197.jhtml
https://tsgs.12315.cn/#/viewport",60.0,政府品牌推选优先组,20,60,"北京今日东方家政服务有限公司
北京今日东方家政服务有限公司
北京今日东方家政服务有限公司
北京今日东方家政服务有限公司","https://rsj.beijing.gov.cn/bm/ztzl/ssjzlwpp/202511/t20251103_4250968.html
https://sw.beijing.gov.cn/phone/zwxx/tzgg/202401/t20240131_3550205.html
https://rsj.beijing.gov.cn/xxgk/tzgg/202302/t20230208_2913405.html
https://rsj.beijing.gov.cn/xxgk/tzgg/202511/t20251103_4251298.html"
闻竹堂,业务仍需确认,综合家政,政府品牌海报写北京闻竹堂家政服务有限公司，2018年成立，旗下品牌“九阅·整理”。,海报明确主营收纳整理与空间规划，2025国际商报通州活动报道也归属整理收纳服务；未取得育儿嫂派单证据。,2025海报与现场活动可核收纳业务，未证明2026提供育儿。,未取得育儿换人条款；整理服务返工不能换算育儿换人。,未取得育儿合同或育儿退款记录。,未取得育儿工资、服务费；收纳项目费用不适用。,有整理师、空间规划和家政培训就业体系自述，未证明育婴考核。,政府海报称管家式收纳流程，仍是收纳项目；育儿督导未取得。,海报13321107825（李老师），通州车站路99号，未拨打。,列为已排查的非育儿主体，主营整理收纳。信息完整度提升不等于必须把其加入育儿机构数。,当前北京育儿签约、派单及收款主体；婴幼儿年龄段适配、实际人选与到岗档期；免费换人次数、差价、推荐/到岗期限；无法匹配或提前终止的退费公式；完整真实育儿订单评价与投诉处理证据,"""北京闻竹堂家政服务有限公司"" 育儿嫂 育婴 服务 → 政府品牌海报写北京闻竹堂家政服务有限公司，2018年成立，旗下品牌“九阅·整理”。
北京 ""闻竹堂"" 育儿嫂 育婴师 服务 公司 → 海报明确主营收纳整理与空间规划，2025国际商报通州活动报道也归属整理收纳服务；未取得育儿嫂派单证据。
""闻竹堂"" 家政 更换 退费 合同 → 未取得育儿换人条款；整理服务返工不能换算育儿换人。 未取得育儿合同或育儿退款记录。
""闻竹堂"" 家政 投诉 评价 口碑 → 已核相关报道和搜索结果；没有可验证北京育儿订单的完整独立投诉结局。个案、非育儿、历史与异地主体详见各字段。
""闻竹堂"" ""九阅"" 家政 → 政府海报明确品牌对应收纳。
""闻竹堂"" ""育儿"" → 未取得育儿服务原文；与收纳活动分开。","北京闻竹堂家政服务有限公司：北京市家政劳务品牌名录详情 https://rsj.beijing.gov.cn/bm/ztzl/ssjzlwpp/202511/t20251103_4250964.html（已读详情文字及原始介绍海报）
北京闻竹堂家政服务有限公司介绍海报 https://rsj.beijing.gov.cn/bm/ztzl/ssjzlwpp/202511/W020251103334904993916.jpg（已读海报原图）
品质升级加速，家政服务激发消费新活力 https://www.sygcnews.com.cn/sy2/112197.jhtml（已读原文）",,本条目无此次站内核查记录,先核实,北京育儿业务待核组。对应2025年正式政府联合推选并发布的劳务品牌企业名录，列名公司为北京闻竹堂家政服务有限公司。名单没有官方名次；仍须核对本单合同、育儿人选与换人条款。不进入政府品牌推选优先组；数值仅供查看已有资料构成。,v2.0,北京闻竹堂家政及九阅整理双名称补查。命中培训、收纳及生活节宣传，未取得可归属投诉处理记录；收纳服务宣传不等于育儿嫂口碑。 本轮公开索引未取得可归属的投诉或处罚个案。,已按1组名称查询当前公示列表，本轮未见记录；不代表零投诉，公示期限、名称别称和公开范围会影响结果。,"[黑猫投诉公开索引] site:tousu.sina.com.cn ""闻竹堂""
已实际检索 site:tousu.sina.com.cn ""闻竹堂""；同批输出候选经主体人工核对，本轮公开索引未取得可归属的平台投诉个案。

[消费保旧域公开索引] site:xfb315.com ""闻竹堂""
已实际检索 site:xfb315.com ""闻竹堂""；同批输出候选经主体人工核对，本轮公开索引未取得可归属的平台投诉个案。

[监管/司法/媒体公开索引] ""北京闻竹堂家政服务有限公司"" 投诉 退费 处罚 法院
北京闻竹堂家政及九阅整理双名称补查。命中培训、收纳及生活节宣传，未取得可归属投诉处理记录；收纳服务宣传不等于育儿嫂口碑。

[消费保新域公开索引] ""闻竹堂"" 消费保 site:xfb365.com
已实际检索 ""闻竹堂"" 消费保 site:xfb365.com；同批输出候选经主体人工核对，本轮公开索引未取得可归属的平台投诉个案。

[品牌别称/个案后续补查] ""九阅"" ""整理"" 投诉
补查实际执行。北京闻竹堂家政及九阅整理双名称补查。命中培训、收纳及生活节宣传，未取得可归属投诉处理记录；收纳服务宣传不等于育儿嫂口碑。

[12315站内] 北京闻竹堂家政服务有限公司
查询“北京闻竹堂家政服务有限公司”：该名称在此次公示列表未见记录，不代表零投诉或没有历史纠纷；公示期限、名称别称和公开范围会影响结果。

未取得本轮可单列案例；不代表没有投诉。

来源（读取及归属边界见对应记录）：
https://tsgs.12315.cn/#/viewport",60.0,北京育儿业务待核组,不进入政府品牌优先组,60,北京闻竹堂家政服务有限公司,https://rsj.beijing.gov.cn/bm/ztzl/ssjzlwpp/202511/t20251103_4250964.html
和美家,有北京业务线索,综合家政,政府海报和职业技能评价备案均为北京和美家社区服务有限公司；海报称2014年12月成立。与外地和美家医院、装修公司无已证实关系。,2025-03-02公开招聘转载在本公司段列母婴护理员，职责包含辅食、早教、幼儿体能及日常照护；结合北京主体与育婴技能认定备案，纳入婴幼儿照护候选。岗位名称为母婴护理员，具体是否承接长期住家育儿需问合同。,政府备案与2025母婴招聘可见，2025海报显示主业偏养老；2026长期育儿供给及服务地区细节未核。,未取得现行育儿/母婴岗位免费换人次数及到岗期限。,未取得育儿合同退费方式或有结局的真实消费纠纷。,该招聘未列本家母婴薪酬；后续另一家宝贝多多的6000–12000元不能套用。未取得现行育儿总费用。,北京市人社备案Y000011132043列育婴员5/4/3级、母婴护理员5/4/3级等职业技能等级认定，属于可核评价能力，不能证明具体阿姨均通过。,海报重点是社区养老、巡访和养老驿站运营；母婴客户督导和临时替补未取得。,海报13611132503（郝老师），顺义南彩镇采俸社区33号楼东养老驿站；2025招聘写彩俸环路13号134室。认定业务010-61426391是另一用途电话，签约接待地址需核。,纳入有北京婴幼儿照护岗位证据的候选，标明主业偏社区养老。其技能评价备案是实证，但长期育儿合同、服务费和更换机制仍不足。,当前北京育儿签约、派单及收款主体；婴幼儿年龄段适配、实际人选与到岗档期；免费换人次数、差价、推荐/到岗期限；无法匹配或提前终止的退费公式；完整真实育儿订单评价与投诉处理证据,"""北京和美家社区服务有限公司"" 育儿嫂 育婴 服务 → 政府海报和职业技能评价备案均为北京和美家社区服务有限公司；海报称2014年12月成立。与外地和美家医院、装修公司无已证实关系。
北京 ""和美家"" 育儿嫂 育婴师 服务 公司 → 2025-03-02公开招聘转载在本公司段列母婴护理员，职责包含辅食、早教、幼儿体能及日常照护；结合北京主体与育婴技能认定备案，纳入婴幼儿照护候选。岗位名称为母婴护理员，具体是否承接长期住家育儿需问合同。
""和美家"" 家政 更换 退费 合同 → 未取得现行育儿/母婴岗位免费换人次数及到岗期限。 未取得育儿合同退费方式或有结局的真实消费纠纷。
""和美家"" 家政 投诉 评价 口碑 → 已核相关报道和搜索结果；没有可验证北京育儿订单的完整独立投诉结局。个案、非育儿、历史与异地主体详见各字段。
""北京和美家"" ""育儿嫂"" → 定位本公司母婴岗位辅食与早教职责。
""北京和美家社区服务有限公司"" ""母婴护理员"" → 交叉确认人社备案中的母婴认定范围。","北京和美家社区服务有限公司：北京市家政劳务品牌名录详情 https://rsj.beijing.gov.cn/bm/ztzl/ssjzlwpp/202511/t20251103_4250955.html（已读详情文字及原始介绍海报）
北京和美家社区服务有限公司介绍海报 https://rsj.beijing.gov.cn/bm/ztzl/ssjzlwpp/202511/W020251103333911223533.jpg（已读海报原图）
和美家职业技能等级认定备案 https://rsj.beijing.gov.cn/ywsite/zyjd/zyjd_jnrd/zyjd_bjrs/bjrs_yrdw/202010/t20201023_2119318.html（已读原文）
兴安护工北京行线上招聘会（第二期） https://www.sohu.com/a/865804680_121123759（已读公开HTML原文）",,本条目无此次站内核查记录,第二批,北京育儿业务待核组。对应2025年正式政府联合推选并发布的劳务品牌企业名录，列名公司为北京和美家社区服务有限公司。名单没有官方名次；仍须核对本单合同、育儿人选与换人条款。不进入政府品牌推选优先组；数值仅供查看已有资料构成。,v2.0,以北京和美家社区服务有限公司及北京家政场景限定，命中技能评价备案、养老驿站和公益活动。另有北碚和美家医院商标案，主体与业务不同，明确排除。 本轮公开索引未取得可归属的投诉或处罚个案。,已按1组名称查询当前公示列表，本轮未见记录；不代表零投诉，公示期限、名称别称和公开范围会影响结果。,"[黑猫投诉公开索引] site:tousu.sina.com.cn ""北京和美家社区服务""
已实际检索 site:tousu.sina.com.cn ""北京和美家社区服务""；同批输出候选经主体人工核对，本轮公开索引未取得可归属的平台投诉个案。

[消费保旧域公开索引] site:xfb315.com ""北京和美家社区服务""
已实际检索 site:xfb315.com ""北京和美家社区服务""；同批输出候选经主体人工核对，本轮公开索引未取得可归属的平台投诉个案。

[监管/司法/媒体公开索引] ""北京和美家社区服务有限公司"" 投诉 退费 处罚 法院
以北京和美家社区服务有限公司及北京家政场景限定，命中技能评价备案、养老驿站和公益活动。另有北碚和美家医院商标案，主体与业务不同，明确排除。

[消费保新域公开索引] ""北京和美家社区服务"" 消费保 site:xfb365.com
已实际检索 ""北京和美家社区服务"" 消费保 site:xfb365.com；同批输出候选经主体人工核对，本轮公开索引未取得可归属的平台投诉个案。

[品牌别称/个案后续补查] ""和美家"" ""北京"" 家政 投诉
补查实际执行。以北京和美家社区服务有限公司及北京家政场景限定，命中技能评价备案、养老驿站和公益活动。另有北碚和美家医院商标案，主体与业务不同，明确排除。

[12315站内] 北京和美家社区服务有限公司
查询“北京和美家社区服务有限公司”：该名称在此次公示列表未见记录，不代表零投诉或没有历史纠纷；公示期限、名称别称和公开范围会影响结果。

未取得本轮可单列案例；不代表没有投诉。

来源（读取及归属边界见对应记录）：
https://tsgs.12315.cn/#/viewport",61.0,北京育儿业务待核组,不进入政府品牌优先组,60,北京和美家社区服务有限公司,https://rsj.beijing.gov.cn/bm/ztzl/ssjzlwpp/202511/t20251103_4250955.html
茵澳,有北京业务线索,综合家政,政府海报和官网页脚均为北京茵澳生活服务有限公司，称2014年7月创建；公司培训、私人管家及撮合平台业务多线并存，合同签约与收款法人仍需订单确认。,北京工会2026-07-03惠享活动明确面向全市工会会员提供含育儿嫂的服务，通过合单侠平台选人，活动至2026-12-31；这是当前北京业务证据。官网上海、东莞育儿旧单另列，不用其证明北京。,官网新闻更新至2026-09-17，工会活动在本次检索日仍处公布有效期。官网热招正文标“往期职位（已结束）”，不视为实时人选。,北京工会活动原文明确：包月服务在合同期内免费更换服务人员，不重复收中介费。未写次数上限、跨等级差价、推荐/到岗期限和无人可换处理，需索取活动合同。,活动页未披露提前解约、无人可换时退款比例；未取得真实退款结局。免费换人不等于可退中介费。,活动规定育儿嫂等包月服务的中介费基准=服务人员1个月全额月薪，工资另付；普通工会会员9折，符合条件特定群体审核后6折，活动至2026-12-31。实际月薪、休假、试工费用未取得。,政府海报及官网有家庭管家、家政经理、收纳师等培训及校企合作信息；没有取得育儿候选人具体考核、健康资料与背调范围。,政府海报称培训、教育、就业、售后四板块；活动通过合单侠撮合，未披露育儿督导频率与应急替补时间。,工会活动客服13522104288；政府海报13911990396（任老师）；官网400-166-1605。办公地址顺义裕丰路16号院会展誉景19-106。均未拨打。,可以纳入北京育儿机构，且补到较具体的收费与换人公开信息。比较时应突出活动适用资格、工资外另收中介费，并继续核替补期限与退款；不因缺少消费者投诉就认定口碑好。,当前北京育儿签约、派单及收款主体；婴幼儿年龄段适配、实际人选与到岗档期；免费换人次数、差价、推荐/到岗期限；无法匹配或提前终止的退费公式；完整真实育儿订单评价与投诉处理证据,"""北京茵澳生活服务有限公司"" 育儿嫂 育婴 服务 → 政府海报和官网页脚均为北京茵澳生活服务有限公司，称2014年7月创建；公司培训、私人管家及撮合平台业务多线并存，合同签约与收款法人仍需订单确认。
北京 ""茵澳"" 育儿嫂 育婴师 服务 公司 → 北京工会2026-07-03惠享活动明确面向全市工会会员提供含育儿嫂的服务，通过合单侠平台选人，活动至2026-12-31；这是当前北京业务证据。官网上海、东莞育儿旧单另列，不用其证明北京。
""茵澳"" 家政 更换 退费 合同 → 北京工会活动原文明确：包月服务在合同期内免费更换服务人员，不重复收中介费。未写次数上限、跨等级差价、推荐/到岗期限和无人可换处理，需索取活动合同。 活动页未披露提前解约、无人可换时退款比例；未取得真实退款结局。免费换人不等于可退中介费。
""茵澳"" 家政 投诉 评价 口碑 → 已核相关报道和搜索结果；没有可验证北京育儿订单的完整独立投诉结局。个案、非育儿、历史与异地主体详见各字段。","北京茵澳生活服务有限公司：北京市家政劳务品牌名录详情 https://rsj.beijing.gov.cn/bm/ztzl/ssjzlwpp/202511/t20251103_4250938.html（已读详情文字及原始介绍海报）
北京茵澳生活服务有限公司介绍海报 https://rsj.beijing.gov.cn/bm/ztzl/ssjzlwpp/202511/W020251103331482428241.jpg（已读海报原图）
茵澳官方网站 https://inall.co/index.html（已读原文）
茵澳招聘岗位页面 https://inall.co/a/rezhaozhiwei/（已读原文）
茵澳聘请管家服务流程 https://inall.co/a/pinqingguanjia/（已读原文）
北京工会会员家政服务惠享活动 https://xinwen.bjd.com.cn/content/s6a477c68e4b0e45f3fd405ee.html（已读公开HTML原文）",,本条目无此次站内核查记录,第二批,政府品牌推选优先组。对应2025年正式政府联合推选并发布的劳务品牌企业名录，列名公司为北京茵澳生活服务有限公司。名单没有官方名次；仍须核对本单合同、育儿人选与换人条款。,v2.0,精确查询北京茵澳生活服务有限公司，命中工商、政府名录、院校合作和企业官网；目前未取得可归属消费者争议。官网有服务反馈入口不等于已有投诉个案。 本轮公开索引未取得可归属的投诉或处罚个案。,已按1组名称查询当前公示列表，本轮未见记录；不代表零投诉，公示期限、名称别称和公开范围会影响结果。,"[黑猫投诉公开索引] site:tousu.sina.com.cn ""茵澳""
已实际检索 site:tousu.sina.com.cn ""茵澳""；同批输出候选经主体人工核对，本轮公开索引未取得可归属的平台投诉个案。

[消费保旧域公开索引] site:xfb315.com ""茵澳""
已实际检索 site:xfb315.com ""茵澳""；同批输出候选经主体人工核对，本轮公开索引未取得可归属的平台投诉个案。

[监管/司法/媒体公开索引] ""北京茵澳生活服务有限公司"" 投诉 退费 处罚 法院
精确查询北京茵澳生活服务有限公司，命中工商、政府名录、院校合作和企业官网；目前未取得可归属消费者争议。官网有服务反馈入口不等于已有投诉个案。

[消费保新域公开索引] ""茵澳"" 消费保 site:xfb365.com
已实际检索 ""茵澳"" 消费保 site:xfb365.com；同批输出候选经主体人工核对，本轮公开索引未取得可归属的平台投诉个案。

[12315站内] 北京茵澳生活服务有限公司
查询“北京茵澳生活服务有限公司”：该名称在此次公示列表未见记录，不代表零投诉或没有历史纠纷；公示期限、名称别称和公开范围会影响结果。

未取得本轮可单列案例；不代表没有投诉。

来源（读取及归属边界见对应记录）：
https://tsgs.12315.cn/#/viewport",72.0,政府品牌推选优先组,2,60,北京茵澳生活服务有限公司,https://rsj.beijing.gov.cn/bm/ztzl/ssjzlwpp/202511/t20251103_4250938.html
仁友家政,业务仍需确认,综合家政,政府海报称2012年成立，侧重家政与养老服务；2024员工制名单也列该主体。,政府海报详述居家养老、清洁、购物、维修和助餐，未列向家庭派育儿嫂。不能从综合家政名录推出育儿业务。,政府2025品牌展示与2024员工制入选为经营线索，当前育儿服务仍未证实。,已执行品牌换人/合同专项检索并读取政府介绍，未取得育儿嫂免费更换次数、同档差价及候选/到岗时限。,未取得本机构育儿嫂试用、提前终约或无人可换时的退费公式、扣费项和到账期限。,未取得当前面向家庭的育儿嫂工资、机构费、保险和假日费用完整报价。,海报称强化培训考核、员工管理，未披露育儿嫂背调、体检和月龄能力考核。,海报介绍养老驿站及探望服务，没有育儿嫂督导与换人安排。,昌平区南环路22-2号；15801326061，樊老师（2025政府海报，未电话确认）。,已完成逐项调查，但北京长期育儿嫂业务尚未取得足够证据；具名口碑搜索未取得可归属的独立雇主履约经历。政府品牌介绍里的满意度、诚信、规模和客户好评是展示口径，不用于服务质量排名。,当前北京长期育儿嫂产品与具体签约主体；免费更换范围、价差、候选与到岗时限；连续匹配失败或提前退出的退费公式；当前候选、个人背调与近期前雇主回访,"""北京仁友家政服务有限公司"" 育儿嫂 育婴 服务 → 政府海报称2012年成立，侧重家政与养老服务；2024员工制名单也列该主体。 政府海报详述居家养老、清洁、购物、维修和助餐，未列向家庭派育儿嫂。不能从综合家政名录推出育儿业务。
北京 ""仁友"" 育儿嫂 育婴师 服务 公司 → 政府海报详述居家养老、清洁、购物、维修和助餐，未列向家庭派育儿嫂。不能从综合家政名录推出育儿业务。
""仁友"" 家政 更换 退费 合同 → 已执行品牌换人/合同专项检索并读取政府介绍，未取得育儿嫂免费更换次数、同档差价及候选/到岗时限。 未取得本机构育儿嫂试用、提前终约或无人可换时的退费公式、扣费项和到账期限。
""仁友"" 家政 投诉 评价 口碑 → 已完成逐项调查，但北京长期育儿嫂业务尚未取得足够证据；具名口碑搜索未取得可归属的独立雇主履约经历。政府品牌介绍里的满意度、诚信、规模和客户好评是展示口径，不用于服务质量排名。","北京仁友家政服务有限公司：政府品牌展示与海报 https://rsj.beijing.gov.cn/bm/ztzl/ssjzlwpp/202510/t20251031_4249368.html（已读取网页，并下载原始介绍海报逐字查看）
原始企业介绍海报 https://rsj.beijing.gov.cn/bm/ztzl/ssjzlwpp/202510/W020251031647333003794.jpg（原图已打开阅读）
2024北京员工制家政企业入选名单 https://sw.beijing.gov.cn/phone/zwxx/tzgg/202401/t20240131_3550205.html（公开搜索返回名单正文）",,本条目无此次站内核查记录,先核实,北京育儿业务待核组。对应2025年正式政府联合推选并发布的劳务品牌企业名录，列名公司为北京仁友家政服务有限公司。名单没有官方名次；仍须核对本单合同、育儿人选与换人条款。不进入政府品牌推选优先组；数值仅供查看已有资料构成。,v2.0,新增两宗明确指向北京仁友的历史诉讼：医院保洁欠款案中公司胜诉；经营场地租赁案中公司承认欠款并被判支付。两案均非家庭育儿服务，已分别记录答辩和判决，未取得执行到账情况。,已按1组名称查询当前公示列表，本轮未见记录；不代表零投诉，公示期限、名称别称和公开范围会影响结果。,"[黑猫投诉公开索引] site:tousu.sina.com.cn ""北京仁友家政""
已实际检索 site:tousu.sina.com.cn ""北京仁友家政""；同批输出候选经主体人工核对，本轮公开索引未取得可归属的平台投诉个案。

[消费保旧域公开索引] site:xfb315.com ""北京仁友家政""
已实际检索 site:xfb315.com ""北京仁友家政""；同批输出候选经主体人工核对，本轮公开索引未取得可归属的平台投诉个案。

[监管/司法/媒体公开索引] ""北京仁友家政服务有限公司"" 投诉 退费 处罚 法院
新增两宗明确指向北京仁友的历史诉讼：医院保洁欠款案中公司胜诉；经营场地租赁案中公司承认欠款并被判支付。两案均非家庭育儿服务，已分别记录答辩和判决，未取得执行到账情况。

[消费保新域公开索引] ""北京仁友家政"" 消费保 site:xfb365.com
已实际检索 ""北京仁友家政"" 消费保 site:xfb365.com；同批输出候选经主体人工核对，本轮公开索引未取得可归属的平台投诉个案。

[12315站内] 仁友家政
查询“仁友家政”：该名称在此次公示列表未见记录，不代表零投诉或没有历史纠纷；公示期限、名称别称和公开范围会影响结果。

案例：仁友与京南医疗区服务合同纠纷，（2022）京0108民初5441号
日期：2023-01-16
工种：医院公共区域保洁
记录：仁友诉医院承接主体欠保洁费98400元及开关门服务15000元；法院支持两项请求。
回应：医疗区认可98400元保洁欠费，主张开关门为赠送；法院因合同明确约定且无赠送证据未采信。
处理结果：判医疗区支付合计113400元；未取得执行情况。
限制：公司为胜诉债权人，不能记成其拒绝消费者退款；第三方转载，非家庭育儿服务。
读取状态：已用原生web回读正文、当事人意见及处理结果
来源：https://zh.wikisource.org/zh-hans/%E5%8C%97%E4%BA%AC%E4%BB%81%E5%8F%8B%E5%AE%B6%E6%94%BF%E6%9C%8D%E5%8A%A1%E6%9C%89%E9%99%90%E5%85%AC%E5%8F%B8%E4%B8%8E%E4%B8%AD%E5%9B%BD%E4%BA%BA%E6%B0%91%E8%A7%A3%E6%94%BE%E5%86%9B%E6%80%BB%E5%8C%BB%E9%99%A2%E4%BA%AC%E5%8D%97%E5%8C%BB%E7%96%97%E5%8C%BA%E6%9C%8D%E5%8A%A1%E5%90%88%E5%90%8C%E7%BA%A0%E7%BA%B7%E4%B8%80%E5%AE%A1%E6%B0%91%E4%BA%8B%E5%88%A4%E5%86%B3%E4%B9%A6

案例：昌平新世纪商城与仁友房屋租赁合同纠纷
日期：2022-01-11
工种：经营场地租赁
记录：公司承租经营场地，与出租方就租金、管理费及违约金发生争议；双方已于2021-02-10解约交房。
回应：公司庭审认可尚欠租金管理费486687元及违约金49810.03元，并同意付款期限。
处理结果：法院判公司于2022-01-18前支付上述两项；未取得执行到账或后续情况。
限制：历史经营租赁诉讼，不是家政客户订单，也不能据历史欠款断言当前停业。
读取状态：已用原生web回读正文、当事人意见及处理结果
来源：https://zh.wikisource.org/wiki/%E5%8C%97%E4%BA%AC%E5%B8%82%E6%98%8C%E5%B9%B3%E6%96%B0%E4%B8%96%E7%BA%AA%E5%95%86%E5%9F%8E%E4%B8%8E%E5%8C%97%E4%BA%AC%E4%BB%81%E5%8F%8B%E5%AE%B6%E6%94%BF%E6%9C%8D%E5%8A%A1%E6%9C%89%E9%99%90%E5%85%AC%E5%8F%B8%E6%88%BF%E5%B1%8B%E7%A7%9F%E8%B5%81%E5%90%88%E5%90%8C%E7%BA%A0%E7%BA%B7%E4%B8%80%E5%AE%A1%E6%B0%91%E4%BA%8B%E5%88%A4%E5%86%B3%E4%B9%A6

来源（读取及归属边界见对应记录）：
https://zh.wikisource.org/zh-hans/%E5%8C%97%E4%BA%AC%E4%BB%81%E5%8F%8B%E5%AE%B6%E6%94%BF%E6%9C%8D%E5%8A%A1%E6%9C%89%E9%99%90%E5%85%AC%E5%8F%B8%E4%B8%8E%E4%B8%AD%E5%9B%BD%E4%BA%BA%E6%B0%91%E8%A7%A3%E6%94%BE%E5%86%9B%E6%80%BB%E5%8C%BB%E9%99%A2%E4%BA%AC%E5%8D%97%E5%8C%BB%E7%96%97%E5%8C%BA%E6%9C%8D%E5%8A%A1%E5%90%88%E5%90%8C%E7%BA%A0%E7%BA%B7%E4%B8%80%E5%AE%A1%E6%B0%91%E4%BA%8B%E5%88%A4%E5%86%B3%E4%B9%A6
https://zh.wikisource.org/wiki/%E5%8C%97%E4%BA%AC%E5%B8%82%E6%98%8C%E5%B9%B3%E6%96%B0%E4%B8%96%E7%BA%AA%E5%95%86%E5%9F%8E%E4%B8%8E%E5%8C%97%E4%BA%AC%E4%BB%81%E5%8F%8B%E5%AE%B6%E6%94%BF%E6%9C%8D%E5%8A%A1%E6%9C%89%E9%99%90%E5%85%AC%E5%8F%B8%E6%88%BF%E5%B1%8B%E7%A7%9F%E8%B5%81%E5%90%88%E5%90%8C%E7%BA%A0%E7%BA%B7%E4%B8%80%E5%AE%A1%E6%B0%91%E4%BA%8B%E5%88%A4%E5%86%B3%E4%B9%A6
https://tsgs.12315.cn/#/viewport",60.0,北京育儿业务待核组,不进入政府品牌优先组,60,"北京仁友家政服务有限公司
北京仁友家政服务有限公司","https://rsj.beijing.gov.cn/bm/ztzl/ssjzlwpp/202510/t20251031_4249368.html
https://sw.beijing.gov.cn/phone/zwxx/tzgg/202401/t20240131_3550205.html"
德茂家政,有北京业务线索,综合家政,政府品牌海报和大兴就业平台均为北京德茂家政服务有限公司；未另核实时工商和拟签合同。,政府海报明确服务覆盖育儿嫂、月嫂等。2026-06-18就业平台也列育儿嫂招聘；其岗位职责却出现养老护理文字，不能按标题推定候选能力。,2025政府展示和2026招聘支持近期北京育儿业务线索；岗位截止2026-06-29，不能当作目前有50名现货候选。,已执行品牌换人/合同专项检索并读取政府介绍，未取得育儿嫂免费更换次数、同档差价及候选/到岗时限。,未取得本机构育儿嫂试用、提前终约或无人可换时的退费公式、扣费项和到账期限。,2026-06-18育儿嫂招聘标6000—12000元/月，月嫂岗位8000—18800元/月，均已过招聘截止日。招聘工资不是当前消费者全包报价，中介/管理费未知。,海报称与承德家政协会/企业合作培训和输送；2026招聘要求相关证书或2—3年经验。岗位职责与工种存在错配，应核具体培训考核和候选经历。,有线下咨询、培训与派工体系自述；未取得育儿嫂回访频率、投诉升级及替补时限。,大兴区旧宫镇清和园小区11-7-102；13911696292，杨老师（2025政府海报）；与招聘经营地址一致。,有明确北京育婴/育儿服务线索，纳入候选；具名口碑搜索未取得可归属的独立雇主履约经历。政府品牌介绍里的满意度、诚信、规模和客户好评是展示口径，不用于服务质量排名。,当前北京长期育儿嫂产品与具体签约主体；免费更换范围、价差、候选与到岗时限；连续匹配失败或提前退出的退费公式；当前候选、个人背调与近期前雇主回访,"""北京德茂家政服务有限公司"" 育儿嫂 育婴 服务 → 政府品牌海报和大兴就业平台均为北京德茂家政服务有限公司；未另核实时工商和拟签合同。 政府海报明确服务覆盖育儿嫂、月嫂等。2026-06-18就业平台也列育儿嫂招聘；其岗位职责却出现养老护理文字，不能按标题推定候选能力。
北京 ""德茂"" 育儿嫂 育婴师 服务 公司 → 政府海报明确服务覆盖育儿嫂、月嫂等。2026-06-18就业平台也列育儿嫂招聘；其岗位职责却出现养老护理文字，不能按标题推定候选能力。
""德茂"" 家政 更换 退费 合同 → 已执行品牌换人/合同专项检索并读取政府介绍，未取得育儿嫂免费更换次数、同档差价及候选/到岗时限。 未取得本机构育儿嫂试用、提前终约或无人可换时的退费公式、扣费项和到账期限。
""德茂"" 家政 投诉 评价 口碑 → 有明确北京育婴/育儿服务线索，纳入候选；具名口碑搜索未取得可归属的独立雇主履约经历。政府品牌介绍里的满意度、诚信、规模和客户好评是展示口径，不用于服务质量排名。","北京德茂家政服务有限公司：政府品牌展示与海报 https://rsj.beijing.gov.cn/bm/ztzl/ssjzlwpp/202510/t20251031_4249364.html（已读取网页，并下载原始介绍海报逐字查看）
原始企业介绍海报 https://rsj.beijing.gov.cn/bm/ztzl/ssjzlwpp/202510/W020251031646087714725.jpg（原图已打开阅读）
德茂育婴师/保育员招聘（岗位名育儿嫂） https://jy.daxing.net/zpxx/202149.jhtml（已打开阅读正文）",,本条目无此次站内核查记录,第二批,政府品牌推选优先组。对应2025年正式政府联合推选并发布的劳务品牌企业名录，列名公司为北京德茂家政服务有限公司。名单没有官方名次；仍须核对本单合同、育儿人选与换人条款。,v2.0,以北京德茂家政服务有限公司核查，命中大兴就业平台多个岗位与官方品牌名录。岗位职责中的处理客户投诉是招聘要求，并非已发生消费者个案。 本轮公开索引未取得可归属的投诉或处罚个案。,已按1组名称查询当前公示列表，本轮未见记录；不代表零投诉，公示期限、名称别称和公开范围会影响结果。,"[黑猫投诉公开索引] site:tousu.sina.com.cn ""北京德茂家政""
已实际检索 site:tousu.sina.com.cn ""北京德茂家政""；同批输出候选经主体人工核对，本轮公开索引未取得可归属的平台投诉个案。

[消费保旧域公开索引] site:xfb315.com ""北京德茂家政""
已实际检索 site:xfb315.com ""北京德茂家政""；同批输出候选经主体人工核对，本轮公开索引未取得可归属的平台投诉个案。

[监管/司法/媒体公开索引] ""北京德茂家政服务有限公司"" 投诉 退费 处罚 法院
以北京德茂家政服务有限公司核查，命中大兴就业平台多个岗位与官方品牌名录。岗位职责中的处理客户投诉是招聘要求，并非已发生消费者个案。

[消费保新域公开索引] ""北京德茂家政"" 消费保 site:xfb365.com
已实际检索 ""北京德茂家政"" 消费保 site:xfb365.com；同批输出候选经主体人工核对，本轮公开索引未取得可归属的平台投诉个案。

[12315站内] 北京德茂家政服务有限公司
查询“北京德茂家政服务有限公司”：该名称在此次公示列表未见记录，不代表零投诉或没有历史纠纷；公示期限、名称别称和公开范围会影响结果。

未取得本轮可单列案例；不代表没有投诉。

来源（读取及归属边界见对应记录）：
https://tsgs.12315.cn/#/viewport",61.0,政府品牌推选优先组,14,60,北京德茂家政服务有限公司,https://rsj.beijing.gov.cn/bm/ztzl/ssjzlwpp/202510/t20251031_4249364.html
京平绿谷家政,有北京业务线索,综合家政,政府海报列北京京平绿谷家政服务有限公司，展示“智服到家”服务品牌；不自动合并近名人力资源公司。,海报明确线上可接月嫂育婴等任务，并描述京津冀家政劳务输送，可列为北京育婴服务候选。需确认由哪家公司与雇主签约。,2025政府海报与当年招聘线索支持平台经营；宣传已成交数和人员输送数不是当前待岗库存。,已执行品牌换人/合同专项检索并读取政府介绍，未取得育儿嫂免费更换次数、同档差价及候选/到岗时限。,未取得本机构育儿嫂试用、提前终约或无人可换时的退费公式、扣费项和到账期限。,未取得当前面向家庭的育儿嫂工资、机构费、保险和假日费用完整报价。,海报介绍与职业学校合作理论、实操、场景模拟和季度培训；未取得拟派阿姨个人体检、背调或育婴考核报告。,海报自述信用评价、三方共管账户、雇主险及服务站；没有具体育儿嫂督导频率、保险条款和更换时限。,平谷区新平北路五号院6号楼底商；15201221915，路老师（2025政府海报，未致电）。,有明确北京育婴/育儿服务线索，纳入候选；具名口碑搜索未取得可归属的独立雇主履约经历。政府品牌介绍里的满意度、诚信、规模和客户好评是展示口径，不用于服务质量排名。,当前北京长期育儿嫂产品与具体签约主体；免费更换范围、价差、候选与到岗时限；连续匹配失败或提前退出的退费公式；当前候选、个人背调与近期前雇主回访,"""北京京平绿谷家政服务有限公司"" 育儿嫂 育婴 服务 → 政府海报列北京京平绿谷家政服务有限公司，展示“智服到家”服务品牌；不自动合并近名人力资源公司。 海报明确线上可接月嫂育婴等任务，并描述京津冀家政劳务输送，可列为北京育婴服务候选。需确认由哪家公司与雇主签约。
北京 ""京平绿谷"" 育儿嫂 育婴师 服务 公司 → 海报明确线上可接月嫂育婴等任务，并描述京津冀家政劳务输送，可列为北京育婴服务候选。需确认由哪家公司与雇主签约。
""京平绿谷"" 家政 更换 退费 合同 → 已执行品牌换人/合同专项检索并读取政府介绍，未取得育儿嫂免费更换次数、同档差价及候选/到岗时限。 未取得本机构育儿嫂试用、提前终约或无人可换时的退费公式、扣费项和到账期限。
""京平绿谷"" 家政 投诉 评价 口碑 → 有明确北京育婴/育儿服务线索，纳入候选；具名口碑搜索未取得可归属的独立雇主履约经历。政府品牌介绍里的满意度、诚信、规模和客户好评是展示口径，不用于服务质量排名。","北京京平绿谷家政服务有限公司：政府品牌展示与海报 https://rsj.beijing.gov.cn/bm/ztzl/ssjzlwpp/202510/t20251031_4249361.html（已读取网页，并下载原始介绍海报逐字查看）
原始企业介绍海报 https://rsj.beijing.gov.cn/bm/ztzl/ssjzlwpp/202510/W020251031645610618687.jpg（原图已打开阅读）",,本条目无此次站内核查记录,第二批,政府品牌推选优先组。对应2025年正式政府联合推选并发布的劳务品牌企业名录，列名公司为北京京平绿谷家政服务有限公司。名单没有官方名次；仍须核对本单合同、育儿人选与换人条款。,v2.0,以北京京平绿谷家政服务有限公司和智服到家补查；结果为招聘、名录和采购公示。搜索带出的公积金检查表回读未见京平绿谷，京平绿谷人力资源公司也不未经核验视为同一法人。 本轮公开索引未取得可归属的投诉或处罚个案。,已按1组名称查询当前公示列表，本轮未见记录；不代表零投诉，公示期限、名称别称和公开范围会影响结果。,"[黑猫投诉公开索引] site:tousu.sina.com.cn ""京平绿谷""
已实际检索 site:tousu.sina.com.cn ""京平绿谷""；同批输出候选经主体人工核对，本轮公开索引未取得可归属的平台投诉个案。

[消费保旧域公开索引] site:xfb315.com ""京平绿谷""
已实际检索 site:xfb315.com ""京平绿谷""；同批输出候选经主体人工核对，本轮公开索引未取得可归属的平台投诉个案。

[监管/司法/媒体公开索引] ""北京京平绿谷家政服务有限公司"" 投诉 退费 处罚 法院
以北京京平绿谷家政服务有限公司和智服到家补查；结果为招聘、名录和采购公示。搜索带出的公积金检查表回读未见京平绿谷，京平绿谷人力资源公司也不未经核验视为同一法人。

[消费保新域公开索引] ""京平绿谷"" 消费保 site:xfb365.com
已实际检索 ""京平绿谷"" 消费保 site:xfb365.com；同批输出候选经主体人工核对，本轮公开索引未取得可归属的平台投诉个案。

[品牌别称/个案后续补查] ""智服到家"" 投诉 退费
补查实际执行。以北京京平绿谷家政服务有限公司和智服到家补查；结果为招聘、名录和采购公示。搜索带出的公积金检查表回读未见京平绿谷，京平绿谷人力资源公司也不未经核验视为同一法人。

[12315站内] 北京京平绿谷家政服务有限公司
查询“北京京平绿谷家政服务有限公司”：该名称在此次公示列表未见记录，不代表零投诉或没有历史纠纷；公示期限、名称别称和公开范围会影响结果。

未取得本轮可单列案例；不代表没有投诉。

来源（读取及归属边界见对应记录）：
https://tsgs.12315.cn/#/viewport",62.0,政府品牌推选优先组,10,60,北京京平绿谷家政服务有限公司,https://rsj.beijing.gov.cn/bm/ztzl/ssjzlwpp/202510/t20251031_4249361.html
育乐宝家政,有北京业务线索,综合家政,政府海报称公司2021年成立于怀柔；注意不与“育乐宝母婴”商标的其他注册人合并。,海报明确母婴护理、科学育儿及养老等家政项目。2025库伦就业活动提到该公司参与母婴/育婴双选会，但不将9家公司的全部岗位数归给一家。,2025政府品牌展示、招聘和劳务活动为业务线索；当期可面试人选和档期未核。,已执行品牌换人/合同专项检索并读取政府介绍，未取得育儿嫂免费更换次数、同档差价及候选/到岗时限。,未取得本机构育儿嫂试用、提前终约或无人可换时的退费公式、扣费项和到账期限。,未取得当前面向家庭的育儿嫂工资、机构费、保险和假日费用完整报价。,政府海报称有职业道德、母婴护理、月子餐等基础和进阶培训；没有取得本次育儿嫂个人背景与体检证据。,有怀柔社区及就业服务体系，未见育儿嫂上户回访频率、专属督导或夜间换人方案。,怀柔区迎宾中路甲42-13号；15810724672，潘老师（2025政府海报）。另一政府招聘记为甲42号楼1-101，接待门牌需确认。,有明确北京育婴/育儿服务线索，纳入候选；具名口碑搜索未取得可归属的独立雇主履约经历。政府品牌介绍里的满意度、诚信、规模和客户好评是展示口径，不用于服务质量排名。,当前北京长期育儿嫂产品与具体签约主体；免费更换范围、价差、候选与到岗时限；连续匹配失败或提前退出的退费公式；当前候选、个人背调与近期前雇主回访,"""北京育乐宝家政服务有限公司"" 育儿嫂 育婴 服务 → 政府海报称公司2021年成立于怀柔；注意不与“育乐宝母婴”商标的其他注册人合并。 海报明确母婴护理、科学育儿及养老等家政项目。2025库伦就业活动提到该公司参与母婴/育婴双选会，但不将9家公司的全部岗位数归给一家。
北京 ""育乐宝"" 育儿嫂 育婴师 服务 公司 → 海报明确母婴护理、科学育儿及养老等家政项目。2025库伦就业活动提到该公司参与母婴/育婴双选会，但不将9家公司的全部岗位数归给一家。
""育乐宝"" 家政 更换 退费 合同 → 已执行品牌换人/合同专项检索并读取政府介绍，未取得育儿嫂免费更换次数、同档差价及候选/到岗时限。 未取得本机构育儿嫂试用、提前终约或无人可换时的退费公式、扣费项和到账期限。
""育乐宝"" 家政 投诉 评价 口碑 → 有明确北京育婴/育儿服务线索，纳入候选；具名口碑搜索未取得可归属的独立雇主履约经历。政府品牌介绍里的满意度、诚信、规模和客户好评是展示口径，不用于服务质量排名。","北京育乐宝家政服务有限公司：政府品牌展示与海报 https://rsj.beijing.gov.cn/bm/ztzl/ssjzlwpp/202510/t20251031_4249358.html（已读取网页，并下载原始介绍海报逐字查看）
原始企业介绍海报 https://rsj.beijing.gov.cn/bm/ztzl/ssjzlwpp/202510/W020251031645131792209.jpg（原图已打开阅读）
荞乡月嫂北京就业训练营 https://www.kulun.gov.cn/zwgk/zfxxgk/fdzdgknr/zdlyxx/wgjy1/202504/t20250407_935523.html（搜索返回相关正文；直接打开502失败）",,本条目无此次站内核查记录,第二批,政府品牌推选优先组。对应2025年正式政府联合推选并发布的劳务品牌企业名录，列名公司为北京育乐宝家政服务有限公司。名单没有官方名次；仍须核对本单合同、育儿人选与换人条款。,v2.0,以北京育乐宝家政服务有限公司核查，结果为怀柔招聘、妇联培训和人社品牌名录；未取得可归属消费者个案，不能用活动曝光量推算好评率。 本轮公开索引未取得可归属的投诉或处罚个案。,已按1组名称查询当前公示列表，本轮未见记录；不代表零投诉，公示期限、名称别称和公开范围会影响结果。,"[黑猫投诉公开索引] site:tousu.sina.com.cn ""北京育乐宝家政""
已实际检索 site:tousu.sina.com.cn ""北京育乐宝家政""；同批输出候选经主体人工核对，本轮公开索引未取得可归属的平台投诉个案。

[消费保旧域公开索引] site:xfb315.com ""北京育乐宝家政""
已实际检索 site:xfb315.com ""北京育乐宝家政""；同批输出候选经主体人工核对，本轮公开索引未取得可归属的平台投诉个案。

[监管/司法/媒体公开索引] ""北京育乐宝家政服务有限公司"" 投诉 退费 处罚 法院
以北京育乐宝家政服务有限公司核查，结果为怀柔招聘、妇联培训和人社品牌名录；未取得可归属消费者个案，不能用活动曝光量推算好评率。

[消费保新域公开索引] ""北京育乐宝家政"" 消费保 site:xfb365.com
已实际检索 ""北京育乐宝家政"" 消费保 site:xfb365.com；同批输出候选经主体人工核对，本轮公开索引未取得可归属的平台投诉个案。

[12315站内] 育乐宝家政
查询“育乐宝家政”：该名称在此次公示列表未见记录，不代表零投诉或没有历史纠纷；公示期限、名称别称和公开范围会影响结果。

未取得本轮可单列案例；不代表没有投诉。

来源（读取及归属边界见对应记录）：
https://tsgs.12315.cn/#/viewport",61.0,政府品牌推选优先组,14,60,北京育乐宝家政服务有限公司,https://rsj.beijing.gov.cn/bm/ztzl/ssjzlwpp/202510/t20251031_4249358.html
华宇密嫂,业务仍需确认,综合家政,政府海报称2023-07-24成立、隶属北京华宇城市集团管理有限公司；实际合同及收款法人需核。,已读海报明确北京家庭保洁、保姆、月嫂与新生儿早教等服务，但没有明确长期育儿嫂产品；留作育儿业务待确认。,2025政府品牌展示和培训活动可核；不能据此证明当前长期育儿嫂档期。,已执行品牌换人/合同专项检索并读取政府介绍，未取得育儿嫂免费更换次数、同档差价及候选/到岗时限。,未取得本机构育儿嫂试用、提前终约或无人可换时的退费公式、扣费项和到账期限。,未取得当前面向家庭的育儿嫂工资、机构费、保险和假日费用完整报价。,海报称理论、实操、礼仪与职业道德培训、模拟训练及技能比赛；未披露育儿嫂背调、体检或具体实操标准。,自述培训、管理、服务一体化，未公开育儿嫂回访、责任经理和换人机制。,密云区彩虹园小区西侧11-25A；18518619268，张老师（2025政府海报，未致电）。,已完成逐项调查，但北京长期育儿嫂业务尚未取得足够证据；具名口碑搜索未取得可归属的独立雇主履约经历。政府品牌介绍里的满意度、诚信、规模和客户好评是展示口径，不用于服务质量排名。,当前北京长期育儿嫂产品与具体签约主体；免费更换范围、价差、候选与到岗时限；连续匹配失败或提前退出的退费公式；当前候选、个人背调与近期前雇主回访,"""华宇密嫂家政服务（北京）有限公司"" 育儿嫂 育婴 服务 → 政府海报称2023-07-24成立、隶属北京华宇城市集团管理有限公司；实际合同及收款法人需核。 已读海报明确北京家庭保洁、保姆、月嫂与新生儿早教等服务，但没有明确长期育儿嫂产品；留作育儿业务待确认。
北京 ""华宇密嫂"" 育儿嫂 育婴师 服务 公司 → 已读海报明确北京家庭保洁、保姆、月嫂与新生儿早教等服务，但没有明确长期育儿嫂产品；留作育儿业务待确认。
""华宇密嫂"" 家政 更换 退费 合同 → 已执行品牌换人/合同专项检索并读取政府介绍，未取得育儿嫂免费更换次数、同档差价及候选/到岗时限。 未取得本机构育儿嫂试用、提前终约或无人可换时的退费公式、扣费项和到账期限。
""华宇密嫂"" 家政 投诉 评价 口碑 → 已完成逐项调查，但北京长期育儿嫂业务尚未取得足够证据；具名口碑搜索未取得可归属的独立雇主履约经历。政府品牌介绍里的满意度、诚信、规模和客户好评是展示口径，不用于服务质量排名。","华宇密嫂家政服务（北京）有限公司：政府品牌展示与海报 https://rsj.beijing.gov.cn/bm/ztzl/ssjzlwpp/202510/t20251031_4249349.html（已读取网页，并下载原始介绍海报逐字查看）
原始企业介绍海报 https://rsj.beijing.gov.cn/bm/ztzl/ssjzlwpp/202510/W020251031643445127290.jpg（原图已打开阅读）",,本条目无此次站内核查记录,先核实,北京育儿业务待核组。对应2025年正式政府联合推选并发布的劳务品牌企业名录，列名公司为华宇密嫂家政服务（北京）有限公司。名单没有官方名次；仍须核对本单合同、育儿人选与换人条款。不进入政府品牌推选优先组；数值仅供查看已有资料构成。,v2.0,按官方名录核正主体为华宇密嫂家政服务（北京）有限公司后查询。结果为官方品牌名录；丰台生态环境投诉表指向餐饮等其他企业，未支持本机构处罚。 本轮公开索引未取得可归属的投诉或处罚个案。,已按1组名称查询当前公示列表，本轮未见记录；不代表零投诉，公示期限、名称别称和公开范围会影响结果。,"[黑猫投诉公开索引] site:tousu.sina.com.cn ""华宇密嫂""
已实际检索 site:tousu.sina.com.cn ""华宇密嫂""；同批输出候选经主体人工核对，本轮公开索引未取得可归属的平台投诉个案。

[消费保旧域公开索引] site:xfb315.com ""华宇密嫂""
已实际检索 site:xfb315.com ""华宇密嫂""；同批输出候选经主体人工核对，本轮公开索引未取得可归属的平台投诉个案。

[监管/司法/媒体公开索引] ""华宇密嫂家政服务（北京）有限公司"" 投诉 退费 处罚 法院
按官方名录核正主体为华宇密嫂家政服务（北京）有限公司后查询。结果为官方品牌名录；丰台生态环境投诉表指向餐饮等其他企业，未支持本机构处罚。

[消费保新域公开索引] ""华宇密嫂"" 消费保 site:xfb365.com
已实际检索 ""华宇密嫂"" 消费保 site:xfb365.com；同批输出候选经主体人工核对，本轮公开索引未取得可归属的平台投诉个案。

[12315站内] 华宇密嫂
查询“华宇密嫂”：该名称在此次公示列表未见记录，不代表零投诉或没有历史纠纷；公示期限、名称别称和公开范围会影响结果。

未取得本轮可单列案例；不代表没有投诉。

来源（读取及归属边界见对应记录）：
https://tsgs.12315.cn/#/viewport",60.0,北京育儿业务待核组,不进入政府品牌优先组,60,华宇密嫂家政服务（北京）有限公司,https://rsj.beijing.gov.cn/bm/ztzl/ssjzlwpp/202510/t20251031_4249349.html
乐活家政 / 乐活圈,有北京业务线索,综合家政,政府海报明确乐活家政品牌由乐活圈（北京）信息科技有限公司运营；不与同名社交/生活软件合并。,政府海报列延庆社区的育婴、保洁、维修和养老等服务，能够补入北京本地育婴候选。,2025政府品牌展示支持北京延庆育婴业务线索；当前具体候选、报价和加盟店关系待核。,已执行品牌换人/合同专项检索并读取政府介绍，未取得育儿嫂免费更换次数、同档差价及候选/到岗时限。,未取得本机构育儿嫂试用、提前终约或无人可换时的退费公式、扣费项和到账期限。,未取得当前面向家庭的育儿嫂工资、机构费、保险和假日费用完整报价。,海报介绍理论、实操、场景模拟培训；累计培训人数与上岗率为自述，不代表每位候选实际考核结果。,海报写乐活圈小程序预约、过程监控、质量评价和服务追溯。没有给替补时限及投诉处理期限。,延庆区川北东社区甲25号楼底商；18515813905，闫老师（2025政府海报，未致电）。,有明确北京育婴/育儿服务线索，纳入候选；具名口碑搜索未取得可归属的独立雇主履约经历。政府品牌介绍里的满意度、诚信、规模和客户好评是展示口径，不用于服务质量排名。,当前北京长期育儿嫂产品与具体签约主体；免费更换范围、价差、候选与到岗时限；连续匹配失败或提前退出的退费公式；当前候选、个人背调与近期前雇主回访,"""乐活圈（北京）信息科技有限公司"" 育儿嫂 育婴 服务 → 政府海报明确乐活家政品牌由乐活圈（北京）信息科技有限公司运营；不与同名社交/生活软件合并。 政府海报列延庆社区的育婴、保洁、维修和养老等服务，能够补入北京本地育婴候选。
北京 ""乐活圈"" 育儿嫂 育婴师 服务 公司 → 政府海报列延庆社区的育婴、保洁、维修和养老等服务，能够补入北京本地育婴候选。
""乐活圈"" 家政 更换 退费 合同 → 已执行品牌换人/合同专项检索并读取政府介绍，未取得育儿嫂免费更换次数、同档差价及候选/到岗时限。 未取得本机构育儿嫂试用、提前终约或无人可换时的退费公式、扣费项和到账期限。
""乐活圈"" 家政 投诉 评价 口碑 → 有明确北京育婴/育儿服务线索，纳入候选；具名口碑搜索未取得可归属的独立雇主履约经历。政府品牌介绍里的满意度、诚信、规模和客户好评是展示口径，不用于服务质量排名。","乐活圈（北京）信息科技有限公司：政府品牌展示与海报 https://rsj.beijing.gov.cn/bm/ztzl/ssjzlwpp/202510/t20251031_4249347.html（已读取网页，并下载原始介绍海报逐字查看）
原始企业介绍海报 https://rsj.beijing.gov.cn/bm/ztzl/ssjzlwpp/202510/W020251031642859425859.jpg（原图已打开阅读）",,本条目无此次站内核查记录,第二批,政府品牌推选优先组。对应2025年正式政府联合推选并发布的劳务品牌企业名录，列名公司为乐活圈（北京）信息科技有限公司。名单没有官方名次；仍须核对本单合同、育儿人选与换人条款。这是品牌关联记录，仅适用于列名法人，不覆盖所有同品牌订单。,v2.0,精确查询乐活圈（北京）信息科技有限公司并补乐活家政北京。结果为高新企业、官方名录及合作消息；高新企业名录不是行政处罚或客户口碑。 本轮公开索引未取得可归属的投诉或处罚个案。,已按1组名称查询当前公示列表，本轮未见记录；不代表零投诉，公示期限、名称别称和公开范围会影响结果。,"[黑猫投诉公开索引] site:tousu.sina.com.cn ""乐活圈 北京""
已实际检索 site:tousu.sina.com.cn ""乐活圈 北京""；同批输出候选经主体人工核对，本轮公开索引未取得可归属的平台投诉个案。

[消费保旧域公开索引] site:xfb315.com ""乐活圈 北京""
已实际检索 site:xfb315.com ""乐活圈 北京""；同批输出候选经主体人工核对，本轮公开索引未取得可归属的平台投诉个案。

[监管/司法/媒体公开索引] ""乐活圈（北京）信息科技有限公司"" 投诉 退费 处罚 法院
精确查询乐活圈（北京）信息科技有限公司并补乐活家政北京。结果为高新企业、官方名录及合作消息；高新企业名录不是行政处罚或客户口碑。

[消费保新域公开索引] ""乐活圈 北京"" 消费保 site:xfb365.com
已实际检索 ""乐活圈 北京"" 消费保 site:xfb365.com；同批输出候选经主体人工核对，本轮公开索引未取得可归属的平台投诉个案。

[品牌别称/个案后续补查] ""乐活家政"" 北京 投诉
补查实际执行。精确查询乐活圈（北京）信息科技有限公司并补乐活家政北京。结果为高新企业、官方名录及合作消息；高新企业名录不是行政处罚或客户口碑。

[12315站内] 乐活圈（北京）信息科技有限公司
查询“乐活圈（北京）信息科技有限公司”：该名称在此次公示列表未见记录，不代表零投诉或没有历史纠纷；公示期限、名称别称和公开范围会影响结果。

未取得本轮可单列案例；不代表没有投诉。

来源（读取及归属边界见对应记录）：
https://tsgs.12315.cn/#/viewport",62.0,政府品牌推选优先组,10,60,乐活圈（北京）信息科技有限公司,https://rsj.beijing.gov.cn/bm/ztzl/ssjzlwpp/202510/t20251031_4249347.html
金萌泰,业务仍需确认,综合家政,政府海报及官网均列北京金萌泰医院管理集团有限公司，品牌主要为金萌泰护工。,已核官网与政府海报主要是医院护理、社区养老及产科母婴护理；未取得家庭长期育儿嫂直接产品。医院母婴护理不能直接等同育儿嫂。,2026官网业务页当前可读，政府海报为2025资料；只能确认护理等业务公开经营线索，长期育儿嫂未证实。,已执行品牌换人/合同专项检索并读取政府介绍，未取得育儿嫂免费更换次数、同档差价及候选/到岗时限。,未取得本机构育儿嫂试用、提前终约或无人可换时的退费公式、扣费项和到账期限。,未取得当前面向家庭的育儿嫂工资、机构费、保险和假日费用完整报价。,海报介绍员工制、护理培训、技能竞赛、劳动/劳务双合作及保险；属于护理队伍制度，不可当作育儿嫂个人审核记录。,官网有医院陪护管理与工单体系；没有取得育儿嫂专属服务和补位机制。,丰台区总部基地12区15栋；010-67618681（2025政府海报）。当前官网另列400-677-6586、18611259968，未致电。,已完成逐项调查，但北京长期育儿嫂业务尚未取得足够证据；具名口碑搜索未取得可归属的独立雇主履约经历。政府品牌介绍里的满意度、诚信、规模和客户好评是展示口径，不用于服务质量排名。,当前北京长期育儿嫂产品与具体签约主体；免费更换范围、价差、候选与到岗时限；连续匹配失败或提前退出的退费公式；当前候选、个人背调与近期前雇主回访,"""北京金萌泰医院管理集团有限公司"" 育儿嫂 育婴 服务 → 政府海报及官网均列北京金萌泰医院管理集团有限公司，品牌主要为金萌泰护工。 已核官网与政府海报主要是医院护理、社区养老及产科母婴护理；未取得家庭长期育儿嫂直接产品。医院母婴护理不能直接等同育儿嫂。
北京 ""金萌泰"" 育儿嫂 育婴师 服务 公司 → 已核官网与政府海报主要是医院护理、社区养老及产科母婴护理；未取得家庭长期育儿嫂直接产品。医院母婴护理不能直接等同育儿嫂。
""金萌泰"" 家政 更换 退费 合同 → 已执行品牌换人/合同专项检索并读取政府介绍，未取得育儿嫂免费更换次数、同档差价及候选/到岗时限。 未取得本机构育儿嫂试用、提前终约或无人可换时的退费公式、扣费项和到账期限。
""金萌泰"" 家政 投诉 评价 口碑 → 已完成逐项调查，但北京长期育儿嫂业务尚未取得足够证据；具名口碑搜索未取得可归属的独立雇主履约经历。政府品牌介绍里的满意度、诚信、规模和客户好评是展示口径，不用于服务质量排名。","北京金萌泰医院管理集团有限公司：政府品牌展示与海报 https://rsj.beijing.gov.cn/bm/ztzl/ssjzlwpp/202511/t20251103_4250990.html（已读取网页，并下载原始介绍海报逐字查看）
原始企业介绍海报 https://rsj.beijing.gov.cn/bm/ztzl/ssjzlwpp/202511/W020251103340078731207.jpg（原图已打开阅读）
金萌泰官网医院管理业务 https://www.jinmengtai.cn/lm1/（已打开阅读正文）",,本条目无此次站内核查记录,先核实,北京育儿业务待核组。对应2025年正式政府联合推选并发布的劳务品牌企业名录，列名公司为北京金萌泰医院管理集团有限公司。名单没有官方名次；仍须核对本单合同、育儿人选与换人条款。不进入政府品牌推选优先组；数值仅供查看已有资料构成。,v2.0,新增北京金萌泰医院管理集团有限公司与医院患者之间的陪护受伤及护理费用争议。判决确认护工看护不利导致老人摔伤，记载此前赔偿判决，并对延长期护理费部分支持公司请求。属于医院养老陪护，不能转写为育儿嫂事故。,已回读详情中最新公示（2026-07-28）：北京金萌泰医院管理集团有限公司，服务类别为怀孕及分娩护理，处理结果为“达成调解协议”。公示未披露协议细节及退款到账证据，不能据此推断北京育儿嫂整体服务质量。,"[黑猫投诉公开索引] site:tousu.sina.com.cn ""金萌泰""
已实际检索 site:tousu.sina.com.cn ""金萌泰""；同批输出候选经主体人工核对，本轮公开索引未取得可归属的平台投诉个案。

[消费保旧域公开索引] site:xfb315.com ""金萌泰""
已实际检索 site:xfb315.com ""金萌泰""；同批输出候选经主体人工核对，本轮公开索引未取得可归属的平台投诉个案。

[监管/司法/媒体公开索引] ""北京金萌泰医院管理集团有限公司"" 投诉 退费 处罚 法院
新增北京金萌泰医院管理集团有限公司与医院患者之间的陪护受伤及护理费用争议。判决确认护工看护不利导致老人摔伤，记载此前赔偿判决，并对延长期护理费部分支持公司请求。属于医院养老陪护，不能转写为育儿嫂事故。

[消费保新域公开索引] ""金萌泰"" 消费保 site:xfb365.com
已实际检索 ""金萌泰"" 消费保 site:xfb365.com；同批输出候选经主体人工核对，本轮公开索引未取得可归属的平台投诉个案。

[品牌别称/个案后续补查] ""金萌泰"" ""13240"" 判决
补查实际执行。新增北京金萌泰医院管理集团有限公司与医院患者之间的陪护受伤及护理费用争议。判决确认护工看护不利导致老人摔伤，记载此前赔偿判决，并对延长期护理费部分支持公司请求。属于医院养老陪护，不能转写为育儿嫂事故。

[12315站内] 北京金萌泰医院管理集团有限公司
查询“北京金萌泰医院管理集团有限公司”此次页面显示3条关键词匹配公示。首屏包含怀孕及分娩护理、四川分公司康复护理和家政中介等不同服务，不能混作北京育儿嫂记录。以上数量是所列查询关键词此次匹配的公示记录数，可能含分支、近名和不同服务工种；不同查询之间可能重叠，不合计为机构投诉总数，不是投诉率或质量排名。公示期限为一年，不涵盖全部历史、未公开投诉或所有分支。投诉内容为当事人填写，调解结果不是违法认定；达成调解不等于退款已到账。

案例：历史医院陪护服务合同诉讼
日期：2023-04-25；事故2020-10-03
工种：住院老人陪护
记录：判决确认护工看护不利致老人摔伤，双方签赔偿及免费护理协议；公司后诉要延长期护理费151680元。文书记载此前两次赔偿判决。
回应：公司认为免费护理应至2021-01-03，患者方认为未康复应持续免费；法院结合实际认定免费义务截至2021-11-04。
处理结果：本案判患者支付护理费36000元并驳回公司其他请求；2021赔偿案公司称已履行，2023赔偿案双方确认已生效，未取得本案执行记录。
限制：一次事故的关联判决合并说明，不按三起重复计数；老人医院陪护，非育儿嫂，第三方转载。
读取状态：已用原生web回读正文、当事人意见及处理结果
来源：https://zh.wikisource.org/zh-hans/%E5%8C%97%E4%BA%AC%E5%B8%82%E4%B8%9C%E5%9F%8E%E5%8C%BA%E4%BA%BA%E6%B0%91%E6%B3%95%E9%99%A2%EF%BC%882022%EF%BC%89%E4%BA%AC0101%E6%B0%91%E5%88%9D8191%E5%8F%B7%E6%B0%91%E4%BA%8B%E5%88%A4%E5%86%B3%E4%B9%A6

案例：北京金萌泰医院管理集团有限公司消费投诉处理公示
日期：2026-06-25
工种：怀孕及分娩护理
记录：消费者反映2026-06-25购买的怀孕及分娩护理涉及定金争议，要求赔偿损失。官方公示列出的处理结果为“达成调解协议”。
回应：公示没有展示企业具体答复。
处理结果：达成调解协议
处理部门：北京丰台区市场监督管理局
限制：投诉基本信息与问题由当事人填报，不是违法认定。公示未披露协议具体内容、退款金额或到账证据；未确认该单为育儿嫂。公示期限为一年，本次只回读选取的具名详情。
读取状态：已打开12315官方详情，核对主体、服务及处理结果
来源：https://tsgs.12315.cn/#/viewport

来源（读取及归属边界见对应记录）：
https://zh.wikisource.org/zh-hans/%E5%8C%97%E4%BA%AC%E5%B8%82%E4%B8%9C%E5%9F%8E%E5%8C%BA%E4%BA%BA%E6%B0%91%E6%B3%95%E9%99%A2%EF%BC%882022%EF%BC%89%E4%BA%AC0101%E6%B0%91%E5%88%9D8191%E5%8F%B7%E6%B0%91%E4%BA%8B%E5%88%A4%E5%86%B3%E4%B9%A6
https://tsgs.12315.cn/#/viewport",60.0,北京育儿业务待核组,不进入政府品牌优先组,60,北京金萌泰医院管理集团有限公司,https://rsj.beijing.gov.cn/bm/ztzl/ssjzlwpp/202511/t20251103_4250990.html
惠佳丰／京惠照护师,业务仍需确认,综合家政,集团名为惠佳丰健康产业集团有限公司，政府名录列北京市惠佳丰劳务服务有限责任公司，京惠照护师为旗下品牌。介绍明确集团从2003年成立的劳务公司发展；本次育儿合同会使用哪个主体仍未取得。,官网两张服务海报已读，明确是产检陪同、月嫂和产后服务。政府/就业网提到为居家婴幼提供平台服务，但没有适龄范围、长期育儿嫂产品或雇主下单合同；因此保留为业务待确认，不把月嫂自动计为育儿嫂。,本次官网可读，另有2025年11月政府品牌页和12月中国就业网介绍。可证明存在公开经营资料，不能据此保证现时有长期育儿嫂可接单。,按品牌查换人、合同、退费，未取得公开育儿嫂更换条款。不能证明免费更换、次数、多久推荐或多久到岗。,未取得可归属雇主合同、退款公式或独立退费案例。试工结算、中介费返还和更换失败退出办法待确认。,公开服务海报未列月费、服务费或育儿嫂报价；医院采购中标金额不适用于家庭育儿。,官方品牌资料介绍自有职业培训及考核体系；本次未取得具体候选人的证件、健康检查和婴幼实操核验材料。,品牌介绍有平台反馈及过程管理概述，未见家庭育儿上门督导频率和投诉处理期限。宣传满意度没有独立样本说明，未用于口碑排名。,2025年北京市人社局品牌海报：西城区南纬路41号，张老师，13811972846；这是公开历史业务联系入口，本次未电话确认。官网 www.huijiafeng.com。,护理和月嫂业务证据较充分；长期育儿嫂、换退保障和独立雇主口碑仍未取得可靠公开资料。已查到的资料不足以纳入优先育儿候选。,是否向北京家庭提供出月子后的长期育儿嫂；具体签约、收款及派工主体；免费更换、到岗期限、退款计算和报价；可面试人员及独立服务回访,"""惠佳丰健康产业集团有限公司"" → 已核对完整主体或品牌服务线索；仅搜索摘要者在来源阅读状态中单列。
""惠佳丰"" 育儿嫂 育婴师 → 已核对完整主体或品牌服务线索；仅搜索摘要者在来源阅读状态中单列。
site:huijiafeng.com 育儿嫂 育婴 → 已核对完整主体或品牌服务线索；仅搜索摘要者在来源阅读状态中单列。
""惠佳丰"" 家政 更换 退费 合同 → 读到官网、政府品牌资料及中国就业网；未取得育儿嫂换退合同或可归属独立雇主投诉。
""惠佳丰"" 育儿 月嫂 投诉 评价 → 读到官网、政府品牌资料及中国就业网；未取得育儿嫂换退合同或可归属独立雇主投诉。
""惠佳丰"" 北京 育儿嫂 服务 → 读到官网、政府品牌资料及中国就业网；未取得育儿嫂换退合同或可归属独立雇主投诉。","惠佳丰健康产业集团有限公司｜中国家庭服务业协会 https://www.chsa.com.cn/nd.jsp?fromColId=-1&id=400&_ngc=-1#_np=0_31_38（团队已读取原页面；本批复核保存全文）
惠佳丰健康产业集团官网 https://www.huijiafeng.com/（已打开并阅读相关原文）
惠佳丰母婴照护服务 https://www.huijiafeng.com/col.jsp?id=115（已读网页和两张服务海报原图）
北京市惠佳丰劳务服务有限责任公司｜北京市人社局品牌资料 https://rsj.beijing.gov.cn/bm/ztzl/ssjzlwpp/202511/t20251103_4251033.html（已读网页及完整海报）
京惠照护师｜中国就业网 https://chinajob.mohrss.gov.cn/h5/c/2025-12-15/470677.shtml（已读原文）",,本条目无此次站内核查记录,先核实,北京育儿业务待核组。对应2025年正式政府联合推选并发布的劳务品牌企业名录，列名公司为北京市惠佳丰劳务服务有限责任公司。名单没有官方名次；仍须核对本单合同、育儿人选与换人条款。这是品牌关联记录，仅适用于列名法人，不覆盖所有同品牌订单。不进入政府品牌推选优先组；数值仅供查看已有资料构成。,v2.0,新增北京市惠佳丰劳务服务有限责任公司2026年生活垃圾管理罚款3000元官方公示及两起2023年劳动诉讼。两宗劳动诉讼均驳回劳动者相关请求，不能只列诉称而略去判决；均非育儿客户退费。,已按1组名称查询当前公示列表，本轮未见记录；不代表零投诉，公示期限、名称别称和公开范围会影响结果。,"[黑猫投诉公开索引] site:tousu.sina.com.cn ""惠佳丰""
已实际检索 site:tousu.sina.com.cn ""惠佳丰""；同批输出候选经主体人工核对，本轮公开索引未取得可归属的平台投诉个案。

[消费保旧域公开索引] site:xfb315.com ""惠佳丰""
已实际检索 site:xfb315.com ""惠佳丰""；同批输出候选经主体人工核对，本轮公开索引未取得可归属的平台投诉个案。

[监管/司法/媒体公开索引] ""北京市惠佳丰劳务服务有限责任公司"" 投诉 退费 处罚 法院
新增北京市惠佳丰劳务服务有限责任公司2026年生活垃圾管理罚款3000元官方公示及两起2023年劳动诉讼。两宗劳动诉讼均驳回劳动者相关请求，不能只列诉称而略去判决；均非育儿客户退费。

[消费保新域公开索引] ""惠佳丰"" 消费保 site:xfb365.com
已实际检索 ""惠佳丰"" 消费保 site:xfb365.com；同批输出候选经主体人工核对，本轮公开索引未取得可归属的平台投诉个案。

[品牌别称/个案后续补查] ""京惠照护师"" 投诉
补查实际执行。新增北京市惠佳丰劳务服务有限责任公司2026年生活垃圾管理罚款3000元官方公示及两起2023年劳动诉讼。两宗劳动诉讼均驳回劳动者相关请求，不能只列诉称而略去判决；均非育儿客户退费。

[品牌别称/个案后续补查] ""北京市惠佳丰劳务服务有限责任公司"" 投诉
补查实际执行。新增北京市惠佳丰劳务服务有限责任公司2026年生活垃圾管理罚款3000元官方公示及两起2023年劳动诉讼。两宗劳动诉讼均驳回劳动者相关请求，不能只列诉称而略去判决；均非育儿客户退费。

[品牌别称/个案后续补查] ""惠佳丰"" ""生活垃圾"" 2026
补查实际执行。新增北京市惠佳丰劳务服务有限责任公司2026年生活垃圾管理罚款3000元官方公示及两起2023年劳动诉讼。两宗劳动诉讼均驳回劳动者相关请求，不能只列诉称而略去判决；均非育儿客户退费。

[12315站内] 北京市惠佳丰劳务服务有限责任公司
查询“北京市惠佳丰劳务服务有限责任公司”：该名称在此次公示列表未见记录，不代表零投诉或没有历史纠纷；公示期限、名称别称和公开范围会影响结果。

案例：京西德胜街道罚字﹝2026﹞10010号
日期：处罚2026-01-20；公示2026-01-23
工种：生活垃圾管理事项
记录：公示主体北京市惠佳丰劳务服务有限责任公司，统一信用代码91110102753325360F；依据北京市生活垃圾管理条例第六十九条第一款罚款3000元。
回应：公开公示页未载企业答辩。
处理结果：官方公示罚款3000元；未取得缴款、复议或整改后续。
限制：事项不是育儿嫂服务质量；公示未细述具体违法事实，不能自行补写垃圾分类情节。
读取状态：已用原生web回读正文、当事人意见及处理结果
来源：https://www.bjxch.gov.cn/zt/xzxkhxzcfgszl/syx/xxxq4/pnidpv675e8cb4eac84379be96256b74bda00e.html

案例：历史劳动争议判决记录
日期：2023-03-31
工种：医院配送员
记录：劳动者要求加班费、未休年假及补贴；法院依据签署的解除合同关系承诺书、双方结清约定等不支持请求。
回应：公司请求维持一审，提交结清承诺、考勤和工资等证据；劳动者对签署内容有异议但未申请鉴定。
处理结果：二审驳回上诉、维持原判，为终审；公司无此案被判欠薪结论。
限制：劳动争议非家庭客户投诉，不把诉称欠款写作已认定事实。
读取状态：已用原生web回读正文、当事人意见及处理结果
来源：https://search.laborinfocn.com/lawcases/case/261612

案例：历史劳动争议判决记录
日期：2023-03-21
工种：医院陪护
记录：陪护人员要求确认2008–2021劳动关系及解除补偿；法院认为证明劳动关系的证据不足，公司居间服务合同及生活陪护协议形成反证。
回应：公司否认劳动关系，提出实际为居间服务；劳动者主张存在管理、培训及工资支付。
处理结果：一审驳回劳动者全部请求；未取得上诉或后续。
限制：文书出现客户预缴、多退少补条款属于医院陪护旧协议，不能当当前育儿嫂退费政策。
读取状态：已用原生web回读正文、当事人意见及处理结果
来源：https://zh.wikisource.org/zh-hans/%E5%8C%97%E4%BA%AC%E5%B8%82%E8%A5%BF%E5%9F%8E%E5%8C%BA%E4%BA%BA%E6%B0%91%E6%B3%95%E9%99%A2%EF%BC%882023%EF%BC%89%E4%BA%AC0102%E6%B0%91%E5%88%9D1845%E5%8F%B7%E6%B0%91%E4%BA%8B%E5%88%A4%E5%86%B3%E4%B9%A6

来源（读取及归属边界见对应记录）：
https://www.bjxch.gov.cn/zt/xzxkhxzcfgszl/syx/xxxq4/pnidpv675e8cb4eac84379be96256b74bda00e.html
https://search.laborinfocn.com/lawcases/case/261612
https://zh.wikisource.org/zh-hans/%E5%8C%97%E4%BA%AC%E5%B8%82%E8%A5%BF%E5%9F%8E%E5%8C%BA%E4%BA%BA%E6%B0%91%E6%B3%95%E9%99%A2%EF%BC%882023%EF%BC%89%E4%BA%AC0102%E6%B0%91%E5%88%9D1845%E5%8F%B7%E6%B0%91%E4%BA%8B%E5%88%A4%E5%86%B3%E4%B9%A6
https://tsgs.12315.cn/#/viewport",60.0,北京育儿业务待核组,不进入政府品牌优先组,60,"北京市惠佳丰劳务服务有限责任公司
北京市惠佳丰劳务服务有限责任公司
北京市惠佳丰劳务服务有限责任公司","https://rsj.beijing.gov.cn/bm/ztzl/ssjzlwpp/202511/t20251103_4251033.html
https://sw.beijing.gov.cn/phone/zwxx/tzgg/202401/t20240131_3550205.html
https://rsj.beijing.gov.cn/xxgk/tzgg/202302/t20230208_2913405.html"
喜福天使,有北京业务线索,母婴服务,2025年兴安护工北京行招聘转载全称为北京喜福天使家政服务有限公司，并列昌平地址。另有喜福天使家政集团行业活动与合作培训线索，但未取得其集团与该法人关系、现行营业执照和信用代码。,2025-03-02招聘在本公司段明确母婴护理员负责幼儿日常照料，另列月嫂岗位；北京昌平地点支持纳入婴幼儿照护候选。未披露长期住家/白班、适用月龄、北京服务区。,可核2025母婴岗位和2025合作培训；未取得2026在售套餐、派单库存或近期真实订单。公开有业务线索，不等于当前可以立即上户。,全名和短名换人/合同定向检索后，未取得育儿岗位免费更换次数、响应时限、临时替补及补差条件。,未取得可归属本公司的育儿合同退费比例、扣费规则或退款案例。不能把培训合作或行业活动视为消费者保障。,该公司招聘段没有母婴薪资；同文宝贝多多工资不适用于喜福天使。未取得育儿工资、服务费和试工费。,金萌泰官网2025-02-28原文证实喜福天使家政集团老师参与天津武清高血压照护培训。培训是养老/康复方向且异地，不能证明北京育儿人员均受婴幼儿培训、持证或完成背调。,未取得北京育儿订单的专属顾问、督导频率、家长沟通与应急人员机制；2025行业管理交流仅有索引，不能证明真实督导效果。,2025招聘联系人杜老师，地址北京市昌平区石坊院21号502；该段未列电话。三方服务站目录索引另有嘉诚中心501，但原文未读到、电话疑为劳动关系公共服务电话，不作为家政销售热线。,纳入北京婴幼儿照护候选，依据是具名招聘原文；公开资料不足以证实现行更换和退费保障，应在签约前先取得合同。没有可核订单口碑样本，不给出高口碑结论。,现时北京育儿人选、月龄经验与可到岗日期；营业执照、签约及收款主体一致性；换人次数、到岗期限、差价和空档处理；无人可换及提前终止的退费公式；可回访的真实育儿客户与既往投诉结局,"""北京喜福天使家政服务有限公司"" 育儿嫂 育婴 服务 → 2025年兴安护工北京行招聘转载全称为北京喜福天使家政服务有限公司，并列昌平地址。另有喜福天使家政集团行业活动与合作培训线索，但未取得其集团与该法人关系、现行营业执照和信用代码。
北京 ""喜福天使"" 育儿嫂 育婴师 服务 公司 → 2025-03-02招聘在本公司段明确母婴护理员负责幼儿日常照料，另列月嫂岗位；北京昌平地点支持纳入婴幼儿照护候选。未披露长期住家/白班、适用月龄、北京服务区。
""喜福天使"" 家政 更换 退费 合同 → 全名和短名换人/合同定向检索后，未取得育儿岗位免费更换次数、响应时限、临时替补及补差条件。 未取得可归属本公司的育儿合同退费比例、扣费规则或退款案例。不能把培训合作或行业活动视为消费者保障。
""喜福天使"" 家政 投诉 评价 口碑 → 检索具名评价与投诉并复核有意义来源，未取得可确认属于本公司北京育儿订单的独立消费案例及处理结局；同名主体和广告已排除，不能据此推断口碑好。
""北京喜福天使"" 投诉 退费 小红书 → 未取得可归属育儿订单的独立个案。
""喜福天使"" site:tousu.sina.com.cn OR site:xiaohongshu.com → 公开索引未取得可确认的黑猫或小红书消费个案；不等于平台内无内容。
""北京喜福天使家政服务有限公司"" -pdf -site:sohu.com → 命中三方服务站索引，原文证书异常；未作营业执照核验。
""喜福天使"" ""退费"" → 没有取得该公司现行退费条款。
""北京喜福天使"" site:rsj.beijing.gov.cn → 未取得可打开的政府站点专属介绍。","兴安护工北京行线上招聘会（第二期） https://www.sohu.com/a/865804680_121123759（已读公开HTML原文）
金萌泰天津培训学校首期培训课圆满落幕 https://www.jinmengtai.cn/gongsi/232.html（原生打开失败后正常HTML已读）
2025北京市全民终身学习活动周家政管理人员交流 https://www.hulianhujia.cn/www/detail/cid/458c8bc51dca685936dd6f4c97992642.html（索引已读；全文未取得）
北京市劳动关系三方服务机构电话地址一览 https://www.guanxue.net/xxzl/1471.html（仅索引）",,本条目无此次站内核查记录,第二批,主体待核组。本轮逐一对照四份正式政府名单，未取得可归属的入选记录；不等于机构差或不存在其他荣誉。不进入政府品牌推选优先组；数值仅供查看已有资料构成。,v2.0,以北京喜福天使家政服务有限公司核查，命中家政店长赛事、招聘和劳动关系服务站目录。获奖及培训履历不作消费者好评，未取得可归属投诉处理个案。 本轮公开索引未取得可归属的投诉或处罚个案。,已按1组名称查询当前公示列表，本轮未见记录；不代表零投诉，公示期限、名称别称和公开范围会影响结果。,"[黑猫投诉公开索引] site:tousu.sina.com.cn ""喜福天使""
已实际检索 site:tousu.sina.com.cn ""喜福天使""；同批输出候选经主体人工核对，本轮公开索引未取得可归属的平台投诉个案。

[消费保旧域公开索引] site:xfb315.com ""喜福天使""
已实际检索 site:xfb315.com ""喜福天使""；同批输出候选经主体人工核对，本轮公开索引未取得可归属的平台投诉个案。

[监管/司法/媒体公开索引] ""北京喜福天使家政服务有限公司"" 投诉 退费 处罚 法院
以北京喜福天使家政服务有限公司核查，命中家政店长赛事、招聘和劳动关系服务站目录。获奖及培训履历不作消费者好评，未取得可归属投诉处理个案。

[消费保新域公开索引] ""喜福天使"" 消费保 site:xfb365.com
已实际检索 ""喜福天使"" 消费保 site:xfb365.com；同批输出候选经主体人工核对，本轮公开索引未取得可归属的平台投诉个案。

[12315站内] 北京喜福天使家政服务有限公司
查询“北京喜福天使家政服务有限公司”：该名称在此次公示列表未见记录，不代表零投诉或没有历史纠纷；公示期限、名称别称和公开范围会影响结果。

未取得本轮可单列案例；不代表没有投诉。

来源（读取及归属边界见对应记录）：
https://tsgs.12315.cn/#/viewport",0.0,主体待核组,不进入政府品牌优先组,0,,
嘉仁家政,有北京业务线索,综合家政,兴安护工北京行招聘原文使用北京嘉仁家政有限公司，地址在顺义。未取得可交叉对应的统一社会信用代码/官网；与海淀北京嘉仁门诊部有限责任公司是不同名称、地址、业务，不混并。,2025-03-02本公司母婴护理员岗位明确含幼儿照护、辅食、早期互动、动作发展指导和保健护理，构成北京婴幼儿照护业务线索。是否提供长期育儿嫂及当前住家/白班待核。,目前直接业务证据为2025招聘第三方转载，未取得2026经营与可派人选证明。主体仍须用营业执照及店面核验，不把检索稀少解释为停业或可靠。,针对嘉仁家政、全名及合同关键词检索，未取得免费更换次数、推荐/上岗期限或服务中断补偿。,未取得育儿合同取消、退费或服务费扣除条款；也未取得可确认归属的退款投诉结局。,招聘本段未列母婴薪酬及雇主收费。其他公司同篇工资或嘉仁体检套餐价格不能套用。,招聘写明岗位技能要求，但没有披露婴幼儿考核、背调和证件核验流程；体检中心的资料与本家政公司无已证实关系。,未取得育儿服务顾问、护理督导、定期回访和紧急替补安排；不能凭家政名称推断存在。,2025招聘列王经理，顺义区石园南区东侧、石园南区商品市场中心南区西4号，未列本公司电话。全名及地址补查未补到可确认销售电话。,作为已有北京婴幼儿岗位证据的候选收录，但可核来源少，当前经营与签约法人要先确认。嘉仁体检机构相关负面不能当作该家政公司的负面；本家公司口碑证据不足。,现时北京育儿人选、月龄经验与可到岗日期；营业执照、签约及收款主体一致性；换人次数、到岗期限、差价和空档处理；无人可换及提前终止的退费公式；可回访的真实育儿客户与既往投诉结局,"""北京嘉仁家政有限公司"" 育儿嫂 育婴 服务 → 兴安护工北京行招聘原文使用北京嘉仁家政有限公司，地址在顺义。未取得可交叉对应的统一社会信用代码/官网；与海淀北京嘉仁门诊部有限责任公司是不同名称、地址、业务，不混并。
北京 ""嘉仁家政"" 育儿嫂 育婴师 服务 公司 → 2025-03-02本公司母婴护理员岗位明确含幼儿照护、辅食、早期互动、动作发展指导和保健护理，构成北京婴幼儿照护业务线索。是否提供长期育儿嫂及当前住家/白班待核。
""嘉仁家政"" 家政 更换 退费 合同 → 针对嘉仁家政、全名及合同关键词检索，未取得免费更换次数、推荐/上岗期限或服务中断补偿。 未取得育儿合同取消、退费或服务费扣除条款；也未取得可确认归属的退款投诉结局。
""嘉仁家政"" 家政 投诉 评价 口碑 → 检索具名评价与投诉并复核有意义来源，未取得可确认属于本公司北京育儿订单的独立消费案例及处理结局；同名主体和广告已排除，不能据此推断口碑好。
""北京嘉仁家政"" → 命中同一招聘原文，未取得第二个可对应法人的正式页面。
""嘉仁"" ""家政"" ""石园"" → 未补到本家政公司独立条款或评价。
""嘉仁家政"" 投诉 退费 小红书 → 出现嘉仁体检/南京同名等噪音，未取得归属顺义家政的订单个案。
""嘉仁家政"" site:tousu.sina.com.cn OR site:xiaohongshu.com → 没有取得可确认归属的消费者记录；仅公开索引查询。
""北京嘉仁家政有限公司"" -pdf -site:sohu.com → 未补到可交叉核对的法人记录。
""嘉仁家政"" ""合同"" → 未取得本公司服务合同。","兴安护工北京行线上招聘会（第二期） https://www.sohu.com/a/865804680_121123759（已读公开HTML原文）
育儿嫂体检结果两副面孔 https://k.sina.cn/article_1750344480_6854232002701hw6k.html（已读原文）",,本条目无此次站内核查记录,第二批,主体待核组。本轮逐一对照四份正式政府名单，未取得可归属的入选记录；不等于机构差或不存在其他荣誉。不进入政府品牌推选优先组；数值仅供查看已有资料构成。,v2.0,以北京嘉仁家政有限公司核查并补精确品牌退费词，主要命中招聘。搜索返回的怀柔市场及人社检查表，经回读两份未见嘉仁；其他表仅摘要且未提供主体匹配，不作其处罚。 本轮公开索引未取得可归属的投诉或处罚个案。,已按1组名称查询当前公示列表，本轮未见记录；不代表零投诉，公示期限、名称别称和公开范围会影响结果。,"[黑猫投诉公开索引] site:tousu.sina.com.cn ""北京嘉仁家政""
已实际检索 site:tousu.sina.com.cn ""北京嘉仁家政""；同批输出候选经主体人工核对，本轮公开索引未取得可归属的平台投诉个案。

[消费保旧域公开索引] site:xfb315.com ""北京嘉仁家政""
已实际检索 site:xfb315.com ""北京嘉仁家政""；同批输出候选经主体人工核对，本轮公开索引未取得可归属的平台投诉个案。

[监管/司法/媒体公开索引] ""北京嘉仁家政有限公司"" 投诉 退费 处罚 法院
以北京嘉仁家政有限公司核查并补精确品牌退费词，主要命中招聘。搜索返回的怀柔市场及人社检查表，经回读两份未见嘉仁；其他表仅摘要且未提供主体匹配，不作其处罚。

[消费保新域公开索引] ""北京嘉仁家政"" 消费保 site:xfb365.com
已实际检索 ""北京嘉仁家政"" 消费保 site:xfb365.com；同批输出候选经主体人工核对，本轮公开索引未取得可归属的平台投诉个案。

[品牌别称/个案后续补查] ""嘉仁家政"" 投诉 退款
补查实际执行。以北京嘉仁家政有限公司核查并补精确品牌退费词，主要命中招聘。搜索返回的怀柔市场及人社检查表，经回读两份未见嘉仁；其他表仅摘要且未提供主体匹配，不作其处罚。

[12315站内] 北京嘉仁家政有限公司
查询“北京嘉仁家政有限公司”：该名称在此次公示列表未见记录，不代表零投诉或没有历史纠纷；公示期限、名称别称和公开范围会影响结果。

未取得本轮可单列案例；不代表没有投诉。

来源（读取及归属边界见对应记录）：
https://tsgs.12315.cn/#/viewport",0.0,主体待核组,不进入政府品牌优先组,0,,
宝贝多多,有北京业务线索,母婴服务,大兴区人社局开发的就业平台主体页明确北京宝贝多多家政服务有限公司，信用代码91110116MA007T4E4G；水滴信用同代码、地址一致。第三方工商显示2016-08-24成立，平台企业自介却写2006，年限存在冲突，以营业执照复核为准。,政府就业平台2026-01-21单列育儿嫂10人、工作地点北京，另有儿童陪伴师岗位；2024和2025招聘也明确北京育儿嫂。可以确认属于本任务的北京机构，当前实有人选仍待核。,2026年初具名育儿招聘与可读主体页支持近期业务；招聘截止2026-02-28，不能当本日实时在招或可派。水滴显示存续但属第三方工商信息，不替代最新国家公示系统核验。,公司自介有售后客服和满意度宣传，但未公开育儿嫂免费更换次数、替补到岗时间或差价规则。未把其他榜单的同业保障当作本公司的合同。,未取得现行育儿退费公式和可确认退款案例。就业页面“不收招聘费用”针对求职者，不能解读为客户免中介费。,2026-01-21育儿嫂招聘6000–15000元；2025招聘育儿嫂6000–12000元/26天。均为历史招聘薪酬，不含客户服务费。9000–20000元是儿童陪伴师，月嫂薪资另列。,育儿岗位要求健康证、相关技能证、无犯罪记录等；主体自介称背调、培训和持证，但未取得执行记录。2024/2025招聘还列高级育婴、早教和辅食技能证要求，须查看具体人选真证。,主体自介称有质检、专属客服和保险保障，未公开保单条款、督导频次与应急时限。2023职业院校访企原文可证校企接触，不能证明护理质量。,企业平台实际经营地址：北京大兴区北臧村镇天华街9号院11号楼16层1603。北京日报2025-03-06招聘转载列李老师18510958599；2025兴安护工招聘联系人李娜。电话未拨打。,纳入北京育儿嫂机构，政府就业资料能核主体、北京业务和较近期岗位；公开换人退费保障仍弱，不能按榜单星级高排。实际面试前先询服务费、换人到岗时间与无法匹配的退款。,现时北京育儿人选、月龄经验与可到岗日期；营业执照、签约及收款主体一致性；换人次数、到岗期限、差价和空档处理；无人可换及提前终止的退费公式；可回访的真实育儿客户与既往投诉结局,"""北京宝贝多多家政公司"" 育儿嫂 育婴 服务 → 大兴区人社局开发的就业平台主体页明确北京宝贝多多家政服务有限公司，信用代码91110116MA007T4E4G；水滴信用同代码、地址一致。第三方工商显示2016-08-24成立，平台企业自介却写2006，年限存在冲突，以营业执照复核为准。
北京 ""宝贝多多"" 育儿嫂 育婴师 服务 公司 → 政府就业平台2026-01-21单列育儿嫂10人、工作地点北京，另有儿童陪伴师岗位；2024和2025招聘也明确北京育儿嫂。可以确认属于本任务的北京机构，当前实有人选仍待核。
""宝贝多多"" 家政 更换 退费 合同 → 公司自介有售后客服和满意度宣传，但未公开育儿嫂免费更换次数、替补到岗时间或差价规则。未把其他榜单的同业保障当作本公司的合同。 未取得现行育儿退费公式和可确认退款案例。就业页面“不收招聘费用”针对求职者，不能解读为客户免中介费。
""宝贝多多"" 家政 投诉 评价 口碑 → 检索具名评价与投诉并复核有意义来源，未取得可确认属于本公司北京育儿订单的独立消费案例及处理结局；同名主体和广告已排除，不能据此推断口碑好。
""宝贝多多"" ""家政"" 退费 更换 合同 → 命中主体和营销榜单，未取得本机构正式合同。
""宝贝多多"" ""家政"" site:tousu.sina.com.cn → 未取得可归属该北京家政公司的黑猫消费个案；另有同名海南科技诉讼需排除。","北京宝贝多多企业单位信息 https://jy.daxing.net/qyzs/195640.jhtml（已读原文）
育婴师/保育员：育儿嫂 https://jy.daxing.net/zpxx/195645.jhtml（已读原文）
育婴师/保育员：儿童陪伴师 https://jy.daxing.net/zpxx/195647.jhtml（已读原文）
北京宝贝多多家政服务有限公司 https://shuidi.cn/company-8eb2f85750c23849ca9932f5883605bb.html（已读原文）
兴安护工北京行线上招聘会（第二期） https://www.sohu.com/a/865804680_121123759（已读公开HTML原文）
通州妈妈岗招聘：宝贝多多 https://finance.sina.com.cn/jjxw/2025-03-06/doc-inenthxf6672764.shtml（已读正文及本公司招聘表图片）
云南特殊教育职业学院访企拓岗 https://www.yntzy.edu.cn/cnmainMb/xwzx/4460.html（已读公开HTML原文）
2025北京月嫂公司口碑分析与选择指南 https://www.sohu.com/a/935118525_122521520（已读公开HTML原文）
整理收纳师服务质量标准（试行） https://swt.fujian.gov.cn/xxgk/jgzn/jgcs/fwyfzc/tzgg_459/202209/t20220909_5990531.htm（已读原文）",,本条目无此次站内核查记录,第二批,主体待核组。本轮逐一对照四份正式政府名单，未取得可归属的入选记录；不等于机构差或不存在其他荣誉。不进入政府品牌推选优先组；数值仅供查看已有资料构成。,v2.0,以北京宝贝多多家政服务有限公司核查，命中大兴招聘、院校访企和工商页面；未取得可归属个案。多多、母婴用品等泛词结果不能替代本家政法人。 本轮公开索引未取得可归属的投诉或处罚个案。,已按1组名称查询当前公示列表，本轮未见记录；不代表零投诉，公示期限、名称别称和公开范围会影响结果。,"[黑猫投诉公开索引] site:tousu.sina.com.cn ""北京宝贝多多家政""
已实际检索 site:tousu.sina.com.cn ""北京宝贝多多家政""；同批输出候选经主体人工核对，本轮公开索引未取得可归属的平台投诉个案。

[消费保旧域公开索引] site:xfb315.com ""北京宝贝多多家政""
已实际检索 site:xfb315.com ""北京宝贝多多家政""；同批输出候选经主体人工核对，本轮公开索引未取得可归属的平台投诉个案。

[监管/司法/媒体公开索引] ""北京宝贝多多家政服务有限公司"" 投诉 退费 处罚 法院
以北京宝贝多多家政服务有限公司核查，命中大兴招聘、院校访企和工商页面；未取得可归属个案。多多、母婴用品等泛词结果不能替代本家政法人。

[消费保新域公开索引] ""北京宝贝多多家政"" 消费保 site:xfb365.com
已实际检索 ""北京宝贝多多家政"" 消费保 site:xfb365.com；同批输出候选经主体人工核对，本轮公开索引未取得可归属的平台投诉个案。

[12315站内] 北京宝贝多多家政服务有限公司
查询“北京宝贝多多家政服务有限公司”：该名称在此次公示列表未见记录，不代表零投诉或没有历史纠纷；公示期限、名称别称和公开范围会影响结果。

未取得本轮可单列案例；不代表没有投诉。

来源（读取及归属边界见对应记录）：
https://tsgs.12315.cn/#/viewport",2.0,主体待核组,不进入政府品牌优先组,0,,
乐禧宝母婴,有北京业务线索,母婴服务,58本商户段显示北京乐禧宝健康管理有限公司；小红书历史作者称亦庄乐禧宝母婴。两处同名业务可保留品牌线索，但本次未取得营业执照、门店与本单合同的直接对应。,已实际读到58北京朝阳商户的育儿嫂/育婴师广告。另有2024年亦庄雇主试工经历，均指向北京育儿业务；实时能面试的人选和服务区域仍需直接询问。,本轮能在实时58页面复现具名育儿广告；小红书单方经历为2024年。广告展示不代表已确认现时库存、法人营业状态或亦庄门店仍在原处。,58该商户广告带“免费调换”，未列次数、同级差价、推荐/到岗期限。历史雇主自述阿姨临时不能接单需要重新匹配，不能当成当前保证补位的证明。,品牌与法人更换、退费、合同检索未取得合同正文。已读小红书作者曾被要求试工前付2000元、未成功扣两天服务费，作者表示拒绝；不能写成已经支付又退不回，最终退款结局未确认。,没有可验证的当前育儿嫂月费及总服务费。历史试工付款要求仅适用于单篇经历，不当作现行统一收费表；排行榜“10000起”工种不明，未用于报价。,58一般性宣称专业服务，未取得具体育婴证件、体检项目、背景核查流程或实操考核记录。,没有取得督导频率与售后处置时限。58显示5.0/3条评价但无完整订单与评论时间，不能与已读雇主经历合成满意度。,58本商户公开联系人珍珍老师，业务显示朝阳；可从链接中的公司全称辨认商户。瑞辰国际中心第三方招商页也列同名机构，但不是机构官方门店确认，不直接推荐据此上门。,小红书站内已读具名材料：作者称在大众点评找到乐禧宝，沟通可先试工再签约；临近试工被要求交2000元试工费及不成扣2天服务费，作者拒绝。试工满意并放弃其他候选后，临近月嫂交接被告知阿姨家中老人急病不能上户，需要重新匹配。作者对临时变更和服务沟通不满。 可见内容未核验订单；退费结果和案例边界见逐条记录。,最新签约与收款主体、门店品牌关系；本单育儿嫂工资与机构服务费、试工结算；免费换人次数、推荐和到岗期限、失败退费；当前候选人、核验材料与督导记录,"""北京"" ""乐禧宝"" 育儿嫂 家政 公司 → 发现58精确法人商户和写字楼招商页；读到商户原文。
""乐禧宝"" 更换 退费 合同 → 未检到明确合同；已读商户有免费调换标签，无次数时限。
""乐禧宝"" 育儿 投诉 评价 → 搜索主要营销榜单；另外已在小红书站内读到历史雇主试工经历。
""乐禧宝母婴"" 官网 北京 → 未取得可确认的机构官网与合同。
""北京乐禧宝健康管理有限公司"" 育儿嫂 合同 服务费 → 法人定位58商户，未取得公开合同。
""乐禧宝"" ""退费"" → 未取得独立确认退款的网页记录。","58育儿嫂目录：北京乐禧宝健康管理有限公司 https://www.58.com/npphy202212042930/（原生打开失败；普通HTTP已读具体商户段）
瑞辰国际中心招商页 https://www.bjrcgj.cn/index.html（已读原文）
乐禧宝试工及临时重新匹配经历 https://www.xiaohongshu.com/explore/669a797f000000000a027c7c（已读正文和可见作者回复）",作者称在大众点评找到乐禧宝，沟通可先试工再签约；临近试工被要求交2000元试工费及不成扣2天服务费，作者拒绝。试工满意并放弃其他候选后，临近月嫂交接被告知阿姨家中老人急病不能上户，需要重新匹配。作者对临时变更和服务沟通不满。 https://www.xiaohongshu.com/explore/669a797f000000000a027c7c；处理结果：所读正文及可见回复未取得明确退款或最终替换结果。；边界：历史单方经历，未核对原始合同、支付和中介回应，不可写成已证实欺诈或现行合同规则。 作者2024-07-26回复称因此对中介信任降低。；作者07-06回复建议多加几个中介并试工，年份页面未显示，不补造。；其他评论者声称电话咨询时没阿姨接单，属不同订单与作者主案分开。,作者称在大众点评找到乐禧宝，沟通可先试工再签约；临近试工被要求交2000元试工费及不成扣2天服务费，作者拒绝。试工满意并放弃其他候选后，临近月嫂交接被告知阿姨家中老人急病不能上户，需要重新匹配。作者对临时变更和服务沟通不满。,第二批,未匹配入选名单的补充组。本轮逐一对照四份正式政府名单，未取得可归属的入选记录；不等于机构差或不存在其他荣誉。,v2.0,以乐禧宝及北京乐禧宝健康管理有限公司核查，结果主要为58广告聚合页的评分摘要。未读取可核完整投诉；知乎乐禧家政宣传片段无法确认与乐禧宝同一主体，也非独立投诉。 本轮公开索引未取得可归属的投诉或处罚个案。,已按1组名称查询当前公示列表，本轮未见记录；不代表零投诉，公示期限、名称别称和公开范围会影响结果。,"[黑猫投诉公开索引] site:tousu.sina.com.cn ""乐禧宝""
已实际检索 site:tousu.sina.com.cn ""乐禧宝""；同批输出候选经主体人工核对，本轮公开索引未取得可归属的平台投诉个案。

[消费保旧域公开索引] site:xfb315.com ""乐禧宝""
已实际检索 site:xfb315.com ""乐禧宝""；同批输出候选经主体人工核对，本轮公开索引未取得可归属的平台投诉个案。

[监管/司法/媒体公开索引] ""北京乐禧宝健康管理有限公司"" 投诉 退费 处罚 法院
以乐禧宝及北京乐禧宝健康管理有限公司核查，结果主要为58广告聚合页的评分摘要。未读取可核完整投诉；知乎乐禧家政宣传片段无法确认与乐禧宝同一主体，也非独立投诉。

[消费保新域公开索引] ""乐禧宝"" 消费保 site:xfb365.com
已实际检索 ""乐禧宝"" 消费保 site:xfb365.com；同批输出候选经主体人工核对，本轮公开索引未取得可归属的平台投诉个案。

[品牌别称/个案后续补查] ""乐禧宝"" 投诉
补查实际执行。以乐禧宝及北京乐禧宝健康管理有限公司核查，结果主要为58广告聚合页的评分摘要。未读取可核完整投诉；知乎乐禧家政宣传片段无法确认与乐禧宝同一主体，也非独立投诉。

[12315站内] 北京乐禧宝健康管理有限公司
查询“北京乐禧宝健康管理有限公司”：该名称在此次公示列表未见记录，不代表零投诉或没有历史纠纷；公示期限、名称别称和公开范围会影响结果。

未取得本轮可单列案例；不代表没有投诉。

来源（读取及归属边界见对应记录）：
https://tsgs.12315.cn/#/viewport",6.0,未匹配入选名单的补充组,不进入政府品牌优先组,0,,
金月时代,有北京业务线索,综合家政,政府历史名录为金月时代（北京）家政服务有限公司；家政港页题为北京金月时代家政服务有限公司，正文又写金月时代北京家政服务有限公司。品牌展示合并，但这些名称是否同一法人不能仅靠近似名称确定。,家政港商户页明确育儿嫂，并有北京朝阳20个月宝宝、海淀8个月宝宝等历史育儿岗位。2026推广文章仍介绍育儿服务，58索引也出现完整法人的婴儿保姆广告；当前库存待核。,历史商户页仍可读，岗位多为2018—2020；2026推广及58索引是新一些的曝光线索，尚不足以确认当前同一法人可接单。,2026商业推荐文章宣称不满意可在规定时间内免费换合适人选，但未给具体天数和合同。未取得官方换人协议；不能把推广文章写成现行合同保障。,品牌与完整法人退款/投诉查询未取得家庭育儿退费条款或可确认的退款案例。试工费、中介费及连续匹配失败退出方式未知。,历史招聘工资不作为2026家庭报价；当前育儿嫂月工资、机构费、节假日和超次换人费未取得。,家政港企业自述身份与资质查验、岗前培训；未取得实际候选资料。推广稿中双语、医院资源和统一高标准缺少可核样本，未作质量加分。,企业自述定期回访；未列频次、责任人和投诉时限。2017特许经营备案处罚转载是经营管理事项，非育儿嫂服务事故或退款案例。,家政港商户页公开丰台左安门南三环东路紫芳园方庄6号，可通过该页面辨认企业后询问现店地址；该资料较旧，未电话或到店核验。,有明确历史北京育儿业务；当前换人条款主要是推广说法，缺少现行合同。应先核准门店及法人，再比较服务，不依推荐榜确定质量。,最新签约与收款主体、门店品牌关系；本单育儿嫂工资与机构服务费、试工结算；免费换人次数、推荐和到岗期限、失败退费；当前候选人、核验材料与督导记录,"""金月时代"" 北京 育儿嫂 官网 → 读到家政港公司原页与历史北京育儿岗位。
""金月时代"" 更换 退费 投诉 → 主要为推广稿；换退合同未取得。
""金月时代"" ""免费"" ""更换"" → 商业品牌推荐稿有换人宣传，未列具体时限。
""金月时代"" ""退费"" 北京 → 未找到可归属育儿雇主退款结局。
""金月时代"" ""投诉"" ""育儿嫂"" → 未取得可核育儿案例，不能据未检出视为好评。
""金月时代（北京）家政服务有限公司"" 投诉 → 出现2017特许经营备案处罚转载，与育儿履约区分。","金月时代家政港企业页面 https://bj.jiazhenggang.com/user/jinyueshidai/（普通HTTP已读取完整原文）
2021春节家政保供公示 https://sw.beijing.gov.cn/zmhd/dczjj/202306/t20230601_3119537.html（已读原文）
金月时代海淀家政服务推荐 https://www.chinapp.net.cn/shangwu/article-jcvo-415321.html（已读索引，原文403）
金月时代2017特许经营备案处罚转载 https://www.fjls0591.com/nd.jsp?id=445（已读搜索索引，原生打开失败）",,本条目无此次站内核查记录,第二批,主体待核组。本轮逐一对照四份正式政府名单，未取得可归属的入选记录；不等于机构差或不存在其他荣誉。不进入政府品牌推选优先组；数值仅供查看已有资料构成。,v2.0,新增2017年金月时代（北京）家政服务有限公司特许经营未按时备案处罚，媒体记罚款1万元，协会转载指向京商罚字[2017]第07112号。明确为历史特许经营合规事项，不是育儿订单质量或退款案。,已按1组名称查询当前公示列表，本轮未见记录；不代表零投诉，公示期限、名称别称和公开范围会影响结果。,"[黑猫投诉公开索引] site:tousu.sina.com.cn ""金月时代""
已实际检索 site:tousu.sina.com.cn ""金月时代""；同批输出候选经主体人工核对，本轮公开索引未取得可归属的平台投诉个案。

[消费保旧域公开索引] site:xfb315.com ""金月时代""
已实际检索 site:xfb315.com ""金月时代""；同批输出候选经主体人工核对，本轮公开索引未取得可归属的平台投诉个案。

[监管/司法/媒体公开索引] ""金月时代（北京）家政服务有限公司"" 投诉 退费 处罚 法院
新增2017年金月时代（北京）家政服务有限公司特许经营未按时备案处罚，媒体记罚款1万元，协会转载指向京商罚字[2017]第07112号。明确为历史特许经营合规事项，不是育儿订单质量或退款案。

[消费保新域公开索引] ""金月时代"" 消费保 site:xfb365.com
已实际检索 ""金月时代"" 消费保 site:xfb365.com；同批输出候选经主体人工核对，本轮公开索引未取得可归属的平台投诉个案。

[品牌别称/个案后续补查] ""金月时代"" 投诉 退费
补查实际执行。新增2017年金月时代（北京）家政服务有限公司特许经营未按时备案处罚，媒体记罚款1万元，协会转载指向京商罚字[2017]第07112号。明确为历史特许经营合规事项，不是育儿订单质量或退款案。

[品牌别称/个案后续补查] ""金月时代"" ""京商罚字"" 2017
补查实际执行。新增2017年金月时代（北京）家政服务有限公司特许经营未按时备案处罚，媒体记罚款1万元，协会转载指向京商罚字[2017]第07112号。明确为历史特许经营合规事项，不是育儿订单质量或退款案。

[12315站内] 金月时代（北京）家政服务有限公司
查询“金月时代（北京）家政服务有限公司”：该名称在此次公示列表未见记录，不代表零投诉或没有历史纠纷；公示期限、名称别称和公开范围会影响结果。

案例：未按规定向商务部门备案 金月时代（北京）家政服务被罚
日期：2017-08-22报道
工种：商业特许经营备案
记录：报道引北京市商务委员会处罚信息：金月时代（北京）家政服务有限公司首次订立特许经营合同后未依规定15日内备案，被罚1万元。
回应：短讯未载企业答辩；协会转载搜索摘要可见文号京商罚字[2017]第07112号，全文回读失败，未据其推断答辩内容。
处理结果：媒体记录罚款1万元；未取得履行、复议或整改后续。
限制：历史加盟备案合规，不是育儿服务事故或客户退费投诉。
读取状态：已用原生web回读正文、当事人意见及处理结果
来源：https://finance.sina.cn/2017-08-22/detail-ifykcqaw0664448.d.html?from=wap

来源（读取及归属边界见对应记录）：
https://finance.sina.cn/2017-08-22/detail-ifykcqaw0664448.d.html?from=wap
https://tsgs.12315.cn/#/viewport",5.0,主体待核组,不进入政府品牌优先组,0,,
京朵家政,业务仍需确认,综合家政,历史政府名单和第三方企业目录均列北京京朵家政服务有限公司。目录显示2020-09-29成立及信用代码91110108MA01W9ME1F；当前登记与合同盖章主体未直接核验。,2021网址目录介绍明确北京月嫂、育儿嫂、保姆等，但本轮该历史官网普通访问返回404。保留历史育儿线索；当前北京长期育儿业务与接单情况待确认。,有2021政府保供名单和旧网址收录信息；当前官方业务页不可用，不能判断公司停业，也不能确认当前接育儿单。,已查品牌更换、退费、合同，未取得可读现行换人政策。免费次数和候选/到岗时限未知。,品牌退款及纠纷检索未取得可归属雇主合同或退款结果；不据此判断没有投诉。,未取得当前育儿嫂工资、服务费、试工与退出扣款表。,2021目录称有培训、保险与授课合作，未取得原始保单、合作文件或实际候选核验资料；不把旧目录营销说明当成现行保障。,未取得督导频率、回访制度或投诉处理时限；独立育儿雇主体验不足。,第三方企业目录列13301389913及海淀北三环西路48号相关地址；属于待核联系线索，本次未通话。历史官网jingduojiazheng.com当前404，不作为可直接预约的有效入口。,机构有历史北京育儿业务线索，当前官网与可接单情况无法确认。已查过主体、业务、换退及口碑，列入待确认组。,最新签约与收款主体、门店品牌关系；本单育儿嫂工资与机构服务费、试工结算；免费换人次数、推荐和到岗期限、失败退费；当前候选人、核验材料与督导记录,"""京朵"" 北京 育儿嫂 官网 → 发现2021旧网址目录；原官网访问404。
""京朵"" 家政 更换 退费 投诉 → 没有取得可归属的换退合同或独立纠纷。
""京朵"" ""育儿嫂"" ""评价"" → 缺少独立体验正文，结果噪声未计入。
""京朵家政"" 合同 → 未取得合同。
""北京京朵家政服务有限公司"" 育儿嫂 → 读到企业目录和旧站服务说明。
""京朵家政"" 退款 → 未取得退款个案。","京朵家政网站目录记录 https://m.zhao.city/siteinfo/13452（已读原文）
中国企业库：北京京朵家政服务有限公司 https://www.qiyeku.cn/tag/company8610df-8.html（已读原文）
2021春节家政保供公示 https://sw.beijing.gov.cn/zmhd/dczjj/202306/t20230601_3119537.html（已读原文）
京朵历史官网访问结果 https://www.jingduojiazheng.com/（原生打开失败；普通HTTP返回404）",,本条目无此次站内核查记录,先核实,北京育儿业务待核组。本轮逐一对照四份正式政府名单，未取得可归属的入选记录；不等于机构差或不存在其他荣誉。不进入政府品牌推选优先组；数值仅供查看已有资料构成。,v2.0,以北京京朵家政服务有限公司核查，命中2021年保供、网站目录及工商资料。搜索带出的西城处罚表摘要点名北京巴顿家政等其他主体，未将其归给京朵。 本轮公开索引未取得可归属的投诉或处罚个案。,已按1组名称查询当前公示列表，本轮未见记录；不代表零投诉，公示期限、名称别称和公开范围会影响结果。,"[黑猫投诉公开索引] site:tousu.sina.com.cn ""京朵家政""
已实际检索 site:tousu.sina.com.cn ""京朵家政""；同批输出候选经主体人工核对，本轮公开索引未取得可归属的平台投诉个案。

[消费保旧域公开索引] site:xfb315.com ""京朵家政""
已实际检索 site:xfb315.com ""京朵家政""；同批输出候选经主体人工核对，本轮公开索引未取得可归属的平台投诉个案。

[监管/司法/媒体公开索引] ""北京京朵家政服务有限公司"" 投诉 退费 处罚 法院
以北京京朵家政服务有限公司核查，命中2021年保供、网站目录及工商资料。搜索带出的西城处罚表摘要点名北京巴顿家政等其他主体，未将其归给京朵。

[消费保新域公开索引] ""京朵家政"" 消费保 site:xfb365.com
已实际检索 ""京朵家政"" 消费保 site:xfb365.com；同批输出候选经主体人工核对，本轮公开索引未取得可归属的平台投诉个案。

[12315站内] 北京京朵家政服务有限公司
查询“北京京朵家政服务有限公司”：该名称在此次公示列表未见记录，不代表零投诉或没有历史纠纷；公示期限、名称别称和公开范围会影响结果。

未取得本轮可单列案例；不代表没有投诉。

来源（读取及归属边界见对应记录）：
https://tsgs.12315.cn/#/viewport",1.0,北京育儿业务待核组,不进入政府品牌优先组,0,,
泰维峰家政,有北京业务线索,综合家政,北京市政府2026联系页明确“北京泰维峰家政服务有限公司”。西城区信用公示搜索索引出现18位代码911101026723587264，但该页表头两列疑颠倒且原页回读超时，签约前仍应与营业执照核对；卓博称原名阳光育苗，属企业自述，未取得更名工商档案。,品牌网招商正文明确北京直营网点和育儿嫂、早教、新生儿护理、辅食服务；卓博索引说明0–3岁婴幼儿业务，2011民生周刊采访确有该公司育儿嫂。58搜索索引另见“泰维峰石景山店”育婴师/育儿嫂服务广告。可纳入北京育儿机构候选，但未核当前可面试人选。,2026年政府联系页及当前可检索58石景山门店广告是经营线索；官网本次超时，不据此认定停业。海淀行政登记索引显示2021年上地及远大路分公司注销，不能扩大为总公司注销；原“十余家直营”规模是否仍有效未核。,未取得现行育儿嫂合同、免费更换次数/期限、替补推荐或到岗时限。竞品十月阳光文章关于泰维峰换人的说法不构成本机构承诺；旧目录“不满意不收费”也不能推定无限免费换。,未取得试工失败、服务中止、无人可换时的服务费退还比例和到账时限。品牌网的“损坏物品照价理赔”是商业宣传，不能代替退费规则或保险条款。,未取得2026北京育儿嫂薪资、管理费、会员费和加班明细。品牌网5–10万元是加盟投资额，不是雇主收费，已排除。,招商资料自述人员筛选、公安备案、无犯罪记录和培训后上岗；卓博索引自述招募、筛选、培训、督导。未取得候选个人核验记录、近期体检、证书核验样本或考核标准，不能把宣传等同已核验。,招商正文称售后对订单回访、发现问题处理；未公开育儿专属督导频次、争议升级方式、响应时限或保险免赔额。,2026北京市政府联系页：010-67612940；北京市西城区马连道南街6号院1号803室。旧网站目录电话400-666-4266仅作为历史线索，未致电；卓博及本地宝的丰台/东直门地址可能为不同旧门店，当前营业需复核。,可作为北京老牌综合家政的补充面试渠道。育儿业务有多源线索，但现行换退合同、在岗供给与近期独立雇主经验不足，不宜凭老品牌/直营宣传排在已具备明确换人规则的机构之前。,索取当前签约公司执照与直营/加盟关系；取得育儿嫂合同和分项报价；明确免费换人条件、次数、到岗时限与无人可换退款；取得候选背景/体检/培训考核和近年北京订单反馈,"北京 泰维峰 家政 育儿嫂 官网 公司 → 命中卓博企业介绍、政府联系页、品牌招商页；分别检查主体、业务和页面可读性。
泰维峰 家政 更换 退款 合同 → 主要出现竞品推荐及通用行业资料，未取得本机构现行消费者合同。
泰维峰 家政 投诉 黑猫 消费保 小红书 → 未取得可准确归属的近期北京消费者原帖；不据此认定无投诉。
""泰维峰"" 投诉 退费 育儿嫂 → 命中2011年民生周刊行业采访，逐段回读区分具名员工采访和未标机构的雇主故事。
""泰维峰"" ""免费"" ""更换"" → 十月阳光竞品文章称可换人，未提供泰维峰合同原件，不能当作该机构承诺。
""泰维峰"" ""石景山"" ""育儿"" → 58聚合结果有近名异地干扰，继续限定门店复查。
""泰维峰家政"" ""退费"" → 未取得明确本品牌现行退费规则。
""泰维峰家政"" ""更换"" ""合同"" → 结果仍为竞品营销文章和无关友情链接，不作为合同。
""泰维峰"" ""石景山"" site:58.com → 部分结果实际是太原加盟商，排除其作为北京供应证据。
""泰维峰"" 育儿嫂 官网 taiweifeng → 找到 taiweifeng.com 域名线索，原生打开和直连超时，未取得现官网内容。
""泰维峰"" site:tousu.sina.com.cn → 未取得具名对应的黑猫消费者投诉。
""泰维峰"" site:xfb315.com → 未取得具名对应的消费保消费者投诉。
""泰维峰"" ""育儿嫂"" ""不满意"" → 58索引明确出现泰维峰石景山店育婴师/育儿嫂广告；其余不满意不收费是目录转载旧站描述。
""泰维峰"" ""育儿嫂"" ""退"" → 未取得退款原始条款，商业推荐不算独立评价。
""泰维峰"" ""统一社会信用代码"" → 西城区政府代码公示索引显示18位代码；表头疑有前后列颠倒，原页打开超时，标为待营业执照复核。
""泰维峰"" ""评价"" ""保姆"" → 2012百度知道为加盟咨询推荐；2026商业榜单无订单依据，均排除口碑。
""泰维峰"" site:xiaohongshu.com 评价 → 公开网页索引未返回可归属的笔记，不代表站内没有。此新增品牌未另做站内搜索。
""泰维峰"" site:zhihu.com 家政 → 未取得对应顾客原帖，返回房产/行业研报等无关内容。","北京泰維峰家政服務有限公司—北京市政府人的資源栏目 https://japanese.beijing.gov.cn/investinginbeijing/business_service/HR/202605/t20260527_4667800.html（已用原生web回读全部11行）
泰维峰家政加盟费用—品牌网 https://jm.chinapp.com/zhaoshang/2584（已直连原网页并读取正文，留存HTML与文本）
北京泰维峰家政服务有限公司招聘—卓博人才网 https://www.jobcn.com/position/home.xhtml?comId=466551&redirect=0&s=page%2Fhome（读取搜索引擎收录的完整企业介绍；原生打开/Jina超时，直连空正文）
58同城聚合页中的泰维峰石景山店育婴师/育儿嫂广告 https://www.58.com/npphyjm202208241703/（已读取搜索索引中明确门店的一行；原页打开超时）
家政服务：失衡的“剩时代”—民生周刊 https://paper.people.com.cn/mszk/html/2011-04/11/content_793506.htm?div=-1（已用原生web读取正文）
信用西城—社会信用代码公示 https://www.bjxch.gov.cn/zt/xyxc/shxydmgs/pnpagenumpv2109.html（已读搜索索引表；原页打开超时）
海淀区2021年12月工商登记注销公示 https://www.bjhd.gov.cn/ztzx/2020zt/hdqzfgs/dsz_62030/dtxx/zfjggs/xzxk/202201/P020220111539638853657.pdf（PDF已打开；相关分公司行仅取得搜索索引，未取得可完整比对的页图）
泰维峰旧官网域名线索 https://www.taiweifeng.com/（原生web与curl超时，未读内容）",,本条目无此次站内核查记录,第二批,主体待核组。本轮逐一对照四份正式政府名单，未取得可归属的入选记录；不等于机构差或不存在其他荣誉。不进入政府品牌推选优先组；数值仅供查看已有资料构成。,v2.0,保留并回读2011年民生周刊采访泰维峰育儿嫂的职业体验。具体雇主投诉段未标泰维峰，不能连带归属。新查询主要为资源库和企业信息，未取得可归属退款处理案。 本轮公开索引未取得可归属的投诉或处罚个案。,已按1组名称查询当前公示列表，本轮未见记录；不代表零投诉，公示期限、名称别称和公开范围会影响结果。,"[黑猫投诉公开索引] site:tousu.sina.com.cn ""泰维峰""
已实际检索 site:tousu.sina.com.cn ""泰维峰""；同批输出候选经主体人工核对，本轮公开索引未取得可归属的平台投诉个案。

[消费保旧域公开索引] site:xfb315.com ""泰维峰""
已实际检索 site:xfb315.com ""泰维峰""；同批输出候选经主体人工核对，本轮公开索引未取得可归属的平台投诉个案。

[监管/司法/媒体公开索引] ""北京泰维峰家政服务有限公司"" 投诉 退费 处罚 法院
保留并回读2011年民生周刊采访泰维峰育儿嫂的职业体验。具体雇主投诉段未标泰维峰，不能连带归属。新查询主要为资源库和企业信息，未取得可归属退款处理案。

[消费保新域公开索引] ""泰维峰"" 消费保 site:xfb365.com
已实际检索 ""泰维峰"" 消费保 site:xfb365.com；同批输出候选经主体人工核对，本轮公开索引未取得可归属的平台投诉个案。

[12315站内] 北京泰维峰家政服务有限公司
查询“北京泰维峰家政服务有限公司”：该名称在此次公示列表未见记录，不代表零投诉或没有历史纠纷；公示期限、名称别称和公开范围会影响结果。

案例：家政服务：失衡的“剩时代”
日期：2011-04-11
工种：育儿嫂
记录：一名在泰维峰从事育儿嫂的劳动者自述多次被解聘和辞职，谈及雇主沟通及职业尊重困难。
回应：劳动者意见可读；报道未包含公司对某笔投诉的处理答复。
处理结果：非投诉处理报道，未记替换、退款结果。
限制：文中其他雇主未点名机构的经历不归泰维峰；历史劳动者视角不能直接代替当前客户口碑。
读取状态：curl回读原文全文，已留存HTML与文本
来源：https://paper.people.com.cn/mszk/html/2011-04/11/content_793506.htm?div=-1

来源（读取及归属边界见对应记录）：
https://paper.people.com.cn/mszk/html/2011-04/11/content_793506.htm?div=-1
https://tsgs.12315.cn/#/viewport",2.0,主体待核组,不进入政府品牌优先组,0,,
凤尾竹家政,业务仍需确认,综合家政,2026政府采购公告完整列出北京凤尾竹家政服务有限责任公司、统一社会信用代码91110115684397132P。2019人社目录载许可证1101152009050；该历史许可证不能替代2026现行许可核验。,北京工会在2026-05-22发布大兴兴丰街道与凤尾竹月嫂优惠，明确产妇与新生儿护理。2024-12-28招聘文中凤尾竹段为大兴家庭保姆、小时工及老人/病人照护；同文“育儿嫂”属于另一家公司。2026中标项目是助老保洁。故确认北京家政及月嫂经营，但未取得出月子后长期育儿嫂服务的明确证据，应保留待核，不纳入已确认育儿嫂主榜。,2026-05工会月嫂优惠与2026-06政府助老保洁中标为当年经营的较强公开线索；中标合同服务期至2026-10-31。没有因缺官网或缺评论推定停业，但现行长期育儿嫂供给仍未核实。,未取得凤尾竹月嫂或育儿嫂免费更换条款、次数、期限、替补候选或到岗时限。工会活动和政府采购不能证明雇主家庭订单可免费换人。,未取得签约前取消、试工失败、服务中止及无人可换的退费比例、扣款项目和到账时限。,2026工会活动为市场价九折、每人限一次，限符合条件的大兴工会会员，活动至2026-12-31；原文未列月嫂基准价，也无长期育儿嫂报价。采购中标61.138万元是助老项目总额，不是家庭雇佣价格。,招聘文要求身体健康、专业护理经验、善沟通和耐心细心，但工种是老人/病人护理；未取得育儿人员证书、背景查验、体检及技能考核制度。不能用护理招聘要求推定育儿团队达标。,招聘自述团队一对一跟踪、为家庭设计服务体系；未取得母婴订单督导频次、投诉升级机制或保险合同。,2019大兴人社公开服务电话010-69234567（未拨打）；2026采购地址大兴黄村镇龙河路北口2号；2026工会月嫂活动地点福兴雅苑C区小区外4号楼东南侧人防。活动点与注册地址不同，预约前应确认接待门店。,可保留为大兴本地月嫂/综合家政机构的补充名单。公开资料足以确认公司与2026业务，但不足以确认长期育儿嫂，更没有取得换退合同；先确认工种和签约条款再决定是否进入育儿嫂面试。,明确是否现接满月后0–3岁长期育儿嫂及可面试人选；取得该工种现行合同、分项价格与免费更换承诺；明确人员空档、替补到岗和不能匹配时退费；取得近期消费者订单反馈及人员筛选培训证据,"北京 凤尾竹 育儿嫂 公司 官网 → 初搜命中政府记录及招聘汇总，需分辨月嫂和育儿嫂。
""凤尾竹"" 北京 育儿嫂 家政 公司 → 命中2026政府助老保洁采购及大兴历史人力资源名录。
""凤尾竹"" 家政 更换 退款 合同 → 未取得该公司现行育儿/月嫂换退合同，植物合同是无关结果。
""凤尾竹"" 家政 投诉 黑猫 消费保 → 命中深圳凤尾竹企业管理催收投诉，与北京家政不同主体，排除。
""凤尾竹"" ""育儿嫂"" → 招聘汇总中育儿嫂属于别家宝贝多多，不可跨段归给凤尾竹。
""凤尾竹家政"" ""育婴"" → 未取得明确长期育婴产品；继续补育婴师、育婴员词。
""凤尾竹家政"" ""育婴师"" → 未取得能归属该机构的育婴师业务证据。
""凤尾竹家政"" ""投诉"" → 命中2017劳动行政处罚历史表及2018示范门店公示，均回到工种与年份边界。
""凤尾竹"" ""育儿"" 家政 -酒店 -苗木 → 无明确长期育儿服务页，工会材料只写月嫂。
""北京凤尾竹家政"" 退款 合同 电话 → 人社历史目录给出010-69234567，换退条款未取得。
""凤尾竹家政"" 评价 北京 → 主要政府采购、名录及行业活动，未取得近期顾客服务长文。
""凤尾竹家政"" ""育婴员"" → 未取得长期育婴服务证据。
""凤尾竹"" 家政 官网 → 近名fengweizhu.cn是植物资讯，不作为家政官网。
""凤尾竹"" ""京兴人社劳监罚"" → 2017年第3季度处罚表第294项与全称对应，打开PDF回读具体条目。
""凤尾竹家政"" ""统一社会信用代码"" → 采购原页回读得到91110115684397132P。
""凤尾竹家政"" 育儿嫂 更换 退费 site:bj.58.com → 未取得对应58育儿/售后详情。
""凤尾竹家政"" site:xiaohongshu.com → 公开索引未返回对应经验帖；本新增品牌未另做站内检索。
""凤尾竹家政"" site:xfb315.com → 未取得可归属的消费者投诉，不代表无投诉。
北京凤尾竹家政服务有限责任公司 育儿嫂 育婴师 更换 退费 → Exa HTTP429限流；已用原生web多轮查询及原网页直连补足。","2026年基层党组织服务群众项目（助老服务）项目中标公告 https://ggzyfw.beijing.gov.cn/jyxxzbjggg/20260603/5558624.html（原生web打开超时后直连原页成功，已读全文并留存）
就餐、美发、农场采摘、月嫂服务……工会会员专属优惠来了 https://xinwen.bjd.com.cn/content/s6a100a9ee4b03fa51a7ea542.html（原生web不稳定后直连原网页并读取全文，留存HTML/文本）
2019年北京市大兴区经营性人力资源服务机构名录 https://www.bjdx.gov.cn/bjsdxqrmzf/zwfw/zdly/jycy21/690870/index.html（已用原生web回读正文第15行）
270名！4家物业家政公司招募月嫂、保姆、护工等！ https://m.sohu.com/a/842875721_121123772/（桌面页空/超时，移动原页直连后已读全文并留存）
2017年第3季度北京市劳动保障行政处罚信息公示 https://m.cqn.com.cn/pp/att/2017-12/11/IMG4ccc6aa7fc9a4629624252.pdf（已用原生web打开PDF并回读第30页/序号294；截图重试超时）",,本条目无此次站内核查记录,先核实,北京育儿业务待核组。本轮逐一对照四份正式政府名单，未取得可归属的入选记录；不等于机构差或不存在其他荣誉。不进入政府品牌推选优先组；数值仅供查看已有资料构成。,v2.0,复核旧2017年凤尾竹违法延长劳动时间的警告、罚款公示，非育儿消费争议。新搜出的何委珍案件实际针对爱侬方庄分部，已读正文并排除；没有因该误匹配新增凤尾竹诉讼。,已按1组名称查询当前公示列表，本轮未见记录；不代表零投诉，公示期限、名称别称和公开范围会影响结果。,"[黑猫投诉公开索引] site:tousu.sina.com.cn ""北京凤尾竹家政""
已实际检索 site:tousu.sina.com.cn ""北京凤尾竹家政""；同批输出候选经主体人工核对，本轮公开索引未取得可归属的平台投诉个案。

[消费保旧域公开索引] site:xfb315.com ""北京凤尾竹家政""
已实际检索 site:xfb315.com ""北京凤尾竹家政""；同批输出候选经主体人工核对，本轮公开索引未取得可归属的平台投诉个案。

[监管/司法/媒体公开索引] ""北京凤尾竹家政服务有限责任公司"" 投诉 退费 处罚 法院
复核旧2017年凤尾竹违法延长劳动时间的警告、罚款公示，非育儿消费争议。新搜出的何委珍案件实际针对爱侬方庄分部，已读正文并排除；没有因该误匹配新增凤尾竹诉讼。

[消费保新域公开索引] ""北京凤尾竹家政"" 消费保 site:xfb365.com
已实际检索 ""北京凤尾竹家政"" 消费保 site:xfb365.com；同批输出候选经主体人工核对，本轮公开索引未取得可归属的平台投诉个案。

[12315站内] 北京凤尾竹家政服务有限责任公司
查询“北京凤尾竹家政服务有限责任公司”：该名称在此次公示列表未见记录，不代表零投诉或没有历史纠纷；公示期限、名称别称和公开范围会影响结果。

案例：2017年第三季度北京市劳动保障行政处罚公示，第294项
日期：处罚送达2017-09-21
工种：未注明；劳动管理
记录：第294项列北京凤尾竹家政服务有限责任公司，案由违法延长劳动者工作时间，文号京兴人社劳监罚字〔2017〕167。
回应：公示表未载企业答辩。
处理结果：警告、罚款；未列金额，未取得整改后续。
限制：本轮再次打开PDF，但find中文未命中；具体第294行由本任务前段已回读同一PDF的记录保留。非育儿事故或消费者退款。
读取状态：本轮PDF可打开，保留先前已读第30页/294项的原始证据，不将全文搜索失败称无记录
来源：https://m.cqn.com.cn/pp/att/2017-12/11/IMG4ccc6aa7fc9a4629624252.pdf

来源（读取及归属边界见对应记录）：
https://m.cqn.com.cn/pp/att/2017-12/11/IMG4ccc6aa7fc9a4629624252.pdf
https://tsgs.12315.cn/#/viewport",0.0,北京育儿业务待核组,不进入政府品牌优先组,0,,
爱因宝,有北京业务线索,母婴服务,2024招聘转载、北京日报2025招聘信息和乌海人社2026招聘名单均写北京爱因宝家政有限公司。未取得该主体统一社会信用代码和最新营业执照；不与爱婴宝、爱宝蓓及义乌爱因宝母婴用品混并。,2024-12-28招聘原文明确月嫂、育儿嫂、住家保姆及养老照护，工作地点北京市内优先。2025-03-06北京日报招聘文章本公司配图单列育儿嫂25人，支持纳入北京育儿机构。,2026-03-05乌海人社来源的京蒙劳务协作招聘名单第49项仍列该公司，但该项只见名称，未提供可读岗位详情；最近具体育儿岗位信息为2025年，当前接单、人选及门店仍待核。,全名、短名与更换/合同定向检索，未取得育儿嫂免费更换次数、响应及上岗期限、跨等级差价和无人可换处理机制。,未取得育儿服务提前终止的退款比例、服务费扣费规则或有结局的具名消费者投诉。“招聘无收费”是求职提示，不能理解为客户零中介费。,2025-03-06招聘表的育儿嫂薪资待遇为5000–20000元，未写工时、计费周期及雇主中介费。该区间跨度大且属于历史招聘，不作为本日到手总价或套餐。,2024招聘要求52岁以内、初中以上，优先有证书和培训；2025招聘表写初中及以上。未取得具体婴幼儿考核标准、背调范围、健康检查与证书真实性核验流程。,未取得育儿订单的督导、定期回访、实操复训和紧急替班体系。公司“专业服务”宣传不能证明这些机制已实施。,北京日报客户端2025招聘信息（新浪转载）列陈老师18910755234，工作地北京市内优先、部分全国其他区域；未列可确认门店地址，未拨打电话。,纳入北京育儿机构候选，具名招聘原文、媒体招聘表与联系方式形成北京业务证据。未补到换退合同及独立订单口碑，暂不因招聘量、品牌名或未检出投诉而优先推荐。,最新营业执照、门店和实际收款签约法人；2026可派育儿人选、适用月龄与住家/白班；薪资周期及工资外服务费；换人次数、推荐/到岗时限及服务空档处理；不能换人或提前解约的退费公式；独立可回访客户与投诉处理情况,"""北京爱因宝家政有限公司"" 育儿嫂 育婴 服务 → 命中2024招聘原文并读全文，明确北京育儿岗位。
北京 ""爱因宝"" 育儿嫂 育婴师 服务 公司 → 交叉发现2026具名招聘名单，排除同名母婴用品及管道广告。
""爱因宝"" 家政 更换 退费 合同 → 未取得该公司育儿换退正式条款。
""爱因宝"" 家政 投诉 评价 口碑 → 未取得可确认本公司北京育儿订单的独立口碑案例。
""北京爱因宝家政"" 地址 电话 → 读到北京日报2025招聘正文和本公司图片，取得陈老师电话及育儿岗位薪资。
""爱因宝"" 家政 site:tousu.sina.com.cn OR site:xiaohongshu.com OR site:xiaofeibao.com → 未取得可归属的黑猫/公开小红书/该域名记录；此为公开索引，不代表平台内没有内容。
""北京爱因宝家政有限公司"" 企业 信用 → 未补到可核信用代码，2026招聘名单可打开。
""爱因宝家政"" ""更换"" → 未取得可归属的更换承诺。
""爱因宝家政"" ""投诉"" → 未取得可归属的消费投诉，不能推论零投诉或好评。","270名！4家物业家政公司招募月嫂、保姆、护工 https://www.sohu.com/a/842875721_121123772（原生未取得后正常HTML已读）
共招800多人！通州妈妈岗招聘 https://finance.sina.com.cn/jjxw/2025-03-06/doc-inenthxf6672764.shtml（已读原文及爱因宝招聘表配图）
爱因宝招聘岗位薪资表 https://n.sinaimg.cn/sinakd20250306s/259/w640h419/20250306/dd9a-0123262116afc32a99d701a346b2729d.png（正常下载后view_image已读原图）
京蒙劳务协作招聘岗位信息 https://www.sohu.com/a/992955416_121106854（已读公开HTML原文）",,本条目无此次站内核查记录,第二批,主体待核组。本轮逐一对照四份正式政府名单，未取得可归属的入选记录；不等于机构差或不存在其他荣誉。不进入政府品牌推选优先组；数值仅供查看已有资料构成。,v2.0,北京爱因宝家政有限公司命中大兴/通州招聘，未取得可归属消费者个案。未把爱婴宝、爱宝蓓和异地母婴品牌投诉相互混用。 本轮公开索引未取得可归属的投诉或处罚个案。,已按1组名称查询当前公示列表，本轮未见记录；不代表零投诉，公示期限、名称别称和公开范围会影响结果。,"[黑猫投诉公开索引] site:tousu.sina.com.cn ""北京爱因宝""
已实际检索 site:tousu.sina.com.cn ""北京爱因宝""；同批输出候选经主体人工核对，本轮公开索引未取得可归属的平台投诉个案。

[消费保旧域公开索引] site:xfb315.com ""北京爱因宝""
已实际检索 site:xfb315.com ""北京爱因宝""；同批输出候选经主体人工核对，本轮公开索引未取得可归属的平台投诉个案。

[监管/司法/媒体公开索引] ""北京爱因宝家政有限公司"" 投诉 退费 处罚 法院
北京爱因宝家政有限公司命中大兴/通州招聘，未取得可归属消费者个案。未把爱婴宝、爱宝蓓和异地母婴品牌投诉相互混用。

[消费保新域公开索引] ""北京爱因宝"" 消费保 site:xfb365.com
已实际检索 ""北京爱因宝"" 消费保 site:xfb365.com；同批输出候选经主体人工核对，本轮公开索引未取得可归属的平台投诉个案。

[12315站内] 北京爱因宝家政有限公司
查询“北京爱因宝家政有限公司”：该名称在此次公示列表未见记录，不代表零投诉或没有历史纠纷；公示期限、名称别称和公开范围会影响结果。

未取得本轮可单列案例；不代表没有投诉。

来源（读取及归属边界见对应记录）：
https://tsgs.12315.cn/#/viewport",1.0,主体待核组,不进入政府品牌优先组,0,,
优护佳,有北京业务线索,母婴服务,官网旧版关于我们明确为北京优护佳健康管理有限公司；新版首页自述新风天域集团旗下。CNPP汇编信用代码91110112MA01A24G45，仅作二手主体线索，未取得当前营业执照回验。,新版官网明确北京网点，并有3–36月龄居家育婴师产品，覆盖日常照护和早教；与0–3月母婴护理师产品区分。小红书北京家庭选聘记录也明确提到优护佳。,新版官网和北京产品入口可读，另有2025-12北京雇主选聘材料；支持存在北京育儿业务，不等于核实当前人选库存、最近营业状态及可用档期。,官网核心优势页写退换安心，但未公示换人次数、响应时限、同价位候选、春节或紧急离岗兜底。小红书作者12月14日称等待下一位阿姨，仅为该订单的未完成替换线索。,已定向检索退费/合同并读保障页，未取得北京育婴师完整退费规则、扣费算法与解约责任；退换安心宣传不足以认定无条件退费。,官网产品页无北京育婴师报价、服务费比例或保险费明细；未用其他城市同业文章中的工资作为北京价格。,官网声称管理制服务、背调、体检和全链路培训；专护师的和睦家联合考核针对0–3月产品，不能自动视为所有育婴师均持护士证。个人证书和检查报告未逐人核验。,官网育婴师页列专属群护士客服和早教指导；核心优势页列回访、质控和服务评估。属于公司承诺，未取得北京具体合同对应权益和履约记录。,新版官网全国电话400-9196-413，北京地址朝阳区八里庄西里100号住邦2000商务中心3号楼1909。旧页四惠地址与CNPP的1号楼B座208均存在差异，以预约确认后到店为准。,小红书站内已读具名材料：作者比较多家机构后，在12月6日回复中称最终选优护佳；12月9日称体验不佳，但未给出可复核的具体服务事实；12月14日称仍等下一位阿姨。02-17回复称老人继续在场照看，因为不放心完全交给阿姨。 可见内容未核验订单；退费结果和案例边界见逐条记录。,北京当前签约收款主体及营业执照；同薪资换人时效、次数、无合适人选时的退费；完整收费单及合同样本；所选阿姨背调体检与技能复核；小红书订单最终替换/退款情况,"""优护佳"" 北京 育儿嫂 公司 → 命中官网、新版产品页、北京点评店铺及二手资料；继续打开官网重要页面。
""优护佳"" 育儿嫂 换人 退费 合同 → 检得宣传性内容；官网保障页仅写退换安心，未取得完整合同。
""优护佳"" 投诉 育儿嫂 黑猫 消费保 → 未取得可核验、明确为北京育儿嫂订单的投诉原文；不能推断无投诉。
""优护佳"" ""北京"" ""公司"" ""退"" → 命中2022年媒体采访与营销文，未取得具体北京育儿退费条款。
""优护佳"" ""北京优护佳"" 法人 → 命中CNPP工商汇编与官网主体页，法人资料二手且可能过期。
""优护佳"" ""退款"" → 未取得现行北京育儿嫂退款细则。
""优护佳"" site:tousu.sina.com.cn → 本轮未取得可确认归属的有效投诉全文。
""优护佳"" site:xfangbei.com OR site:xiaofeibao.com OR site:zhihu.com → 未取得可确认归属的北京育儿嫂独立完整评价。
""优护佳"" ""更换"" ""退款"" → 返回其他城市和泛化营销材料，不采用为北京售后规则。
""优护佳"" ""合同"" ""育婴师"" → 检索未获得合同范本；已打开官网核心优势页核到一般退换承诺。
""优护佳"" 北京 育儿嫂 差评 纠纷 大众点评 知乎 → 返回朝阳店相册及SEO排名；相册打开后再读超时，无可用评论样本。
爱宝蓓（结果中出现多机构寻嫂记） → 打开作者原文及后续回复，确认最终选择优护佳和等待更换经历。","优护佳新版官网 https://www.yhjcare.com/（原文已打开并读取正文）
优护佳关于我们（旧版） https://www.yhjcare.com/index/about（原文已打开并读取正文）
优护佳居家育婴师（3–36M） https://www.yhjcare.com/index/product/product_2.html（原文已打开并读取正文）
优护佳核心优势 https://www.yhjcare.com/index/core.html（原文已打开并读取正文）
优护佳联系我们（旧版） https://www.yhjcare.com/index/about/contact.html（原文已打开并读取正文）
优护佳育婴服务（旧版） https://www.yhjcare.com/index/nursery（原文已打开并读取正文）
优护佳UCARE企业工商汇编 https://www.cnpp.cn/pinpai/4153769.html（原文已打开并读取正文）
寻嫂记2｜北京双职工家庭寻找育儿嫂之路 https://www.xiaohongshu.com/explore/693144e9000000001f0085c9（已读正文及可见作者评论）
优护佳月嫂育儿嫂中心（朝阳店）相册 https://www.dianping.com/shop/100944259/photos/album（搜索索引及打开元信息；正文后续读取失败）",作者比较多家机构后，在12月6日回复中称最终选优护佳；12月9日称体验不佳，但未给出可复核的具体服务事实；12月14日称仍等下一位阿姨。02-17回复称老人继续在场照看，因为不放心完全交给阿姨。 https://www.xiaohongshu.com/explore/693144e9000000001f0085c9；处理结果：可见后续未确认最终替换完成或退款。；边界：单方经历，无原始合同或机构回应。具体品牌选择与后续来自作者评论而非主帖；02-17未显示年份，不补造。与同帖亿婴宝、柚妈柚子、唐顿经历属于同一家寻找阿姨过程，不能算多笔独立投诉。；单方、有限评论样本；不能据此估计机构整体差评率或宣称发生已证实违约。 2025-12-06作者：另联系育天使和优护佳，最终选优护佳。；2025-12-09作者：体验不佳，尚未详细展开具体问题。；2025-12-14作者：还在等下一位阿姨。；02-17作者：老人仍参与，年份未显示。,已读具名帖子与相关作者回复，具体结论、日期与限制见各条材料。,第二批,未匹配入选名单的补充组。本轮逐一对照四份正式政府名单，未取得可归属的入选记录；不等于机构差或不存在其他荣誉。,v2.0,按北京优护佳健康管理有限公司核查，并补品牌退费查询。命中官网、上海招聘及无样本口径的上海排名文章；排名声称投诉率、分数而无可核个案，排除不用于口碑。 本轮公开索引未取得可归属的投诉或处罚个案。,已核对当前公示列表。可见公示均具名青岛分公司，涉及保姆、其他家政及其他服务；未据此认定北京门店有同类问题。名称匹配可含分支及其他工种，不能作为机构投诉率。,"[黑猫投诉公开索引] site:tousu.sina.com.cn ""优护佳""
已实际检索 site:tousu.sina.com.cn ""优护佳""；同批输出候选经主体人工核对，本轮公开索引未取得可归属的平台投诉个案。

[消费保旧域公开索引] site:xfb315.com ""优护佳""
已实际检索 site:xfb315.com ""优护佳""；同批输出候选经主体人工核对，本轮公开索引未取得可归属的平台投诉个案。

[监管/司法/媒体公开索引] ""北京优护佳健康管理有限公司"" 投诉 退费 处罚 法院
按北京优护佳健康管理有限公司核查，并补品牌退费查询。命中官网、上海招聘及无样本口径的上海排名文章；排名声称投诉率、分数而无可核个案，排除不用于口碑。

[消费保新域公开索引] ""优护佳"" 消费保 site:xfb365.com
已实际检索 ""优护佳"" 消费保 site:xfb365.com；同批输出候选经主体人工核对，本轮公开索引未取得可归属的平台投诉个案。

[品牌别称/个案后续补查] ""优护佳"" 投诉 退费
补查实际执行。按北京优护佳健康管理有限公司核查，并补品牌退费查询。命中官网、上海招聘及无样本口径的上海排名文章；排名声称投诉率、分数而无可核个案，排除不用于口碑。

[12315站内] 北京优护佳健康管理有限公司
查询“北京优护佳健康管理有限公司”此次页面显示3条关键词匹配公示。可见公示均具名青岛分公司，涉及保姆、其他家政及其他服务；未据此认定北京门店有同类问题。以上数量是所列查询关键词此次匹配的公示记录数，可能含分支、近名和不同服务工种；不同查询之间可能重叠，不合计为机构投诉总数，不是投诉率或质量排名。公示期限为一年，不涵盖全部历史、未公开投诉或所有分支。投诉内容为当事人填写，调解结果不是违法认定；达成调解不等于退款已到账。

未取得本轮可单列案例；不代表没有投诉。

来源（读取及归属边界见对应记录）：
https://tsgs.12315.cn/#/viewport",11.0,未匹配入选名单的补充组,不进入政府品牌优先组,0,,
安欣生活（北京）,有北京业务线索,综合家政,教育宝北京安欣生活家政店公示单位为北京袋鼠管家家政服务有限公司，统一代码91110105MACE02KX42。该信息仅核到平台培训店铺主体，未核北京雇主合同章。小红书作者称安欣已被安得收购，尚无独立正式佐证。不得混为上海安欣生活信息科技或天津安欣生活服务。,教育宝显示北京母婴及育儿培训与学员对接上户业务；小红书雇主明确叙述北京育儿嫂用工、替换需求，支持有北京相关业务经历。未取得当前官方雇主服务目录及可用人选。,教育宝店铺标注2026-07-26更新，另有2025年及仅月日显示的用工经历。平台更新不等于确认目前独立营业/被收购后的接单主体；需核当前服务主体和地址。,已读雇主帖描述换人时在约8000元预算下被推荐1万元以上候选，并对响应与改换家政类型费用提出异议。另一帖提试工后请求更换未匹配到合适人员。均为单方历史经历，未取得现行合同中的次数、时限和同价位义务。,2025年试工帖涉及1000元订金争议，作者后续称起诉；另一帖涉及剩余1个月服务费退款被拒。未取得原合同、起诉材料或判决，不能认定通用不退款政策，也不能把起诉当胜诉。,无现行官方完整收费表。单方个案提3个月服务费3500元、试工前收月薪30%；另案称1000元订金。均仅为历史订单金额，不作当前报价。,教育宝显示母婴、家庭育儿等培训课程和学员安排面试上户的自述；课程挂58到家名称不能证明平台直营归属。未取得所配阿姨的背调标准、证书真伪和体检明细。,未取得独立官方督导、在岗复训、服务事故与保险制度。已读雇主帖对匹配沟通有负面描述，不能据有限样本推算全体客户体验。,教育宝平台转接电话400-029-0997转582468，地址朝阳区红军营路天溪园21号楼3单元502（培训校区）。不是核实后的育儿嫂签约接待点；未取得可确证的当前雇主服务直线。,小红书站内已读具名材料：作者以北京安欣生活/北京安欣家政标签称，5月24日咨询时得到不满意可全退保证金的说法，5月31日决定不用试工阿姨并要求替换，未匹配到合适人员；6月2日被告知扣保证金。作者6月12日回复交了1000元订金，7月19日回复称已咨询律师并起诉。；作者称2025-11-12与安欣生活签3个月用人合同，试工前收阿姨工资30%定金、之后补齐，三个月服务费3500元；原阿姨1月11日因家中有事申请下户后，约8000元的替换需求得到的候选多为1万元以上。作者转找别家后要求退剩余1个月服务费被拒，称合同有不满意阿姨不予退款条款；改配家政阿姨又被要求付费。首图与正文将安欣生活、北京安得关联，正文称被收购。 可见内容未核验订单；退费结果和案例边界见逐条记录。,当前雇主合同主体、收款方与教育宝店铺主体是否一致；安欣和安得是否有收购/品牌承接关系及生效时间；同价位替换承诺与换工种是否重新收费；保证金/订金与服务费分别如何退；两条单方争议的机构回应和最终结局；北京当前人选库存与门店,"""安欣生活"" ""安得"" 家政 收购 → 未检得机构或工商公告证实收购；关联说法仅取得小红书雇主自述。
""安欣生活"" 北京 家政 育儿嫂 → 命中教育宝同名北京培训店铺，继续读公示主体；北京实际用工另有小红书经历支持。
""安欣生活"" 家政 退款 合同 投诉 → 泛化检索未取得可靠合同或品牌处理声明；命中大量上海同名信息企业资料，已排除。
""安欣生活"" ""安得家政"" → 未取得两者关系的独立正式披露。
""安欣生活"" 北京 育儿嫂 家政 官网 → 检得教育宝及其转载，未取得独立官网或现行雇主合同。
""安欣生活"" 家政 合同 换人 退款 → 未取得合同全文与官方退款规则，不把搜索无结果视为无争议。
""北京袋鼠管家家政服务有限公司"" ""安得"" → 未取得主体合并/收购证明，不能凭品牌帖直接归为同一法人。
""安欣生活"" 家政 site:tousu.sina.com.cn OR site:xfangbei.com OR site:xiaofeibao.com → 本轮没有可确认归属于北京该品牌的投诉原文。
""北京袋鼠管家家政服务有限公司"" 育儿嫂 投诉 退费 → 结果主要返回教育宝培训店，未取得雇主现行合同。
""安欣生活"" ""育儿嫂"" 北京 -site:jiaoyubao.cn -site:sdnews.com.cn → 未取得新的机构官方业务页或可核验独立报道。
""北京袋鼠管家家政服务有限公司"" 招聘 育婴师 → 命中近名北京袋鼠管家科技有限公司，未将科技公司误当培训店公示的家政服务公司。
""安欣生活"" ""安得"" 家政 收购 北京 → 重复针对收购关系核验仍无正式证据。
""北京安欣"" ""家政"" ""退款"" → 未取得现行官方退款政策。
""安欣生活"" ""家政"" ""服务费"" → 未检得机构公开收费表；仅雇主帖含历史个案金额。
""袋鼠管家"" ""安欣生活"" → 教育宝公示两者店铺/单位对应；平台显示58到家课程，不据此推定属于58/天鹅。
安得家政；其他新机构搜索中出现的北京家政避雷帖 → 读取安得/安欣关联帖正文、7条评论和第一张封面；另读2025-06-11北京安欣试工退费帖正文及作者后续。","北京安欣生活家政—教育宝店铺及公示信息 https://bj.jiaoyubao.cn/edu/bjdj/（原文已打开并读取正文）
超实用北京家政避雷篇 https://www.xiaohongshu.com/explore/6848d6270000000022007cf0（已登录小红书读取正文及可见评论）
避雷北京家政公司 https://www.xiaohongshu.com/explore/696cd537000000000b00826f（已读完整文字正文、7条可见评论及第一张品牌封面）","作者以北京安欣生活/北京安欣家政标签称，5月24日咨询时得到不满意可全退保证金的说法，5月31日决定不用试工阿姨并要求替换，未匹配到合适人员；6月2日被告知扣保证金。作者6月12日回复交了1000元订金，7月19日回复称已咨询律师并起诉。 https://www.xiaohongshu.com/explore/6848d6270000000022007cf0；处理结果：作者声称起诉，未取得立案材料、判决或实际退款结果。；边界：正文把名称写作北京安心家政而标签为安欣生活/安欣家政；未核合同章和付款收款主体。不是法院认定，不能把起诉等同胜诉。其他评论是不同人的订单，不拼接。；雇主单方叙述，未读完整合同图片或机构回应；业务类别仍有边界。 作者2025-06-12：交1000元订金。；作者2025-07-19：已咨询律师并起诉；未提供结案更新。
作者称2025-11-12与安欣生活签3个月用人合同，试工前收阿姨工资30%定金、之后补齐，三个月服务费3500元；原阿姨1月11日因家中有事申请下户后，约8000元的替换需求得到的候选多为1万元以上。作者转找别家后要求退剩余1个月服务费被拒，称合同有不满意阿姨不予退款条款；改配家政阿姨又被要求付费。首图与正文将安欣生活、北京安得关联，正文称被收购。 https://www.xiaohongshu.com/explore/696cd537000000000b00826f；处理结果：未取得退款或成功替换结局；可见评论无作者后续。；边界：单方帖子，未读全套合同、未核机构回应或收购关系。正文称阿姨干了三个月与11月12日签约、1月11日下户时间不完全一致。另称在新中介损失2000元属于另一机构，不归本案。；与安得记录是同一条帖子，跨品牌引用不得重复计为独立订单。 全部7条可见评论无作者结局更新。；证书培训纠纷与其他机构订单评论不合并。",已读具名帖子与相关作者回复，具体结论、日期与限制见各条材料。,第二批,主体待核组。本轮逐一对照四份正式政府名单，未取得可归属的入选记录；不等于机构差或不存在其他荣誉。不进入政府品牌推选优先组；数值仅供查看已有资料构成。,v2.0,按北京袋鼠管家家政服务有限公司核对北京安欣生活，结果主要为教育宝培训店。上海安欣生活信息科技、中山袋鼠管家、山东标兵管家诉讼等均非当前已核北京主体，不能混入。 本轮公开索引未取得可归属的投诉或处罚个案。,已按1组名称查询当前公示列表，本轮未见记录；不代表零投诉，公示期限、名称别称和公开范围会影响结果。,"[黑猫投诉公开索引] site:tousu.sina.com.cn ""安欣生活 北京""
已实际检索 site:tousu.sina.com.cn ""安欣生活 北京""；同批输出候选经主体人工核对，本轮公开索引未取得可归属的平台投诉个案。

[消费保旧域公开索引] site:xfb315.com ""安欣生活 北京""
已实际检索 site:xfb315.com ""安欣生活 北京""；同批输出候选经主体人工核对，本轮公开索引未取得可归属的平台投诉个案。

[监管/司法/媒体公开索引] ""北京袋鼠管家家政服务有限公司"" 投诉 退费 处罚 法院
按北京袋鼠管家家政服务有限公司核对北京安欣生活，结果主要为教育宝培训店。上海安欣生活信息科技、中山袋鼠管家、山东标兵管家诉讼等均非当前已核北京主体，不能混入。

[消费保新域公开索引] ""安欣生活 北京"" 消费保 site:xfb365.com
已实际检索 ""安欣生活 北京"" 消费保 site:xfb365.com；同批输出候选经主体人工核对，本轮公开索引未取得可归属的平台投诉个案。

[品牌别称/个案后续补查] ""安欣生活"" ""北京"" 投诉 退费
补查实际执行。按北京袋鼠管家家政服务有限公司核对北京安欣生活，结果主要为教育宝培训店。上海安欣生活信息科技、中山袋鼠管家、山东标兵管家诉讼等均非当前已核北京主体，不能混入。

[12315站内] 北京袋鼠管家家政服务有限公司
查询“北京袋鼠管家家政服务有限公司”：该名称在此次公示列表未见记录，不代表零投诉或没有历史纠纷；公示期限、名称别称和公开范围会影响结果。

未取得本轮可单列案例；不代表没有投诉。

来源（读取及归属边界见对应记录）：
https://tsgs.12315.cn/#/viewport",1.0,主体待核组,不进入政府品牌优先组,0,,
