机构,比较分组,政府优先参考分（100分）,政府品牌组内次序（非官方排名）,并列,政府依据分（60）,服务保障资料分（40）,主体门槛,主体核对说明,政府完整法人,政府记录年份及性质,政府依据链接,政府有效期说明,品牌与法人对应,评分说明,保障资料原判读摘要,本轮投诉补查,12315公示核查,证据截至,模型版本,换人保障得分（满分15）,换人保障依据与缺口,换人保障来源,退出与退费得分（满分10）,退出与退费依据与缺口,退出与退费来源,人员筛选得分（满分5）,人员筛选依据与缺口,人员筛选来源,督导与售后得分（满分5）,督导与售后依据与缺口,督导与售后来源,费用透明度得分（满分5）,费用透明度依据与缺口,费用透明度来源
唐顿世家,政府品牌推选优先组,73.0,1,否,60,13.0,pass,政府正式列名主体或有来源支持的品牌关联可对应，满足本次“有完整主体线索”门槛；这不等于实时工商、当前合同或逐人劳动关系已核实。 档案依据：北京唐顿世家科技有限公司；官网品牌介绍与商家目录对应，北京总部及各城市具体签约主体仍应核合同。,"北京唐顿世家科技有限公司
北京唐顿世家科技有限公司","2025 正式政府联合推选并发布的劳务品牌企业名录
2025 正式联合推选的劳务输入基地名单；非服务质量等级评选","https://rsj.beijing.gov.cn/bm/ztzl/ssjzlwpp/202511/t20251103_4251016.html
https://rsj.beijing.gov.cn/xxgk/tzgg/202511/t20251103_4251298.html","本目录与发布报道未载明有效期限；三年行动方案说明以后根据实际动态调整；截至本轮可读公开目录仍为2025-11-06这30家；未发现更近替代批次，不声称名单永久有效
公告未载明有效期；可确认2025年正式入选，不据此断言目前持续资格或质量保证","2025北京市人社家政劳务品牌详情列出的完整公司名与既有档案主体一致；品牌简称未被当成另一法人，合同主体仍须逐单核对。
2025河北福嫂来京就业输入基地正式公告的完整主体名与既有档案对应；输入基地资格不等于育儿业务、人员库存或免费换人保证。",政府品牌推选优先组。对应2025年正式政府联合推选并发布的劳务品牌企业名录，列名公司为北京唐顿世家科技有限公司。名单没有官方名次；仍须核对本单合同、育儿人选与换人条款。,当前官网支持免费更换及筛选流程，细化次数和退费期限却多来自旧资料；续签折扣与退款计算须另核。,核心线索是无法继续匹配时的退费公式和等待期。同一投诉 R009 本轮回读显示已由处理中转为平台自动完成；未见消费者确认退款。,已核对当前公示列表。首屏同时包含成都分公司和北京总部名下的家政中介、人身财产及赔偿争议，必须区分分支及履约地点。名称匹配可含分支及其他工种，不能作为机构投诉率。,2026-09-21,2.0,6.0,当前官网明确免费更换，但一年五次来自二〇二二年商家旧帖；现行次数、差价和实际到岗期限仍缺，不采用推广稿时限。,"http://www.tangdunshijia.com/
https://www.beijingbaomu.com/xuqiu/99999984685.html",2.0,官网仅笼统宣称无忧退款，七日无理由退费出自旧商家帖；当期扣费、折扣续约例外和到账期尚未形成清楚退出路径。,"http://www.tangdunshijia.com/
https://www.beijingbaomu.com/xuqiu/99999984685.html",3.0,当前官网列背景调查、体检及技能培训，旧帖另有实操鉴定；按官网流程计档，仍未核候选报告和近期育儿照护经历。,"http://www.tangdunshijia.com/
https://www.beijingbaomu.com/xuqiu/99999984685.html",2.0,官网说明上户管控和全天在线，旧帖补有督导考勤描述；现行顾问责任、回访频次和问题响应期限仍需书面核实。,"http://www.tangdunshijia.com/
https://www.beijingbaomu.com/xuqiu/99999984685.html",0.0,未取得当前统一育儿嫂费用表；二〇二五年投诉中的中介费是单一订单，不作标准价目，工资及续签附加费仍需列明。,
无忧保姆／无忧家政,政府品牌推选优先组,72.0,2,是,60,12.0,pass,政府正式列名主体或有来源支持的品牌关联可对应，满足本次“有完整主体线索”门槛；这不等于实时工商、当前合同或逐人劳动关系已核实。 档案依据：官网页脚为北京家事无忧家政服务有限公司，2025北京市人社局名录可交叉对应；“无忧家政”泛称投诉需看具体门店和合同。,北京家事无忧家政服务有限公司,2025 正式政府联合推选并发布的劳务品牌企业名录,https://rsj.beijing.gov.cn/bm/ztzl/ssjzlwpp/202511/t20251103_4250976.html,本目录与发布报道未载明有效期限；三年行动方案说明以后根据实际动态调整；截至本轮可读公开目录仍为2025-11-06这30家；未发现更近替代批次，不声称名单永久有效,2025北京市人社家政劳务品牌详情列出的完整公司名与既有档案主体一致；品牌简称未被当成另一法人，合同主体仍须逐单核对。,政府品牌推选优先组。对应2025年正式政府联合推选并发布的劳务品牌企业名录，列名公司为北京家事无忧家政服务有限公司。名单没有官方名次；仍须核对本单合同、育儿人选与换人条款。,当前免费更换及回访协调有依据，也披露了筛选边界；主要缺口是退款、免费次数和真实替补到岗约束。,本轮补充了匹配失败、跨门店服务卡、退费扣除口径的具体线索；有企业回应与消费者异议并存。深圳消委会旧评价可留作历史参考。,已核对当前公示列表。结果包含异地分公司；首屏靠前为武汉分公司培训、家政中介及合同争议，不能将名称中的北京认作履约城市。名称匹配可含分支及其他工种，不能作为机构投诉率。,2026-09-21,2.0,6.0,当前官网明确免费更换，常见问题说明可随时提出、提前五天更好；五天只是申请建议，仍缺次数、差价和到岗保证。,http://www.51baomu.cn/aboutinfo/changjianwenti.aspx,0.0,已检索并读取常见问题，未取得北京育儿嫂现行退款公式与失败退出条件；异地或泛称无忧的投诉不能补成统一政策。,,2.0,官网列身份证读取、以往表现了解、培训及面试考核，并承认新人背景了解有限；尚缺统一的入户实操与背调证明。,http://www.51baomu.cn/aboutinfo/changjianwenti.aspx,3.0,官网说明电话协调改善、每月评价及经同意联系前雇主，存在具体跟踪机制；但问题升级和替补到岗时限未公开。,http://www.51baomu.cn/aboutinfo/changjianwenti.aspx,1.0,常见问题仅说明中介费按城市工种变化、工资可协商；没有北京育儿嫂现行统一金额及试工、保险、换人价差表。,http://www.51baomu.cn/aboutinfo/changjianwenti.aspx
茵澳,政府品牌推选优先组,72.0,2,是,60,12.0,pass,政府正式列名主体或有来源支持的品牌关联可对应，满足本次“有完整主体线索”门槛；这不等于实时工商、当前合同或逐人劳动关系已核实。 档案依据：政府海报和官网页脚均为北京茵澳生活服务有限公司，称2014年7月创建；公司培训、私人管家及撮合平台业务多线并存，合同签约与收款法人仍需订单确认。,北京茵澳生活服务有限公司,2025 正式政府联合推选并发布的劳务品牌企业名录,https://rsj.beijing.gov.cn/bm/ztzl/ssjzlwpp/202511/t20251103_4250938.html,本目录与发布报道未载明有效期限；三年行动方案说明以后根据实际动态调整；截至本轮可读公开目录仍为2025-11-06这30家；未发现更近替代批次，不声称名单永久有效,2025北京市人社家政劳务品牌详情列出的完整公司名与既有档案主体一致；品牌简称未被当成另一法人，合同主体仍须逐单核对。,政府品牌推选优先组。对应2025年正式政府联合推选并发布的劳务品牌企业名录，列名公司为北京茵澳生活服务有限公司。名单没有官方名次；仍须核对本单合同、育儿人选与换人条款。,有效工会活动给出合同期免费换人及中介费公式，是主要得分依据；会员条件、到岗时限和退费缺口须核。,精确查询北京茵澳生活服务有限公司，命中工商、政府名录、院校合作和企业官网；目前未取得可归属消费者争议。官网有服务反馈入口不等于已有投诉个案。 本轮公开索引未取得可归属的投诉或处罚个案。,已按1组名称查询当前公示列表，本轮未见记录；不代表零投诉，公示期限、名称别称和公开范围会影响结果。,2026-09-21,2.0,9.0,仍在有效期的北京工会活动明确包月合同期内免费换人且不重收中介费；缺次数、同档差价、到岗期限和无人可换处理。,https://xinwen.bjd.com.cn/content/s6a477c68e4b0e45f3fd405ee.html,0.0,已读工会活动页，未披露提前终约或无人可换的退费比例，专项检索也未取得算法；免费换人不等于可退中介费。,https://xinwen.bjd.com.cn/content/s6a477c68e4b0e45f3fd405ee.html,0.0,海报和官网培训集中家庭管家、经理及收纳等，未取得北京育儿候选的健康、背调和婴儿实操筛选流程。,"https://rsj.beijing.gov.cn/bm/ztzl/ssjzlwpp/202511/W020251103331482428241.jpg
https://inall.co/index.html",1.0,政府海报自述培训、就业及售后板块，能支持基础售后介绍；工会育儿产品未给督导责任、回访频次或应急时限。,"https://rsj.beijing.gov.cn/bm/ztzl/ssjzlwpp/202511/W020251103331482428241.jpg
https://xinwen.bjd.com.cn/content/s6a477c68e4b0e45f3fd405ee.html",2.0,当期活动明确中介费按一个月工资计算、会员折扣及期限，工资另付；缺实际工资区间、试工、休假与附加费。,https://xinwen.bjd.com.cn/content/s6a477c68e4b0e45f3fd405ee.html
阿姨来了,政府品牌推选优先组,71.0,4,否,60,11.0,pass,政府正式列名主体或有来源支持的品牌关联可对应，满足本次“有完整主体线索”门槛；这不等于实时工商、当前合同或逐人劳动关系已核实。 档案依据：中国就业网2025-12-15确认品牌属北京嘉乐会家政服务有限公司；官网用户协议同时列北京阿姨来了信息科技有限公司等关联主体，实际签约公司不能固定写成嘉乐会一家。,"北京嘉乐会家政服务有限公司
北京嘉乐会家政服务有限公司
北京嘉乐会家政服务有限公司","2025 正式政府联合推选并发布的劳务品牌企业名录
2023 正式年度员工制企业入选公告
2025 正式联合推选的劳务输入基地名单；非服务质量等级评选","https://rsj.beijing.gov.cn/bm/ztzl/ssjzlwpp/202511/t20251103_4251020.html
https://rsj.beijing.gov.cn/xxgk/tzgg/202302/t20230208_2913405.html
https://rsj.beijing.gov.cn/xxgk/tzgg/202511/t20251103_4251298.html","本目录与发布报道未载明有效期限；三年行动方案说明以后根据实际动态调整；截至本轮可读公开目录仍为2025-11-06这30家；未发现更近替代批次，不声称名单永久有效
自发布之日起有效期1年；每年开展一次，符合条件可连续申报；2023年度历史入选；未取得续期名单，不作为2026年当前认证
公告未载明有效期；可确认2025年正式入选，不据此断言目前持续资格或质量保证","政府就业品牌介绍将阿姨来了对应北京嘉乐会家政服务有限公司；本人网站另列信息科技等关联公司，不自动等同每笔合同的签约收款主体。
政府就业品牌介绍将阿姨来了对应北京嘉乐会家政服务有限公司；本人网站另列信息科技等关联公司，不自动等同每笔合同的签约收款主体。2023年度员工制资格为历史记录，有效期已过，不表述为2026当前员工制认证。
基地列名嘉乐会，既有中国就业网品牌介绍明确阿姨来了与嘉乐会关联；官网还列其他关联主体，不能覆盖每一笔阿姨来了订单。",政府品牌推选优先组。对应2025年正式政府联合推选并发布的劳务品牌企业名录，列名公司为北京嘉乐会家政服务有限公司。名单没有官方名次；仍须核对本单合同、育儿人选与换人条款。这是品牌关联记录，仅适用于列名法人，不覆盖所有同品牌订单。,北京业务及经纪人服务较明确，换人有入口，但七天试用适用性与育儿嫂专门退款规则仍须补齐。,既有照护及换人争议可补充企业完整答复、消费者退款确认与自动结案差异。嘉乐会的历史行政处罚报道是另一个证据层级，应与用户指控分列。,已回读详情中最新公示（2026-09-07）：北京阿姨来了信息科技有限公司，服务类别为托幼服务，处理结果为“未达成调解协议”。公示未披露协议细节及退款到账证据，不能据此推断北京育儿嫂整体服务质量。,2026-09-21,2.0,6.0,当前官网常见问题明确经纪人负责后续换人与解约；七天试用沿用旧核记录，本轮未重新命中，免费范围和到岗期仍缺。,"https://www.ayilaile.com/help/faq
https://www.ayilaile.com/service/",0.0,已读通用互联网用户协议，但其原则不退、另约除外不能代替育儿嫂订单规则；尚缺适用本工种的扣费和退款路径。,https://ayilaile.com/help/agreement,2.0,官网说明可看简历并在面试中展示健康证与育婴师证，形成两类检查线索；尚未核证件真伪、技能实操及前雇主经历。,https://www.ayilaile.com/help/faq,2.0,官网列经纪人的匹配、三方签约、矛盾调解及换人解约职责；尚无育儿嫂督导频次和售后响应、升级时限。,https://www.ayilaile.com/help/faq,1.0,官网检索正文有北京工资七千元起的线索，但本轮未完整核明报价口径；工作日、带睡和服务费均未形成全包费用表。,https://www.ayilaile.com/help/faq
北京中青家政,政府品牌推选优先组,69.0,5,是,60,9.0,pass,政府正式列名主体或有来源支持的品牌关联可对应，满足本次“有完整主体线索”门槛；这不等于实时工商、当前合同或逐人劳动关系已核实。 档案依据：官网和2025北京市人社名录主体均为北京中青家政有限公司；与北京华夏中青家政服务有限公司分开计数。,"北京中青家政有限公司
北京中青家政有限公司
北京中青家政有限公司
北京中青家政有限公司","2025 正式政府联合推选并发布的劳务品牌企业名录
2024 正式年度员工制企业入选公告
2023 正式年度员工制企业入选公告
2025 正式联合推选的劳务输入基地名单；非服务质量等级评选","https://rsj.beijing.gov.cn/bm/ztzl/ssjzlwpp/202511/t20251103_4251021.html
https://sw.beijing.gov.cn/phone/zwxx/tzgg/202401/t20240131_3550205.html
https://rsj.beijing.gov.cn/xxgk/tzgg/202302/t20230208_2913405.html
https://rsj.beijing.gov.cn/xxgk/tzgg/202511/t20251103_4251298.html","本目录与发布报道未载明有效期限；三年行动方案说明以后根据实际动态调整；截至本轮可读公开目录仍为2025-11-06这30家；未发现更近替代批次，不声称名单永久有效
自发布之日起有效期1年；每年开展一次，符合条件可连续申报；2024年度历史入选；未取得续期名单，不作为2026年当前认证
自发布之日起有效期1年；每年开展一次，符合条件可连续申报；2023年度历史入选；未取得续期名单，不作为2026年当前认证
公告未载明有效期；可确认2025年正式入选，不据此断言目前持续资格或质量保证","2025北京市人社家政劳务品牌详情列出的完整公司名与既有档案主体一致；品牌简称未被当成另一法人，合同主体仍须逐单核对。
正式入选公告的完整法人名与既有档案可对应；使用正式公告而非拟入选公示。2024年度员工制资格为历史记录，有效期已过，不表述为2026当前员工制认证。
正式入选公告的完整法人名与既有档案可对应；使用正式公告而非拟入选公示。2023年度员工制资格为历史记录，有效期已过，不表述为2026当前员工制认证。
2025河北福嫂来京就业输入基地正式公告的完整主体名与既有档案对应；输入基地资格不等于育儿业务、人员库存或免费换人保证。",政府品牌推选优先组。对应2025年正式政府联合推选并发布的劳务品牌企业名录，列名公司为北京中青家政有限公司。名单没有官方名次；仍须核对本单合同、育儿人选与换人条款。,人员筛选和督导职责有官网描述，但较完整的换人收费条款仍是旧版，须用现行合同重新确认。,本轮公开索引未取得可归属北京中青家政的具体育儿履约投诉；查得公司/培训资料不足以验证售后执行。,已按1组名称查询当前公示列表，本轮未见记录；不代表零投诉，公示期限、名称别称和公开范围会影响结果。,2026-09-21,2.0,3.0,二〇二二年资费页列三次免费调换及超过次数加收推介费，具有限定条件；但未取得现行版本及替补到岗期限。,https://www.zqjz.com/index/index/jzfw?id=8,0.0,旧页称推介费不退，履约保证金终约返还不等于匹配失败可退服务费；未取得现行育儿嫂失配退出的正向退款依据。,https://www.zqjz.com/index/index/jzfw?id=8,3.0,官网介绍统一招工、培训考核、体检与持证，含多类人员筛选流程；尚未核具体阿姨的考核记录及实际雇佣关系。,https://www.zqjz.com/index/index/gywm?id=5,2.0,官网员工制介绍明确督导老师监督指导和个性化培训职责；尚缺上户频次、问题响应及临时离岗后的补位安排。,https://www.zqjz.com/index/index/gywm?id=5,1.0,旧页列工资、管理费、保险及推介费，但推介费口径有矛盾且版本为二〇二二年；不能视为当前完整费用表。,https://www.zqjz.com/index/index/jzfw?id=8
大班家政,政府品牌推选优先组,69.0,5,是,60,9.0,pass,政府正式列名主体或有来源支持的品牌关联可对应，满足本次“有完整主体线索”门槛；这不等于实时工商、当前合同或逐人劳动关系已核实。 档案依据：官网及2025北京市人社品牌名录对应北京大班家政服务有限公司；不同门店的具体收款与责任仍逐单核。,北京大班家政服务有限公司,2025 正式政府联合推选并发布的劳务品牌企业名录,https://rsj.beijing.gov.cn/bm/ztzl/ssjzlwpp/202511/t20251103_4251010.html,本目录与发布报道未载明有效期限；三年行动方案说明以后根据实际动态调整；截至本轮可读公开目录仍为2025-11-06这30家；未发现更近替代批次，不声称名单永久有效,2025北京市人社家政劳务品牌详情列出的完整公司名与既有档案主体一致；品牌简称未被当成另一法人，合同主体仍须逐单核对。,政府品牌推选优先组。对应2025年正式政府联合推选并发布的劳务品牌企业名录，列名公司为北京大班家政服务有限公司。名单没有官方名次；仍须核对本单合同、育儿人选与换人条款。,官网可核免费更换与专人顾问，北京主体较清晰；免费次数、连续匹配失败退出及完整费用仍缺，投诉另行查看。,材料集中在换人后的退费扣除与到账时间；育儿、普通住家保姆和财物赔偿分别列示，平台受理/自动结束不等于退款完成。,已核对当前公示列表。首屏可见格式条款、家政中介及售后退赔公示，其中一条商户名含月嫂育儿嫂，但官方服务类别仍为家政中介，不能进一步推定具体工种。名称匹配可含分支及其他工种，不能作为机构投诉率。,2026-09-21,2.0,6.0,当前官网育儿服务页明确免费更换，已超出只有口号的可换线索；但统一次数、同档差价与替补实际到岗期限仍缺。,https://www.bjdaban.com/service/,0.0,未取得当前育儿嫂完整退费政策；投诉中服务费及合同选择是个案陈述，不用作现行统一退款规则或自动扣分依据。,,1.0,官网提培训和资质筛选，但未列足够可检查的背调及技能流程；拟派人选实操、证件和上一户离岗原因尚未核。,https://www.bjdaban.com/service/,2.0,官网有专人顾问及售后更换职责，但未给固定回访和升级时限；仍需明确本单负责人、连续离岗处理和替岗计划。,https://www.bjdaban.com/service/,0.0,官网未取得当期育儿嫂统一费用表；消费者个案九千元或一万二千八百元不能代表标准服务费或工资，仍需书面报价。,
瑞多帮家政,政府品牌推选优先组,66.0,7,是,60,6.0,pass,政府正式列名主体或有来源支持的品牌关联可对应，满足本次“有完整主体线索”门槛；这不等于实时工商、当前合同或逐人劳动关系已核实。 档案依据：北京市人社局名录具名北京瑞多帮家政服务有限公司；实际订单主体仍需看合同。,"北京瑞多帮家政服务有限公司
北京瑞多帮家政服务有限公司","2025 正式政府联合推选并发布的劳务品牌企业名录
2025 正式联合推选的劳务输入基地名单；非服务质量等级评选","https://rsj.beijing.gov.cn/bm/ztzl/ssjzlwpp/202511/t20251103_4250996.html
https://rsj.beijing.gov.cn/xxgk/tzgg/202511/t20251103_4251298.html","本目录与发布报道未载明有效期限；三年行动方案说明以后根据实际动态调整；截至本轮可读公开目录仍为2025-11-06这30家；未发现更近替代批次，不声称名单永久有效
公告未载明有效期；可确认2025年正式入选，不据此断言目前持续资格或质量保证","2025北京市人社家政劳务品牌详情列出的完整公司名与既有档案主体一致；品牌简称未被当成另一法人，合同主体仍须逐单核对。
2025河北福嫂来京就业输入基地正式公告的完整主体名与既有档案对应；输入基地资格不等于育儿业务、人员库存或免费换人保证。",政府品牌推选优先组。对应2025年正式政府联合推选并发布的劳务品牌企业名录，列名公司为北京瑞多帮家政服务有限公司。名单没有官方名次；仍须核对本单合同、育儿人选与换人条款。,较新官方名录帮助定位主体，具体不限次更换、培训和督导却来自九年前旧帖，现行条款须重新确认。,本轮公开索引未取得可归属育儿消费投诉；劳务结算线索按不同法律关系排除，没有当作本机构被判违约。,已按1组名称查询当前公示列表，本轮未见记录；不代表零投诉，公示期限、名称别称和公开范围会影响结果。,2026-09-21,2.0,3.0,二〇一七年商家原帖写一年不限次数免费调换，但年代较久；未取得现行育儿嫂政策及替补到岗期，只记历史承诺。,https://www.beijingbaomu.com/user/ruiduobang/xq56018.html,0.0,旧帖说明工资直接支付给阿姨且不提成，没有说明机构费退还；当前退款触发、扣费与换人失败退出规则仍未取得。,,1.0,旧商家帖自述系统考核、持证和培训，不能证明现行人员标准；拟派育儿嫂的健康、背调与实操考核尚无原始记录。,https://www.beijingbaomu.com/user/ruiduobang/xq56018.html,1.0,二〇一七年帖提全程跟踪及定期不定期检查，仅能支持历史管理线索；当前督导负责人、频次和处理期限仍需核。,https://www.beijingbaomu.com/user/ruiduobang/xq56018.html,1.0,旧商家服务页有五千至六千二百元的报价字段，但版本为二〇一七年；不能作当前月费，现行机构费和附加费缺失。,https://www.beijingbaomu.com/user/ruiduobang/xq56018.html
依链家政,政府品牌推选优先组,66.0,7,是,60,6.0,pass,政府正式列名主体或有来源支持的品牌关联可对应，满足本次“有完整主体线索”门槛；这不等于实时工商、当前合同或逐人劳动关系已核实。 档案依据：北京人社2025名录列依链（北京）家政服务管理有限公司；第三方企业页列信用代码91110112MA7DNHHE6N、开业。官网品牌、地址与企业名线索一致；未取得工商实时原档。,"依链（北京）家政服务管理有限公司
依链（北京）家政服务管理有限公司","2025 正式政府联合推选并发布的劳务品牌企业名录
2025 正式联合推选的劳务输入基地名单；非服务质量等级评选","https://rsj.beijing.gov.cn/bm/ztzl/ssjzlwpp/202511/t20251103_4251014.html
https://rsj.beijing.gov.cn/xxgk/tzgg/202511/t20251103_4251298.html","本目录与发布报道未载明有效期限；三年行动方案说明以后根据实际动态调整；截至本轮可读公开目录仍为2025-11-06这30家；未发现更近替代批次，不声称名单永久有效
公告未载明有效期；可确认2025年正式入选，不据此断言目前持续资格或质量保证","2025北京市人社家政劳务品牌详情列出的完整公司名与既有档案主体一致；品牌简称未被当成另一法人，合同主体仍须逐单核对。
2025河北福嫂来京就业输入基地正式公告的完整主体名与既有档案对应；输入基地资格不等于育儿业务、人员库存或免费换人保证。",政府品牌推选优先组。对应2025年正式政府联合推选并发布的劳务品牌企业名录，列名公司为依链（北京）家政服务管理有限公司。名单没有官方名次；仍须核对本单合同、育儿人选与换人条款。,官网的筛选类别、客服跟踪和北京主体较清楚，提供了相对具体的保障线索；关键换人、退款及收费仍需补合同。,结果主要是官网、养老照护宣传、政策及招聘；其他地区企业的投诉不能归依链。本轮公开索引未取得可归属个案。,已按1组名称查询当前公示列表，本轮未见记录；不代表零投诉，公示期限、名称别称和公开范围会影响结果。,2026-09-21,2.0,0.0,已读依链官网没有育儿免费更换次数、失配重配或补位期限；30分钟顾问对接只是咨询响应，不能作为换人到岗保证。,http://www.yljiazheng.com/,0.0,官网及政府名录未提供育儿合同退费规则，机构无人可换、提前解约如何扣费及何时到账，仍需现行书面合同确认。,,3.0,官网列四项培训、五项背景调查、九项健康检查和家政保险，覆盖多类筛选流程；具体项目、保单及拟派个人记录尚未核。,http://www.yljiazheng.com/,3.0,官网公开专属客服全程跟踪、30分钟顾问对接及24小时热线，并有保险安排；育儿回访频次、升级路径和违约补救仍缺。,http://www.yljiazheng.com/,0.0,官网未提供北京育婴服务工资分档、机构服务费和试工续约费用，客服响应与保险宣传不能补足可比较的家庭报价。,
晞悦嘉贝,政府品牌推选优先组,63.0,9,否,60,3.0,pass,政府正式列名主体或有来源支持的品牌关联可对应，满足本次“有完整主体线索”门槛；这不等于实时工商、当前合同或逐人劳动关系已核实。 档案依据：北京晞悦嘉贝家政服务有限公司已出现在北京市人社局2025-11-06劳务品牌名录。商家自填代码91110107MA0208M19Y，未政府登记核验；昌平分公司另有第三方注册线索。,北京晞悦嘉贝家政服务有限公司,2025 正式政府联合推选并发布的劳务品牌企业名录,https://rsj.beijing.gov.cn/bm/ztzl/ssjzlwpp/202511/t20251103_4250979.html,本目录与发布报道未载明有效期限；三年行动方案说明以后根据实际动态调整；截至本轮可读公开目录仍为2025-11-06这30家；未发现更近替代批次，不声称名单永久有效,2025北京市人社家政劳务品牌详情列出的完整公司名与既有档案主体一致；品牌简称未被当成另一法人，合同主体仍须逐单核对。,政府品牌推选优先组。对应2025年正式政府联合推选并发布的劳务品牌企业名录，列名公司为北京晞悦嘉贝家政服务有限公司。名单没有官方名次；仍须核对本单合同、育儿人选与换人条款。,主体及北京育儿商品有交叉依据，一对一服务角色亦有说明，但地址存在差异；换人、退费和完整家庭报价尚未公开。,命中京东服务商品、分公司工商摘录及人社品牌名录，未见可归属消费个案；商品频道信息不是第三方履约质量验证。,已按1组名称查询当前公示列表，本轮未见记录；不代表零投诉，公示期限、名称别称和公开范围会影响结果。,2026-09-21,2.0,0.0,已查晞悦嘉贝商家页、京东商品与主体名录，未取得现行育儿免费更换次数、条件及替补到岗规则，平台商品不等于保障。,,0.0,未取得其育儿退费合同或有明确结局的独立退款经历，咨询与尾款商品也没有补足试工退出、扣费公式和到账期限。,,1.0,机构自有商家页自述技能培训团队和规范管理，仅构成培训宣传；具体课程、育儿实操、背景及健康核验流程仍缺材料。,https://www.beijingbaomu.com/user/xiyuejiabei/,2.0,机构自有商家页称规划老师全程一对一服务，能识别跟进角色与职责；未给固定回访、问题升级及响应时限，不能再提高等级。,https://www.beijingbaomu.com/user/xiyuejiabei/,0.0,京东咨询及尾款商品金额不是完整育儿工资和服务费，历史招聘也不能当家庭报价；现行机构费及试工费用仍缺。,https://www.jd.com/hprm/17138cbbc56d1be9d9f9.html?electedExtAttrSet=878%2C&extAttrValue=expand_name%2C%40300103%3A%3A878&sort_type=sort_default
爱侬家政,政府品牌推选优先组,62.0,10,是,60,2.0,pass,政府正式列名主体或有来源支持的品牌关联可对应，满足本次“有完整主体线索”门槛；这不等于实时工商、当前合同或逐人劳动关系已核实。 档案依据：北京市人社局名录列北京爱侬家政服务有限公司；当前官网版权为北京爱侬养老科技发展股份有限公司。品牌体系与具体签约公司应分开核验。,"北京爱侬家政服务有限公司
北京爱侬养老科技发展股份有限公司
北京爱侬养老科技发展股份有限公司
北京爱侬家政服务有限公司","2025 正式政府联合推选并发布的劳务品牌企业名录
2024 正式年度员工制企业入选公告
2023 正式年度员工制企业入选公告
2025 正式联合推选的劳务输入基地名单；非服务质量等级评选","https://rsj.beijing.gov.cn/bm/ztzl/ssjzlwpp/202511/t20251103_4251018.html
https://sw.beijing.gov.cn/phone/zwxx/tzgg/202401/t20240131_3550205.html
https://rsj.beijing.gov.cn/xxgk/tzgg/202302/t20230208_2913405.html
https://rsj.beijing.gov.cn/xxgk/tzgg/202511/t20251103_4251298.html","本目录与发布报道未载明有效期限；三年行动方案说明以后根据实际动态调整；截至本轮可读公开目录仍为2025-11-06这30家；未发现更近替代批次，不声称名单永久有效
自发布之日起有效期1年；每年开展一次，符合条件可连续申报；2024年度历史入选；未取得续期名单，不作为2026年当前认证
自发布之日起有效期1年；每年开展一次，符合条件可连续申报；2023年度历史入选；未取得续期名单，不作为2026年当前认证
公告未载明有效期；可确认2025年正式入选，不据此断言目前持续资格或质量保证","本档案分别记录北京爱侬家政服务有限公司与官网版权北京爱侬养老科技发展股份有限公司；仅按爱侬品牌体系关联，不将两个法人合并。
正式名单是北京爱侬养老科技发展股份有限公司，与官网版权主体一致；2025劳务品牌名单另列北京爱侬家政服务有限公司，两者不能互换成同一法人。2024年度员工制资格为历史记录，有效期已过，不表述为2026当前员工制认证。
正式名单是北京爱侬养老科技发展股份有限公司，与官网版权主体一致；2025劳务品牌名单另列北京爱侬家政服务有限公司，两者不能互换成同一法人。2023年度员工制资格为历史记录，有效期已过，不表述为2026当前员工制认证。
基地列名北京爱侬家政服务有限公司，与2025品牌名录相同；官网版权及2024员工制名单另为爱侬养老科技股份，仅品牌体系关联而非同一法人。",政府品牌推选优先组。对应2025年正式政府联合推选并发布的劳务品牌企业名录，列名公司为北京爱侬家政服务有限公司。名单没有官方名次；仍须核对本单合同、育儿人选与换人条款。这是品牌关联记录，仅适用于列名法人，不覆盖所有同品牌订单。,主体和北京育儿业务可定位，培训有公开线索；换人、退费及现行收费证据不足，不能据品牌历史推断保障。,有可回读的历史养老服务采访，说明换人承诺与退费边界值得核合同。当前北京育儿嫂履约投诉在本轮公开索引中仍缺可核个案。,已核对当前公示列表。可见其他物业服务和荣华街道分公司的按摩服务公示，均不能用作北京育儿嫂差评。名称匹配可含分支及其他工种，不能作为机构投诉率。,2026-09-21,2.0,0.0,当前官网与定向检索未取得适用育儿嫂的更换次数、免费条件和到岗期；旧普通保姆采访及早年自述不用于本项加分。,,0.0,未取得现行育儿嫂匹配失败退出及服务费退还公式；旧保姆不退费口径涉及不同工种和年份，不能转为当前规则。,,1.0,官网有自有职业培训学校，历史备案列育婴员认定能力；这是机构培训线索，仍缺当前候选的体检、背调与实操记录。,"https://www.ainong.com.cn/
https://rsj.beijing.gov.cn/ywsite/zyjd/zyjd_jnrd/zyjd_bjrs/bjrs_yrdw/202303/t20230329_2947020.html",1.0,官网有投诉建议入口及育儿专家方案宣传，但未说明具体负责流程；入户指导频次、响应时限与紧急替补机制仍缺。,https://www.ainong.com.cn/,0.0,已检索收费资料，未取得注明有效期的北京育儿嫂工资与机构费；第三方推广报价和多年前订单金额不作为现价。,
正点家政,政府品牌推选优先组,62.0,10,是,60,2.0,pass,政府正式列名主体或有来源支持的品牌关联可对应，满足本次“有完整主体线索”门槛；这不等于实时工商、当前合同或逐人劳动关系已核实。 档案依据：北京正点家政集团有限公司，2023与2024北京市员工制家政正式入选名单可核。京嫂招聘企业介绍称其属正点旗下高端月嫂品牌，状元宝贝亦见集团业务资料；应关联品牌组避免重复计数。 京嫂为相关母婴品牌，有政府/就业材料指向正点集团；合并展示品牌关系，不另计一家独立机构。 业务抽查边界：长期育婴招聘对应正点，2025品牌推选对应相关京嫂法人且主要月嫂；政府关联展示不能替代正点育儿合同主体适用核验。,"北京京嫂科技发展集团有限公司
北京正点家政集团有限公司
北京正点家政集团有限公司
北京京嫂科技发展有限公司","2025 正式政府联合推选并发布的劳务品牌企业名录
2024 正式年度员工制企业入选公告
2023 正式年度员工制企业入选公告
2025 正式联合推选的劳务输入基地名单；非服务质量等级评选","https://rsj.beijing.gov.cn/bm/ztzl/ssjzlwpp/202511/t20251103_4250992.html
https://sw.beijing.gov.cn/phone/zwxx/tzgg/202401/t20240131_3550205.html
https://rsj.beijing.gov.cn/xxgk/tzgg/202302/t20230208_2913405.html
https://rsj.beijing.gov.cn/xxgk/tzgg/202511/t20251103_4251298.html","本目录与发布报道未载明有效期限；三年行动方案说明以后根据实际动态调整；截至本轮可读公开目录仍为2025-11-06这30家；未发现更近替代批次，不声称名单永久有效
自发布之日起有效期1年；每年开展一次，符合条件可连续申报；2024年度历史入选；未取得续期名单，不作为2026年当前认证
自发布之日起有效期1年；每年开展一次，符合条件可连续申报；2023年度历史入选；未取得续期名单，不作为2026年当前认证
公告未载明有效期；可确认2025年正式入选，不据此断言目前持续资格或质量保证","2025列名为北京京嫂科技发展集团有限公司，政府/就业资料及京嫂企业介绍指向正点相关母婴品牌；与2023/2024列名正点家政集团为不同法人，仅关联品牌组。
正式名单直接列北京正点家政集团有限公司；2025京嫂是相关品牌的另一法人，不把京嫂的条款与本公司长期育儿合同合并。2024年度员工制资格为历史记录，有效期已过，不表述为2026当前员工制认证。
正式名单直接列北京正点家政集团有限公司；2025京嫂是相关品牌的另一法人，不把京嫂的条款与本公司长期育儿合同合并。2023年度员工制资格为历史记录，有效期已过，不表述为2026当前员工制认证。
基地精确列名北京京嫂科技发展有限公司，2025品牌名录则为北京京嫂科技发展集团有限公司；既有招聘介绍有正点旗下京嫂线索，但未取得两京嫂名称的工商变更或权属链，不自动合并，不据这条待核匹配加政府依据。",政府品牌推选优先组。对应2025年正式政府联合推选并发布的劳务品牌企业名录，列名公司为北京京嫂科技发展集团有限公司。名单没有官方名次；仍须核对本单合同、育儿人选与换人条款。这是品牌关联记录，仅适用于列名法人，不覆盖所有同品牌订单。2025年京嫂为关联品牌的另一法人，主要经营月嫂；正点长期育儿合同主体与推选记录适用范围另核。,北京主体与育婴招聘有官方渠道线索，培训和旧服务费口径可有限参考；月嫂换退宣传没有计入长期育儿保障。,主要取得员工制家政名单、春节保供、校企合作、商业榜单。名单内的公示监督电话和推广评价不等于投诉记录；本轮公开索引未取得可归属个案。,已按1组名称查询当前公示列表，本轮未见记录；不代表零投诉，公示期限、名称别称和公开范围会影响结果。,2026-09-21,2.0,0.0,旧目录和推广稿的三天或七天免费更换针对月嫂，无法确认适用长期育儿嫂；正点育儿更换次数与补位期限未取得。,"https://m.cityhui.com/shop/17542.html
https://www.zhaopin.com/jobdetail/CCL1486482680J40615321302.htm",0.0,商业聚合目录的无条件退费混合月嫂介绍且没有具名合同，不能确认育儿适用；现行退款范围、计算和到账规则仍缺。,https://m.cityhui.com/shop/17542.html,1.0,政府招聘与商业目录提供集团学校培训线索，仍属简介而非现行筛选流程；实际育儿人选的实操、健康及背调记录未取得。,"https://jy.daxing.net/qyzs/190763.jhtml
https://m.cityhui.com/shop/17542.html",0.0,历史员工制入选证明特定年度资质线索，不等于当前育儿回访和应急替补机制；母婴品牌的每日日志不能直接套育儿嫂。,"https://sw.beijing.gov.cn/phone/zwxx/tzgg/202401/t20240131_3550205.html
https://www.beijing.gov.cn/ywdt/gqrd/202511/t20251114_4281180.html",1.0,2023二手目录称长期服务费相当一个月工资，仅作旧收费结构线索；2025招聘工资不是雇主报价，现行金额和附加费仍缺。,https://m.cityhui.com/shop/17542.html
京平绿谷家政,政府品牌推选优先组,62.0,10,是,60,2.0,pass,政府正式列名主体或有来源支持的品牌关联可对应，满足本次“有完整主体线索”门槛；这不等于实时工商、当前合同或逐人劳动关系已核实。 档案依据：政府海报列北京京平绿谷家政服务有限公司，展示“智服到家”服务品牌；不自动合并近名人力资源公司。,北京京平绿谷家政服务有限公司,2025 正式政府联合推选并发布的劳务品牌企业名录,https://rsj.beijing.gov.cn/bm/ztzl/ssjzlwpp/202510/t20251031_4249361.html,本目录与发布报道未载明有效期限；三年行动方案说明以后根据实际动态调整；截至本轮可读公开目录仍为2025-11-06这30家；未发现更近替代批次，不声称名单永久有效,2025北京市人社家政劳务品牌详情列出的完整公司名与既有档案主体一致；品牌简称未被当成另一法人，合同主体仍须逐单核对。,政府品牌推选优先组。对应2025年正式政府联合推选并发布的劳务品牌企业名录，列名公司为北京京平绿谷家政服务有限公司。名单没有官方名次；仍须核对本单合同、育儿人选与换人条款。,政府海报支持育婴服务及培训、资金管理和保险线索，但均未核到本单；换人、退费与费用规则仍缺。,以北京京平绿谷家政服务有限公司和智服到家补查；结果为招聘、名录和采购公示。搜索带出的公积金检查表回读未见京平绿谷，京平绿谷人力资源公司也不未经核验视为同一法人。 本轮公开索引未取得可归属的投诉或处罚个案。,已按1组名称查询当前公示列表，本轮未见记录；不代表零投诉，公示期限、名称别称和公开范围会影响结果。,2026-09-21,2.0,0.0,京平绿谷海报提线上育婴接单，换人专项检索未取得明确合同承诺；候选人数、免费次数和到岗期限均缺。,,0.0,虽有三方共管账户的海报自述，未披露育儿终约退款触发、扣款和到账期限，不能把资金管理当成可退款规则。,https://rsj.beijing.gov.cn/bm/ztzl/ssjzlwpp/202510/W020251031645610618687.jpg,1.0,2025年海报介绍校企理论、实操、场景模拟及季度培训，仅为历史培训自述；个人体检、背调和考试记录未取得。,https://rsj.beijing.gov.cn/bm/ztzl/ssjzlwpp/202510/W020251031645610618687.jpg,1.0,历史海报列信用评价、服务站和雇主险，支持售后制度线索；未核育儿适用保单、督导频率及问题处理时限。,https://rsj.beijing.gov.cn/bm/ztzl/ssjzlwpp/202510/W020251031645610618687.jpg,0.0,现有海报没有育儿工资或中介费结构，平台成交量和劳务输送量不能替代客户的费用、试工与假日明细。,
乐活家政 / 乐活圈,政府品牌推选优先组,62.0,10,是,60,2.0,pass,政府正式列名主体或有来源支持的品牌关联可对应，满足本次“有完整主体线索”门槛；这不等于实时工商、当前合同或逐人劳动关系已核实。 档案依据：政府海报明确乐活家政品牌由乐活圈（北京）信息科技有限公司运营；不与同名社交/生活软件合并。,乐活圈（北京）信息科技有限公司,2025 正式政府联合推选并发布的劳务品牌企业名录,https://rsj.beijing.gov.cn/bm/ztzl/ssjzlwpp/202510/t20251031_4249347.html,本目录与发布报道未载明有效期限；三年行动方案说明以后根据实际动态调整；截至本轮可读公开目录仍为2025-11-06这30家；未发现更近替代批次，不声称名单永久有效,政府原始海报明确乐活家政品牌由乐活圈（北京）信息科技有限公司运营；不归并同名软件或其他乐活商家。,政府品牌推选优先组。对应2025年正式政府联合推选并发布的劳务品牌企业名录，列名公司为乐活圈（北京）信息科技有限公司。名单没有官方名次；仍须核对本单合同、育儿人选与换人条款。这是品牌关联记录，仅适用于列名法人，不覆盖所有同品牌订单。,延庆育婴业务及平台流程有历史官方展示，培训和售后只获基础分；缺换退期限、当前人选和客户报价。,精确查询乐活圈（北京）信息科技有限公司并补乐活家政北京。结果为高新企业、官方名录及合作消息；高新企业名录不是行政处罚或客户口碑。 本轮公开索引未取得可归属的投诉或处罚个案。,已按1组名称查询当前公示列表，本轮未见记录；不代表零投诉，公示期限、名称别称和公开范围会影响结果。,2026-09-21,2.0,0.0,乐活圈海报列社区育婴服务，但查后未取得育儿免费更换的条件和次数，也未披露同价候选及到岗期限。,,0.0,育儿合同和退款专项检索未取得试工、提前退出或无人可换的退款办法，小程序预约功能不能证明可退费。,,1.0,2025年海报有理论实操和场景模拟培训，支持历史培训自述；累计上岗率不等于拟派育儿人员的实际考核。,https://rsj.beijing.gov.cn/bm/ztzl/ssjzlwpp/202510/W020251031642859425859.jpg,1.0,历史海报描述小程序监控、评价和服务追溯，提供售后管理线索；责任人、育儿督导和投诉处理期限仍缺。,https://rsj.beijing.gov.cn/bm/ztzl/ssjzlwpp/202510/W020251031642859425859.jpg,0.0,现有海报未列育儿工资、服务费或计费周期，平台效率和满意度宣传不提供家庭试工、假日等费用信息。,
阳光北亚家政,政府品牌推选优先组,61.0,14,是,60,1.0,pass,政府正式列名主体或有来源支持的品牌关联可对应，满足本次“有完整主体线索”门槛；这不等于实时工商、当前合同或逐人劳动关系已核实。 档案依据：北京阳光北亚家政服务有限公司；政府历史人物报道与品牌资料一致。CNPP 展示代码 91110101794094220W，属第三方工商转载，实际签约分公司仍要核执照。,"北京阳光北亚家政服务有限公司
北京阳光北亚家政服务有限公司
北京阳光北亚家政服务有限公司","2025 正式政府联合推选并发布的劳务品牌企业名录
2024 正式年度员工制企业入选公告
2025 正式联合推选的劳务输入基地名单；非服务质量等级评选","https://rsj.beijing.gov.cn/bm/ztzl/ssjzlwpp/202511/t20251103_4251044.html
https://sw.beijing.gov.cn/phone/zwxx/tzgg/202401/t20240131_3550205.html
https://rsj.beijing.gov.cn/xxgk/tzgg/202511/t20251103_4251298.html","本目录与发布报道未载明有效期限；三年行动方案说明以后根据实际动态调整；截至本轮可读公开目录仍为2025-11-06这30家；未发现更近替代批次，不声称名单永久有效
自发布之日起有效期1年；每年开展一次，符合条件可连续申报；2024年度历史入选；未取得续期名单，不作为2026年当前认证
公告未载明有效期；可确认2025年正式入选，不据此断言目前持续资格或质量保证","2025北京市人社家政劳务品牌详情列出的完整公司名与既有档案主体一致；品牌简称未被当成另一法人，合同主体仍须逐单核对。
正式入选公告的完整法人名与既有档案可对应；使用正式公告而非拟入选公示。2024年度员工制资格为历史记录，有效期已过，不表述为2026当前员工制认证。
2025河北福嫂来京就业输入基地正式公告的完整主体名与既有档案对应；输入基地资格不等于育儿业务、人员库存或免费换人保证。",政府品牌推选优先组。对应2025年正式政府联合推选并发布的劳务品牌企业名录，列名公司为北京阳光北亚家政服务有限公司。名单没有官方名次；仍须核对本单合同、育儿人选与换人条款。,主体与北京服务有政府及商家线索，但官网本轮未回读；较具体材料偏历史，换人、退款及当期收费仍待核。,本轮公开索引未取得可归属的育儿服务投诉；历史荣誉或善后报道不能证明每次换人退费都能落实。,已按1组名称查询当前公示列表，本轮未见记录；不代表零投诉，公示期限、名称别称和公开范围会影响结果。,2026-09-21,2.0,0.0,定向检索及商家资料未取得当前育儿嫂免费次数、候选期限和到岗保证；旧培训或诚信事迹不能代替具体换人政策。,,0.0,政府报道记录的未上岗退款是二〇一七年老人家政个案，并非育儿嫂规则；当前匹配失败退出及金额公式仍缺。,https://www.bjwmb.gov.cn/sbhr/zghrb/2019/05/10003946.html,1.0,政府历史报道和品牌资料有培训后客户考核介绍，仅支持历史流程线索；当前候选体检、背景核验与考核样本未取得。,"https://www.bjwmb.gov.cn/sbhr/zghrb/2019/05/10003946.html
https://www.cnpp.cn/pinpai/1626274.html",0.0,已查政府、品牌和商家材料，未取得当前育儿嫂督导频次和投诉升级约定；公开电话不足以证明具体售后机制。,,0.0,未取得当期育儿嫂工资与中介管理费的可比明细；历史服务事迹和目录介绍没有给出当前家庭总费用或附加费。,
家家福宁,政府品牌推选优先组,61.0,14,是,60,1.0,pass,政府正式列名主体或有来源支持的品牌关联可对应，满足本次“有完整主体线索”门槛；这不等于实时工商、当前合同或逐人劳动关系已核实。 档案依据：2025北京市人社名录为北京家家福宁家政有限公司；部分推广稿加“服务”二字，不直接当精确法人。,"北京家家福宁家政有限公司
北京家家福宁家政有限公司","2025 正式政府联合推选并发布的劳务品牌企业名录
2025 正式联合推选的劳务输入基地名单；非服务质量等级评选","https://rsj.beijing.gov.cn/bm/ztzl/ssjzlwpp/202511/t20251103_4251026.html
https://rsj.beijing.gov.cn/xxgk/tzgg/202511/t20251103_4251298.html","本目录与发布报道未载明有效期限；三年行动方案说明以后根据实际动态调整；截至本轮可读公开目录仍为2025-11-06这30家；未发现更近替代批次，不声称名单永久有效
公告未载明有效期；可确认2025年正式入选，不据此断言目前持续资格或质量保证","2025北京市人社家政劳务品牌详情列出的完整公司名与既有档案主体一致；品牌简称未被当成另一法人，合同主体仍须逐单核对。
2025河北福嫂来京就业输入基地正式公告的完整主体名与既有档案对应；输入基地资格不等于育儿业务、人员库存或免费换人保证。",政府品牌推选优先组。对应2025年正式政府联合推选并发布的劳务品牌企业名录，列名公司为北京家家福宁家政有限公司。名单没有官方名次；仍须核对本单合同、育儿人选与换人条款。,政府名录和近期育儿招聘支持北京业务，培训供给仅为线索；换人、退出、督导和面向家庭的完整收费仍没有公开依据。,政府原PDF明确记载2022-10-26北京家家福宁家政有限公司公共场所卫生抽查不合格，已视觉复核表格。未列具体不合格项目、处罚或后续整改；不能据此推断育儿服务事故或当前状况。,已按1组名称查询当前公示列表，本轮未见记录；不代表零投诉，公示期限、名称别称和公开范围会影响结果。,2026-09-21,2.0,0.0,家家福宁官方名录与近期招聘没有免费换人、同档候选及到岗时间条款；社区网点与招聘人数不能等于实时替补能力。,,0.0,公开材料没有育儿试工退出、提前解约及多次换人失败的退费公式，不能由输入基地或政府列名推定已承诺退款。,,1.0,近期技能培训师招聘与劳务输入基地能提供弱培训线索，尚未给出育儿人员健康、背景和实操考试流程及个人材料。,"https://www.sohu.com/a/1035281853_121106842
https://xinwen.bjd.com.cn/content/s690c5cbfe4b02424b0c2997d.html",0.0,现有资料能证社区家政活动，但没有育儿督导回访、夜间应急联系人和离岗补位流程，其他养老业务安排不外推。,,0.0,已读招聘未给可核的育儿家庭报价，推广价格没有作为可靠价目表采用；机构费、试工和附加收费目前仍缺。,
管家多多,政府品牌推选优先组,61.0,14,是,60,1.0,pass,政府正式列名主体或有来源支持的品牌关联可对应，满足本次“有完整主体线索”门槛；这不等于实时工商、当前合同或逐人劳动关系已核实。 档案依据：北京管家多多家政有限公司列2024协会理事名单；教育宝商家介绍同名。,"北京管家多多家政有限公司
北京管家多多家政有限公司","2025 正式政府联合推选并发布的劳务品牌企业名录
2025 正式联合推选的劳务输入基地名单；非服务质量等级评选","https://rsj.beijing.gov.cn/bm/ztzl/ssjzlwpp/202511/t20251103_4251005.html
https://rsj.beijing.gov.cn/xxgk/tzgg/202511/t20251103_4251298.html","本目录与发布报道未载明有效期限；三年行动方案说明以后根据实际动态调整；截至本轮可读公开目录仍为2025-11-06这30家；未发现更近替代批次，不声称名单永久有效
公告未载明有效期；可确认2025年正式入选，不据此断言目前持续资格或质量保证","2025北京市人社家政劳务品牌详情列出的完整公司名与既有档案主体一致；品牌简称未被当成另一法人，合同主体仍须逐单核对。
2025河北福嫂来京就业输入基地正式公告的完整主体名与既有档案对应；输入基地资格不等于育儿业务、人员库存或免费换人保证。",政府品牌推选优先组。对应2025年正式政府联合推选并发布的劳务品牌企业名录，列名公司为北京管家多多家政有限公司。名单没有官方名次；仍须核对本单合同、育儿人选与换人条款。,北京家庭育儿业务与课程介绍较明确，培训只能获得基础分；换退、售后和家庭收费仍缺公开规则。,结果有河北福嫂输入基地、家政之家住宿和培训学员评价；这些不是雇主育儿订单口碑。桔多多网贷、链家房产和轻松到家投诉均非管家多多。 本轮公开索引未取得可归属的投诉或处罚个案。,已回读详情中最新公示（2026-07-22）：北京管家多多家政有限公司，服务类别为其他技能培训服务，处理结果为“未达成调解协议”。公示未披露协议细节及退款到账证据，不能据此推断北京育儿嫂整体服务质量。,2026-09-21,2.0,0.0,管家多多介绍明确家庭育儿服务，但查后未取得换人条款；免费次数、同档差价和临时离岗补位时限均缺。,,0.0,已查品牌退款及合同，未取得育儿家庭试工、提前终止或无人可换时的扣费公式，培训安排不等于退出保障。,,1.0,2026年更新的机构自填页列育婴、早教和辅食培训，支持培训宣传；未披露背景健康查验和实际考核标准。,https://bj.jiaoyubao.cn/edu/bjgjdd/,0.0,培训与家庭服务介绍未列育儿督导、回访或应急责任；平台转接咨询号不能当作已建立售后流程的证明。,https://bj.jiaoyubao.cn/edu/bjgjdd/,0.0,现有资料展示培训课程而非雇主完整价格，未取得育儿工资、机构费和试工费，不能把培训学费挪作雇佣费。,
友好和平,政府品牌推选优先组,61.0,14,是,60,1.0,pass,政府正式列名主体或有来源支持的品牌关联可对应，满足本次“有完整主体线索”门槛；这不等于实时工商、当前合同或逐人劳动关系已核实。 档案依据：政府名录及招聘全称为北京友好和平护理服务有限公司，品牌“和平家政”。政府海报称品牌1997年成立，官网索引称公司2000年成立，品牌与法人年限需分开，不擅自统一。,北京友好和平护理服务有限公司,2025 正式政府联合推选并发布的劳务品牌企业名录,https://rsj.beijing.gov.cn/bm/ztzl/ssjzlwpp/202511/t20251103_4251041.html,本目录与发布报道未载明有效期限；三年行动方案说明以后根据实际动态调整；截至本轮可读公开目录仍为2025-11-06这30家；未发现更近替代批次，不声称名单永久有效,2025北京市人社家政劳务品牌详情列出的完整公司名与既有档案主体一致；品牌简称未被当成另一法人，合同主体仍须逐单核对。,政府品牌推选优先组。对应2025年正式政府联合推选并发布的劳务品牌企业名录，列名公司为北京友好和平护理服务有限公司。名单没有官方名次；仍须核对本单合同、育儿人选与换人条款。,政府育儿招聘和品牌海报支持业务，筛选流程只有历史自述；换退、育儿售后与客户收费缺现行资料。,核对北京友好和平护理服务有限公司并补和平家政。结果以名录、保供、招聘和2006春节用工报道为主；和平精英游戏退款误标到家政分类，明确排除。 本轮公开索引未取得可归属的投诉或处罚个案。,已按1组名称查询当前公示列表，本轮未见记录；不代表零投诉，公示期限、名称别称和公开范围会影响结果。,2026-09-21,2.0,0.0,友好和平有明确育儿招聘和品牌介绍，查后仍未取得育儿免费换人次数、候选推荐或替补到岗期限。,,0.0,品牌合同与退款专项检索未取得育儿退出算法，试工失败、无人可换和提前终约时的服务费处理仍未知。,,1.0,2025年海报列健康、背调、理论实操及心理准入与回炉培训，提供历史流程自述；现行执行和人选档案未核。,https://rsj.beijing.gov.cn/bm/ztzl/ssjzlwpp/202511/W020251103349990758282.jpg,0.0,海报的标准化操作及持续培训没有说明育儿督导或问题处理职责，查后仍缺回访频率和应急响应安排。,https://rsj.beijing.gov.cn/bm/ztzl/ssjzlwpp/202511/W020251103349990758282.jpg,0.0,政府育儿招聘7000至12000元不含客户服务费，官网1680元为培训学费；均不构成现行家庭育儿报价。,"https://www.bjdch.gov.cn/zwgk/zdlygk/wgjyzdly/jycy/202501/t20250113_3987794.html
https://hp-jia.com/aboutus?cid=2"
德茂家政,政府品牌推选优先组,61.0,14,是,60,1.0,pass,政府正式列名主体或有来源支持的品牌关联可对应，满足本次“有完整主体线索”门槛；这不等于实时工商、当前合同或逐人劳动关系已核实。 档案依据：政府品牌海报和大兴就业平台均为北京德茂家政服务有限公司；未另核实时工商和拟签合同。,北京德茂家政服务有限公司,2025 正式政府联合推选并发布的劳务品牌企业名录,https://rsj.beijing.gov.cn/bm/ztzl/ssjzlwpp/202510/t20251031_4249364.html,本目录与发布报道未载明有效期限；三年行动方案说明以后根据实际动态调整；截至本轮可读公开目录仍为2025-11-06这30家；未发现更近替代批次，不声称名单永久有效,2025北京市人社家政劳务品牌详情列出的完整公司名与既有档案主体一致；品牌简称未被当成另一法人，合同主体仍须逐单核对。,政府品牌推选优先组。对应2025年正式政府联合推选并发布的劳务品牌企业名录，列名公司为北京德茂家政服务有限公司。名单没有官方名次；仍须核对本单合同、育儿人选与换人条款。,政府海报和2026招聘支持北京育儿业务，培训要求仅为线索；招聘职责错配，换退及客户报价需重点核。,以北京德茂家政服务有限公司核查，命中大兴就业平台多个岗位与官方品牌名录。岗位职责中的处理客户投诉是招聘要求，并非已发生消费者个案。 本轮公开索引未取得可归属的投诉或处罚个案。,已按1组名称查询当前公示列表，本轮未见记录；不代表零投诉，公示期限、名称别称和公开范围会影响结果。,2026-09-21,2.0,0.0,德茂海报与育儿招聘没有更换保障，专项检索后未取得免费次数、同档差价及推荐到岗期限，仍需育儿合同。,,0.0,已查品牌育儿退费和合同，未取得试用失败、终约或无人可换时的扣费算法，招聘说明不形成客户退出路径。,,1.0,海报有合作培训自述，招聘要求证书或经验，只能作基本要求线索；岗位职责混入养老模板，实际育儿考核仍需核。,"https://rsj.beijing.gov.cn/bm/ztzl/ssjzlwpp/202510/W020251031646087714725.jpg
https://jy.daxing.net/zpxx/202149.jhtml",0.0,现有材料描述咨询培训与派工，但没有育儿回访、督导责任或投诉升级安排，不能仅凭有门店而加售后分。,https://rsj.beijing.gov.cn/bm/ztzl/ssjzlwpp/202510/W020251031646087714725.jpg,0.0,6000至12000元为已过截止日的招聘工资，未包括客户管理费；另列月嫂工资不能用于育儿报价比较。,https://jy.daxing.net/zpxx/202149.jhtml
育乐宝家政,政府品牌推选优先组,61.0,14,是,60,1.0,pass,政府正式列名主体或有来源支持的品牌关联可对应，满足本次“有完整主体线索”门槛；这不等于实时工商、当前合同或逐人劳动关系已核实。 档案依据：政府海报称公司2021年成立于怀柔；注意不与“育乐宝母婴”商标的其他注册人合并。,北京育乐宝家政服务有限公司,2025 正式政府联合推选并发布的劳务品牌企业名录,https://rsj.beijing.gov.cn/bm/ztzl/ssjzlwpp/202510/t20251031_4249358.html,本目录与发布报道未载明有效期限；三年行动方案说明以后根据实际动态调整；截至本轮可读公开目录仍为2025-11-06这30家；未发现更近替代批次，不声称名单永久有效,2025北京市人社家政劳务品牌详情列出的完整公司名与既有档案主体一致；品牌简称未被当成另一法人，合同主体仍须逐单核对。,政府品牌推选优先组。对应2025年正式政府联合推选并发布的劳务品牌企业名录，列名公司为北京育乐宝家政服务有限公司。名单没有官方名次；仍须核对本单合同、育儿人选与换人条款。,北京怀柔主体与科学育儿服务有政府展示线索，培训仅为历史自述；换退、售后及家庭收费未取得。,以北京育乐宝家政服务有限公司核查，结果为怀柔招聘、妇联培训和人社品牌名录；未取得可归属消费者个案，不能用活动曝光量推算好评率。 本轮公开索引未取得可归属的投诉或处罚个案。,已按1组名称查询当前公示列表，本轮未见记录；不代表零投诉，公示期限、名称别称和公开范围会影响结果。,2026-09-21,2.0,0.0,育乐宝政府介绍明确科学育儿，但专项检索后仍未取得免费换人次数、同档候选范围和推荐到岗时限。,,0.0,未取得育乐宝育儿雇主合同，试工、提前终止或无人可换时的退费比例和扣款项不明，招聘活动不能补足。,,1.0,历史海报介绍职业道德及母婴基础进阶课程，支持培训宣传；未取得育儿健康、背景和实操考核的执行标准。,https://rsj.beijing.gov.cn/bm/ztzl/ssjzlwpp/202510/W020251031645131792209.jpg,0.0,社区与就业服务体系没有给出上户育儿回访、专属督导或夜间应急职责，查后仍没有可用售后机制。,,0.0,查后没有育儿工资、机构费和试工收费，双选会岗位总量属于多家机构，不提供本公司的家庭费用信息。,
今日东方,政府品牌推选优先组,60.0,20,否,60,0.0,pass,政府正式列名主体或有来源支持的品牌关联可对应，满足本次“有完整主体线索”门槛；这不等于实时工商、当前合同或逐人劳动关系已核实。 档案依据：北京今日东方家政服务有限公司见政府海报及2024员工制名单，海报称2009年成立。另有今日东方劳务派遣/人力资源公司，未自动视为同一签约法人。,"北京今日东方家政服务有限公司
北京今日东方家政服务有限公司
北京今日东方家政服务有限公司
北京今日东方家政服务有限公司","2025 正式政府联合推选并发布的劳务品牌企业名录
2024 正式年度员工制企业入选公告
2023 正式年度员工制企业入选公告
2025 正式联合推选的劳务输入基地名单；非服务质量等级评选","https://rsj.beijing.gov.cn/bm/ztzl/ssjzlwpp/202511/t20251103_4250968.html
https://sw.beijing.gov.cn/phone/zwxx/tzgg/202401/t20240131_3550205.html
https://rsj.beijing.gov.cn/xxgk/tzgg/202302/t20230208_2913405.html
https://rsj.beijing.gov.cn/xxgk/tzgg/202511/t20251103_4251298.html","本目录与发布报道未载明有效期限；三年行动方案说明以后根据实际动态调整；截至本轮可读公开目录仍为2025-11-06这30家；未发现更近替代批次，不声称名单永久有效
自发布之日起有效期1年；每年开展一次，符合条件可连续申报；2024年度历史入选；未取得续期名单，不作为2026年当前认证
自发布之日起有效期1年；每年开展一次，符合条件可连续申报；2023年度历史入选；未取得续期名单，不作为2026年当前认证
公告未载明有效期；可确认2025年正式入选，不据此断言目前持续资格或质量保证","2025北京市人社家政劳务品牌详情列出的完整公司名与既有档案主体一致；品牌简称未被当成另一法人，合同主体仍须逐单核对。
正式入选公告的完整法人名与既有档案可对应；使用正式公告而非拟入选公示。2024年度员工制资格为历史记录，有效期已过，不表述为2026当前员工制认证。
正式入选公告的完整法人名与既有档案可对应；使用正式公告而非拟入选公示。2023年度员工制资格为历史记录，有效期已过，不表述为2026当前员工制认证。
2025河北福嫂来京就业输入基地正式公告的完整主体名与既有档案对应；输入基地资格不等于育儿业务、人员库存或免费换人保证。",政府品牌推选优先组。对应2025年正式政府联合推选并发布的劳务品牌企业名录，列名公司为北京今日东方家政服务有限公司。名单没有官方名次；仍须核对本单合同、育儿人选与换人条款。,北京展会育儿咨询有可归属报道，其他规模培训多来自护工业务；育儿换退、筛选和售后需单独核实。,保留并回读2025年生活节新手父亲咨询今日东方的媒体采访，仅支持现场咨询体验，不证明签约、换人或退款。其余政府名录、招聘与资源库未提供投诉处理个案。 本轮公开索引未取得可归属的投诉或处罚个案。,已按1组名称查询当前公示列表，本轮未见记录；不代表零投诉，公示期限、名称别称和公开范围会影响结果。,2026-09-21,2.0,0.0,春节调度报道涉及护工换岗和用工缺口，不是育儿换人承诺；查后未取得育儿免费次数和推荐到岗时限。,https://m.bjnews.com.cn/detail/1770954779129145.html,0.0,已查今日东方育儿退款及合同，未取得服务费退还公式或匹配失败退出路径，也没有可核退款结局。,,0.0,海报及报道中的培训以吕梁山护工为主，没有具体育儿健康、证件和婴幼儿实操筛查，不能跨工种增加得分。,"https://rsj.beijing.gov.cn/bm/ztzl/ssjzlwpp/202511/W020251103335734480525.jpg
https://m.bjnews.com.cn/detail/1770954779129145.html",0.0,媒体虽证实总调度及跨区护工协调，但没有育儿客户督导职责和响应安排，不能推定每单育儿订单适用。,https://m.bjnews.com.cn/detail/1770954779129145.html,0.0,海报护工平均收入6000元属于另一工种，未取得育儿工资与中介费；护工春节用工成本不作为育儿报价。,https://rsj.beijing.gov.cn/bm/ztzl/ssjzlwpp/202511/W020251103335734480525.jpg
亿婴宝,其他政府记录组,27.0,,否,15,12.0,pass,政府正式列名主体或有来源支持的品牌关联可对应，满足本次“有完整主体线索”门槛；这不等于实时工商、当前合同或逐人劳动关系已核实。 档案依据：当前官网页脚为北京亿婴宝教育科技有限公司，ICP备案号京ICP备19011098号-1；2023、2024员工制家政正式入选公告进一步交叉确认主体。旧商贸中心名称不能替代现在签约主体。,"北京亿婴宝教育科技有限公司
北京亿婴宝教育科技有限公司","2024 正式年度员工制企业入选公告
2023 正式年度员工制企业入选公告","https://sw.beijing.gov.cn/phone/zwxx/tzgg/202401/t20240131_3550205.html
https://rsj.beijing.gov.cn/xxgk/tzgg/202302/t20230208_2913405.html","自发布之日起有效期1年；每年开展一次，符合条件可连续申报；2024年度历史入选；未取得续期名单，不作为2026年当前认证
自发布之日起有效期1年；每年开展一次，符合条件可连续申报；2023年度历史入选；未取得续期名单，不作为2026年当前认证","正式入选公告的完整法人名与既有档案可对应；使用正式公告而非拟入选公示。2024年度员工制资格为历史记录，有效期已过，不表述为2026当前员工制认证。
正式入选公告的完整法人名与既有档案可对应；使用正式公告而非拟入选公示。2023年度员工制资格为历史记录，有效期已过，不表述为2026当前员工制认证。",其他政府记录组。对应2024年正式年度员工制企业入选公告，列名公司为北京亿婴宝教育科技有限公司。该年度员工制认定已过一年有效期，只记历史入选。,官网对筛选、回访及随时更换说明较多，但免费范围和硬性补位期限不明，退款及总费用也仍需合同核实。,已补实既有月嫂投诉的工种、状态和回复缺失；本轮没有新增可核育儿嫂个案。,已回读详情中最新公示（2026-09-10）：北京亿婴宝教育科技有限公司，服务类别为家政中介服务，处理结果为“未达成调解协议”。公示未披露协议细节及退款到账证据，不能据此推断北京育儿嫂整体服务质量。,2026-09-21,2.0,6.0,官网育儿嫂页写三方合同、天天试工及不满意随时更换，适用工种明确；但免费次数、同级价差和到岗期限未公开。,http://www.bjyyb.com/infants/,0.0,当前育儿嫂退费公式与连续匹配失败退出条件未取得；二〇二四年月嫂投诉涉及其他工种，不能用于推定本项规则。,,3.0,官网列身份核验、健康审查、岗前培训及周期考试升级，流程较具体；仍缺拟派人选证件、实操和近期经验核验。,http://www.bjyyb.com/infants/,3.0,官网说明全天热线、客服督导定期回访及保险安排；回访频率、问题升级、突发照护处置与具体保单责任仍需核验。,http://www.bjyyb.com/infants/,0.0,已查育儿嫂服务页但未取得现行工资和机构收费表；人员等级不能代替服务费、假日、延时及替补价差的分项金额。,
享月亲贝／享月月嫂,其他政府记录组,15.0,,否,15,0.0,pass,政府正式列名主体或有来源支持的品牌关联可对应，满足本次“有完整主体线索”门槛；这不等于实时工商、当前合同或逐人劳动关系已核实。 档案依据：官网页脚和2024中国妇女报采访均对应北京享月亲贝家政服务有限公司；享月月嫂是服务品牌表述，核单时仍须看法人。,北京享月亲贝家政服务有限公司,2024 正式年度员工制企业入选公告,https://sw.beijing.gov.cn/phone/zwxx/tzgg/202401/t20240131_3550205.html,自发布之日起有效期1年；每年开展一次，符合条件可连续申报；2024年度历史入选；未取得续期名单，不作为2026年当前认证,正式入选公告的完整法人名与既有档案可对应；使用正式公告而非拟入选公示。2024年度员工制资格为历史记录，有效期已过，不表述为2026当前员工制认证。,其他政府记录组。对应2024年正式年度员工制企业入选公告，列名公司为北京享月亲贝家政服务有限公司。该年度员工制认定已过一年有效期，只记历史入选。,公司和育儿嫂入口可定位，但可读的具体保障多指月嫂；本次不跨工种给分，需单独取得育儿嫂合同与流程。,新增一条月嫂合同提前终止与退款结算投诉，商家未匹配、未见答复或退款确认；不是长期育儿嫂案例。,已回读详情中最新公示（2026-02-25）：北京享月亲贝家政服务有限公司，服务类别为家政中介服务，处理结果为“达成调解协议”。公示未披露协议细节及退款到账证据，不能据此推断北京育儿嫂整体服务质量。,2026-09-21,2.0,0.0,官网二十四小时到岗及每天试用明确针对月嫂，保障页正文又仅有占位文字；未取得适用育儿嫂的更换次数和期限。,"https://www.5imybaby.com/
https://www.5imybaby.com/guarantee/",0.0,合同页有透明及月嫂违约赔偿宣传，未提供育儿嫂完整合同；退出条件、服务费扣除与到账期限均缺可用条款。,https://www.5imybaby.com/contract/,0.0,媒体采访的技能和信用审核明确谈月嫂，未证实育儿嫂采用同一流程；因此不移用加分，待核实际筛选与考核标准。,https://paper.cnwomen.com.cn/zgfnb/html/2024-01/30/nw.D110000zgfnb_20240130_1-4.htm,0.0,采访所述签字日志、调解和理赔针对二十六天月嫂服务；育儿嫂对应的督导、记录及保单未取得，不能跨工种加分。,https://paper.cnwomen.com.cn/zgfnb/html/2024-01/30/nw.D110000zgfnb_20240130_1-4.htm,0.0,未取得当前北京育儿嫂工资及机构费表；月嫂按二十六天的结算模式与服务金额不能直接换算为育儿嫂月份费用。,
福平家政,其他政府记录组,12.0,,否,10,2.0,pass,新增核到2025河北福嫂来京输入基地正式推选的完整主体，满足本次主体线索门槛；不代表实时工商或当前合同已核实。 旧身份评分不足3保留不改，本次依新增可归属政府推选记录单独判断主体门槛。 档案依据：北京福平家政服务有限公司列协会名单；2026东城政府公告标题同名，正文写北京福平家政服务中心。合同主体名称需核，不能自动等同原富平。,北京福平家政服务有限公司,2025 正式联合推选的劳务输入基地名单；非服务质量等级评选,https://rsj.beijing.gov.cn/xxgk/tzgg/202511/t20251103_4251298.html,公告未载明有效期；可确认2025年正式入选，不据此断言目前持续资格或质量保证,基地精确列北京福平家政服务有限公司，与档案协会名和政府招聘标题相同，足以定位被推选公司；招聘正文另写服务中心，关系未证，不将两名称静默等同或混为富平。,其他政府记录组。对应2025年正式联合推选的劳务输入基地名单；非服务质量等级评选，列名公司为北京福平家政服务有限公司。劳务输入基地反映人员对接功能，不等于育儿服务质量认证。,近期政府招聘提供育儿筛选及督导线索，合同主体名称仍有差异；换退与家庭收费缺少可比较规则。,精确主体和品牌补查仍以福嫂住宿、培训、公益及招聘报道为主。招聘自述提到原富平家政，尚不足独立证明全部历史法人沿革；不把其他富平主体争议直接并入。 本轮公开索引未取得可归属的投诉或处罚个案。,已按1组名称查询当前公示列表，本轮未见记录；不代表零投诉，公示期限、名称别称和公开范围会影响结果。,2026-09-21,2.0,0.0,福平近期育儿招聘明确岗位，但更换和合同检索未取得免费次数、同档候选范围或替补到岗时限。,,0.0,已查品牌退费及合同资料，未取得育儿试工、提前解约或换人失败的退款规则，不能由招聘量推断保障。,,1.0,2026年政府招聘要求健康证、上户前指定检查和育婴证，可支持筛选要求线索；实际执行、背调和实操尚未核。,https://www.bjdch.gov.cn/zwgk/zdlygk/wgjyzdly/qyzp/202604/t20260430_4630359.html,1.0,同时招聘业务督导并要求跟进回访，支持基础售后职能线索；客户对应人员、回访频率和离岗响应均未取得。,https://www.bjdch.gov.cn/zwgk/zdlygk/wgjyzdly/qyzp/202604/t20260430_4630359.html,0.0,育儿招聘6000至15000元仅为员工工资区间；未取得家庭服务费、试工或假日费用，月嫂薪酬另列不混用。,https://www.bjdch.gov.cn/zwgk/zdlygk/wgjyzdly/qyzp/202604/t20260430_4630359.html
天鹅到家,未匹配入选名单的补充组,16.0,,否,0,16.0,pass,既有档案有完整主体名称与可归属的北京服务线索，达到补充候选的主体门槛；未找到本次对照的政府入选记录，不包装为政府推荐。 档案依据：官网页脚运营信息为五八到家有限公司；北京育儿嫂订单实际签约、收款与责任主体仍须逐单确认。,,,,,,未匹配入选名单的补充组。本轮逐一对照四份正式政府名单，未取得可归属的入选记录；不等于机构差或不存在其他荣誉。,现有资料对换人次数、筛选及售后说明较多，但替补到岗和退出退费仍缺本单可执行条款。,新增材料仍集中在匹配、频繁换人后的退款结算。黑猫一例消费者确认按约退款；消费保企业完结但消费者反对；媒体另有已退款与仅承诺退款两类结果。,已核对当前公示列表。结果包含总部及衡阳、长沙等分支，首屏含家政中介、保姆、小时工等工种；全国各业务记录不能充当北京育儿嫂投诉数量。名称匹配可含分支及其他工种，不能作为机构投诉率。,2026-09-21,2.0,9.0,官网写服务期内不限次数协调更换，并说明服务类型和费用差价边界；当天首次对接不等于替补到岗，仍缺硬性到岗时限。,https://www.daojia.com/,0.0,已检索退款规则，但未取得北京育儿嫂现行退费公式和连续不适配退出条件；个案扣费争议不能代替当前合同。,,3.0,官网列身份认证、第三方背调、体检及规范考试，流程类别较具体；仍未核拟派阿姨的报告、实操与近期同月龄经历。,https://www.daojia.com/,3.0,官网有经纪人、云管家和专职售后分级处理及保障渠道；仍缺本单责任人、升级时限及保险实际适用范围的核验。,https://www.daojia.com/,1.0,北京专页仅说明城市、住家或白班、等级和周期等定价变量；未取得工资、机构费、保险及替换价差的完整报价。,https://www.daojia.com/bj/childcare-nanny/
十月阳光,未匹配入选名单的补充组,14.0,,否,0,14.0,pass,既有档案有完整主体名称与可归属的北京服务线索，达到补充候选的主体门槛；未找到本次对照的政府入选记录，不包装为政府推荐。 档案依据：当前十月阳光官网明确商标所有者为北京维骐迅腾投资管理有限公司；全国加盟体系下，各北京订单的签约/收款主体和总部责任仍需核对。,,,,,,未匹配入选名单的补充组。本轮逐一对照四份正式政府名单，未取得可归属的入选记录；不等于机构差或不存在其他荣誉。,机构官网公布更换次数和时限，并介绍审核与服务群；尚无本单合同及例外说明，退款和完整收费仍缺可核规则。,本轮公开索引未取得可归属的具体投诉；现有退款文章属于规则宣传或知识内容，尚不能证明实际退费与换人执行。,已按1组名称查询当前公示列表，本轮未见记录；不代表零投诉，公示期限、名称别称和公开范围会影响结果。,2026-09-21,2.0,9.0,当前机构官网文章写两小时响应、四天免费更换及服务期一至三次，细节较具体；但例外和本单适用未核，不按完整履约流程计档。,https://www.octsunshine.com/n/con-11675,0.0,已检索换退政策，未取得育儿嫂退款比例、匹配失败退出和到账期限；文章称售后完善不足以形成可执行退款路径。,,3.0,机构官网介绍理论实操考核，当前文章列身份、健康及技能审核，覆盖多类流程；拟派人选记录、发证单位和专项实操仍未核。,"https://www.octsunshine.com/m/gywm.php
https://www.octsunshine.com/n/con-11675",2.0,机构官网当前文章提服务群、记录和更换协调，已有跟进机制说明；具体责任人、入户频次和异常升级程序仍未取得。,https://www.octsunshine.com/n/con-11675,0.0,已查官网及当前业务文章，未取得北京育儿嫂工资、介绍费和管理费的适用明细；泛化市场价格不当机构报价。,
京鋆管家,未匹配入选名单的补充组,12.0,,否,0,12.0,pass,既有档案有完整主体名称与可归属的北京服务线索，达到补充候选的主体门槛；未找到本次对照的政府入选记录，不包装为政府推荐。 档案依据：本次官网首页明确京鋆管家属于北京京鋆管家科技服务有限公司；商家目录同名，已补齐品牌自述主体，执照和实际收款主体仍待合同核验。,,,,,,未匹配入选名单的补充组。本轮逐一对照四份正式政府名单，未取得可归属的入选记录；不等于机构差或不存在其他荣誉。,当前官网对免费更换、人员审核、顾问回访及保险有具体描述；主要缺口是补位时限、退款和完整收费。,本轮公开索引未取得可归属的具体投诉；评价材料仍以商业宣传为主，无法验证实际售后表现。,已按1组名称查询当前公示列表，本轮未见记录；不代表零投诉，公示期限、名称别称和公开范围会影响结果。,2026-09-21,2.0,6.0,本轮读到官网服务期内不满免费更换的明确文字，适用于家政服务保障；仍缺次数、同档差价及替补实际到岗期限。,https://www.jingyunhk.cn/,0.0,已查官网和商家资料，未取得首配费、持续服务费及中途解约的退费公式；免费更换不能直接推导换人失败可退。,,3.0,官网列身份验证、征信查询、健康体检、就业培训及持证流程，覆盖多类核验；尚未检查拟派人员报告和技能实操。,https://www.jingyunhk.cn/,3.0,官网有专属顾问定期回访、三方合同及保险安排，责任机制较具体；频次、升级响应和保单适用范围仍未核验。,https://www.jingyunhk.cn/,0.0,官网未给可比较的当期北京育儿嫂工资和机构费用明细；人员规模、满意度与保险保额不能替代家庭总费用表。,
众合瑞家,未匹配入选名单的补充组,11.0,,否,0,11.0,pass,既有档案有完整主体名称与可归属的北京服务线索，达到补充候选的主体门槛；未找到本次对照的政府入选记录，不包装为政府推荐。 档案依据：商家广告全称北京众合瑞家健康科技有限公司，另称众合家政；培训目录自填代码91110105061344878F，未政府登记核验。,,,,,,未匹配入选名单的补充组。本轮逐一对照四份正式政府名单，未取得可归属的入选记录；不等于机构差或不存在其他荣誉。,机构自有广告有免费更换和较具体督导流程，但没有当前合同；旧活动日期、次数差价、退款及机构费用是优先核对的缺口。,回读2017新京报菲佣调查，众合瑞家员工称公司不能承接涉外业务，但可通过私人关系联系。属于历史媒体风险线索，没有该页行政处罚或判决；不将其它中介2万元定金等情节移植给本店。,已回读详情中最新公示（2026-06-12）：北京众合瑞家健康科技有限公司，服务类别为家政中介服务（未注明育儿），处理结果为“未达成调解协议”。公示未披露协议细节及退款到账证据，不能据此推断北京育儿嫂整体服务质量。,2026-09-21,2.0,6.0,已读机构自有58育儿广告明确合同期不满意可免费更换，但次数、跨级差价和推荐到岗时限不明；旧优惠券也提示需复核当前适用。,https://m.58.com/bj/baomu/28894981157162x.shtml,0.0,商家广告与主页未提供现行退款公式、无人可换退出办法或真实退费结局，免费更换承诺不能直接等同服务费可退。,,2.0,机构自有广告列身份核查、体检、培训与保险，至少有两类明确流程；营销身份库表述未验证，实操考核及实际保单仍缺。,https://m.58.com/bj/baomu/28894981157162x.shtml,3.0,机构自有广告列专属微信一对一督导、定期督查、技能提升和反馈系统，机制相对具体；回访频率、响应时限与现行执行未核。,https://m.58.com/bj/baomu/28894981157162x.shtml,0.0,6500至7000元及万元带睡岗位均为2025招聘工资，不是当前家庭完整报价；机构服务费、试工和加班差价未取得。,https://bj.jiazhenggang.com/user/bjzhrjyyc/
优护佳,未匹配入选名单的补充组,11.0,,否,0,11.0,pass,既有档案有完整主体名称与可归属的北京服务线索，达到补充候选的主体门槛；未找到本次对照的政府入选记录，不包装为政府推荐。 档案依据：官网旧版关于我们明确为北京优护佳健康管理有限公司；新版首页自述新风天域集团旗下。CNPP汇编信用代码91110112MA01A24G45，仅作二手主体线索，未取得当前营业执照回验。,,,,,,未匹配入选名单的补充组。本轮逐一对照四份正式政府名单，未取得可归属的入选记录；不等于机构差或不存在其他荣誉。,官网育婴产品、筛选与售后说明较具体，主要加分来自这些流程；退换仅笼统宣传，时限、退款和费用仍缺。,按北京优护佳健康管理有限公司核查，并补品牌退费查询。命中官网、上海招聘及无样本口径的上海排名文章；排名声称投诉率、分数而无可核个案，排除不用于口碑。 本轮公开索引未取得可归属的投诉或处罚个案。,已核对当前公示列表。可见公示均具名青岛分公司，涉及保姆、其他家政及其他服务；未据此认定北京门店有同类问题。名称匹配可含分支及其他工种，不能作为机构投诉率。,2026-09-21,2.0,3.0,官网核心优势仅写退换安心，未明确免费范围、次数、同价位候选和到岗时限；历史等待替换经历不是现行保证。,https://www.yhjcare.com/index/core.html,2.0,官网退换安心是笼统承诺，未提供北京育婴终约条件、扣费公式及到账期限；不能据宣传理解为无条件退款。,https://www.yhjcare.com/index/core.html,3.0,官网列背调、体检和全链路培训等至少三类流程，仍缺拟派人选记录；0至3月专护师联合考核不套用全部育婴师。,https://www.yhjcare.com/index/core.html,3.0,育婴产品有专属群护士客服及早教指导，官网另列回访、质控和服务评估；未核本单权益、响应时限和履约记录。,"https://www.yhjcare.com/index/product/product_2.html
https://www.yhjcare.com/index/core.html",0.0,官网育婴产品没有北京工资、机构费或保险费明细，查后也未取得完整报价；异地同业价格不作本家收费依据。,https://www.yhjcare.com/index/product/product_2.html
北京优贝优家政服务有限公司,未匹配入选名单的补充组,10.0,,否,0,10.0,pass,既有档案有完整主体名称与可归属的北京服务线索，达到补充候选的主体门槛；未找到本次对照的政府入选记录，不包装为政府推荐。 档案依据：商家自述北京优贝优家政服务有限公司；与优贝优聪、优宝贝国际名称不同，未有法人关联证据，不合并其口碑或保障。,,,,,,未匹配入选名单的补充组。本轮逐一对照四份正式政府名单，未取得可归属的入选记录；不等于机构差或不存在其他荣誉。,机构自有页面支持试工和任意调换、筛选及投诉处理，但免费范围、退款和报价仍不清；近名机构的承诺不并入。,本轮公开索引未取得可归属北京优贝优育儿服务的投诉；已明确排除优护家/育婴宝案件误归因。,已按1组名称查询当前公示列表，本轮未见记录；不代表零投诉，公示期限、名称别称和公开范围会影响结果。,2026-09-21,2.0,6.0,当年机构自有服务页说先试工后签合同、不满意可任意调换，明确包含育儿嫂；仍未说明免费、更换上限和替补到岗期。,https://www.beijingbaomu.com/user/youbeiyou/xq99999985628.html,0.0,现有商家服务页未列试工结束、机构匹配失败及中途解除时怎样退服务费；任意调换不能理解为任意阶段全额退。,,2.0,机构自有服务页称背景核实、培训持证及身份健康真实，有筛选训练流程线索；尚未取得核验项目、体检与技能实操原件。,https://www.beijingbaomu.com/user/youbeiyou/xq99999985628.html,2.0,机构自有服务页提客户沟通与投诉处理，存在售后职责说明；尚未列专属顾问、响应时限、固定督导和突发离岗补位方案。,https://www.beijingbaomu.com/user/youbeiyou/xq99999985628.html,0.0,当年广告将育儿嫂与月嫂或其他家政混列，无法拆出适用工资和机构费；需按育儿职责、带睡及休息取得专门报价。,https://www.beijingbaomu.com/user/youbeiyou/xq99999985628.html
天使来了（北京妈妈乐科技有限公司）,未匹配入选名单的补充组,9.0,,否,0,9.0,pass,既有档案有完整主体名称与可归属的北京服务线索，达到补充候选的主体门槛；未找到本次对照的政府入选记录，不包装为政府推荐。 档案依据：商家页面品牌写“天使来了（北京妈妈乐科技有限公司）”；未取得企业登记原件。不得与育天使、育婴天使或其他妈妈乐混同。,,,,,,未匹配入选名单的补充组。本轮逐一对照四份正式政府名单，未取得可归属的入选记录；不等于机构差或不存在其他荣誉。,机构自有商家页明确三天试工与退换，但费用和时限未细化；主体在售仍需确认，不能把随心退换理解成全额退款。,本轮公开索引未取得可归属北京妈妈乐天使来了的育儿履约投诉；同名按摩平台投诉不计入。,已按1组名称查询当前公示列表，本轮未见记录；不代表零投诉，公示期限、名称别称和公开范围会影响结果。,2026-09-21,2.0,6.0,已读机构自有商家页，称所有项目可随心退换及三天免费试工，覆盖所列北京育儿服务；但次数、同档价差和到岗期仍缺。,https://www.beijingbaomu.com/user/tsll/,2.0,机构自有商家页只有随心退换的笼统说法，没有列可退费用及扣费条件；不理解为任何阶段全额退，到账期限仍需核。,https://www.beijingbaomu.com/user/tsll/,1.0,商家自述专业背调，但没有公开检查项目及可核报告；身份证明、体检、育婴证书和技能训练仍缺足够具体流程。,https://www.beijingbaomu.com/user/tsll/,0.0,本轮机构自有商家页未说明顾问回访、上户督导或突发离岗协调；退换口号不额外计作已建立的售后升级机制。,,0.0,已读商家业务介绍，但未取得当前北京育儿嫂工资及机构收费；免费试工宣传也不能补成续签、假日和替换价差表。,
北京华夏逢缘家政服务有限公司,未匹配入选名单的补充组,8.0,,否,0,8.0,pass,既有档案有完整主体名称与可归属的北京服务线索，达到补充候选的主体门槛；未找到本次对照的政府入选记录，不包装为政府推荐。 档案依据：商家目录自述北京华夏逢缘家政服务有限公司；未取得官方工商信息，不与华夏中青混淆。,,,,,,未匹配入选名单的补充组。本轮逐一对照四份正式政府名单，未取得可归属的入选记录；不等于机构差或不存在其他荣誉。,机构自有简介对筛选和跟进有描述，但三次更换未明免费与工种，品牌页有异地模板；退款和育儿嫂收费仍需补齐。,本轮公开索引未取得可归属育儿履约投诉；华夏中青和华夏逢缘不合并。,已按1组名称查询当前公示列表，本轮未见记录；不代表零投诉，公示期限、名称别称和公开范围会影响结果。,2026-09-21,2.0,3.0,机构自有品牌页写无理由更换三次，却未说明免费、期限和育儿嫂适用范围，并混有异地模板；仅记模糊换人线索。,https://www.beijingbaomu.com/fengyuan/,0.0,已查商家简介及品牌页，未取得退款比例、首配费或试用取消算法；三次更换宣传没有说明连续不适配如何退出。,,3.0,机构自有商家简介列身份核实、体检、岗前测评和培训，覆盖多类流程；尚未审拟派人选证件、具体实操与责任保险。,https://www.beijingbaomu.com/user/fengyuan/about.html,2.0,机构自有简介称管理团队跟踪用户反馈，品牌页另列督导部门；可识别跟进职责，但实际频次、响应与升级机制未公开。,"https://www.beijingbaomu.com/user/fengyuan/about.html
https://www.beijingbaomu.com/fengyuan/",0.0,所读四千五至八千元为普通住家保姆广告，没有可归属当前育儿嫂的专门报价；机构费、带睡和假日费用仍未列明。,
万婴宝,未匹配入选名单的补充组,7.0,,否,0,7.0,pass,既有档案有完整主体名称与可归属的北京服务线索，达到补充候选的主体门槛；未找到本次对照的政府入选记录，不包装为政府推荐。 档案依据：官网页脚为北京万婴宝家政服务有限公司；与亿婴宝名称接近，但不是同一公司，不互用两者评价。,,,,,,未匹配入选名单的补充组。本轮逐一对照四份正式政府名单，未取得可归属的入选记录；不等于机构差或不存在其他荣誉。,官网主体和北京业务可定位，换退及筛选较多来自推广或平台介绍；需补当前合同和完整费用，避免混同亿婴宝。,本轮公开索引未取得可归属万婴宝的具体履约个案；营销介绍不能作为独立口碑。,已回读详情中最新公示（2026-07-17）：北京万婴宝家政服务有限公司，服务类别为家政中介服务，处理结果为“达成调解协议”。公示未披露协议细节及退款到账证据，不能据此推断北京育儿嫂整体服务质量。,2026-09-21,2.0,3.0,机构推广稿出现二十四小时补调和试用退换，但仅检索正文可见且未明所签育儿嫂订单适用性，不能当硬性到岗规则。,https://www.hqol.cn/zixun/article-MTU1OQ%3D%3D-2456281.html,2.0,推广稿仅有灵活退换表述，官网未取得退费计算方式；仍缺可退费用、服务后扣费、匹配失败处理和到账期限。,https://www.hqol.cn/zixun/article-MTU1OQ%3D%3D-2456281.html,1.0,培训平台企业介绍称查身份证、健康证明并统一培训及配保险；属于间接自述，尚无官网完整流程或候选核验报告。,https://bj.jiaoyubao.cn/edu/wyb/about.html,1.0,推广文章提售后补调，但未取得独立售后制度；具体负责顾问、督导频率、响应期限和异常升级路径均需补核。,https://www.hqol.cn/zixun/article-MTU1OQ%3D%3D-2456281.html,0.0,官网人员工资片段混合不同工种和等级，尚无可单独归属育儿嫂的家庭费用表；机构费、月工作日及替换价差均需另核。,https://www.bjwybmy.com/
北京新鑫家政服务有限公司,未匹配入选名单的补充组,6.0,,否,0,6.0,pass,既有档案有完整主体名称与可归属的北京服务线索，达到补充候选的主体门槛；未找到本次对照的政府入选记录，不包装为政府推荐。 档案依据：目录自述北京新鑫家政服务有限公司，尚未取得官方工商实时核验。避免与鑫悦、新欣、欣馨语等近似名称混同。,,,,,,未匹配入选名单的补充组。本轮逐一对照四份正式政府名单，未取得可归属的入选记录；不等于机构差或不存在其他荣誉。,当年商家文章说明初筛和顾问跟进，育儿嫂广告有月价范围；更换、退款和机构费用不明，地址版本也需确认。,本轮公开索引未取得可归属的育儿服务投诉；没有把政府名单出现当处罚。,已按1组名称查询当前公示列表，本轮未见记录；不代表零投诉，公示期限、名称别称和公开范围会影响结果。,2026-09-21,2.0,0.0,当年机构自有商家服务页没有免费更换次数、差价与到岗规则；文章提线上签约，但未附合同，不据流程名称推定保障。,,0.0,未取得中介费、持续服务费和试工取消或换人失败的退款算法；现有签约流程没有列明确退出条件及到账时限。,,2.0,当年机构作者列身份证初核、健康问询、技能沟通和持续培训，已有两类流程；健康问询非体检，实操及背景报告仍缺。,https://www.beijingbaomu.com/xinxi/9999992118.html,2.0,机构作者说明顾问后续支持并更新人员状态，能够定位跟进职责；尚无明确响应时限、上户频次和紧急补位流程。,https://www.beijingbaomu.com/xinxi/9999992118.html,2.0,当年面向客户的育儿嫂广告给六千至九千元月价范围，属明确工种报价线索；仍缺工作日、带睡及机构费明细。,https://www.beijingbaomu.com/wap/xuqiu/100000004315.html
乐禧宝母婴,未匹配入选名单的补充组,6.0,,否,0,6.0,pass,既有档案有完整主体名称与可归属的北京服务线索，达到补充候选的主体门槛；未找到本次对照的政府入选记录，不包装为政府推荐。 档案依据：58本商户段显示北京乐禧宝健康管理有限公司；小红书历史作者称亦庄乐禧宝母婴。两处同名业务可保留品牌线索，但本次未取得营业执照、门店与本单合同的直接对应。,,,,,,未匹配入选名单的补充组。本轮逐一对照四份正式政府名单，未取得可归属的入选记录；不等于机构差或不存在其他荣誉。,当前商户明确免费调换，可获基础保障分；到岗时限、退费、筛选和收费仍缺规则，历史雇主争议单独展示。,以乐禧宝及北京乐禧宝健康管理有限公司核查，结果主要为58广告聚合页的评分摘要。未读取可核完整投诉；知乎乐禧家政宣传片段无法确认与乐禧宝同一主体，也非独立投诉。 本轮公开索引未取得可归属的投诉或处罚个案。,已按1组名称查询当前公示列表，本轮未见记录；不代表零投诉，公示期限、名称别称和公开范围会影响结果。,2026-09-21,2.0,6.0,当前58本商户育儿广告明确免费调换，属于可归属业务承诺；未披露次数、同级差价、推荐或到岗时限及无人可换处理。,https://www.58.com/npphy202212042930/,0.0,未取得现行育儿退费合同；历史帖的试工付款要求与拒付经历不证明通用退款规则，也未确认实际退款结局。,https://www.xiaohongshu.com/explore/669a797f000000000a027c7c,0.0,育儿广告仅概括专业服务，没有具体育婴证件、体检、背调或实操筛选流程，不能据服务标签和评分增加保障分。,https://www.58.com/npphy202212042930/,0.0,商户广告未列督导频率或问题处理时限，聚合星级缺完整评论；历史雇主经历也不能证明存在现行售后机制。,"https://www.58.com/npphy202212042930/
https://www.xiaohongshu.com/explore/669a797f000000000a027c7c",0.0,没有可验证的当前月费和服务费；历史帖2000元试工要求仅为单一经历，不能代替统一收费表或总价。,https://www.xiaohongshu.com/explore/669a797f000000000a027c7c
爱宝蓓 / 北京爱月宝,未匹配入选名单的补充组,5.0,,否,0,5.0,pass,既有档案有完整主体名称与可归属的北京服务线索，达到补充候选的主体门槛；未找到本次对照的政府入选记录，不包装为政府推荐。 档案依据：推广主页称爱宝蓓（北京）家政服务有限责任公司，成立2019年，以爱月宝品牌经营。智联招聘的企业介绍明确称爱月宝品牌加盟商；应按北京本地爱宝蓓签约主体考察，不能把全国爱月宝各店合并。第三方目录给信用代码91110111MA01K2E1X3，未验工商原档。,,,,,,未匹配入选名单的补充组。本轮逐一对照四份正式政府名单，未取得可归属的入选记录；不等于机构差或不存在其他荣誉。,房山育儿业务和本地主体有线索，换人与督导宣传较具体但主要来自营销材料；加盟关系、退款和收费需现行合同核实。,北京爱月宝/爱宝蓓命中协会介绍、培训销售和大量选型推广；全国加盟门店不能直接汇总到北京爱宝蓓。本轮公开索引未取得可归属个案。,已按1组名称查询当前公示列表，本轮未见记录；不代表零投诉，公示期限、名称别称和公开范围会影响结果。,2026-09-21,2.0,3.0,第三方2026推广稿称七天适配、24小时匹配及48小时交接，仅作宣传线索；没有完整协议，免费边界和北京履约未核。,https://www.hqol.cn/qiye/article/97689.html,0.0,没有取得雇主中介费或管理费的退费比例、无人可换处理与到账时间；培训学费返还属于不同合同，不计育儿退费分。,,1.0,商家推广称理论实操、体检、家政险及复训，学校合作仅见索引目标段；尚未形成可核育儿筛选流程或实际人选记录。,"http://aiyeubao.m.pinsowang.com/
https://jw.beijing.gov.cn/bjzj/gdzyreport/zdreport/202403/P020250515618963264042.pdf",1.0,推广主页称顾问、每日日志和定期回访，仍为营销自述且未见实际记录；具体响应、升级和换人责任需现行合同支持。,http://aiyeubao.m.pinsowang.com/,0.0,目前没有可核对的育儿分档家庭报价、年度服务费、试工工资与节假日费用，培训收费及品牌宣传不属于雇主价目表。,
北京运成家政服务有限公司,未匹配入选名单的补充组,4.0,,否,0,4.0,pass,既有档案有完整主体名称与可归属的北京服务线索，达到补充候选的主体门槛；未找到本次对照的政府入选记录，不包装为政府推荐。 档案依据：商家目录自述北京运成家政服务有限公司、2014年1月成立；未取得登记机关实时核验。,,,,,,未匹配入选名单的补充组。本轮逐一对照四份正式政府名单，未取得可归属的入选记录；不等于机构差或不存在其他荣誉。,机构自有商家有近期北京育儿嫂服务及月价范围，培训售后多为自述；免费换人、退出公式和总费用还不够明确。,本轮公开索引未取得可归属具体投诉；可验证的公开售后材料较少。,已按1组名称查询当前公示列表，本轮未见记录；不代表零投诉，公示期限、名称别称和公开范围会影响结果。,2026-09-21,2.0,0.0,已读机构自有商家主页及当年育儿嫂广告，未取得免费更换次数、候选期限和到岗承诺；近期发布不能证明替补保障。,,0.0,未取得中介管理费拆分、提前解除及匹配失败退款细则；服务手记也没有双方确认的退费结果，不推定可退比例。,,1.0,机构自有服务广告称专业培训、健康证和育婴师证，但未说明核验程序；候选证书原件、背景及专项实操记录仍缺。,https://www.beijingbaomu.com/user/yuncheng/xq100000012704.html,1.0,当年机构作者的服务手记描述沟通匹配与家庭协作，尚属服务过程宣传；未列上户督导、响应与替补升级的固定规则。,https://www.beijingbaomu.com/xinxi/9999992431.html,2.0,当月面向客户的育儿嫂服务广告标六千至一万元月价范围，属于明确工种报价线索；工作日、带睡和机构费仍缺细项。,https://www.beijingbaomu.com/user/yuncheng/xq100000012704.html
华夏中青,未匹配入选名单的补充组,4.0,,否,0,4.0,pass,既有档案有完整主体名称与可归属的北京服务线索，达到补充候选的主体门槛；未找到本次对照的政府入选记录，不包装为政府推荐。 档案依据：官网主体北京华夏中青家政服务有限公司，自述1998年成立、总部北京；与“北京中青”“管家帮”分开。,,,,,,未匹配入选名单的补充组。本轮逐一对照四份正式政府名单，未取得可归属的入选记录；不等于机构差或不存在其他荣誉。,官网主体可追查，调换与培训依据主要来自历史资料；当前育儿供给、退费、督导和价格缺口较多，不能沿用旧政策。,主要命中华夏中青官网、工会企业资料及行业报道；异地分支和中青宝等不同主体不混入。本轮公开索引未取得可归属消费个案。,已按1组名称查询当前公示列表，本轮未见记录；不代表零投诉，公示期限、名称别称和公开范围会影响结果。,2026-09-21,2.0,3.0,2015年代红分公司广告曾称合同期可调换，本轮原页未重取，只有历史弱依据；不能认定为2026免费次数或到岗保障。,https://www.cyhs.cn/service/information/2015/05/27/14106.html,0.0,已查官网及历史分公司资料，未取得当前育儿嫂退款公式或有明确结局的北京退费材料，旧调换宣传不构成退出路径。,,1.0,历史商家介绍涉及培训和职业、意外保险，只能作为旧线索；当前育儿考核、健康背调及保险适用人选尚未核验。,https://www.beijingbaomu.com/user/huaxiamuying/about.html,0.0,现行育儿督导、回访及问题处理机制未取得，旧培训保险介绍与分公司存在本身不能证明当前售后或替补执行流程。,,0.0,未取得现行北京育儿服务费用结构；旧目录价格与岗位薪酬不属于当前面向家庭的完整报价，机构费及附加费用不明。,
北京齐家家政服务有限公司,未匹配入选名单的补充组,3.0,,否,0,3.0,pass,既有档案有完整主体名称与可归属的北京服务线索，达到补充候选的主体门槛；未找到本次对照的政府入选记录，不包装为政府推荐。 档案依据：商家页自述为北京齐家家政服务有限公司，未取得政府登记页或执照校验。不要与齐家装修网、天伦齐家等近名品牌混并。,,,,,,未匹配入选名单的补充组。本轮逐一对照四份正式政府名单，未取得可归属的入选记录；不等于机构差或不存在其他荣誉。,机构自有商家资料显示培训体检和育儿岗位，地址存在冲突；跟踪仅为泛称，更换、退费及家庭总价缺可比规则。,本轮公开索引未取得可归属北京齐家家政育儿服务投诉。,已按1组名称查询当前公示列表，本轮未见记录；不代表零投诉，公示期限、名称别称和公开范围会影响结果。,2026-09-21,2.0,0.0,当前机构自有商家页虽有育儿嫂岗位，却没有现行更换条款；免费次数、收费、等待期和无人可换的处理均未取得。,,0.0,未取得该主体育儿嫂退费合同或双方确认的退款实例；现有岗位和简介不能据以推定可退、不可退或具体扣款比例。,,2.0,机构自有简介写定期专业培训与服务员体检，形成两类流程线索；拟派人员证书、背景报告和实际技能考核仍未核验。,https://www.beijingbaomu.com/user/xianghe/,1.0,机构自有商家泛称全程跟踪管理，未说明负责人员或具体问题处置；固定回访、上户督导及响应升级时限仍缺细则。,https://www.beijingbaomu.com/user/xianghe/,0.0,望京和海淀宝宝岗位的八千或八千五百元是招聘工资样本，非家庭当前报价；中介费、保险及更换差价仍未公开。,
北京三晋之家家政服务有限公司,未匹配入选名单的补充组,3.0,,否,0,3.0,pass,既有档案有完整主体名称与可归属的北京服务线索，达到补充候选的主体门槛；未找到本次对照的政府入选记录，不包装为政府推荐。 档案依据：商家用名北京三晋之家家政服务有限公司；2025-11-07署名商家文章称从北京齐心家政升级。鱼泡索引披露2019-01-30成立、法定代表人姚满香、朝阳立清路地址，但未政府登记核验。,,,,,,未匹配入选名单的补充组。本轮逐一对照四份正式政府名单，未取得可归属的入选记录；不等于机构差或不存在其他荣誉。,机构自有商家描述培训闭环及专属客服，但更名与合同主体仍需核实；换人、退款和包含机构费的报价尚未取得。,本轮公开索引未取得可归属个案；前身与新品牌需要合同或工商关系闭环。,已按1组名称查询当前公示列表，本轮未见记录；不代表零投诉，公示期限、名称别称和公开范围会影响结果。,2026-09-21,2.0,0.0,机构自有商家主页有育儿岗位，但未取得适用订单的换人次数、费用和到岗期限；培训跟踪闭环不能代替替补义务。,,0.0,未取得当前育儿嫂退费规则或双方确认实例；旧品牌升级的说法也未说明历史合同和收款责任如何承接，需另核。,,1.0,机构自有商家称培训、考核、上岗及再培训形成闭环，主要仍是技能训练宣传；身份、健康、背景及个人考核记录未核。,https://www.beijingbaomu.com/user/qixin/,2.0,机构自有更名文章称专属客服管家和数字化跟踪，明确顾问跟进职责；实际回访频次、响应期限和突发问题升级仍缺。,https://www.beijingbaomu.com/xinxi/9999992033.html,0.0,商家页八千至一万元以上为不同育儿岗位或个人工资样本，休息职责各异；没有机构费和附加项，不能当统一家庭报价。,
益友嘉,未匹配入选名单的补充组,3.0,,否,0,3.0,pass,既有档案有完整主体名称与可归属的北京服务线索，达到补充候选的主体门槛；未找到本次对照的政府入选记录，不包装为政府推荐。 档案依据：官网署北京益友嘉职业介绍有限责任公司；古城商家页另用北京益友嘉家政服务有限责任公司，永乐分公司、服务中心称谓亦不同。品牌可追查但具体合同主体应分店核。,,,,,,未匹配入选名单的补充组。本轮逐一对照四份正式政府名单，未取得可归属的入选记录；不等于机构差或不存在其他荣誉。,机构官网与社区门店资料可追查，体检培训和价格主要是旧信息；分店法人关系、当前换退合同及售后细则仍缺。,命中旧家政广告与店铺页；负面标题中的“益友荟”是另一名称/投资项目，不能归为益友嘉家政。本轮公开索引未取得可归属个案。,已按1组名称查询当前公示列表，本轮未见记录；不代表零投诉，公示期限、名称别称和公开范围会影响结果。,2026-09-21,2.0,0.0,益友嘉官网与永乐店资料未取得现行免费更换次数、间隔或替补到岗期限，不同分店名称也不能默认适用同一育儿合同。,,0.0,未取得当前育儿退费合同及可归属独立退款经历，旧门店宣传没有给出无人可换、提前终约的扣费和到账办法。,,1.0,永乐店自述统一体检与初级培训，但目录信息年代较旧，只作历史筛选线索；当前证书审核、背调及育儿考核未取得。,https://bj.jiazhenggang.com/user/yyjjz2008/,1.0,官网有一般售后保障宣传，尚未说明育儿督导职责、回访频次或应急补位时限，旧新闻与门店评分不能补足流程。,http://www.bjyyj.cn/,1.0,永乐旧介绍有育儿嫂3500至4500元月价，仅可记录历史消费报价线索，不能作2026预算；当前机构费和试工费用仍缺。,https://bj.jiazhenggang.com/user/yyjjz2008/
我爱我妻,未匹配入选名单的补充组,2.0,,否,0,2.0,pass,既有档案有完整主体名称与可归属的北京服务线索，达到补充候选的主体门槛；未找到本次对照的政府入选记录，不包装为政府推荐。 档案依据：北京市商务局历史公示及北京家协2024理事信息对应北京我爱我妻科技有限公司；官网是全国加盟网络，某分店或SEO页面使用其他名称时不能自动合并。,,,,,,未匹配入选名单的补充组。本轮逐一对照四份正式政府名单，未取得可归属的入选记录；不等于机构差或不存在其他荣誉。,能定位北京育儿嫂服务及培训宣传，联系信息存在新旧混用；换人、退款和加盟责任仍缺可执行文字。,本轮未新增可归属北京签约主体的育儿嫂投诉；异地月嫂线索保留为排除项，不能跨城市跨门店归因。,已按1组名称查询当前公示列表，本轮未见记录；不代表零投诉，公示期限、名称别称和公开范围会影响结果。,2026-09-21,2.0,0.0,官网北京育儿嫂列表可见，但未取得适用该工种的免费换人次数、同档替换及到岗期；随时响应不能等同补位保证。,,0.0,未取得北京育儿嫂当前退款规则；检出的深圳旧退款报道城市和合同主体均不同，不能用作北京订单的退出依据。,,1.0,官网称培训派岗、在岗反馈及回炉培训，人员页展示证书经历；尚无可核的背调、体检和拟派人员实操考核记录。,"http://www.woaiwoqi.com.cn/Wap/about_us
http://www.woaiwoqi.com.cn/Matron/lists/show/2321/p/56",1.0,官网有在岗反馈与回炉培训的服务描述，但北京加盟订单的责任分工未明确；仍缺售后主管、督导频次和升级规则。,http://www.woaiwoqi.com.cn/Wap/about_us,0.0,已读品牌和找阿姨页面，未取得适用于当前北京育儿嫂的费用表；星级、工作日、带睡和服务费需分项重新报价。,
福月佳,未匹配入选名单的补充组,2.0,,否,0,2.0,pass,既有档案有完整主体名称与可归属的北京服务线索，达到补充候选的主体门槛；未找到本次对照的政府入选记录，不包装为政府推荐。 档案依据：官网页脚明确北京福月佳家政服务有限公司，京ICP备18021915号-1；同名外地加盟门店评价不能合并进北京。,,,,,,未匹配入选名单的补充组。本轮逐一对照四份正式政府名单，未取得可归属的入选记录；不等于机构差或不存在其他荣誉。,官网能定位北京育儿服务及主体，具体培训依据偏旧；更换、退款和当期收费未找到足够可用的公开文字。,本轮公开索引未取得可归属的育儿履约投诉；品牌正面宣传和目录不足以评价换人执行。,已按1组名称查询当前公示列表，本轮未见记录；不代表零投诉，公示期限、名称别称和公开范围会影响结果。,2026-09-21,2.0,0.0,已读官网和育婴育儿专页，未找到免费换人次数、到岗期及离岗责任；首页安全保障概念不能代替明确换人规则。,,0.0,未取得育儿嫂试工失败扣费、长期匹配失败退出及退费算法；目前可读的服务项目和课程不能说明机构费是否可退。,,1.0,官网有十天育婴课程、辅食及模拟实操，但课表为二〇一八年资料；未核现行课程、人员背调、健康和考核记录。,http://www.fuyuejia.com/nd.jsp?id=21,1.0,官网有入户指导与客服入口的宣传，尚未披露明确职责和执行频次；突发离岗的补位协调和升级时限仍未取得。,http://www.fuyuejia.com/,0.0,检索及官网回读未取得注明时效的北京育儿嫂工资和服务费；客户量、培训费用及其他工种信息不能代替完整报价。,
妇贵宝,未匹配入选名单的补充组,1.0,,否,0,1.0,pass,既有档案有完整主体名称与可归属的北京服务线索，达到补充候选的主体门槛；未找到本次对照的政府入选记录，不包装为政府推荐。 档案依据：官网关于我们明确妇贵宝贝（北京）科技有限公司及妇贵宝品牌；培训平台资料可交叉匹配，合同仍需核具体门店与收款公司。,,,,,,未匹配入选名单的补充组。本轮逐一对照四份正式政府名单，未取得可归属的入选记录；不等于机构差或不存在其他荣誉。,品牌主体可归属且有育婴嫂服务线索，具体退换保险多限月嫂；须取得育儿嫂适用范围及当期收费才能比较。,本轮公开索引未取得可归属的育儿投诉，品牌的无投诉宣传不采作验证结果。,已核对当前公示列表。可见2026-01-30公示的再就业培训售后退赔争议，非育儿嫂家庭订单。名称匹配可含分支及其他工种，不能作为机构投诉率。,2026-09-21,2.0,0.0,官网每天试用、不满意退换解约明确指月嫂，未发现育儿嫂同等承诺；免费次数、价差和替补时限不能由月嫂推定。,https://www.fgb6.com/about.php?id=1,0.0,现有退换解约宣传未给育儿嫂退费比例、扣费和到账时间；已检索仍缺匹配失败退出规则，不据月嫂文案加分。,,1.0,官网自述理论实操与实习，培训平台提体检后派工，但育儿嫂具体适用流程未清；仍缺拟派人选证明和考核记录。,"https://www.fgb6.com/about.php?id=1
https://bj.jiaoyubao.cn/edu/fgb/",0.0,官网保障与保险主要围绕月嫂，未取得育儿嫂售后主管、上门指导频次及保险责任；联系方式不单独计作售后机制。,,0.0,已查官网及机构介绍，未取得现行北京育儿嫂工资和机构费组合；培训学费与月嫂等级价均不能代替该工种报价。,
国选到家（北京国选到家公司）,未匹配入选名单的补充组,1.0,,否,0,1.0,pass,既有档案有完整主体名称与可归属的北京服务线索，达到补充候选的主体门槛；未找到本次对照的政府入选记录，不包装为政府推荐。 档案依据：新读目录明确“国选到家”隶属国选（北京）家庭服务有限公司，且两目录地址一致；仍属商家自述，未取得执照和实际收款主体。,,,,,,未匹配入选名单的补充组。本轮逐一对照四份正式政府名单，未取得可归属的入选记录；不等于机构差或不存在其他荣誉。,商家资料可对应公司及北京业务，培训只有自述；换人回访的好评是个案，当前合同保障和完整收费仍待核。,本轮公开索引未取得可归属国选到家的履约投诉；官网承诺和实际补位能力仍是两类证据。,已回读详情中最新公示（2026-08-31）：国选（北京）家庭服务有限公司，服务类别为家政中介服务，处理结果为“达成调解协议”。公示未披露协议细节及退款到账证据，不能据此推断北京育儿嫂整体服务质量。,2026-09-21,2.0,0.0,已查商家原页，未取得免费更换次数、差价和到岗承诺；小红书多次更换的个体经历不能代替机构当前合同规则。,,0.0,未取得首配费、持续服务费及换人失败退款公式；消费者正面推荐没有完整交易和退费过程，不据此推定可退。,,1.0,档案保留商家关于来源可靠及培训的自述，但未展示核验程序和人员证明；体检、背景调查及育儿实操仍需逐人核。,"https://www.beijingbaomu.com/user/guoxuan/
https://www.beijingbaomu.com/user/bjgxdjgs/",0.0,公开材料未取得机构顾问回访或督导制度；小红书个体称更换后继续推荐回访，工种和交易未核，不作普遍机制加分。,https://www.xiaohongshu.com/explore/67ecf6e6000000000d017855,0.0,已查机构自有商家页及岗位线索，未取得面向家庭的当期完整报价；散单招聘工资不等于包含机构费和附加费的总成本。,
北京鑫悦家政服务有限公司,未匹配入选名单的补充组,1.0,,否,0,1.0,pass,既有档案有完整主体名称与可归属的北京服务线索，达到补充候选的主体门槛；未找到本次对照的政府入选记录，不包装为政府推荐。 档案依据：商家目录自述北京鑫悦家政服务有限公司，成立2019-07-19；没有获得独立工商实时记录。不得归并其他城市或同音“新悦/心悦”的投诉。,,,,,,未匹配入选名单的补充组。本轮逐一对照四份正式政府名单，未取得可归属的入选记录；不等于机构差或不存在其他荣誉。,机构自有商家页可定位北京公司与育儿服务，人员培训持证主要为自述；更换、退款和育儿嫂售后缺少适用条款。,本轮公开索引未取得可归属具体投诉；未把名单搜索结果自动解读为行政处罚。,已按1组名称查询当前公示列表，本轮未见记录；不代表零投诉，公示期限、名称别称和公开范围会影响结果。,2026-09-21,2.0,0.0,已读机构自有商家简介及当年服务列表，未取得育儿嫂免费更换次数与到岗期限；人员示例及经验展示不能证明补位义务。,,0.0,未取得取消、试工失败或多次不适配的退费规则及处理结果；服务广告没有说明机构费用如何扣除和剩余款项返还。,,1.0,商家育儿介绍称专业培训、有育婴师证，个别履历列证书；仍属资格宣传，未核证件原件、发证单位与实际技能考核。,https://www.beijingbaomu.com/user/xinyue/fuwu.html,0.0,完善售后文字出现在月嫂广告，未确认育儿嫂同样适用；本次未取得育儿嫂顾问责任、回访及紧急协调的具体机制。,,0.0,当年列表有白班或带睡人员工资示例，尚非完整家庭收费表；人员是否待岗、休息差异及机构服务费没有统一口径。,
北京丽洁世纪家政服务有限公司,未匹配入选名单的补充组,1.0,,否,0,1.0,pass,既有档案有完整主体名称与可归属的北京服务线索，达到补充候选的主体门槛；未找到本次对照的政府入选记录，不包装为政府推荐。 档案依据：商家页自称北京丽洁世纪家政服务有限公司，未取得官方工商记录。,,,,,,未匹配入选名单的补充组。本轮逐一对照四份正式政府名单，未取得可归属的入选记录；不等于机构差或不存在其他荣誉。,近期机构自有商家页有育儿业务，但终身免费口号未解释为具体换人规则；门牌、退费、筛选流程和家庭报价仍待核。,本轮公开索引未取得可归属的育儿服务投诉；缺可核交易和售后执行材料。,已按1组名称查询当前公示列表，本轮未见记录；不代表零投诉，公示期限、名称别称和公开范围会影响结果。,2026-09-21,2.0,0.0,当年广告称一次交费终身免费服务，但没有写换人适用范围或条件；无法解释成终身免费更换，次数和到岗期仍缺。,https://www.beijingbaomu.com/user/lijieshiji/xq99999979966.html,0.0,未取得一次交费的费用性质及解除合同、试工不适配的退款规则；长期免费服务口号不能证明任何阶段都可退费。,,1.0,机构自有简介自述经验人员和管理能力，招聘要求学历、辅食及经验；尚无已完成的健康、背调或技能考核流程证明。,"https://www.beijingbaomu.com/user/lijieshiji/about.html
https://www.beijingbaomu.com/user/lijieshiji/xq100000017645.html",0.0,已读机构自有简介及当年广告，没有具体回访、督导、投诉升级和临时替补机制；服务承诺口号不等于明确的售后职责。,,0.0,广告标题金额、混合家政区间和宝宝岗位工资口径不同，未取得可归属育儿嫂的家庭价目；机构费与休息方式也未说明。,"https://www.beijingbaomu.com/user/lijieshiji/xq99999979966.html
https://www.beijingbaomu.com/user/lijieshiji/xq100000017645.html"
北京康佑佳家政,未匹配入选名单的补充组,1.0,,否,0,1.0,pass,既有档案有完整主体名称与可归属的北京服务线索，达到补充候选的主体门槛；未找到本次对照的政府入选记录，不包装为政府推荐。 档案依据：商家简介明确全称北京康佑佳健康管理有限公司；未取得政府登记页。搜索中的烟台康佑佳医药、医疗器械等非该主体。,,,,,,未匹配入选名单的补充组。本轮逐一对照四份正式政府名单，未取得可归属的入选记录；不等于机构差或不存在其他荣誉。,机构自有商家页能定位北京育儿业务，持证信息仅属宣传；换人、退费和督导缺少可比较条款，招聘工资也不能代替家庭报价。,本轮公开索引未取得可归属北京康佑佳的育儿投诉；未把其他健康管理公司的处罚贴到本机构。,已按1组名称查询当前公示列表，本轮未见记录；不代表零投诉，公示期限、名称别称和公开范围会影响结果。,2026-09-21,2.0,0.0,已检索康佑佳的换人合同与商家主页，未取得适用育儿嫂的换人承诺；免费次数、候选期限及无人可换处理均缺。,,0.0,主页和退费专项检索未提供育儿嫂解约退款规则，服务费如何扣除、匹配失败能否退出及到账时间仍无法比较。,,1.0,商家简历有育婴、早教证书与技能分级宣传，可形成持证线索；尚无证书核验、健康检查和背景调查的具体流程。,https://www.beijingbaomu.com/user/kangyoujia/,0.0,读到育儿招聘和健康管理定位，但未取得育儿业务的督导、回访频率或异常处理制度；公开电话不能替代售后机制。,,0.0,页面7500元及6500元为不同白班育儿岗位的招聘工资，不能作为家庭服务报价；机构费、试工和附加费用均未公开。,https://www.beijingbaomu.com/user/kangyoujia/
北京康贝乐家政服务有限公司,未匹配入选名单的补充组,1.0,,否,0,1.0,pass,既有档案有完整主体名称与可归属的北京服务线索，达到补充候选的主体门槛；未找到本次对照的政府入选记录，不包装为政府推荐。 档案依据：北京康贝乐家政服务有限公司；商家自述家贝乐为旗下品牌。品牌关联尚未取得企业登记或商标权属核验。,,,,,,未匹配入选名单的补充组。本轮逐一对照四份正式政府名单，未取得可归属的入选记录；不等于机构差或不存在其他荣誉。,北京机构自有商家页和近期育儿岗位较明确，但换退规则未公开；人员资格目前仅见持证体检要求，尚未形成可核验筛选保障。,本轮公开索引未取得可归属康贝乐/家贝乐家政投诉；已排除近名早教机构关停新闻。,已按1组名称查询当前公示列表，本轮未见记录；不代表零投诉，公示期限、名称别称和公开范围会影响结果。,2026-09-21,2.0,0.0,已查康贝乐及家贝乐的商家信息，未取得育儿嫂现行更换承诺；次数、是否补差价和替补等待期仍没有书面依据。,,0.0,针对该主体的退费检索未取得现行合同或双方确认的退费实例，无法比较试工退出、提前解约和无人可换时的扣费。,,1.0,主页宣传培训后持证，太阳宫岗位要求育婴证和体检；这是招聘要求，尚不是可检查的证书核验与健康筛查流程。,https://www.beijingbaomu.com/user/jiayuan/,0.0,已读主页包含育儿业务和联系方式，但没有育儿督导负责人、回访安排或异常升级流程，不能据培训宣传推定售后保障。,,0.0,8000至9000元岗位工资及万元以上人员简历是招聘薪酬样本，未构成面向雇主的价目表；机构费与试工费用仍缺。,https://www.beijingbaomu.com/user/jiayuan/
北京君诚安家家政服务有限公司,未匹配入选名单的补充组,1.0,,否,0,1.0,pass,既有档案有完整主体名称与可归属的北京服务线索，达到补充候选的主体门槛；未找到本次对照的政府入选记录，不包装为政府推荐。 档案依据：主页自称北京君诚安家家政服务有限公司，未取得政府登记页、执照或可验证统一信用代码。,,,,,,未匹配入选名单的补充组。本轮逐一对照四份正式政府名单，未取得可归属的入选记录；不等于机构差或不存在其他荣誉。,有可归属的北京育儿招聘和持证宣传，但主体核验及客户联系方式仍有缺口；换人、退出和费用均未取得可比较规则。,结果以无关卫生抽查、私募注销、律师名单为主，不能对应君诚安家；本轮公开索引未取得可归属个案。,已按1组名称查询当前公示列表，本轮未见记录；不代表零投诉，公示期限、名称别称和公开范围会影响结果。,2026-09-21,2.0,0.0,已检索君诚安家换人合同及其主页，未取得适用育儿嫂的免费次数、调换费用或补位时限，不能从招聘职责推定保障。,,0.0,未检得君诚安家育儿嫂退费合同或明确退款办法，试工失败、提前终约及长时间无候选的退出路径仍无公开依据。,,1.0,商家称人员经筛选培训并持证，属于一般资格宣传；没有公开课程考核、背景核查及体检报告的审查标准。,https://www.beijingbaomu.com/user/jcan/,0.0,主页未给出育儿督导、回访或异常投诉处理制度，招聘中的喂养与夜醒职责属于上户工作内容，不能当作机构售后。,,0.0,公开主页和专项检索没有取得育儿嫂工资、年度中介费、试工或附加收费资料，当前没有可用于费用比较的家庭报价。,
北京俊誉家政公司,未匹配入选名单的补充组,1.0,,否,0,1.0,pass,既有档案有完整主体名称与可归属的北京服务线索，达到补充候选的主体门槛；未找到本次对照的政府入选记录，不包装为政府推荐。 档案依据：北京保姆网简称俊誉家政公司，家政港与2025年谈单老师招聘自称北京俊誉家政服务有限公司；未政府登记核验。,,,,,,未匹配入选名单的补充组。本轮逐一对照四份正式政府名单，未取得可归属的入选记录；不等于机构差或不存在其他荣誉。,近期北京育儿岗位可追查，招聘要求只构成有限筛选线索；门店地址冲突、换退合同和机构收费缺失是主要短板。,出现怀柔市场监管检查表、外地处罚和全国消费报道，所示单位不对应俊誉家政；本轮公开索引未取得可归属个案。,已核对当前公示列表。公示服务分类为体育培训、问题为定金争议，分类是否填报准确未核，不能改写为育儿嫂定金投诉。名称匹配可含分支及其他工种，不能作为机构投诉率。,2026-09-21,2.0,0.0,已查俊誉两站商家资料及换人关键词，未取得育儿嫂更换条件；换人次数、补差价、推荐与到岗时间仍待书面约定。,,0.0,检索未取得可归属俊誉的育儿服务退费合同或完整退费经历，无法核对机构无人可换、试工失败及提前终止的退款办法。,,1.0,具体育儿招聘提出经验、年龄、英语和绘本要求，仅能提供招聘筛选线索；统一背调、健康审查和技能考试流程尚未公开。,https://www.beijingbaomu.com/user/junyijz/,0.0,谈单老师招聘只描述匹配阿姨与促成签约，并不证明上户后的回访督导；未取得售后责任分工或应急问题处理流程。,https://www.beijingbaomu.com/xuqiu/100000013873.html,0.0,8000至9000元及6000至7000元等均为不同育儿岗位的招聘工资，并非家庭完整报价；服务费和试工费用未取得。,"https://www.beijingbaomu.com/user/junyijz/
https://bj.jiazhenggang.com/user/junyu/"
轻喜到家,未匹配入选名单的补充组,1.0,,否,0,1.0,pass,既有档案有完整主体名称与可归属的北京服务线索，达到补充候选的主体门槛；未找到本次对照的政府入选记录，不包装为政府推荐。 档案依据：官网主体为深圳轻喜到家科技有限公司，列北京分公司；未核当前育儿嫂订单的签约法人及人员劳动关系。,,,,,,未匹配入选名单的补充组。本轮逐一对照四份正式政府名单，未取得可归属的入选记录；不等于机构差或不存在其他荣誉。,官网明确北京分支和育婴品类，培训信息可作初筛参考；育儿订单的换人、退费、督导及完整报价仍缺直接条款。,黑猫、消费保有多个品牌退款和预约争议；本轮回读一个用户确认已解决退款单、一个系统自动完结单。城市和工种不详的记录仅作品牌售后线索，不等同北京育儿嫂质量。,已核对当前公示列表。首屏包含各城市分支的培训、清洁、房屋保洁等，另有明显与主营不一致的填报分类；这些均不能作为北京育儿嫂投诉率。名称匹配可含分支及其他工种，不能作为机构投诉率。,2026-09-21,2.0,0.0,已读轻喜官网可确认育婴早教品类，但未取得育儿嫂更换合同；免费次数、等级差价和北京替补到岗期限尚未公开。,,0.0,现有资料未取得北京育儿嫂退出退费规则；异地清洗服务的媒体退款争议不适用于育儿合同，也不能视为统一政策。,https://news.10jqka.com.cn/20260421/c676144036.shtml,1.0,官网展示母婴育婴培训基地和理论实操，构成培训宣传依据；北京拟派人员的背调、体检与具体考核流程仍缺。,https://www.qxdaojia.com/,0.0,历史直营员工制只说明管理模式宣传，没有当前育儿督导职责或回访安排；应急负责人、响应时间和替补流程仍未公开。,https://www.qxdaojia.com/NewsDetail/4056497.html,0.0,未取得北京育儿嫂现行工资、年费及试工报价，现有保洁次卡和年卡属于其他工种，不计入本项费用透明依据。,
佳翊会,未匹配入选名单的补充组,1.0,,否,0,1.0,pass,既有档案有完整主体名称与可归属的北京服务线索，达到补充候选的主体门槛；未找到本次对照的政府入选记录，不包装为政府推荐。 档案依据：2024协会名单为北京佳翊教育科技服务有限公司；培训目录品牌为佳翊会母婴服务机构。同名北京佳翊和家政公司未证明关联，签约须核。,,,,,,未匹配入选名单的补充组。本轮逐一对照四份正式政府名单，未取得可归属的入选记录；不等于机构差或不存在其他荣誉。,北京到家育儿文案和培训介绍可核，但换退及费用没有公开依据，品牌与具体签约法人仍需对应。,回读三联2023医院停业报道：提及的佳翊会咨询服务公司为被拖欠月嫂费用的一方，报道并称其垫付月嫂工资；不能反向归为该家政欠薪。与协会教育科技主体关系未核。,已按1组名称查询当前公示列表，本轮未见记录；不代表零投诉，公示期限、名称别称和公开范围会影响结果。,2026-09-21,2.0,0.0,已查佳翊会换人和合同资料，机构介绍虽列到家育儿服务，却未披露更换次数、费用边界或到岗期限。,,0.0,品牌退费检索未取得育儿合同和退出路径；免费岗前培训及高端服务定位不能证明客户可退中介费。,,1.0,机构自填介绍列免费岗前及实操培训，可支持基础培训宣传；未取得健康、背调、育婴实操评分及候选档案。,https://edu.sdnews.com.cn/bj/j_1ee63/about/index.html,0.0,现有介绍没有北京育儿督导职责、回访频次或突发离岗安排；培训合作表述不能替代家庭订单售后制度。,,0.0,商家目录所列等级价对应月嫂且仅索引，不能转作育儿收费；查后未取得育儿工资、机构费与试工报价。,https://www.youbangkeyi.com/newdetail/106044
云朵家政,未匹配入选名单的补充组,0.0,,否,0,0.0,pass,既有档案有完整主体名称与可归属的北京服务线索，达到补充候选的主体门槛；未找到本次对照的政府入选记录，不包装为政府推荐。 档案依据：北京云朵家政服务有限公司列2024协会工作单位；58广告同名，未取得政府登记原始记录。与2026成立的云朵序公司不合并。,,,,,,未匹配入选名单的补充组。本轮逐一对照四份正式政府名单，未取得可归属的入选记录；不等于机构差或不存在其他荣誉。,全北京育婴商户广告可核，但不能借用邻店换人承诺；本家换退、筛选、售后和价格信息均不足。,核对北京云朵家政服务有限公司，结果以工商及招聘为主；未取得可归属个案。其他云朵文化、云朵序等近名不能归入。 本轮公开索引未取得可归属的投诉或处罚个案。,已回读详情中最新公示（2026-09-04）：北京云朵家政服务有限公司，服务类别为其他家政服务，处理结果为“达成调解协议”。公示未披露协议细节及退款到账证据，不能据此推断北京育儿嫂整体服务质量。,2026-09-21,2.0,0.0,云朵本商户育婴广告没有更换承诺，紧邻的免费换人属于其他商家；查后仍缺本家免费次数和到岗时限。,https://www.58.com/npphy2022120411876/,0.0,品牌及法人退费检索未取得育儿客户合同，试工失败、提前终止和无替补时的退费比例与到账期限均未知。,,0.0,广告中的金牌育婴服务属于概括宣传，未取得证件核验、健康检查、背景调查或育儿专项实操考核流程。,https://www.58.com/npphy2022120411876/,0.0,本家广告未列育儿回访或投诉处理责任，4.8分和三条混工种评价也无法证明存在可执行的售后制度。,https://www.58.com/npphy2022120411876/,0.0,当前商户条目要求咨询且未显示可归属的工资与服务费；企业目录地址和聚合评价均不能补足收费信息。,https://www.58.com/npphy2022120411876/
找个保姆,主体待核组,22.0,,否,0,22.0,hold,既有身份档位不足3且本次对照的政府名单没有可明确归属的补充记录，保留主体线索待复核；并非断言公司不存在或一定不可靠。 档案依据：网站以“找个保姆”为品牌，所读育儿嫂页没有披露完整法人名称。品牌词通用，不能将全网“找个保姆”的泛讨论归给该站。,,,,,,主体待核组。本轮逐一对照四份正式政府名单，未取得可归属的入选记录；不等于机构差或不存在其他荣誉。不进入政府品牌推选优先组；数值仅供查看已有资料构成。,网页换人规则和费用结构较细，但推荐候选不等于到岗；法人尚未披露，得分不能代替主体与合同核验。,已用域名消歧。本轮公开索引未取得可归属该平台的独立履约投诉；自荐帖谈行业痛点不是投诉该平台。,已按1组名称查询当前公示列表，本轮未见记录；不代表零投诉，公示期限、名称别称和公开范围会影响结果。,2026-09-21,2.0,12.0,当前官网常见问题列分套餐次数、适应期和突然离岗例外，通常一至三工作日推荐候选；这是候选时限，尚非保证到岗。,https://zhaogebaomu.com/faq/,4.0,当前常见问题列付款十五工作日未有合条件候选可申请退款，签约服务后原则不退；仍缺持续费结算公式及到账期限。,https://zhaogebaomu.com/faq/,1.0,网站称核照护经历和稳定性、优先持证，并说明并非人人必须持证；具体身份背景、健康和婴儿实操核验流程仍缺。,"https://zhaogebaomu.com/yuersao/
https://zhaogebaomu.com/faq/",2.0,官网说明适应期结束和首周顾问回访，之后按方案跟进；已有责任及时间节点，但异常处理、升级响应和督导记录未核。,"https://zhaogebaomu.com/yuersao/
https://zhaogebaomu.com/faq/",3.0,官网给育儿嫂月薪范围，并区分中介费、持续费与雇主另付工资，说明适应期按天计薪；机构费金额及附加费仍缺。,"https://zhaogebaomu.com/yuersao/
https://zhaogebaomu.com/faq/"
爱嘉里家政,主体待核组,16.0,,否,0,16.0,hold,既有身份档位不足3且本次对照的政府名单没有可明确归属的补充记录，保留主体线索待复核；并非断言公司不存在或一定不可靠。 档案依据：到位商品品牌为爱嘉里家政，订购须知称爱嘉里母婴家政公司。精确名搜索未取得可核对的完整法人名/统一信用代码；推广稿称2017年北京创立，但没有附工商原档。,,,,,,主体待核组。本轮逐一对照四份正式政府名单，未取得可归属的入选记录；不等于机构差或不存在其他荣誉。不进入政府品牌推选优先组；数值仅供查看已有资料构成。,公开无限次免费调换及筛选流程较具体，工资周期也可初步比较；完整法人、服务费及取消退款条款的空白仍是关键短板。,检得服务商品页；搜索返回的爱侬及佳禾投诉不是爱嘉里，均排除。本轮公开索引未取得可归属个案，精确签约法人仍不清晰。,已按1组名称查询当前公示列表，本轮未见记录；不代表零投诉，公示期限、名称别称和公开范围会影响结果。,2026-09-21,2.0,9.0,已读北京育儿商品明确服务期间无限次免费调换，次数、费用及服务期均可比较；同档差价、推荐到岗期限和连续失配处理仍缺。,https://bj.daoway.cn/detail?CNtag=%E4%BF%9D%E5%A7%86%E6%9C%88%E5%AB%82&detailId=2680766,0.0,取消告知天数仍留模板空白，且只称可能按协议收费，没有正向可退条件或公式；平台通用未服务退款不能替代本单机构费规则。,https://bj.daoway.cn/detail?CNtag=%E4%BF%9D%E5%A7%86%E6%9C%88%E5%AB%82&detailId=2680766,3.0,机构自有商品页列理论实操培训、体检、公安背景核查、征信及保险，覆盖多类筛选；拟派个人报告、授权与保单仍未核验。,https://bj.daoway.cn/detail?CNtag=%E4%BF%9D%E5%A7%86%E6%9C%88%E5%AB%82&detailId=2680766,2.0,商品页提供反馈与客服渠道，结合顾问跟进宣传能定位售后联系职责；回访频次、育儿记录及问题升级时间仍未公开。,"https://bj.daoway.cn/detail?CNtag=%E4%BF%9D%E5%A7%86%E6%9C%88%E5%AB%82&detailId=2680766
https://www.dzwww.com/jixie/597e4e87001273964.html",2.0,北京商品列6500元月参考价、26天及按等级定薪，另收服务费和双胎加价；机构费金额、试工及其他附加费仍未明示。,https://bj.daoway.cn/detail?CNtag=%E4%BF%9D%E5%A7%86%E6%9C%88%E5%AB%82&detailId=2680766
喜来盈,主体待核组,8.0,,否,0,8.0,hold,官网仅见喜来盈品牌，家政公司与母婴之家服务中心的关系未取得更名或权属证明，完整主体尚未闭环。 档案依据：官网使用喜来盈月嫂品牌；二级工商资料指向北京喜来盈家政服务有限公司（2007成立），原资料北京喜来盈母婴之家服务中心的关系未取得注册变更证明。应以合同法人确认。,,,,,,主体待核组。本轮逐一对照四份正式政府名单，未取得可归属的入选记录；不等于机构差或不存在其他荣誉。不进入政府品牌推选优先组；数值仅供查看已有资料构成。,有明确育儿嫂试用调换文案，但网页时效和主体承接需要核实；现行退款、筛选细则与收费仍缺证据。,本轮公开索引未取得可归属喜来盈育儿服务个案；未将近名公司的处罚当作本机构风险。,已按1组名称查询当前公示列表，本轮未见记录；不代表零投诉，公示期限、名称别称和公开范围会影响结果。,2026-09-21,2.0,6.0,当前可读官网横幅明确月嫂育儿嫂不适合可调换，适用工种清楚；但未写免费范围、次数、价差及替补到岗期限。,http://www.xilaiyingyuesao.com/,0.0,已读官网且定向检索，未取得育儿嫂试用退出扣费和调换失败退款规则；随时试用不等于无条件退服务费。,,1.0,官网展示技能星级与母婴培训，尚属培训宣传；未取得当前背调、健康审核、育儿实操及证书真实性的核查流程。,http://www.xilaiyingyuesao.com/,0.0,官网仅提供调换入口，未取得育儿嫂固定回访或督导职责；夜间紧急售后、离岗补位和问题升级均缺公开机制。,,1.0,官网列四千至七千八百元的分级月价，但未标有效日期且同页素材偏旧；机构费及附加费未明，不视为当期报价。,http://www.xilaiyingyuesao.com/
艾禧悦,主体待核组,7.0,,否,0,7.0,hold,既有身份档位不足3且本次对照的政府名单没有可明确归属的补充记录，保留主体线索待复核；并非断言公司不存在或一定不可靠。 档案依据：官网移动版称创办人为陈哲；本次未取得能够闭环品牌、收款与签约主体的执照，不能因创办人同名就与唐顿世家合并。,,,,,,主体待核组。本轮逐一对照四份正式政府名单，未取得可归属的入选记录；不等于机构差或不存在其他荣誉。不进入政府品牌推选优先组；数值仅供查看已有资料构成。,换退和服务流程较具体的材料来自旧品牌报道，官网完整主体未闭环；应先核当前责任方，再核现行条款。,本轮公开索引未取得可归属个案；完整法人未闭环使投诉及信用归属仍有限。,已按1组名称查询当前公示列表，本轮未见记录；不代表零投诉，公示期限、名称别称和公开范围会影响结果。,2026-09-21,2.0,3.0,二〇二四年品牌转载称合同期不满可免费换，但没有次数、差价或到岗期；出处和时效有限，不作为现行合同保障。,https://www.hqwhw.com/life/xfsc/4090.html,2.0,同一旧品牌文写终止后十五个工作日退款，却没有金额和扣费公式；不能推成全额退，当前北京育儿嫂适用性仍待核。,https://www.hqwhw.com/life/xfsc/4090.html,1.0,旧品牌报道宣传身份背景、体检、考核及保险，缺当前原始流程；未取得拟派人员核验报告和适用保单，仅记间接档。,https://www.hqwhw.com/life/xfsc/4090.html,1.0,旧品牌文说一对一顾问、定期回访和投诉考核，但未核现行执行；当前服务责任、响应与替补安排仍缺可审规则。,https://www.hqwhw.com/life/xfsc/4090.html,0.0,已查品牌、官网索引和相关介绍，未取得当前北京育儿嫂工资、服务费及续签费表；其他宣传不能补成家庭报价。,
北京顺康家政服务有限公司,主体待核组,5.0,,否,0,5.0,hold,顺康家政、顺康家业服务中心和顺康家业有限公司名称关系未核，当前服务对应哪个完整主体尚无闭环。 档案依据：主页面名为北京顺康家政服务有限公司，标题/旧文又用北京顺康家业家政服务中心；家政港为北京顺康家业家政服务有限公司。没有执照证明这几种名称关系，须以合同法人为准。,,,,,,主体待核组。本轮逐一对照四份正式政府名单，未取得可归属的入选记录；不等于机构差或不存在其他荣誉。不进入政府品牌推选优先组；数值仅供查看已有资料构成。,近期机构自有商家资料说明筛选与试工协调流程，但法人及地址版本不一；更换、退费与家庭总费用仍缺文字。,本轮公开索引未取得可归属的育儿投诉；顺康服务、顺康家业及服务中心仍需合同主体区分。,已核对当前公示列表。可见2025-12-19公示的家政中介售后退赔争议；不能移用于顺康家业等尚未证实关联的主体。名称匹配可含分支及其他工种，不能作为机构投诉率。,2026-09-21,2.0,0.0,当前机构自有商家页及文章只有试工后及时协调，没有明确换人次数、费用和到岗承诺；协调不能等同替换一定成功。,,0.0,未取得面向雇主的机构费用拆分、取消和退费公式；试工磨合描述没有说明连续不适配或无人可换时如何退出。,,3.0,当年机构作者介绍简历筛选、情景面试及证件健康证明检查，覆盖多类核验；按公开流程计档，候选原始材料尚未审。,https://www.beijingbaomu.com/xinxi/9999992414.html,2.0,机构自述跟进试工反馈及售后磨合协调，说明了处理职责；仍缺回访频率、具体负责人、硬性响应和临时替补计划。,https://www.beijingbaomu.com/xinxi/9999992414.html,0.0,公开的八千五至一万元等数字属于具体招聘岗位工资，非面向雇主的完整价目；机构费、试工及换人差价均未列明。,
金月时代,主体待核组,5.0,,否,0,5.0,hold,既有身份档位不足3且本次对照的政府名单没有可明确归属的补充记录，保留主体线索待复核；并非断言公司不存在或一定不可靠。 档案依据：政府历史名录为金月时代（北京）家政服务有限公司；家政港页题为北京金月时代家政服务有限公司，正文又写金月时代北京家政服务有限公司。品牌展示合并，但这些名称是否同一法人不能仅靠近似名称确定。,,,,,,主体待核组。本轮逐一对照四份正式政府名单，未取得可归属的入选记录；不等于机构差或不存在其他荣誉。不进入政府品牌推选优先组；数值仅供查看已有资料构成。,历史育儿业务与回访筛选自述有据，当前换人只见推广索引；先核同一法人和现行合同，再比较保障。,新增2017年金月时代（北京）家政服务有限公司特许经营未按时备案处罚，媒体记罚款1万元，协会转载指向京商罚字[2017]第07112号。明确为历史特许经营合规事项，不是育儿订单质量或退款案。,已按1组名称查询当前公示列表，本轮未见记录；不代表零投诉，公示期限、名称别称和公开范围会影响结果。,2026-09-21,2.0,3.0,2026商业推广索引称不满意可在规定时间免费更换，但未读到全文和具体天数；仅作间接线索，尚无官方现行承诺。,https://www.chinapp.net.cn/shangwu/article-jcvo-415321.html,0.0,品牌及完整法人退费检索未取得育儿退出合同，试工、中介费和连续匹配失败如何结算均未知，推广不能补足。,,1.0,较旧企业页面自述身份资质查验与岗前培训，只支持历史筛选宣传；当期健康、背调、实操标准和人选记录未取得。,https://bj.jiazhenggang.com/user/jinyueshidai/,1.0,旧企业自述有定期回访，但没有现行育儿频次、责任人或投诉时限；历史特许备案事项不能转作服务机制依据。,https://bj.jiazhenggang.com/user/jinyueshidai/,0.0,历史招聘工资不适用本日家庭报价，查后未取得现行育儿工资、机构费、假日费用及超次换人价格表。,https://bj.jiazhenggang.com/user/jinyueshidai/
北京贝亲贝乐家政有限公司,主体待核组,3.0,,否,0,3.0,hold,同简介对应家政有限公司和家政服务中心且地址不同，尚未证明实际展示商家的唯一主体，不能按旧3档直接放行。 档案依据：主目录称北京贝亲贝乐家政有限公司，另一同简介目录称北京贝亲贝乐家政服务中心；地址不同，不能未经核执照就认作同一签约主体。,,,,,,主体待核组。本轮逐一对照四份正式政府名单，未取得可归属的入选记录；不等于机构差或不存在其他荣誉。不进入政府品牌推选优先组；数值仅供查看已有资料构成。,有近期北京育儿广告，但主体称呼和报价口径不一致；培训指导以自述为主，更换与退款缺明确公开规则。,本轮公开索引未取得可归属北京贝亲贝乐的具体投诉；业务目录不能验证售后执行。,已按1组名称查询当前公示列表，本轮未见记录；不代表零投诉，公示期限、名称别称和公开范围会影响结果。,2026-09-21,2.0,0.0,已读机构自有商家简介与二〇二六年服务广告，未取得育儿嫂免费更换次数及到岗期；服务种类丰富不证明换人保障。,,0.0,现有资料没有机构费组成、试工取消或换人失败退费办法；两种主体称呼的责任关系也需先核，不能推定可退比例。,,1.0,机构自有商家介绍培训持证、营养师团队及一对一个性指导，仍属培训能力宣传；候选健康、背景和实操记录未核。,"https://www.beijingbaomu.com/user/beiqinbeile/
https://www.beijingbaomu.com/xuqiu/99999984771.html",1.0,商家提出按需求进行个性指导，但未列具体顾问职责和固定督导安排；售后响应、升级时限及替补处理机制仍缺。,"https://www.beijingbaomu.com/user/beiqinbeile/
https://www.beijingbaomu.com/xuqiu/99999984771.html",1.0,当年服务广告的标题区间与正文育儿嫂等级价不一致，疑有旧文复用；仅记报价线索，休息、带睡和机构费需重列。,https://www.beijingbaomu.com/xuqiu/99999984771.html
柚妈柚子,主体待核组,2.0,,否,0,2.0,hold,既有身份档位不足3且本次对照的政府名单没有可明确归属的补充记录，保留主体线索待复核；并非断言公司不存在或一定不可靠。 档案依据：品牌早期集团资料及招聘平台指向北京家嘉华洋科技发展有限公司旗下；近期商业文章使用北京乐太母婴护理有限公司名称，尚未取得官方文件证明当前品牌运营及实际签约主体转换。,,,,,,主体待核组。本轮逐一对照四份正式政府名单，未取得可归属的入选记录；不等于机构差或不存在其他荣誉。不进入政府品牌推选优先组；数值仅供查看已有资料构成。,育儿业务有搜索线索，但当前法人归属和网页原文不够完整；换退与售后证据不足，起价也需重新确认。,本轮公开索引未取得可归属的投诉；主要缺口是当前合同主体与历史品牌主体关系，以及实际退费执行。,已核对当前公示列表。可见杭州分公司再就业培训公示，非北京育儿嫂订单；品牌当前运营主体关系仍需核对。可见怀孕及分娩护理、家政中介安全争议公示；该主体与柚妈柚子的品牌责任关系未取得正式证明，不合并为已确认品牌责任。名称匹配可含分支及其他工种，不能作为机构投诉率。,2026-09-21,2.0,0.0,已检索育儿嫂换人政策，未取得可适用的免费次数、替补时限和同档保证；一加多服务团队宣传不能转为换人条款。,,0.0,未取得北京育儿嫂试工失败、短期退出和长期匹配失败的退款公式；现有品牌与门店线索不能补足合同退费证据。,,1.0,官网检索正文提身份司法审核和体检，但原页本轮只读到部分页脚，保险又明确月嫂；育儿嫂实际考核记录仍缺。,https://www.youmayouzi.com/,0.0,检索未取得可审阅的育儿嫂护理日志、入户指导和售后升级标准；品牌满意率与团队口号不能证明具体售后机制。,,1.0,官网索引有育儿嫂五千元起，但报价日期、休息日及服务费未明，原页未完整读到；仅作起价线索而非现行总价。,https://www.youmayouzi.com/
乐益佳,主体待核组,2.0,,否,0,2.0,hold,既有身份档位不足3且本次对照的政府名单没有可明确归属的补充记录，保留主体线索待复核；并非断言公司不存在或一定不可靠。 档案依据：官网使用北京乐益佳家政服务有限公司；平台另有北京乐益佳宝宝之星科技有限公司同址线索，未证实关系及合同承接，不合并为已核同一法人。,,,,,,主体待核组。本轮逐一对照四份正式政府名单，未取得可归属的入选记录；不等于机构差或不存在其他荣誉。不进入政府品牌推选优先组；数值仅供查看已有资料构成。,旧收费页显示预付和中途不退限制，但适用性及主体仍需核；不退条款未获退费保障分，须取得现行育儿嫂专门规则。,本轮公开索引未取得可归属育儿履约投诉；费用声明仍需具体合同与真实退费记录验证。,已回读详情中最新公示（2026-08-25）：北京乐益佳家政服务有限公司，服务类别为家政中介服务，处理结果为“未达成调解协议”。公示未披露协议细节及退款到账证据，不能据此推断北京育儿嫂整体服务质量。,2026-09-21,2.0,0.0,收费页仅写介绍费在一年协议期内有效，没有承诺免费更换次数或到岗期；有效期不能自动理解为一年免费换人。,,0.0,旧收费页只有中途解约不退的限制，并有模板和转载痕迹；这不是可用退出保障，不据此加分，仍须核现行育儿嫂合同。,http://m.lyjjz.com/col.jsp?id=213,1.0,收费页提见工者免费培训，却未说明育儿专项内容及考核程序；身份、健康、实操和证件真实性的核验材料仍缺。,http://m.lyjjz.com/col.jsp?id=213,0.0,已查官网及收费页，未取得育儿嫂定期回访、入户指导或投诉升级流程；突发离岗的协调责任和响应期限也未公开。,,1.0,收费页说明一次性介绍、保险项目和年度预付，但无育婴栏目金额且模板时效不明；只能记结构线索，不能当现价。,http://m.lyjjz.com/col.jsp?id=213
婴之宝／靓婴堂,主体待核组,2.0,,否,0,2.0,hold,既有身份档位不足3且本次对照的政府名单没有可明确归属的补充记录，保留主体线索待复核；并非断言公司不存在或一定不可靠。 档案依据：存在至少两套主体线索：旧目录婴之宝/靓婴堂对应北京靓婴堂咨询服务有限公司（1999起源自述）；当前另一官网为2017注册的北京婴之宝咨询服务有限公司。未取得二者同一品牌/股权/更名证据，应分别核实。,,,,,,主体待核组。本轮逐一对照四份正式政府名单，未取得可归属的入选记录；不等于机构差或不存在其他荣誉。不进入政府品牌推选优先组；数值仅供查看已有资料构成。,现官网可见育儿嫂外派，但新婴之宝与旧靓婴堂关系没有闭环；培训跟踪有宣传，换退和收费仍需分主体核实。,本轮公开索引未取得可归属的育儿履约投诉；历史名称与现主体的关系没有因本轮检索而闭环。,已按2组名称查询当前公示列表，本轮未见记录；不代表零投诉，公示期限、名称别称和公开范围会影响结果。,2026-09-21,2.0,0.0,现官网仅称全程跟踪，未取得育儿嫂免费更换次数、试工和到岗期限；旧靓婴堂的承诺不能直接转到另一公司。,,0.0,两套主体线索都未提供当前育儿嫂退款细则；收款公司尚需先厘清，不能用旧品牌经历补成新公司的退费承诺。,,1.0,现官网提供育儿嫂培训与外派，旧目录另提考核体系，均未展示候选证明；仍缺健康、背调、实操和近期服务核验。,"http://www.yingzhibaobj.cn/
https://www.muyingjie.com/item-425.html",1.0,现官网自述全程跟踪，但没有督导职责、频次与问题升级时限；管理软件能力不作为消费者售后执行机制加分。,http://www.yingzhibaobj.cn/,0.0,已读现官网及旧目录，未取得二〇二六年育儿嫂工资和服务费；培训学费不能代替家庭实际支付的完整费用。,
北京金有鑫家政公司,主体待核组,2.0,,否,0,2.0,hold,金有鑫目录与公司介绍在有限公司/服务有限公司间不一致，完整准确名称未核清，不能自动消除一词差异。 档案依据：商家名北京金有鑫家政公司；职友集展示全称北京金有鑫家政有限公司、代码91110105696383627W，而介绍段写家政服务有限公司。以执照厘清准确名称和门店地址。,,,,,,主体待核组。本轮逐一对照四份正式政府名单，未取得可归属的入选记录；不等于机构差或不存在其他荣誉。不进入政府品牌推选优先组；数值仅供查看已有资料构成。,近期机构自有商家资料偏高学历陪伴与育儿混合服务；筛选督导主要为第三方介绍，更换、退款和专门报价仍需核。,本轮公开索引未取得可归属育儿服务投诉，渠道公开信息较薄。,已按1组名称查询当前公示列表，本轮未见记录；不代表零投诉，公示期限、名称别称和公开范围会影响结果。,2026-09-21,2.0,0.0,已查机构自有商家主页和当年服务广告，未取得免费换人次数、升级差价与到岗期限；高学历人选展示不能补足这些规则。,,0.0,未取得首配费用、按剩余周期退款及长期无人可换的退出方案；现有主体和岗位资料没有形成可计算的退费条款。,,1.0,招聘聚合介绍称理论技能培训、严格考核和体检保险，仅为第三方介绍；仍缺机构自有完整流程及候选原件和核验报告。,https://www.jobui.com/company/10036678/,1.0,招聘平台介绍提专门老师监督纪律，但属间接说明；育儿嫂专门督导、回访频次和问题响应时限未取得当前原始规则。,https://www.jobui.com/company/10036678/,0.0,一万至两万元等广告混合陪伴师、家教和保姆，不能分离出育儿嫂费用；本轮未取得含机构费的适用育儿专门报价。,
安得家政,主体待核组,2.0,,否,0,2.0,hold,既有身份档位不足3且本次对照的政府名单没有可明确归属的补充记录，保留主体线索待复核；并非断言公司不存在或一定不可靠。 档案依据：协会介绍与智联招聘均指向北京安得家政有限公司，成立日期为 2023-05-17。协会 2026-02 介绍列孙亚成，智联现有工商栏列孙学博，法代存在来源/时点差异；最新营业执照及合同盖章主体未取得。,,,,,,主体待核组。本轮逐一对照四份正式政府名单，未取得可归属的入选记录；不等于机构差或不存在其他荣誉。不进入政府品牌推选优先组；数值仅供查看已有资料构成。,北京主体与婴幼儿招聘可核，人员要求及售后多为招聘自述；缺现行換退合同，关联品牌争议另行展示。,以北京安得家政有限公司核查；结果为协会介绍、58企业认证及招聘。未取得可归属公开投诉个案；既有小红书经验由原档案保留，本轮检索未命中不冲销旧证据。 本轮公开索引未取得可归属的投诉或处罚个案。,已按1组名称查询当前公示列表，本轮未见记录；不代表零投诉，公示期限、名称别称和公开范围会影响结果。,2026-09-21,2.0,0.0,已查安得品牌和完整法人换人条款，未取得免费次数或同价位补位承诺；相关雇主经历不证明现行通用政策。,,0.0,没有取得安得现行雇主退款合同；安欣订单的退费争议及收购说法尚未独立证实，不能当作本家退款规则。,,1.0,招聘原文要求育婴证、经验、健康证明及无不良记录，支持筛选要求线索；核验渠道和岗前考核记录未取得。,https://www.zhaopin.com/jobdetail/CCL1505764020J41007433204.htm,1.0,招聘介绍自称家政顾问定制方案与反馈跟进，仅有基础售后宣传；上门督导频率、处理时限和样例均缺。,https://www.zhaopin.com/jobdetail/CCL1505764020J41007433204.htm,0.0,9000至15000元只是招聘索引薪资，实时页面已打码；不是家庭报价，服务费、休假和食宿费用均未取得。,https://www.zhaopin.com/jobdetail/CCL1505764020J41007433204.htm
陈诚家政,主体待核组,2.0,,否,0,2.0,hold,既有身份档位不足3且本次对照的政府名单没有可明确归属的补充记录，保留主体线索待复核；并非断言公司不存在或一定不可靠。 档案依据：中国家协介绍北京陈诚家政服务有限公司成立于2024-04-29，依托北京陈诚保洁有限公司；是不同法人，不将保洁历史直接算为育儿嫂历史。,,,,,,主体待核组。本轮逐一对照四份正式政府名单，未取得可归属的入选记录；不等于机构差或不存在其他荣誉。不进入政府品牌推选优先组；数值仅供查看已有资料构成。,协会能定位北京育儿主体并提供筛选和调度宣传，但仍是间接资料；保洁履历不能补足育儿换人、退款与报价的空白。,主要命中协会介绍；“陈诚”作为自然人的康依家养老劳务诉讼不能归入北京陈诚家政公司。本轮公开索引未取得可归属个案。,已按1组名称查询当前公示列表，本轮未见记录；不代表零投诉，公示期限、名称别称和公开范围会影响结果。,2026-09-21,2.0,0.0,已查陈诚精确名称与换人合同词，未取得育儿嫂免费更换次数、同等级候选及到岗规则，保洁业务经历不补足此项保障。,,0.0,协会介绍未给试工失败、提前终约或长期不匹配的退费办法，现行扣费公式和退款时限均缺，不能据保洁资历推定。,,1.0,协会刊载企业称背景核查、技能礼仪考核，仅属间接企业介绍；育儿专项考核、体检标准和实际人选记录没有取得。,https://www.chsa.com.cn/nd.jsp?_ngc=-1&fromColId=-1&id=825,1.0,协会介绍提调度反馈与预约小程序，可记录弱管理线索；没有育儿上户后的回访频次、紧急负责人及问题响应时限。,https://www.chsa.com.cn/nd.jsp?_ngc=-1&fromColId=-1&id=825,0.0,公开资料未取得面向雇主的育儿工资与机构费，保洁计费和前身经营资料不适用；试工、续约及附加费用无法比较。,
俏管家（北京）,主体待核组,2.0,,否,0,2.0,hold,既有身份档位不足3且本次对照的政府名单没有可明确归属的补充记录，保留主体线索待复核；并非断言公司不存在或一定不可靠。 档案依据：俏管家（北京）家政服务有限公司见2025政府招聘；智联有同名分公司。企查查索引称总公司2014-04-23成立、10万元，未政府登记原站核验。,,,,,,主体待核组。本轮逐一对照四份正式政府名单，未取得可归属的入选记录；不等于机构差或不存在其他荣誉。不进入政府品牌推选优先组；数值仅供查看已有资料构成。,北京育儿业务由政府和企业招聘交叉支持，人员要求与回访仅是岗位线索；换退和家庭收费仍未公开。,以俏管家（北京）家政服务有限公司核查；命中招聘、企业资料、合作商名录和推广榜单。商业推荐文没有可核客户订单，未作为独立好评。 本轮公开索引未取得可归属的投诉或处罚个案。,已回读详情中最新公示（2026-07-23）：俏管家（北京）家政服务有限公司，服务类别为家政中介服务，处理结果为“双方自行和解或者投诉人撤回投诉”。公示未披露协议细节及退款到账证据，不能据此推断北京育儿嫂整体服务质量。,2026-09-21,2.0,0.0,政府及商家招聘支持育儿岗位，换人专项检索却未取得现行育儿免费次数、工资差价和替补到岗承诺。,,0.0,查后未取得北京俏管家育儿退费合同或可核退款结果，南宁同名护工争议不能作为本公司退出规则。,,1.0,政府岗位要求育儿经验，旧宣传有培训上岗说法，只能支持基础要求线索；体检、背调与实操核验仍缺。,"https://rsj.ankang.gov.cn/Content-2838763.html
https://m.zhaopin.com/company/CZL1277792890.htm",1.0,商家招聘可见客户回访岗位，提供基础售后职能线索；未说明育儿客户回访频率、投诉升级或离岗补位责任。,https://m.zhaopin.com/company/CZL1277792890.htm,0.0,8000至15000元为育婴招聘薪酬，家庭指导师工资属于另一工种；未取得雇主服务费和当前完整报价。,https://rsj.ankang.gov.cn/Content-2838763.html
宝贝多多,主体待核组,2.0,,否,0,2.0,hold,既有身份档位不足3且本次对照的政府名单没有可明确归属的补充记录，保留主体线索待复核；并非断言公司不存在或一定不可靠。 档案依据：大兴区人社局开发的就业平台主体页明确北京宝贝多多家政服务有限公司，信用代码91110116MA007T4E4G；水滴信用同代码、地址一致。第三方工商显示2016-08-24成立，平台企业自介却写2006，年限存在冲突，以营业执照复核为准。,,,,,,主体待核组。本轮逐一对照四份正式政府名单，未取得可归属的入选记录；不等于机构差或不存在其他荣誉。不进入政府品牌推选优先组；数值仅供查看已有资料构成。,北京主体和育儿招聘可交叉核对，筛选客服仍是招聘及企业自述；换退、保险细则和家庭总费用未公开。,以北京宝贝多多家政服务有限公司核查，命中大兴招聘、院校访企和工商页面；未取得可归属个案。多多、母婴用品等泛词结果不能替代本家政法人。 本轮公开索引未取得可归属的投诉或处罚个案。,已按1组名称查询当前公示列表，本轮未见记录；不代表零投诉，公示期限、名称别称和公开范围会影响结果。,2026-09-21,2.0,0.0,宝贝多多介绍有售后客服宣传，未公开育儿免费换人次数或到岗时限，查后也未取得同档差价与换人失败处理。,,0.0,查后没有现行育儿退费公式，招聘页面不收求职费用不等于家庭免中介费；终约和无人可换时如何退费仍未知。,,1.0,政府就业页列健康证、技能证及无犯罪记录要求，公司自述背调培训，支持招聘标准线索；逐人核验记录未取得。,"https://jy.daxing.net/qyzs/195640.jhtml
https://jy.daxing.net/zpxx/195645.jhtml
https://www.sohu.com/a/865804680_121123759",1.0,企业介绍有质检、专属客服和保险宣传，但未披露可核职责与适用保单，也缺督导频次和应急响应时限。,https://jy.daxing.net/qyzs/195640.jhtml,0.0,2026招聘6000至15000元为员工薪酬，2025工资和儿童陪伴师岗位另列；没有现行家庭服务费及总费用。,"https://jy.daxing.net/zpxx/195645.jhtml
https://jy.daxing.net/zpxx/195647.jhtml
https://www.sohu.com/a/865804680_121123759"
泰维峰家政,主体待核组,2.0,,否,0,2.0,hold,既有身份档位不足3且本次对照的政府名单没有可明确归属的补充记录，保留主体线索待复核；并非断言公司不存在或一定不可靠。 档案依据：北京市政府2026联系页明确“北京泰维峰家政服务有限公司”。西城区信用公示搜索索引出现18位代码911101026723587264，但该页表头两列疑颠倒且原页回读超时，签约前仍应与营业执照核对；卓博称原名阳光育苗，属企业自述，未取得更名工商档案。,,,,,,主体待核组。本轮逐一对照四份正式政府名单，未取得可归属的入选记录；不等于机构差或不存在其他荣誉。不进入政府品牌推选优先组；数值仅供查看已有资料构成。,北京主体和历史育儿业务有多源线索，筛选回访主要为招商宣传；现行换退、人选及完整收费仍待核实。,保留并回读2011年民生周刊采访泰维峰育儿嫂的职业体验。具体雇主投诉段未标泰维峰，不能连带归属。新查询主要为资源库和企业信息，未取得可归属退款处理案。 本轮公开索引未取得可归属的投诉或处罚个案。,已按1组名称查询当前公示列表，本轮未见记录；不代表零投诉，公示期限、名称别称和公开范围会影响结果。,2026-09-21,2.0,0.0,未取得泰维峰现行育儿换人合同；竞品推广及旧目录的表述不能当本家可执行承诺，次数、到岗和同档替补均未核。,,0.0,已查育儿退费合同，未取得试工失败、终止或无人可换的计算及到账期限；损坏物品赔偿宣传不等于退出退款。,,1.0,第三方招商页自述公安备案、无犯罪和培训上岗，仅作推广线索；缺当期育儿体检、证书核验和实操考试记录。,"https://jm.chinapp.com/zhaoshang/2584
https://www.jobcn.com/position/home.xhtml?comId=466551&redirect=0&s=page%2Fhome",1.0,招商正文称售后回访和问题处理，只支持基础宣传；育儿督导频率、投诉升级、响应时限及责任安排仍缺。,https://jm.chinapp.com/zhaoshang/2584,0.0,查后没有2026育儿工资、管理会员费及加班明细，招商页5至10万元为加盟投资额，不能当雇主收费。,https://jm.chinapp.com/zhaoshang/2584
星护星选,主体待核组,2.0,,否,0,2.0,hold,既有身份档位不足3且本次对照的政府名单没有可明确归属的补充记录，保留主体线索待复核；并非断言公司不存在或一定不可靠。 档案依据：中国家协北京会员页列北京星护星选科技有限公司；宣传文章页头使用同名公司，未核验实际合同法人。,,,,,,主体待核组。本轮逐一对照四份正式政府名单，未取得可归属的入选记录；不等于机构差或不存在其他荣誉。不进入政府品牌推选优先组；数值仅供查看已有资料构成。,北京育儿业务有协会和推广线索，企业通用筛选与回访宣传仅获有限分；七天换人工种范围不明未加分，仍缺现行合同。,公开索引被大量“口碑榜”“避坑指南”等推广稿覆盖，不能用推广中的好评/零投诉作为独立口碑。本轮索引未取得可归属消费者个案。,已回读详情中最新公示（2026-05-26）：北京星护星选科技有限公司，服务类别为家政中介服务（未注明育儿），处理结果为“未达成调解协议”。公示未披露协议细节及退款到账证据，不能据此推断北京育儿嫂整体服务质量。,2026-09-21,2.0,0.0,推广文虽写七天内免费换，但主题为整理收纳，育儿工种和阶段适用未明确；一小时售后响应也不能当替补到岗期限。,https://www.youthcn.com.cn/qiyezixun/7848486.html,0.0,当前资料未取得育儿嫂退费比例、扣费项目及到账规则，三方协议宣传没有提供文本，不能据此推定匹配失败可退。,,1.0,推广页企业介绍明确全品类含育儿嫂，并称所有人员经过身份、背调、体检和实操等筛选；属第三方推广，仅作有限线索。,https://www.youthcn.com.cn/qiyezixun/7848486.html,1.0,企业通用介绍明确育儿嫂等服务包含匹配、交付和售后回访，故作有限售后线索；没有育儿专门协议、响应升级或履约核验。,https://www.youthcn.com.cn/qiyezixun/7848486.html,0.0,已读品牌宣传没有可复核的北京育儿工资和机构费，营销评分及推荐值不构成费用结构，试工与换人差价仍缺。,
中享家政,主体待核组,2.0,,否,0,2.0,hold,既有身份档位不足3且本次对照的政府名单没有可明确归属的补充记录，保留主体线索待复核；并非断言公司不存在或一定不可靠。 档案依据：中国家协会员介绍列北京中享家政服务有限公司，称2023-12-28成立；2025-03-27开设城南嘉园分公司。属于企业提交介绍，未查询实时工商登记。,,,,,,主体待核组。本轮逐一对照四份正式政府名单，未取得可归属的入选记录；不等于机构差或不存在其他荣誉。不进入政府品牌推选优先组；数值仅供查看已有资料构成。,协会介绍支持北京育儿主体，并提供筛选及客户经理宣传；尚缺机构自有现行合同与家庭收费，不能将会员介绍当履约验证。,命中协会企业简介、招聘等；服务承诺中的投诉机制属于企业宣传，不是实际记录。本轮公开索引未取得可归属个案。,已按1组名称查询当前公示列表，本轮未见记录；不代表零投诉，公示期限、名称别称和公开范围会影响结果。,2026-09-21,2.0,0.0,中享家协介绍虽然明确育儿业务，但未写免费更换次数、条件、替补候选和到岗时间，培训推荐服务不等于换人兜底。,,0.0,未取得试用不适配、无人可换和提前终约的退款计算与到账期限，协会会员介绍没有提供可直接比较的育儿退出条款。,,1.0,协会刊载企业自述背景审查、体检、岗前培训考核及持续培训，内容有方向但仍是间接宣传，具体人选记录尚未核验。,https://www.chsa.com.cn/nd.jsp?fromColId=132&id=797,1.0,协会简介自述客户经理全程跟踪，并有保险介绍，可记弱售后线索；具体回访频率、保单范围及升级处理仍需直接资料。,https://www.chsa.com.cn/nd.jsp?fromColId=132&id=797,0.0,协会介绍及精确检索未提供当前育儿工资或机构服务费，电话号码和分公司地址不能替代家庭完整报价。,
安恩贝,主体待核组,1.0,,否,0,1.0,hold,既有身份档位不足3且本次对照的政府名单没有可明确归属的补充记录，保留主体线索待复核；并非断言公司不存在或一定不可靠。 档案依据：品牌招商资料和悉尼加盟站均将Andbaby安恩贝归为北京予馨海韵教育咨询有限公司；未取得当前北京合同法人及品牌授权链的原件。,,,,,,主体待核组。本轮逐一对照四份正式政府名单，未取得可归属的入选记录；不等于机构差或不存在其他荣誉。不进入政府品牌推选优先组；数值仅供查看已有资料构成。,品牌历史关联可追溯，但公开资料主要为招商及海外加盟；北京当期接单未证，不能把海外保障移用到本地。,本轮公开索引未取得可归属北京安恩贝育儿服务投诉；异地裁判线索明确排除。,已按1组名称查询当前公示列表，本轮未见记录；不代表零投诉，公示期限、名称别称和公开范围会影响结果。,2026-09-21,2.0,0.0,未取得适用北京育儿嫂的免费换人、试工及替补期限；悉尼加盟站属于海外门店，其保障不能直接移用于北京订单。,,0.0,北京育儿嫂当前合同和退款条件未取得，异地同名主体资料也未合并；需先找到北京责任方，再核扣费与到账期限。,,1.0,招商平台宣称母婴团队和培训体系，尚属品牌介绍；未取得北京候选体检、背景审核、实操记录和保险适用证据。,https://www.1288.tv/Companys/anenmuying/,0.0,已查招商及加盟资料，未取得北京当前门店主管、督导计划和紧急替补机制；海外服务模式不计作北京售后依据。,,0.0,未取得当前北京育儿嫂工资、机构服务费及附加费；海外套餐或招商加盟金额与家庭北京订单不同，均不作报价。,
北京置业家政,主体待核组,1.0,,否,0,1.0,hold,既有身份档位不足3且本次对照的政府名单没有可明确归属的补充记录，保留主体线索待复核；并非断言公司不存在或一定不可靠。 档案依据：页面仅写北京置业家政，未给完整法人名称及统一社会信用代码；“置业”也常指地产，不能以同名地产结果推定主体。,,,,,,主体待核组。本轮逐一对照四份正式政府名单，未取得可归属的入选记录；不等于机构差或不存在其他荣誉。不进入政府品牌推选优先组；数值仅供查看已有资料构成。,北京服务入口和地址可找到，但完整法人缺失；健康户籍仅为商家声明，换退、售后及当期收费尚缺公开细则。,本轮公开索引未取得可归属个案；首要缺口仍是准确机构与合同法人识别。,已按1组名称查询当前公示列表，本轮未见记录；不代表零投诉，公示期限、名称别称和公开范围会影响结果。,2026-09-21,2.0,0.0,已读机构自有商家介绍及人员列表，未取得更换次数、差价、响应或到岗条款；服务覆盖全市不能推定全市均有即时替补。,,0.0,未取得中介费与管理费组成，也没有试工取消和换人失败退款规则；现有联系与人员信息不足以说明退出金额。,,1.0,商家声称阿姨均有健康证和户籍证明，但没有说明验证程序；只能记持证宣传，近期体检、背景和实操仍缺记录。,https://www.beijingbaomu.com/user/zhiye/about.html,0.0,简介泛称适应不同家庭，未取得具体回访、入户督导或空档期安排；联系电话和人员名单不计作已具备售后机制。,,0.0,本轮读取的简介及联系页没有当期育儿嫂价格；白班或住家、夜间照护、休息和机构费仍需分别报价，不能用人员列表推算。,
北京昊煜坤城家政公司,主体待核组,1.0,,否,0,1.0,hold,既有身份档位不足3且本次对照的政府名单没有可明确归属的补充记录，保留主体线索待复核；并非断言公司不存在或一定不可靠。 档案依据：商家使用北京昊煜坤城家政公司。另搜到北京昊煜坤城企业管理咨询有限公司，2026-04-28成立且范围含家政；没有证据把两者确认为同一签约主体。,,,,,,主体待核组。本轮逐一对照四份正式政府名单，未取得可归属的入选记录；不等于机构差或不存在其他荣誉。不进入政府品牌推选优先组；数值仅供查看已有资料构成。,商家分类和管理宣传能提供少量线索，但近名法人关联、具体北京育儿供给及换退条款都未确认，当前保障依据较弱。,仅取得同名企业管理咨询公司信息及无关监管列表；咨询公司与原家政商家主体关系尚未证明，本轮公开索引未取得可归属个案。,已按1组名称查询当前公示列表，本轮未见记录；不代表零投诉，公示期限、名称别称和公开范围会影响结果。,2026-09-21,2.0,0.0,昊煜坤城主页仅列育儿服务分类，未取得对应更换承诺；实际候选、免费次数、替补到岗和无人可换的处理均不明。,,0.0,现有商家页和精确名称退费检索没有提供育儿服务解约退款规则，不能由企业管理咨询公司的经营范围推定可以退费。,,1.0,商家简介有培训与标准化管理理念，可记录为一般培训宣传；没有可检查的育儿课程、考核及候选人健康背景资料。,https://www.beijingbaomu.com/user/bjhykc/,0.0,商家只有一般管理理念，没有跟踪或售后具体信息；育儿督导职责、回访频率、紧急响应和换人协调流程均未取得。,https://www.beijingbaomu.com/user/bjhykc/,0.0,主页未提供育儿工资、机构服务费或更换差价；没有适用的家庭收费资料，不能把同名企业经营信息当作费用透明证据。,
利人家政,主体待核组,1.0,,否,0,1.0,hold,既有身份档位不足3且本次对照的政府名单没有可明确归属的补充记录，保留主体线索待复核；并非断言公司不存在或一定不可靠。 档案依据：中国家协2026-06介绍明确北京利人家政有限公司；商家自填登记资料列2023-03-01注册。协会文同时写公司2018成立、品牌2023独立，历史表述需核，不强行统一。,,,,,,主体待核组。本轮逐一对照四份正式政府名单，未取得可归属的入选记录；不等于机构差或不存在其他荣誉。不进入政府品牌推选优先组；数值仅供查看已有资料构成。,协会和近期活动支持北京主体与育婴业务，培训只能作间接线索；换人、退费和完整费用缺口使目前保障参考分有限。,主要为中国家协企业介绍、招聘和生活服务活动；定州利人家政及陈利人微博与北京机构不同。本轮公开索引未取得可归属个案。,已按1组名称查询当前公示列表，本轮未见记录；不代表零投诉，公示期限、名称别称和公开范围会影响结果。,2026-09-21,2.0,0.0,已查利人协会介绍与商家资料，未取得育儿嫂免费换人、同级替补及到岗条款；阿姨库和门店规模不能代替具体承诺。,,0.0,未取得利人的试用退费、提前终约与匹配失败退出公式，协会会员身份或一般行业公约不等于该店已签署这些保障。,,1.0,协会介绍与活动报道提人才培训及严格培训，属于企业经外部渠道发布的培训线索；个人背景、育儿考核和健康标准未核。,"https://www.chsa.com.cn/nd.jsp?_ngc=-1&fromColId=-1&id=862
https://www.visitbeijing.com.cn/article/4OzXCrSMgM3",0.0,总部和多门店体系只说明组织线索，尚未取得育儿督导频次、夜间应急响应和退款审批职责，不能据门店数量计售后分。,,0.0,现有协会、活动及商家资料未提供北京育儿工资、机构费、保险及节假日差价，电话询价入口不能代替公开费用结构。,
春和万家,主体待核组,1.0,,否,0,1.0,hold,既有身份档位不足3且本次对照的政府名单没有可明确归属的补充记录，保留主体线索待复核；并非断言公司不存在或一定不可靠。 档案依据：中国家协2025介绍明确北京春和万家家政服务有限公司，昌平发展路8号院中天创业园；与泛称“春和”“万家”公司分开。,,,,,,主体待核组。本轮逐一对照四份正式政府名单，未取得可归属的入选记录；不等于机构差或不存在其他荣誉。不进入政府品牌推选优先组；数值仅供查看已有资料构成。,协会与本地目录支持北京服务线索，筛选只有一般宣传；婴幼儿长期照护范围、换退条款和实际收费都需要补直接依据。,检索结果有地图商家线索，但大多为“春和万家欢”文艺活动等词语碰撞。本轮公开索引未取得可归属个案。,已按1组名称查询当前公示列表，本轮未见记录；不代表零投诉，公示期限、名称别称和公开范围会影响结果。,2026-09-21,2.0,0.0,春和万家协会和本地目录没有免费换人、临时离岗补位与同档替补条款；查后缺少到岗时限，不代表机构一定不支持换人。,,0.0,未取得育儿嫂试工失败、提前解约或长期匹配失败的退款范围与计算办法，协会服务分类不能作为退出退费保证。,,1.0,本地商业目录称系统培训、严格筛选，仅为间接宣传；没有育儿实操考试、健康体检、背调和前雇主核实的具体流程。,https://www.mmmiaomen.com/svc?district=changping&street=cp01,0.0,品质高效等目录表述不构成督导制度，现有资料未给入户指导频次、投诉负责人或突发离岗处置安排，本项无可用依据。,,0.0,协会和商业目录没有可验证的育儿工资、机构费与试工价格，服务名称和联系电话不能形成家庭完整报价依据。,
安欣生活（北京）,主体待核组,1.0,,否,0,1.0,hold,既有身份档位不足3且本次对照的政府名单没有可明确归属的补充记录，保留主体线索待复核；并非断言公司不存在或一定不可靠。 档案依据：教育宝北京安欣生活家政店公示单位为北京袋鼠管家家政服务有限公司，统一代码91110105MACE02KX42。该信息仅核到平台培训店铺主体，未核北京雇主合同章。小红书作者称安欣已被安得收购，尚无独立正式佐证。不得混为上海安欣生活信息科技或天津安欣生活服务。,,,,,,主体待核组。本轮逐一对照四份正式政府名单，未取得可归属的入选记录；不等于机构差或不存在其他荣誉。不进入政府品牌推选优先组；数值仅供查看已有资料构成。,北京店铺和育儿经历支持业务线索，培训仅为自述；雇主换退争议单独呈现，现行合同主体与保障规则仍缺。,按北京袋鼠管家家政服务有限公司核对北京安欣生活，结果主要为教育宝培训店。上海安欣生活信息科技、中山袋鼠管家、山东标兵管家诉讼等均非当前已核北京主体，不能混入。 本轮公开索引未取得可归属的投诉或处罚个案。,已按1组名称查询当前公示列表，本轮未见记录；不代表零投诉，公示期限、名称别称和公开范围会影响结果。,2026-09-21,2.0,0.0,现有换人材料来自雇主历史经历，不能证明现行免费次数、同档供给和补位义务；没有可归属官方育儿更换承诺。,"https://www.xiaohongshu.com/explore/6848d6270000000022007cf0
https://www.xiaohongshu.com/explore/696cd537000000000b00826f",0.0,订金和剩余服务费争议均为单方历史自述，未取得合同或司法结果；不当通用退款政策，当前退出算法仍缺。,"https://www.xiaohongshu.com/explore/6848d6270000000022007cf0
https://www.xiaohongshu.com/explore/696cd537000000000b00826f",1.0,2026更新的教育宝店铺列母婴及家庭育儿课程和上户安排，支持培训宣传；缺候选背调、核证与体检的具体流程。,https://bj.jiaoyubao.cn/edu/bjdj/,0.0,培训店铺和雇主反馈未提供现行官方督导、在岗复训及事故保险制度，有限匹配争议也不能推断全体售后水平。,,0.0,3500元三个月服务费、月薪三成和1000元订金都是历史个案金额，没有现行完整收费表，不当统一价格依据。,"https://www.xiaohongshu.com/explore/6848d6270000000022007cf0
https://www.xiaohongshu.com/explore/696cd537000000000b00826f"
爱因宝,主体待核组,1.0,,否,0,1.0,hold,既有身份档位不足3且本次对照的政府名单没有可明确归属的补充记录，保留主体线索待复核；并非断言公司不存在或一定不可靠。 档案依据：2024招聘转载、北京日报2025招聘信息和乌海人社2026招聘名单均写北京爱因宝家政有限公司。未取得该主体统一社会信用代码和最新营业执照；不与爱婴宝、爱宝蓓及义乌爱因宝母婴用品混并。,,,,,,主体待核组。本轮逐一对照四份正式政府名单，未取得可归属的入选记录；不等于机构差或不存在其他荣誉。不进入政府品牌推选优先组；数值仅供查看已有资料构成。,具名育儿招聘及近期劳务名单支持北京业务，筛选仅有基本条件；当前合同换退、门店和完整费用仍待核。,北京爱因宝家政有限公司命中大兴/通州招聘，未取得可归属消费者个案。未把爱婴宝、爱宝蓓和异地母婴品牌投诉相互混用。 本轮公开索引未取得可归属的投诉或处罚个案。,已按1组名称查询当前公示列表，本轮未见记录；不代表零投诉，公示期限、名称别称和公开范围会影响结果。,2026-09-21,2.0,0.0,爱因宝品牌及全名换人检索未取得育儿免费次数、到岗期限和跨档差价，具名招聘人数不等于替补库存。,,0.0,未取得育儿服务终止退款比例、扣费规则或明确解决案例；招聘无收费针对求职者，不能解读为客户零中介费。,,1.0,历史招聘优先证书及培训经历并列年龄学历，只有基础用工要求线索；缺婴幼儿实操、背调、体检及核证流程。,"https://www.sohu.com/a/842875721_121123772
https://finance.sina.com.cn/jjxw/2025-03-06/doc-inenthxf6672764.shtml",0.0,公开招聘与品牌介绍没有育儿专属督导、定期回访或紧急替班职责，专业服务宣传不足以确认售后机制。,,0.0,5000至20000元出自2025招聘且未列周期工时，不是当期客户套餐；服务费、休假和试工价格仍缺。,https://n.sinaimg.cn/sinakd20250306s/259/w640h419/20250306/dd9a-0123262116afc32a99d701a346b2729d.png
京南领航,主体待核组,1.0,,否,0,1.0,hold,既有身份档位不足3且本次对照的政府名单没有可明确归属的补充记录，保留主体线索待复核；并非断言公司不存在或一定不可靠。 档案依据：58商户名北京京南领航家政有限公司，未取得独立执照或政府登记信息。,,,,,,主体待核组。本轮逐一对照四份正式政府名单，未取得可归属的入选记录；不等于机构差或不存在其他荣誉。不进入政府品牌推选优先组；数值仅供查看已有资料构成。,北京育儿广告可以定位，但证据仍以索引为主，只有模糊售后标签；主体、换退及费用条款均需取得单店直接材料。,搜索结果集中58服务广告，没有可归属投诉处理记录；本轮公开索引未取得可归属个案。,已按1组名称查询当前公示列表，本轮未见记录；不代表零投诉，公示期限、名称别称和公开范围会影响结果。,2026-09-21,2.0,0.0,京南领航索引只见签合同和售后标签，未取得明确换人承诺；相邻无忧商家的免费调换标签不能作为该公司保障。,https://www.58.com/npphy2022120410310/,0.0,已检索该公司退费与投诉资料，未取得育儿退款条款或真实退费结局，试工退出、匹配失败和扣费办法仍无法比较。,,0.0,独立店铺原文未取得，现有索引未列该机构培训、背景核查或体检流程；明确育儿广告本身不证明人员经过筛选。,,1.0,商家索引只有售后保障标签，属模糊宣传，可记最低档线索；售后负责人、督导回访及问题协调时限没有取得。,https://www.58.com/npphy2022120410310/,0.0,广告要求电话询价，没有可核的育儿工资或中介服务费，当前也未取得试工、带睡、假日等面向家庭的费用结构。,
阿依妈妈,主体待核组,1.0,,否,0,1.0,hold,既有身份档位不足3且本次对照的政府名单没有可明确归属的补充记录，保留主体线索待复核；并非断言公司不存在或一定不可靠。 档案依据：北京家协2024理事名单原文列北京阿依妈妈教育咨询有限公司及总经理；58商家用名北京阿依妈妈家政服务，关联仍须看该店执照。,,,,,,主体待核组。本轮逐一对照四份正式政府名单，未取得可归属的入选记录；不等于机构差或不存在其他荣誉。不进入政府品牌推选优先组；数值仅供查看已有资料构成。,协会和平台索引提供北京业务线索，历史回访仅能有限参考；北京店法人关联、人员筛选与换人退费合同均待补证。,回读2023年法院文书第三方转载：阿依妈妈起诉前员工返还工作财物，属于公司与员工争议，非雇主消费投诉；天津同品牌培训不自动归北京。本轮未取得可归属北京育儿消费个案。,已按1组名称查询当前公示列表，本轮未见记录；不代表零投诉，公示期限、名称别称和公开范围会影响结果。,2026-09-21,2.0,0.0,阿依妈妈协会名单与58索引没有给北京店现行更换承诺，用户称次日到岗也只是个案，不能当机构替补时限。,https://m.58.com/bj/baomu/,0.0,未取得可归属北京育儿订单的退款案例或退款公式，历史员工纠纷文书并非雇主服务合同，不能作为家庭退出保障。,,0.0,北京候选人课程、体检及背调未取得，天津同名机构的培训与其他法人不可套用，单条好评也不证明统一筛选流程。,,1.0,第三方转载历史文书提派单和客户回访，能作为旧运作线索；现行育儿回访频率、负责人员和问题响应期限尚未公开。,https://zh.wikisource.org/wiki/北京市丰台区人民法院（2023）京0106民初4972号民事判决书,0.0,现有协会、平台及历史文书未给适用的育儿家庭工资、机构费和试工报价，客户好评不能补足收费透明度依据。,
北京易家美,主体待核组,1.0,,否,0,1.0,hold,协会标题科技有限公司与正文/商家页家政有限公司关系未证，当前品牌不能自动归到任一法人。 档案依据：家协文章标题为“北京易家美科技有限公司”，正文及北京保姆网店铺均称“北京易家美家政有限公司”、创建于2020年。两名称关系、现签约法人和统一信用代码未取得，不能直接归为同一法律主体。,,,,,,主体待核组。本轮逐一对照四份正式政府名单，未取得可归属的入选记录；不等于机构差或不存在其他荣誉。不进入政府品牌推选优先组；数值仅供查看已有资料构成。,机构自有店铺支持北京育儿业务并有培训宣传，但法人名称存在冲突；更换、退款与家庭费用均缺明确条款，先核主体再谈合同。,结果为协会介绍和招聘信息，标题科技公司与正文家政公司仍须核对应关系。本轮公开索引未取得可归属个案。,已按1组名称查询当前公示列表，本轮未见记录；不代表零投诉，公示期限、名称别称和公开范围会影响结果。,2026-09-21,2.0,0.0,易家美协会、机构自有店铺及招聘资料未提供育儿换人合同，免费次数、候选推荐与替补到岗期限均未取得可比较规则。,,0.0,未取得服务费退还比例、匹配失败或机构无人可换的退费方式，现有业务介绍没有交代提前终约扣费和到账期限。,,1.0,机构自有店铺与协会自述注重培训，招聘要求育婴证并称商业保险；尚缺证书核验、背景健康检查及保单适用细节。,"https://www.chsa.com.cn/nd.jsp?id=725
https://www.beijingbaomu.com/user/bjyjm/
https://b.dianzhangzhipin.com/job/1XZ52d-4EVA~.html",0.0,一般培训管理表述没有说明专属顾问、回访频率和投诉升级职责，现有公开资料不足以给育儿督导或售后流程加分。,,0.0,7000至12000元及做六休一是2025招聘工资安排，不是当前家庭完整报价；服务费、带睡双胎和加班差价未公开。,https://b.dianzhangzhipin.com/job/1XZ52d-4EVA~.html
北京春宇家政服务有限公司（简介写春雨，名称需核实）,主体待核组,0.0,,否,0,0.0,hold,本人页面标题春宇、正文春雨存在实质名称冲突，未取得能确定正确主体的执照或政府记录，先核主体。 档案依据：页面标题“北京春宇家政服务有限公司”，正文“北京春雨家政服务有限公司”，自述2021-04-12成立、200万资本。未找到可确认哪一名称正确的执照或政府登记。,,,,,,主体待核组。本轮逐一对照四份正式政府名单，未取得可归属的入选记录；不等于机构差或不存在其他荣誉。不进入政府品牌推选优先组；数值仅供查看已有资料构成。,北京育儿招聘已找到，但春宇与春雨的名称冲突需要先核清；筛选、督导及换人退费均没有足够公开依据加分。,同时追查春宇、简介中的春雨；结果中的贵阳春雨心、上海春雨和人名春宇未能对应北京本店。本轮公开索引未取得可归属个案，名称歧义仍限制覆盖。,已按2组名称查询当前公示列表，本轮未见记录；不代表零投诉，公示期限、名称别称和公开范围会影响结果。,2026-09-21,2.0,0.0,已检索春宇及春雨名称的换人资料，未取得育儿嫂换人承诺；次数、同档差价、补位期限及无法匹配处理仍缺。,,0.0,没有取得可归属该店的育儿服务退费规则，主体名称又存在冲突，现阶段无法比较试用退出、扣费公式和退款时间。,,0.0,现页有婴儿照护招聘，但没有筛选、培训、体检或背景核验标准；岗位涉及婴儿不等于已证明人员经过专项考核。,,0.0,已读机构自有页未提供育儿督导和回访制度，也没有异常事件负责人或升级渠道，不能从近期招聘推定售后执行能力。,,0.0,8000至8500元为照护四个月宝宝的招聘工资，不是雇主服务报价；休息安排、机构费、试工与附加费仍缺完整信息。,https://www.beijingbaomu.com/user/bjchunyu/
爱贝佳,主体待核组,0.0,,否,0,0.0,hold,爱贝佳服务中心、医院管理与家庭服务多个主体的共同权属未证，当前品牌组不能当作已核单一派工法人。 档案依据：存在多个名称：商家页“北京爱贝佳母婴护理服务中心”；品牌目录“北京爱贝佳医院管理有限公司”；广告另有家庭服务有限公司。未取得共同品牌权属及具体签约主体关系，不能混为一家法人。,,,,,,主体待核组。本轮逐一对照四份正式政府名单，未取得可归属的入选记录；不等于机构差或不存在其他荣誉。不进入政府品牌推选优先组；数值仅供查看已有资料构成。,北京育儿业务可定位，但同品牌多主体和地址差异需要先核清；培训仅有宣传线索，换人、退费与督导规则尚缺。,检得2017年伤婴报道相关索引，但同时有企业声明称涉事人2013年已终止合作、该订单未经公司签约；归属存在实质争议，不能把标题直接当作该机构订单事故。黑猫/消费保未取得明确归属新增原单。,已按1组名称查询当前公示列表，本轮未见记录；不代表零投诉，公示期限、名称别称和公开范围会影响结果。,2026-09-21,2.0,0.0,已查爱贝佳北京商家及相关品牌资料，未取得现行育儿嫂更换约定；免费次数、替补等级和到岗期限仍需合同明确。,,0.0,没有找到可归属北京具体爱贝佳签约主体的育儿退费合同，多个法人关系未理清，无法比较退出触发条件和扣费办法。,,0.0,档案提第三方培训及高持证率宣传，但现有可归属来源没有取得具体筛选流程；课程、考核及健康背景审查均待补直接依据。,,0.0,现有北京商家资料没有育儿回访安排、固定督导负责人或紧急替补制度，母婴护理品牌名称不能替代售后机制。,,0.0,商家页及品牌检索未取得适用于北京育儿嫂的现行工资、机构费、试工和附加收费表，不能据品牌定位推算费用。,
家和贝婴家政,主体待核组,0.0,,否,0,0.0,hold,北京家和贝婴健康科技有限公司存在协会线索，但尚未将当前58家政商户直接连到该法人，品牌与实际服务商关联待核。 档案依据：中国家协成员为北京家和贝婴健康科技有限公司；58 育婴商户显示“家和贝婴家政”。《生命时报》报道出现同名北京家和贝婴及负责人于娜，属于其他家政业务旁证。未取得把 58 商户直接连到该法人的营业执照/合同，暂按待确认的品牌关系保留。,,,,,,主体待核组。本轮逐一对照四份正式政府名单，未取得可归属的入选记录；不等于机构差或不存在其他荣誉。不进入政府品牌推选优先组；数值仅供查看已有资料构成。,北京育儿商户广告可核，法人映射仍待确认；人员筛选、换退、售后与收费均缺可执行公开信息。,用家和贝婴品牌及北京家和贝婴健康科技有限公司检索，公开投诉索引稀疏。搜索返回两份怀柔区检查表，回读未找到家和贝婴，未取得可关联该店铺的监管个案；58店铺与法人关系仍应以合同核验。 本轮公开索引未取得可归属的投诉或处罚个案。,已按1组名称查询当前公示列表，本轮未见记录；不代表零投诉，公示期限、名称别称和公开范围会影响结果。,2026-09-21,2.0,0.0,已读家和贝婴本商户育婴广告并检索换人条款，仍未取得明确承诺；相邻商家的免费更换标签不能移用。,"https://www.58.com/npphyhx25729140767/
https://www.58.com/npphyjm202208241705/",0.0,品牌及法人退费检索没有取得雇主合同或退款算法，试工、中介费和服务天数如何结算及到账期限均未确认。,,0.0,本商户广告仅列抚触和营养配餐等服务技能，没有人员核证、健康、背调或实操筛选流程，不据服务标签加分。,https://www.58.com/npphyhx25729140767/,0.0,育婴广告未说明回访或投诉处理责任，聚合星级也无完整订单评论；查后没有可用育儿售后制度。,https://www.58.com/npphyhx25729140767/,0.0,本商户广告没有阿姨工资或服务费，页面4.3为评分而非价格；未借相邻商家薪酬和老年护理费用补齐。,https://www.58.com/npphyhx25729140767/
神灯阿姨,主体待核组,0.0,,否,0,0.0,hold,既有身份档位不足3且本次对照的政府名单没有可明确归属的补充记录，保留主体线索待复核；并非断言公司不存在或一定不可靠。 档案依据：中国家协2025会员介绍对应北京神灯阿姨科技有限公司、AUNTY DIVINE品牌，称品牌自2016设立；品牌年限不等同当前法人成立时间。,,,,,,主体待核组。本轮逐一对照四份正式政府名单，未取得可归属的入选记录；不等于机构差或不存在其他荣誉。不进入政府品牌推选优先组；数值仅供查看已有资料构成。,主体与北京育儿定位有协会和招聘依据，但筛选、督导与换退机制没有可比较条款；零投诉等宣传数字不作为加分依据。,短品牌出现神灯设备、账号昵称及无关社会新闻；补精确法人后仅取得协会企业信息。本轮公开索引未取得可归属个案。,已按1组名称查询当前公示列表，本轮未见记录；不代表零投诉，公示期限、名称别称和公开范围会影响结果。,2026-09-21,2.0,0.0,神灯阿姨会员介绍和北京招聘未提供育儿免费更换次数、等级差价或到岗期限，三S服务口号不能替代具体保障条款。,,0.0,未取得适用育儿嫂的试用退出、连续不匹配与提前终约退费规则，信息化管理介绍并未说明扣费项目及退款到账时间。,,0.0,资料仅提信息化管理，未提供育儿人员健康、背景、培训考核的可用流程；自称零事故与转介绍比例也不能当筛选证据。,,0.0,未取得专人督导、客服响应、替岗协调或退款审批机制，会员简介里的服务口号不能证明这些职责已经公开落实。,,0.0,8500至15000元来自育儿岗位招聘薪酬，不是向雇主收取的服务报价；机构费、试工及加班差价仍没有取得。,https://m.58.com/w/ppezwe7034/
恩赐月嫂,主体待核组,0.0,,否,0,0.0,hold,既有身份档位不足3且本次对照的政府名单没有可明确归属的补充记录，保留主体线索待复核；并非断言公司不存在或一定不可靠。 档案依据：北京恩赐月嫂家政服务有限公司列2024协会名单及2026房山区人社招聘公告。,,,,,,主体待核组。本轮逐一对照四份正式政府名单，未取得可归属的入选记录；不等于机构差或不存在其他荣誉。不进入政府品牌推选优先组；数值仅供查看已有资料构成。,2026年政府育婴招聘支持北京业务；核心换退和人员筛选缺当前可执行资料，招聘薪资不作家庭报价。,新增2013年京华时报暗访：明确指向恩赐第一分公司，涉及未培训、未核健康证明和包装育婴经验；保留报道中协会回应以及记者未实际入户的界限。旧生命时报走访也已回读，其恩赐段仅涉及健康证明和复检答复，不能把其他公司的办假证情节归给恩赐。,已按1组名称查询当前公示列表，本轮未见记录；不代表零投诉，公示期限、名称别称和公开范围会影响结果。,2026-09-21,2.0,0.0,旧媒体虽记录健康有问题可换人的口头答复，年代和育儿适用范围不清；未取得当前育儿订单的更换承诺。,https://www.lifetimes.cn/article/9CaKrnJQcvF,0.0,品牌退费检索未取得当前育儿退出规则或可确认退款结局；服务费如何扣除及无人可换时如何终约均未知。,,0.0,政府岗位说明育婴职责，历史媒体讨论健康证和复检费用，但均不足以确认当前育儿筛选、核证和实操流程。,"https://www.bjfsh.gov.cn/zwgk/qrlsbj/zdly_999/fshcyjy/rlzyscgqxx/202607/t20260710_40115508.shtml
https://www.lifetimes.cn/article/9CaKrnJQcvF",0.0,协会与政府招聘材料未给家庭育儿售后职责，查后仍缺回访频率、投诉处理与突发离岗的责任联系人。,,0.0,6000至15000元是已过有效期的育婴招聘工资，并非家庭报价；未取得客户服务费、休假和试工收费。,https://www.bjfsh.gov.cn/zwgk/qrlsbj/zdly_999/fshcyjy/rlzyscgqxx/202607/t20260710_40115508.shtml
嘉仁家政,主体待核组,0.0,,否,0,0.0,hold,既有身份档位不足3且本次对照的政府名单没有可明确归属的补充记录，保留主体线索待复核；并非断言公司不存在或一定不可靠。 档案依据：兴安护工北京行招聘原文使用北京嘉仁家政有限公司，地址在顺义。未取得可交叉对应的统一社会信用代码/官网；与海淀北京嘉仁门诊部有限责任公司是不同名称、地址、业务，不混并。,,,,,,主体待核组。本轮逐一对照四份正式政府名单，未取得可归属的入选记录；不等于机构差或不存在其他荣誉。不进入政府品牌推选优先组；数值仅供查看已有资料构成。,顺义婴幼儿岗位仅有历史转载依据，当前主体接单须先确认；同名体检机构资料不用于本家评分或风险归因。,以北京嘉仁家政有限公司核查并补精确品牌退费词，主要命中招聘。搜索返回的怀柔市场及人社检查表，经回读两份未见嘉仁；其他表仅摘要且未提供主体匹配，不作其处罚。 本轮公开索引未取得可归属的投诉或处罚个案。,已按1组名称查询当前公示列表，本轮未见记录；不代表零投诉，公示期限、名称别称和公开范围会影响结果。,2026-09-21,2.0,0.0,嘉仁家政历史母婴招聘没有更换承诺，品牌全名和合同检索后未取得免费次数、上户期限或中断补偿。,,0.0,已查育儿合同取消与退款，未取得试工或提前终止的服务费扣除办法；没有可确认退款结局也不代表没有争议。,,0.0,招聘列辅食和早教等职责，未披露核证、背调或实操考核流程；同名体检机构与本家政公司无已证实关联。,"https://www.sohu.com/a/865804680_121123759
https://k.sina.cn/article_1750344480_6854232002701hw6k.html",0.0,现有历史招聘材料没有育儿顾问、护理督导、回访或紧急替补机制，不能凭家政公司名称推断售后存在。,,0.0,嘉仁本段招聘没有母婴薪资和雇主收费；其他公司的同篇工资或嘉仁体检套餐均不适用于本家育儿报价。,https://www.sohu.com/a/865804680_121123759
喜福天使,主体待核组,0.0,,否,0,0.0,hold,既有身份档位不足3且本次对照的政府名单没有可明确归属的补充记录，保留主体线索待复核；并非断言公司不存在或一定不可靠。 档案依据：2025年兴安护工北京行招聘转载全称为北京喜福天使家政服务有限公司，并列昌平地址。另有喜福天使家政集团行业活动与合作培训线索，但未取得其集团与该法人关系、现行营业执照和信用代码。,,,,,,主体待核组。本轮逐一对照四份正式政府名单，未取得可归属的入选记录；不等于机构差或不存在其他荣誉。不进入政府品牌推选优先组；数值仅供查看已有资料构成。,仅有历史招聘支持北京婴幼儿业务，当前法人及接单需核；异地养老培训不计入育儿筛选，换退规则仍缺。,以北京喜福天使家政服务有限公司核查，命中家政店长赛事、招聘和劳动关系服务站目录。获奖及培训履历不作消费者好评，未取得可归属投诉处理个案。 本轮公开索引未取得可归属的投诉或处罚个案。,已按1组名称查询当前公示列表，本轮未见记录；不代表零投诉，公示期限、名称别称和公开范围会影响结果。,2026-09-21,2.0,0.0,喜福天使的历史母婴招聘未包含更换保障，品牌及全名检索后未取得育儿免费次数、同档差价和到岗期限。,,0.0,已查育儿合同及退费，未取得本公司的客户退出比例、扣款项目或退款结果，行业交流和培训合作不代表保障。,,0.0,合作企业证实的培训是天津高血压照护，工种及地点均不匹配，不能作北京育儿人员背调、持证或实操证明。,https://www.jinmengtai.cn/gongsi/232.html,0.0,历史招聘和行业交流没有给出北京育儿督导、顾问职责或应急人员安排，无法据管理经验分享确认售后制度。,,0.0,本公司招聘段没有母婴工资，不能使用同文宝贝多多薪资；现行育儿工资、服务费和试工费均未取得。,https://www.sohu.com/a/865804680_121123759
邦巧手,主体待核组,0.0,,否,0,0.0,hold,既有身份档位不足3且本次对照的政府名单没有可明确归属的补充记录，保留主体线索待复核；并非断言公司不存在或一定不可靠。 档案依据：京东出现邦巧手旗舰店；第三方企业页列北京邦巧手科技有限公司，2026-03-25成立，代码91110108MAK8JXQ69U。尚未取得店铺执照，不能确认同名公司就是京东店铺运营或签约主体。,,,,,,主体待核组。本轮逐一对照四份正式政府名单，未取得可归属的入选记录；不等于机构差或不存在其他荣誉。不进入政府品牌推选优先组；数值仅供查看已有资料构成。,有北京育儿商品线索，但同名公司与店铺的运营关系未核；合同详情、筛选、售后和完整报价均缺，不能按京东品牌加分。,命中北京邦巧手科技有限公司第三方登记线索，机器人灵心巧手及台湾企业诉讼并非本机构。本轮公开索引未取得可归属个案，店铺执照与同名主体未核。,已按1组名称查询当前公示列表，本轮未见记录；不代表零投诉，公示期限、名称别称和公开范围会影响结果。,2026-09-21,2.0,0.0,邦巧手京东频道有北京育儿文案，但具体商品详情只返回页面壳，未取得免费更换政策、次数和到岗期限的可用依据。,"https://www.jd.com/hprm/17138cbbc56d1be9d9f9.html?electedExtAttrSet=878%2C&extAttrValue=expand_name%2C%40300103%3A%3A878&sort_type=sort_default
https://item.jd.com/10212722357494.html",0.0,没有取得完整育儿合同或真实退款案例，京东实物无理由退货规则不适用于推断该第三方店铺的服务费退还。,,0.0,当前商品与同名公司目录没有提供育儿技能考核、健康检查和背景核查材料，旗舰店名称及评价数不能代替人员筛选。,,0.0,未取得品牌的育儿督导、回访和紧急替班安排，具体商品页又未读到售后正文，不能默认由京东直接承担派人责任。,,0.0,咨询、电子攻略、定金和尾款混在商品中，无法得出完整育儿月费用；实际工资、机构费与试工报价没有取得。,"https://www.jd.com/hprm/17138cbbc56d1be9d9f9.html?electedExtAttrSet=878%2C&extAttrValue=expand_name%2C%40300103%3A%3A878&sort_type=sort_default
https://item.jd.com/10212722357494.html"
汇众万家,主体待核组,0.0,,否,0,0.0,hold,既有身份档位不足3且本次对照的政府名单没有可明确归属的补充记录，保留主体线索待复核；并非断言公司不存在或一定不可靠。 档案依据：京东商品使用汇众万家，部分频道品牌筛选写汇众亿万家；未取得店铺营业执照、北京签约主体或二者关系证明。,,,,,,主体待核组。本轮逐一对照四份正式政府名单，未取得可归属的入选记录；不等于机构差或不存在其他荣誉。不进入政府品牌推选优先组；数值仅供查看已有资料构成。,北京育儿广告已读到，但店铺法人及近名品牌关系不明；商品频道未补足换退、筛选、督导和完整费用依据。,回读2023年法院转载文书：汇众万家为家政合同中介，但诉讼是护老人员向个人雇主追春节工资，机构不是被告。不可当机构败诉或育儿投诉，且与京东店铺关系未核。,已按1组名称查询当前公示列表，本轮未见记录；不代表零投诉，公示期限、名称别称和公开范围会影响结果。,2026-09-21,2.0,0.0,汇众万家公开频道显示北京育儿广告，但具体商品详情未取得，不能确认更换范围、免费次数、差价或替补到岗时限。,"https://www.jd.com/hprm/17138cbbc56d1be9d9f9.html?electedExtAttrSet=878%2C&extAttrValue=expand_name%2C%40300103%3A%3A878&sort_type=sort_default
https://item.jd.com/10079982839877.html",0.0,未取得该店现行育儿服务合同及退款规则，也没有可归属北京订单的独立退款结果，不能套用平台其他商品的退费办法。,,0.0,可读商品文案没有可检查的育儿技能考试、身份背景及健康筛选安排，服务可外派全国不等于人员资质已经核验。,,0.0,没有取得专职育儿督导和紧急离岗补位机制，京东第三方商家服务不自动构成京东自营售后或统一到岗保障。,,0.0,商品混合预约、咨询及实际服务，没有完整工资和机构费，不能从低额咨询商品或评论数量推断育儿家庭支出。,https://www.jd.com/hprm/17138cbbc56d1be9d9f9.html?electedExtAttrSet=878%2C&extAttrValue=expand_name%2C%40300103%3A%3A878&sort_type=sort_default
妇婴乐,北京育儿业务待核组,61.0,,否,60,1.0,pass,政府正式列名主体或有来源支持的品牌关联可对应，满足本次“有完整主体线索”门槛；这不等于实时工商、当前合同或逐人劳动关系已核实。 档案依据：北京市人社2025名录明确北京妇婴乐家政服务有限公司，历史商务局连锁资源库亦有同名主体；不与乌鲁木齐等地同名公司自动合并。 当前长期北京育儿业务仍待确认，不因政府列名进入首页主比较。,北京妇婴乐家政服务有限公司,2025 正式政府联合推选并发布的劳务品牌企业名录,https://rsj.beijing.gov.cn/bm/ztzl/ssjzlwpp/202511/t20251103_4251001.html,本目录与发布报道未载明有效期限；三年行动方案说明以后根据实际动态调整；截至本轮可读公开目录仍为2025-11-06这30家；未发现更近替代批次，不声称名单永久有效,2025北京市人社家政劳务品牌详情列出的完整公司名与既有档案主体一致；品牌简称未被当成另一法人，合同主体仍须逐单核对。,北京育儿业务待核组。对应2025年正式政府联合推选并发布的劳务品牌企业名录，列名公司为北京妇婴乐家政服务有限公司。名单没有官方名次；仍须核对本单合同、育儿人选与换人条款。不进入政府品牌推选优先组；数值仅供查看已有资料构成。,北京主体和当年劳务活动有依据，育儿培训主要为旧线索；长期育儿供给和换退合同尚待确认，培训荣誉不转化服务分。,取得人社名录、历史连锁资料、分支登记及匿名正向问答；乌鲁木齐同名单位不并入。匿名问答中的换嫂经历缺独立核验，本轮公开索引未取得可归属投诉个案。,已按1组名称查询当前公示列表，本轮未见记录；不代表零投诉，公示期限、名称别称和公开范围会影响结果。,2026-09-21,2.0,0.0,妇婴乐政府及培训资料没有北京育儿嫂免费更换次数、同级承接和到岗时间条款，月嫂品牌称号不能代替长期育儿保障。,,0.0,已查试用、换人失败与提前终约相关信息，未取得退款比例和到账时限；历史月嫂荣誉及培训资历不构成育儿退费承诺。,,1.0,历史培训平台有母婴与育婴培训介绍，构成有限旧线索；当前育儿课程、体检、背调和实际人选考核尚未取得。,https://www.inxue.com/school-8009/,0.0,2026劳务活动体现人员对接，未涉及育儿上户督导和突发补位；当前回访频次、售后责任人与问题处理流程没有依据。,https://fgw.beijing.gov.cn/fzggzl/zyhz/gzdt/jjbf/xggz/202608/t20260812_4820195.htm,0.0,没有取得当前北京育儿嫂工资、机构费和保险等家庭报价，历史培训招生价格并非雇主请育儿嫂的服务支出。,
和美家,北京育儿业务待核组,61.0,,否,60,1.0,pass,政府正式列名主体或有来源支持的品牌关联可对应，满足本次“有完整主体线索”门槛；这不等于实时工商、当前合同或逐人劳动关系已核实。 档案依据：政府海报和职业技能评价备案均为北京和美家社区服务有限公司；海报称2014年12月成立。与外地和美家医院、装修公司无已证实关系。 业务抽查边界：育儿依据为母婴护理员招聘的辅食、早教与幼儿体能职责，海报主业偏养老；现有confirmed仅为婴幼照护候选线索，不宜写为已确认长期住家育儿供给或放首页首选。,北京和美家社区服务有限公司,2025 正式政府联合推选并发布的劳务品牌企业名录,https://rsj.beijing.gov.cn/bm/ztzl/ssjzlwpp/202511/t20251103_4250955.html,本目录与发布报道未载明有效期限；三年行动方案说明以后根据实际动态调整；截至本轮可读公开目录仍为2025-11-06这30家；未发现更近替代批次，不声称名单永久有效,2025北京市人社家政劳务品牌详情列出的完整公司名与既有档案主体一致；品牌简称未被当成另一法人，合同主体仍须逐单核对。,北京育儿业务待核组。对应2025年正式政府联合推选并发布的劳务品牌企业名录，列名公司为北京和美家社区服务有限公司。名单没有官方名次；仍须核对本单合同、育儿人选与换人条款。不进入政府品牌推选优先组；数值仅供查看已有资料构成。,北京婴幼儿岗位与技能评价资质有据，长期育儿服务范围仍待确认；换退、育儿售后和客户报价资料不足。,以北京和美家社区服务有限公司及北京家政场景限定，命中技能评价备案、养老驿站和公益活动。另有北碚和美家医院商标案，主体与业务不同，明确排除。 本轮公开索引未取得可归属的投诉或处罚个案。,已按1组名称查询当前公示列表，本轮未见记录；不代表零投诉，公示期限、名称别称和公开范围会影响结果。,2026-09-21,2.0,0.0,和美家母婴招聘含幼儿照护，但查后未取得育儿免费更换次数和补位期限；技能评价资质不代表承担换人义务。,,0.0,已查和美家育儿退费及合同，未取得提前终约、试工失败和无人可换的退出办法，扣费与到账期限仍未知。,,1.0,政府备案列育婴员及母婴护理技能等级认定，提供评价能力依据；未证明拟派人员均通过、现行筛选如何执行。,https://rsj.beijing.gov.cn/ywsite/zyjd/zyjd_jnrd/zyjd_bjrs/bjrs_yrdw/202010/t20201023_2119318.html,0.0,海报的社区巡访和驿站运营集中养老，未取得母婴客户督导职责、问题处置和临时替补，不能跨工种加分。,https://rsj.beijing.gov.cn/bm/ztzl/ssjzlwpp/202511/W020251103333911223533.jpg,0.0,本公司招聘段没有母婴工资，不能借同文宝贝多多薪酬；查后未取得现行育儿工资、服务费及试工总价。,https://www.sohu.com/a/865804680_121123759
惠佳丰／京惠照护师,北京育儿业务待核组,60.0,,否,60,0.0,pass,政府正式列名主体或有来源支持的品牌关联可对应，满足本次“有完整主体线索”门槛；这不等于实时工商、当前合同或逐人劳动关系已核实。 档案依据：集团名为惠佳丰健康产业集团有限公司，政府名录列北京市惠佳丰劳务服务有限责任公司，京惠照护师为旗下品牌。介绍明确集团从2003年成立的劳务公司发展；本次育儿合同会使用哪个主体仍未取得。 当前长期北京育儿业务仍待确认，不因政府列名进入首页主比较。,"北京市惠佳丰劳务服务有限责任公司
北京市惠佳丰劳务服务有限责任公司
北京市惠佳丰劳务服务有限责任公司","2025 正式政府联合推选并发布的劳务品牌企业名录
2024 正式年度员工制企业入选公告
2023 正式年度员工制企业入选公告","https://rsj.beijing.gov.cn/bm/ztzl/ssjzlwpp/202511/t20251103_4251033.html
https://sw.beijing.gov.cn/phone/zwxx/tzgg/202401/t20240131_3550205.html
https://rsj.beijing.gov.cn/xxgk/tzgg/202302/t20230208_2913405.html","本目录与发布报道未载明有效期限；三年行动方案说明以后根据实际动态调整；截至本轮可读公开目录仍为2025-11-06这30家；未发现更近替代批次，不声称名单永久有效
自发布之日起有效期1年；每年开展一次，符合条件可连续申报；2024年度历史入选；未取得续期名单，不作为2026年当前认证
自发布之日起有效期1年；每年开展一次，符合条件可连续申报；2023年度历史入选；未取得续期名单，不作为2026年当前认证","政府海报说明惠佳丰集团从该劳务公司发展，中国就业网将京惠照护师关联惠佳丰；集团、劳务公司和本单签约方不直接等同。
政府海报说明惠佳丰集团从该劳务公司发展，中国就业网将京惠照护师关联惠佳丰；集团、劳务公司和本单签约方不直接等同。2024年度员工制资格为历史记录，有效期已过，不表述为2026当前员工制认证。
政府海报说明惠佳丰集团从该劳务公司发展，中国就业网将京惠照护师关联惠佳丰；集团、劳务公司和本单签约方不直接等同。2023年度员工制资格为历史记录，有效期已过，不表述为2026当前员工制认证。",北京育儿业务待核组。对应2025年正式政府联合推选并发布的劳务品牌企业名录，列名公司为北京市惠佳丰劳务服务有限责任公司。名单没有官方名次；仍须核对本单合同、育儿人选与换人条款。这是品牌关联记录，仅适用于列名法人，不覆盖所有同品牌订单。不进入政府品牌推选优先组；数值仅供查看已有资料构成。,集团及护理母婴业务证据明确，长期育儿服务仍待确认；培训、平台管理和月嫂海报不自动增加育儿保障分。,新增北京市惠佳丰劳务服务有限责任公司2026年生活垃圾管理罚款3000元官方公示及两起2023年劳动诉讼。两宗劳动诉讼均驳回劳动者相关请求，不能只列诉称而略去判决；均非育儿客户退费。,已按1组名称查询当前公示列表，本轮未见记录；不代表零投诉，公示期限、名称别称和公开范围会影响结果。,2026-09-21,2.0,0.0,惠佳丰官网海报明确月嫂与产后服务，未取得长期育儿换人条款；次数、同档差价和候选到岗时限均未知。,https://www.huijiafeng.com/col.jsp?id=115,0.0,品牌合同及退费检索未取得长期育儿退出路径，试工、中介费返还和连续不适配的退款规则仍缺适用依据。,,0.0,品牌材料有自有培训考核体系，但以护理母婴为主，未明确长期育儿人选的筛选范围，不能自动给育儿保障加分。,"https://rsj.beijing.gov.cn/bm/ztzl/ssjzlwpp/202511/t20251103_4251033.html
https://chinajob.mohrss.gov.cn/h5/c/2025-12-15/470677.shtml",0.0,平台反馈和过程管理为品牌概述，未明确家庭长期育儿适用责任、上门督导及投诉时限，故没有可用售后依据。,https://chinajob.mohrss.gov.cn/h5/c/2025-12-15/470677.shtml,0.0,公开母婴海报没有育儿工资和机构费，医院采购金额属于不同交易对象；查后未取得家庭长期育儿收费表。,https://www.huijiafeng.com/col.jsp?id=115
老兵爱民,北京育儿业务待核组,60.0,,否,60,0.0,pass,政府正式列名主体或有来源支持的品牌关联可对应，满足本次“有完整主体线索”门槛；这不等于实时工商、当前合同或逐人劳动关系已核实。 档案依据：政府海报为北京老兵爱民家政服务有限公司，称2009年创办、北京8家直营店；2024政府员工制名单另可确认。店数及人员数量是海报时点介绍。 当前长期北京育儿业务仍待确认，不因政府列名进入首页主比较。,"北京老兵爱民家政服务有限公司
北京老兵爱民家政服务有限公司
北京老兵爱民家政服务有限公司","2025 正式政府联合推选并发布的劳务品牌企业名录
2024 正式年度员工制企业入选公告
2025 正式联合推选的劳务输入基地名单；非服务质量等级评选","https://rsj.beijing.gov.cn/bm/ztzl/ssjzlwpp/202511/t20251103_4250984.html
https://sw.beijing.gov.cn/phone/zwxx/tzgg/202401/t20240131_3550205.html
https://rsj.beijing.gov.cn/xxgk/tzgg/202511/t20251103_4251298.html","本目录与发布报道未载明有效期限；三年行动方案说明以后根据实际动态调整；截至本轮可读公开目录仍为2025-11-06这30家；未发现更近替代批次，不声称名单永久有效
自发布之日起有效期1年；每年开展一次，符合条件可连续申报；2024年度历史入选；未取得续期名单，不作为2026年当前认证
公告未载明有效期；可确认2025年正式入选，不据此断言目前持续资格或质量保证","2025北京市人社家政劳务品牌详情列出的完整公司名与既有档案主体一致；品牌简称未被当成另一法人，合同主体仍须逐单核对。
正式入选公告的完整法人名与既有档案可对应；使用正式公告而非拟入选公示。2024年度员工制资格为历史记录，有效期已过，不表述为2026当前员工制认证。
2025河北福嫂来京就业输入基地正式公告的完整主体名与既有档案对应；输入基地资格不等于育儿业务、人员库存或免费换人保证。",北京育儿业务待核组。对应2025年正式政府联合推选并发布的劳务品牌企业名录，列名公司为北京老兵爱民家政服务有限公司。名单没有官方名次；仍须核对本单合同、育儿人选与换人条款。不进入政府品牌推选优先组；数值仅供查看已有资料构成。,近期一般家政及养老活动可核，婴幼儿服务未确认；养老替班、筛选和投诉制度不能直接为育儿加分。,核对北京老兵爱民家政服务有限公司；春节代班、养老用工、保供和输入基地报道不是育儿客户投诉；推广榜单不作口碑证据。 本轮公开索引未取得可归属的投诉或处罚个案。,已按1组名称查询当前公示列表，本轮未见记录；不代表零投诉，公示期限、名称别称和公开范围会影响结果。,2026-09-21,2.0,0.0,近期媒体中的春节替班属于老人照护和普通家政，不能移作育儿保障；查后未取得育儿更换条件和到岗时限。,https://bjwb-app.bjd.com.cn/content/s696dbf74e4b0cd719e9c5b89.html,0.0,已查品牌育儿合同及退款，未取得育儿试用、提前终约或无人可换规则，一般养老经营资料不支持退费得分。,,0.0,海报的背景核查、培训及健康备案集中一般家政养老，缺育儿专项适用证据，未据此给育儿筛选加分。,"https://rsj.beijing.gov.cn/bm/ztzl/ssjzlwpp/202511/W020251103338746217755.jpg
https://www.beijing.gov.cn/ywdt/gqrd/202511/t20251114_4281180.html",0.0,投诉机制及服务管理介绍属于养老和一般家政，未取得育儿适用责任与流程；宣传及时率不能证明实际履约。,https://rsj.beijing.gov.cn/bm/ztzl/ssjzlwpp/202511/W020251103338746217755.jpg,0.0,春节加班费用出自养老替班语境，不能当育儿工资；查后未取得育儿服务费、试工和节假日完整收费。,https://bjwb-app.bjd.com.cn/content/s696dbf74e4b0cd719e9c5b89.html
祺捷利,北京育儿业务待核组,60.0,,否,60,0.0,pass,政府正式列名主体或有来源支持的品牌关联可对应，满足本次“有完整主体线索”门槛；这不等于实时工商、当前合同或逐人劳动关系已核实。 档案依据：政府海报名录为北京祺捷利技术发展有限公司，称2009年成立；2026门头沟政协企业推介写2003年5月，成立年份冲突未核，不能直接确定。 当前长期北京育儿业务仍待确认，不因政府列名进入首页主比较。,北京祺捷利技术发展有限公司,2025 正式政府联合推选并发布的劳务品牌企业名录,https://rsj.beijing.gov.cn/bm/ztzl/ssjzlwpp/202511/t20251103_4250973.html,本目录与发布报道未载明有效期限；三年行动方案说明以后根据实际动态调整；截至本轮可读公开目录仍为2025-11-06这30家；未发现更近替代批次，不声称名单永久有效,2025北京市人社家政劳务品牌详情列出的完整公司名与既有档案主体一致；品牌简称未被当成另一法人，合同主体仍须逐单核对。,北京育儿业务待核组。对应2025年正式政府联合推选并发布的劳务品牌企业名录，列名公司为北京祺捷利技术发展有限公司。名单没有官方名次；仍须核对本单合同、育儿人选与换人条款。不进入政府品牌推选优先组；数值仅供查看已有资料构成。,北京主体近期活动可核但主业偏养老，长期育儿业务未证实；护理培训和政府项目不折算育儿保障。,以北京祺捷利技术发展有限公司核查，命中品牌名录和人物报道。搜索误返回ICP备案清理转载，回读未找到祺捷利，不能写成该公司监管处罚。 本轮公开索引未取得可归属的投诉或处罚个案。,已按1组名称查询当前公示列表，本轮未见记录；不代表零投诉，公示期限、名称别称和公开范围会影响结果。,2026-09-21,2.0,0.0,祺捷利政府资料集中养老及综合服务，育儿换人专项检索未取得承诺；儿童照片不证明存在育儿替补机制。,,0.0,已查育儿合同和退费资料，未取得取消、试工或连续不适配的退出规则，养老政府项目不能替代雇主合同。,,0.0,海报和政协文章所述培训偏护理员及一般家政，未取得婴幼儿考核适用范围，不能推为育儿人员已完成筛选。,"https://rsj.beijing.gov.cn/bm/ztzl/ssjzlwpp/202511/W020251103336486397677.jpg
https://zx.bjmtg.gov.cn/zx/c101214/202603/9cdc01a803fc433fa87b64c3276987c6.shtml",0.0,公开规范与政府购买服务集中养老领域，没有具体育儿督导、投诉处理或临时离岗流程，故无售后加分依据。,"https://rsj.beijing.gov.cn/bm/ztzl/ssjzlwpp/202511/W020251103336486397677.jpg
https://zx.bjmtg.gov.cn/zx/c101214/202603/9cdc01a803fc433fa87b64c3276987c6.shtml",0.0,查后没有育儿工资、机构费和试工收费，养老补贴与政府购买项目金额不适用于家庭聘请育儿嫂。,
闻竹堂,北京育儿业务待核组,60.0,,否,60,0.0,pass,政府正式列名主体或有来源支持的品牌关联可对应，满足本次“有完整主体线索”门槛；这不等于实时工商、当前合同或逐人劳动关系已核实。 档案依据：政府品牌海报写北京闻竹堂家政服务有限公司，2018年成立，旗下品牌“九阅·整理”。 当前长期北京育儿业务仍待确认，不因政府列名进入首页主比较。,北京闻竹堂家政服务有限公司,2025 正式政府联合推选并发布的劳务品牌企业名录,https://rsj.beijing.gov.cn/bm/ztzl/ssjzlwpp/202511/t20251103_4250964.html,本目录与发布报道未载明有效期限；三年行动方案说明以后根据实际动态调整；截至本轮可读公开目录仍为2025-11-06这30家；未发现更近替代批次，不声称名单永久有效,2025北京市人社家政劳务品牌详情列出的完整公司名与既有档案主体一致；品牌简称未被当成另一法人，合同主体仍须逐单核对。,北京育儿业务待核组。对应2025年正式政府联合推选并发布的劳务品牌企业名录，列名公司为北京闻竹堂家政服务有限公司。名单没有官方名次；仍须核对本单合同、育儿人选与换人条款。不进入政府品牌推选优先组；数值仅供查看已有资料构成。,现有证据指向整理收纳主体，尚无育儿服务依据；收纳培训与服务流程均不增加育儿保障参考分。,北京闻竹堂家政及九阅整理双名称补查。命中培训、收纳及生活节宣传，未取得可归属投诉处理记录；收纳服务宣传不等于育儿嫂口碑。 本轮公开索引未取得可归属的投诉或处罚个案。,已按1组名称查询当前公示列表，本轮未见记录；不代表零投诉，公示期限、名称别称和公开范围会影响结果。,2026-09-21,2.0,0.0,闻竹堂资料明确主营收纳整理，未取得育儿换人承诺；整理项目返工与人员调配不能换算成育儿替补保障。,https://rsj.beijing.gov.cn/bm/ztzl/ssjzlwpp/202511/W020251103334904993916.jpg,0.0,查后没有闻竹堂育儿合同或退费规则，收纳项目如何终止不能用作育儿试工及连续匹配失败的退出依据。,,0.0,现有培训体系对应整理师和空间规划，未提供育婴筛选或考核资料，不能把收纳专业培训转成婴幼儿能力。,https://rsj.beijing.gov.cn/bm/ztzl/ssjzlwpp/202511/W020251103334904993916.jpg,0.0,政府海报的管家式收纳流程并非育儿上户督导，未取得育儿回访、投诉处理及紧急离岗责任安排。,https://rsj.beijing.gov.cn/bm/ztzl/ssjzlwpp/202511/W020251103334904993916.jpg,0.0,查后未取得育儿工资或机构费；收纳空间规划收费与家政品牌称号不能构成家庭育儿价格信息。,
仁友家政,北京育儿业务待核组,60.0,,否,60,0.0,pass,政府正式列名主体或有来源支持的品牌关联可对应，满足本次“有完整主体线索”门槛；这不等于实时工商、当前合同或逐人劳动关系已核实。 档案依据：政府海报称2012年成立，侧重家政与养老服务；2024员工制名单也列该主体。 当前长期北京育儿业务仍待确认，不因政府列名进入首页主比较。,"北京仁友家政服务有限公司
北京仁友家政服务有限公司","2025 正式政府联合推选并发布的劳务品牌企业名录
2024 正式年度员工制企业入选公告","https://rsj.beijing.gov.cn/bm/ztzl/ssjzlwpp/202510/t20251031_4249368.html
https://sw.beijing.gov.cn/phone/zwxx/tzgg/202401/t20240131_3550205.html","本目录与发布报道未载明有效期限；三年行动方案说明以后根据实际动态调整；截至本轮可读公开目录仍为2025-11-06这30家；未发现更近替代批次，不声称名单永久有效
自发布之日起有效期1年；每年开展一次，符合条件可连续申报；2024年度历史入选；未取得续期名单，不作为2026年当前认证","2025北京市人社家政劳务品牌详情列出的完整公司名与既有档案主体一致；品牌简称未被当成另一法人，合同主体仍须逐单核对。
正式入选公告的完整法人名与既有档案可对应；使用正式公告而非拟入选公示。2024年度员工制资格为历史记录，有效期已过，不表述为2026当前员工制认证。",北京育儿业务待核组。对应2025年正式政府联合推选并发布的劳务品牌企业名录，列名公司为北京仁友家政服务有限公司。名单没有官方名次；仍须核对本单合同、育儿人选与换人条款。不进入政府品牌推选优先组；数值仅供查看已有资料构成。,北京养老及一般家政主体可核，育儿派单仍未确认；员工制与养老培训不能作为育儿保障加分依据。,新增两宗明确指向北京仁友的历史诉讼：医院保洁欠款案中公司胜诉；经营场地租赁案中公司承认欠款并被判支付。两案均非家庭育儿服务，已分别记录答辩和判决，未取得执行到账情况。,已按1组名称查询当前公示列表，本轮未见记录；不代表零投诉，公示期限、名称别称和公开范围会影响结果。,2026-09-21,2.0,0.0,仁友海报服务重心为养老和生活协助，查后未取得育儿免费更换承诺；一般家政项目不能推定育儿替补能力。,,0.0,育儿合同及退款专项检索未取得试用、终约或无替补时的规则，员工制名单不能证明客户可退服务费。,,0.0,海报的培训考核与员工管理没有明确婴幼儿适用流程，未提供育儿背调、健康或月龄实操考核，故无加分依据。,https://rsj.beijing.gov.cn/bm/ztzl/ssjzlwpp/202510/W020251031647333003794.jpg,0.0,政府介绍的养老探望和驿站服务不等于育儿回访，查后仍没有家庭育儿督导或紧急离岗处置制度。,https://rsj.beijing.gov.cn/bm/ztzl/ssjzlwpp/202510/W020251031647333003794.jpg,0.0,查后没有适用于育儿嫂的工资、机构费、保险和假日收费，养老和生活协助业务介绍不足以构成育儿价格表。,
华宇密嫂,北京育儿业务待核组,60.0,,否,60,0.0,pass,政府正式列名主体或有来源支持的品牌关联可对应，满足本次“有完整主体线索”门槛；这不等于实时工商、当前合同或逐人劳动关系已核实。 档案依据：政府海报称2023-07-24成立、隶属北京华宇城市集团管理有限公司；实际合同及收款法人需核。 当前长期北京育儿业务仍待确认，不因政府列名进入首页主比较。,华宇密嫂家政服务（北京）有限公司,2025 正式政府联合推选并发布的劳务品牌企业名录,https://rsj.beijing.gov.cn/bm/ztzl/ssjzlwpp/202510/t20251031_4249349.html,本目录与发布报道未载明有效期限；三年行动方案说明以后根据实际动态调整；截至本轮可读公开目录仍为2025-11-06这30家；未发现更近替代批次，不声称名单永久有效,2025北京市人社家政劳务品牌详情列出的完整公司名与既有档案主体一致；品牌简称未被当成另一法人，合同主体仍须逐单核对。,北京育儿业务待核组。对应2025年正式政府联合推选并发布的劳务品牌企业名录，列名公司为华宇密嫂家政服务（北京）有限公司。名单没有官方名次；仍须核对本单合同、育儿人选与换人条款。不进入政府品牌推选优先组；数值仅供查看已有资料构成。,北京主体及月嫂等业务有政府材料，长期育儿服务未确认；不把月嫂培训和综合管理宣传直接计为育儿保障。,按官方名录核正主体为华宇密嫂家政服务（北京）有限公司后查询。结果为官方品牌名录；丰台生态环境投诉表指向餐饮等其他企业，未支持本机构处罚。 本轮公开索引未取得可归属的投诉或处罚个案。,已按1组名称查询当前公示列表，本轮未见记录；不代表零投诉，公示期限、名称别称和公开范围会影响结果。,2026-09-21,2.0,0.0,华宇密嫂现有资料列月嫂和新生儿早教，未取得长期育儿换人承诺；不能把月嫂人员安排推为育儿替补保障。,,0.0,已查品牌育儿合同与退费，未取得长期育儿试工、提前终约或无人可换的退款办法，月嫂业务不能自动适用。,,0.0,海报培训和模拟训练覆盖一般家政及月嫂，未明确长期育儿筛选适用性；背调、体检和婴儿考核仍需单独核。,https://rsj.beijing.gov.cn/bm/ztzl/ssjzlwpp/202510/W020251031643445127290.jpg,0.0,培训管理服务一体化只是概括介绍，未见长期育儿客户回访、责任经理或投诉处理安排，不据此确认售后机制。,https://rsj.beijing.gov.cn/bm/ztzl/ssjzlwpp/202510/W020251031643445127290.jpg,0.0,已查品牌费用信息，未取得长期育儿工资、机构费和试工报价；月嫂新生儿服务项目介绍不能充当育儿价格表。,
金萌泰,北京育儿业务待核组,60.0,,否,60,0.0,pass,政府正式列名主体或有来源支持的品牌关联可对应，满足本次“有完整主体线索”门槛；这不等于实时工商、当前合同或逐人劳动关系已核实。 档案依据：政府海报及官网均列北京金萌泰医院管理集团有限公司，品牌主要为金萌泰护工。 当前长期北京育儿业务仍待确认，不因政府列名进入首页主比较。,北京金萌泰医院管理集团有限公司,2025 正式政府联合推选并发布的劳务品牌企业名录,https://rsj.beijing.gov.cn/bm/ztzl/ssjzlwpp/202511/t20251103_4250990.html,本目录与发布报道未载明有效期限；三年行动方案说明以后根据实际动态调整；截至本轮可读公开目录仍为2025-11-06这30家；未发现更近替代批次，不声称名单永久有效,2025北京市人社家政劳务品牌详情列出的完整公司名与既有档案主体一致；品牌简称未被当成另一法人，合同主体仍须逐单核对。,北京育儿业务待核组。对应2025年正式政府联合推选并发布的劳务品牌企业名录，列名公司为北京金萌泰医院管理集团有限公司。名单没有官方名次；仍须核对本单合同、育儿人选与换人条款。不进入政府品牌推选优先组；数值仅供查看已有资料构成。,北京护理主体及官网可核，长期家庭育儿产品未确认；医院管理、培训和母婴项目不能替代育儿保障。,新增北京金萌泰医院管理集团有限公司与医院患者之间的陪护受伤及护理费用争议。判决确认护工看护不利导致老人摔伤，记载此前赔偿判决，并对延长期护理费部分支持公司请求。属于医院养老陪护，不能转写为育儿嫂事故。,已回读详情中最新公示（2026-07-28）：北京金萌泰医院管理集团有限公司，服务类别为怀孕及分娩护理，处理结果为“达成调解协议”。公示未披露协议细节及退款到账证据，不能据此推断北京育儿嫂整体服务质量。,2026-09-21,2.0,0.0,金萌泰资料集中医院护理和产科母婴服务，查后未取得长期育儿换人承诺；医院陪护调度不自动覆盖家庭育儿。,,0.0,品牌育儿合同及退款检索未取得试工失败、终约或无人可换的收费返还规则，医院服务合同不能替代家庭约定。,,0.0,现有培训、竞赛与保险资料属于护理队伍，未证明家庭长期育儿适用；不能据此认定育儿人员已完成专门核验。,https://rsj.beijing.gov.cn/bm/ztzl/ssjzlwpp/202511/W020251103340078731207.jpg,0.0,官网的医院工单与陪护管理不等于育儿客户售后，缺长期育儿督导、投诉升级和突然离岗的处理责任。,https://www.jinmengtai.cn/lm1/,0.0,查后未取得长期育儿工资、机构费或假日明细，医院护理产品与产科母婴项目不能用作育儿嫂收费依据。,
三替（北京）,北京育儿业务待核组,15.0,,否,15,0.0,pass,政府正式列名主体或有来源支持的品牌关联可对应，满足本次“有完整主体线索”门槛；这不等于实时工商、当前合同或逐人劳动关系已核实。 档案依据：品牌集团总部杭州，北京公开资料为北京三替养老护理集团有限公司；育儿宣传须与其北京养老护理业务分开。 当前长期北京育儿业务仍待确认，不因政府列名进入首页主比较。,"北京三替养老护理集团有限公司
北京三替养老护理集团有限公司","2024 正式年度员工制企业入选公告
2023 正式年度员工制企业入选公告","https://sw.beijing.gov.cn/phone/zwxx/tzgg/202401/t20240131_3550205.html
https://rsj.beijing.gov.cn/xxgk/tzgg/202302/t20230208_2913405.html","自发布之日起有效期1年；每年开展一次，符合条件可连续申报；2024年度历史入选；未取得续期名单，不作为2026年当前认证
自发布之日起有效期1年；每年开展一次，符合条件可连续申报；2023年度历史入选；未取得续期名单，不作为2026年当前认证","正式名单列北京三替养老护理集团有限公司，与档案北京主体相同；不自动扩展到杭州三替集团或认定北京育儿业务。2024年度员工制资格为历史记录，有效期已过，不表述为2026当前员工制认证。
正式名单列北京三替养老护理集团有限公司，与档案北京主体相同；不自动扩展到杭州三替集团或认定北京育儿业务。2023年度员工制资格为历史记录，有效期已过，不表述为2026当前员工制认证。",北京育儿业务待核组。对应2024年正式年度员工制企业入选公告，列名公司为北京三替养老护理集团有限公司。该年度员工制认定已过一年有效期，只记历史入选。不进入政府品牌推选优先组；数值仅供查看已有资料构成。,北京主体可追查，但北京公开业务主要为养老护理，长期育儿供给未证实；杭州价格及护工到岗承诺均不计育儿保障分。,短品牌检索噪音较多，追加北京三替养老护理集团有限公司全称，取得养老/家政企业名单但无可归属个案；杭州三替与北京主体须分开。,已按1组名称查询当前公示列表，本轮未见记录；不代表零投诉，公示期限、名称别称和公开范围会影响结果。,2026-09-21,2.0,0.0,北京商家48小时到岗宣传针对护工，杭州育儿业务也不能直接移用；本轮未取得北京育儿嫂免费更换或替补到岗规则。,"https://bj.jiazhenggang.com/user/santicare/
https://www.3tgroup.cn/",0.0,已查北京三替及集团官网，未取得北京育儿嫂退款细则或适用合同；养老护理与杭州家政资料不能形成此项退出依据。,,0.0,集团培训资料未对应北京当前育儿人选，不能将杭州家政或北京护工培训套入；育儿背调、健康和实操考核未取得。,https://www.3tgroup.cn/,0.0,北京公开管理资料以养老医院护理为主，没有对应育儿的回访、督导和紧急替补制度，不将护理售后外推至育儿。,https://bj.jiazhenggang.com/user/santicare/,0.0,8000元起为杭州集团官网育儿服务价格，无法确认适用北京；北京育儿工资、机构费、试工和更换差价未取得。,https://www.3tgroup.cn/
诚友情,北京育儿业务待核组,15.0,,否,15,0.0,pass,政府正式列名主体或有来源支持的品牌关联可对应，满足本次“有完整主体线索”门槛；这不等于实时工商、当前合同或逐人劳动关系已核实。 档案依据：北京诚友情家政服务有限公司列2024协会及2024北京市员工制家政企业名单。 当前长期北京育儿业务仍待确认，不因政府列名进入首页主比较。,北京诚友情家政服务有限公司,2024 正式年度员工制企业入选公告,https://sw.beijing.gov.cn/phone/zwxx/tzgg/202401/t20240131_3550205.html,自发布之日起有效期1年；每年开展一次，符合条件可连续申报；2024年度历史入选；未取得续期名单，不作为2026年当前认证,正式入选公告的完整法人名与既有档案可对应；使用正式公告而非拟入选公示。2024年度员工制资格为历史记录，有效期已过，不表述为2026当前员工制认证。,北京育儿业务待核组。对应2024年正式年度员工制企业入选公告，列名公司为北京诚友情家政服务有限公司。该年度员工制认定已过一年有效期，只记历史入选。不进入政府品牌推选优先组；数值仅供查看已有资料构成。,北京历史家政主体可核，当前育儿业务未证实；普通家政判决独立提示风险，不转成育儿政策或报价。,复核已知2023年中介合同判决，并补全公司答辩与部分退款结果。公司未细化服务面积等被判退中介费600元；涉案服务发生在三亚，属于普通家政，非北京育儿嫂。,已按1组名称查询当前公示列表，本轮未见记录；不代表零投诉，公示期限、名称别称和公开范围会影响结果。,2026-09-21,2.0,0.0,历史普通家政纠纷虽有安排替换情节，却不是育儿现行承诺；查后未取得育儿免费次数和替补到岗期限。,https://zh.wikisource.org/zh-hans/北京市海淀区人民法院（2022）京0108民初6589号民事判决书,0.0,旧普通家政案判退部分中介费属于个案，不能作为育儿退款政策；当前试工、终约算法和到账时间仍缺。,https://zh.wikisource.org/zh-hans/北京市海淀区人民法院（2022）京0108民初6589号民事判决书,0.0,员工制名单没有提供育儿人员健康、背景或技能考核流程，历史普通家政案亦不支持当前育儿筛选已落实。,https://rsj.beijing.gov.cn/xxgk/tzgg/202401/t20240129_3548057.html,0.0,历史合同案暴露当时约定不足，但不能代替当前育儿售后制度；查后仍没有回访、应急和投诉处理机制。,https://zh.wikisource.org/zh-hans/北京市海淀区人民法院（2022）京0108民初6589号民事判决书,0.0,旧案中介费1000元及工资5000元属于普通家政历史订单，不能当当前育儿报价；育儿完整收费表未取得。,https://zh.wikisource.org/zh-hans/北京市海淀区人民法院（2022）京0108民初6589号民事判决书
六八到家,北京育儿业务待核组,10.0,,否,10,0.0,pass,新增核到2025河北福嫂来京输入基地正式推选的完整主体，满足本次主体线索门槛；不代表实时工商或当前合同已核实。 旧身份评分不足3保留不改，本次依新增可归属政府推选记录单独判断主体门槛。 档案依据：北京六八到家家政服务有限公司列2024理事工作单位，智联岗位同名；不是58到家/天鹅/58同城。 当前长期北京育儿业务仍待确认，不因政府列名进入首页主比较。,北京六八到家家政服务有限公司,2025 正式联合推选的劳务输入基地名单；非服务质量等级评选,https://rsj.beijing.gov.cn/xxgk/tzgg/202511/t20251103_4251298.html,公告未载明有效期；可确认2025年正式入选，不据此断言目前持续资格或质量保证,2025河北福嫂来京就业输入基地正式公告的完整主体名与既有档案对应；输入基地资格不等于育儿业务、人员库存或免费换人保证。,北京育儿业务待核组。对应2025年正式联合推选的劳务输入基地名单；非服务质量等级评选，列名公司为北京六八到家家政服务有限公司。劳务输入基地反映人员对接功能，不等于育儿服务质量认证。不进入政府品牌推选优先组；数值仅供查看已有资料构成。,六八到家与58是不同品牌，现有线索偏儿童接送；小月龄育儿业务、换退和家庭收费尚未确认。,六八到家命中招聘、课程和政府就业信息；未取得可归属个案。六八到家与58到家是不同检索对象，不能挪用58相关投诉。 本轮公开索引未取得可归属的投诉或处罚个案。,已回读详情中最新公示（2026-08-05）：北京六八到家家政服务有限公司，服务类别为家政中介服务，处理结果为“达成调解协议”。公示未披露协议细节及退款到账证据，不能据此推断北京育儿嫂整体服务质量。,2026-09-21,2.0,0.0,六八到家岗位索引只有儿童起居和接送线索，换人专项检索未取得婴幼儿服务的免费次数、时限及差价规则。,,0.0,已查品牌合同和退款，未取得试工、提前终约或无人可换的育儿退费条款；不能套用58到家同类政策。,,0.0,招聘索引没有婴幼儿实操、健康或背景查验流程，儿童接送职责也不能证明候选具备小月龄照护能力。,https://www.zhaopin.com/jobdetail/CCL1364788190J40713418504.htm,0.0,现有协会和招聘索引未列家庭育儿回访、专属督导或临时离岗责任，查后未取得可归属售后机制。,,0.0,7000至10000元为儿童照料招聘工资，未确认婴幼儿工种和客户收费；育儿机构费、试工与假日项目均缺。,https://www.zhaopin.com/jobdetail/CCL1364788190J40713418504.htm
阳光二十一 / 阳光21,北京育儿业务待核组,10.0,,否,10,0.0,pass,政府正式列名主体或有来源支持的品牌关联可对应，满足本次“有完整主体线索”门槛；这不等于实时工商、当前合同或逐人劳动关系已核实。 档案依据：北京阳光二十一文化发展有限公司列2024协会名单及2023北京市员工制家政企业名单。 当前长期北京育儿业务仍待确认，不因政府列名进入首页主比较。,北京阳光二十一文化发展有限公司,2023 正式年度员工制企业入选公告,https://rsj.beijing.gov.cn/xxgk/tzgg/202302/t20230208_2913405.html,自发布之日起有效期1年；每年开展一次，符合条件可连续申报；2023年度历史入选；未取得续期名单，不作为2026年当前认证,正式入选公告的完整法人名与既有档案可对应；使用正式公告而非拟入选公示。2023年度员工制资格为历史记录，有效期已过，不表述为2026当前员工制认证。,北京育儿业务待核组。对应2023年正式年度员工制企业入选公告，列名公司为北京阳光二十一文化发展有限公司。该年度员工制认定已过一年有效期，只记历史入选。不进入政府品牌推选优先组；数值仅供查看已有资料构成。,历史北京主体有名录支持，当前育儿业务未确认；旧门店及员工制资格不能增加现行换退保障分。,核对北京阳光二十一文化发展有限公司及阳光二十一别称。结果以培训、员工制名录和点评相册为主；消费保返回阳光人寿保险及旅游等同词结果，均不属该家政主体。 本轮公开索引未取得可归属的投诉或处罚个案。,已按1组名称查询当前公示列表，本轮未见记录；不代表零投诉，公示期限、名称别称和公开范围会影响结果。,2026-09-21,2.0,0.0,阳光二十一的历史名录和门店索引未列育儿换人承诺；专项检索后仍缺免费次数、补位时间与差价规则。,,0.0,已查品牌合同与退费资料，未取得适用当前北京育儿订单的取消、试工或连续匹配失败退费条款。,,0.0,现有员工制名单及门店索引没有育儿筛选流程；历史技能项目也不足以说明当前婴幼儿考核或个人健康核验。,,0.0,公开材料仅支持历史机构和门店线索，未提供育儿回访、责任督导、离岗处理或投诉升级安排。,,0.0,点评人均及旧目录价格缺少明确工种、周期和现行适用性；查后没有可用于比较的当前育儿工资及机构费。,"https://www.dianping.com/shop/3540088/photos/album
https://www.5idoc.com/doc/4919786557.html"
e家帮,北京育儿业务待核组,6.0,,否,0,6.0,hold,既有身份档位不足3且本次对照的政府名单没有可明确归属的补充记录，保留主体线索待复核；并非断言公司不存在或一定不可靠。 档案依据：官网2024-08-01隐私协议和应用宝开发/运营者均写广州互缘网络科技有限公司；应用备案粤ICP备13062290号-10A。未取得北京分支签约主体或北京育儿订单履约方。 当前长期北京育儿业务仍待确认，不因政府列名进入首页主比较。,,,,,,北京育儿业务待核组。本轮逐一对照四份正式政府名单，未取得可归属的入选记录；不等于机构差或不存在其他荣誉。不进入政府品牌推选优先组；数值仅供查看已有资料构成。,全国育儿官网有更换、筛选及价格文字，但北京履约和条款适用未证实；只记待核信息参考分，不进入北京机构主榜。,命中官网FAQ、用户协议、意见反馈入口和应用页；出现投诉联系方式不等于实际投诉。本轮公开索引未取得可归属个案，北京履约主体仍不明。,已核对当前公示列表。可见广州运营主体名下的家政中介及其他家政服务售后、价格争议；北京育儿业务承接仍未确认。名称匹配可含分支及其他工种，不能作为机构投诉率。,2026-09-21,2.0,3.0,官网育儿页写服务期间同等级不限次数更换，有直接文字但北京适用尚未证实；未明说免费，也缺升级差价和补位时限。,"https://ejbang.com/website/yuersao.jsp
https://h5.ejbang.com/weixin/service_note/serve_bm_allinone.jsp",0.0,未取得北京育儿服务费的失配退出及退款公式，旧用户协议主要针对保洁撮合，不能套为现行育儿解约和责任规则。,https://ejbang.com/clause.html,1.0,育儿页有实名背景、健康证和保险自述，但北京人选供给未确认，保险品牌在不同页又不一致，仅作待核筛选线索。,"https://ejbang.com/website/yuersao.jsp
https://sj.qq.com/appdetail/com.poperson.homeresident",1.0,官网与应用有回访、辅导、工作记录及专属督导宣传，北京具体团队和执行范围未证实，不能当已确认的本地售后机制。,"https://ejbang.com/website/yuersao.jsp
https://sj.qq.com/appdetail/com.poperson.homeresident",1.0,官网提供住家与非住家育儿工资范围，但未标更新日期或北京适用范围，仅作价格线索；机构费、周期、试工和差价仍缺。,https://ejbang.com/website/yuersao.jsp
管家帮,北京育儿业务待核组,3.0,,否,0,3.0,hold,既有身份档位不足3且本次对照的政府名单没有可明确归属的补充记录，保留主体线索待复核；并非断言公司不存在或一定不可靠。 档案依据：历史运营主体为北京易盟天地信息技术股份有限公司；不能与2022年成立的“北京帮管家家庭服务有限公司”或小象管家混并。当前承接管家帮订单的法人未确认。 当前长期北京育儿业务仍待确认，不因政府列名进入首页主比较。,,,,,,北京育儿业务待核组。本轮逐一对照四份正式政府名单，未取得可归属的入选记录；不等于机构差或不存在其他荣誉。不进入政府品牌推选优先组；数值仅供查看已有资料构成。,目前只有历史品牌、北京业务及免费更换线索，当前承接主体和育儿供给尚待确认；广州旧裁判不能充当今天退费政策。,回读2020南京欠薪、2021北京欠薪及雇主预付款报道，均有历史经营连续性信号。北京报道含创始人回应，南京报道时仍待处理；不能将历史争议写成2026仍未清偿或育儿照护事故。,已按1组名称查询当前公示列表，本轮未见记录；不代表零投诉，公示期限、名称别称和公开范围会影响结果。,2026-09-21,2.0,3.0,旧应用介绍有同类免费更换宣传，仅记历史线索；未取得当前北京育儿合同，也未确认现承接主体、免费边界及替补时限。,https://foxdata.com/en/app-marketing-analytics/616459498/as/AR/,0.0,广州历史案件的判退款是特定综合家政合同结果，不能作为北京育儿现行规则；当前退出公式和实际到账期限未取得。,https://m.mp.oeeee.com/a/BAAFRD000020210314453481.html,0.0,已检索管家帮当前北京育儿业务，未取得可用的身份、体检、背景核验与技能考核流程，历史平台规模不构成筛选证据。,,0.0,未取得当前北京客服督导或问题升级制度；媒体披露的历史经营困难只能单独提示年份风险，不能替代今天售后事实。,,0.0,2019年广州会员费是异地历史个案，不属于当前北京育儿报价；面向家庭的工资、机构费及试工费用均未取得。,https://m.mp.oeeee.com/a/BAAFRD000020210314453481.html
好孕妈妈,北京育儿业务待核组,1.0,,否,0,1.0,hold,既有身份档位不足3且本次对照的政府名单没有可明确归属的补充记录，保留主体线索待复核；并非断言公司不存在或一定不可靠。 档案依据：2022澎湃报道中品牌集团主体为北京象网科技有限公司；旧培训/目录又使用北京市好孕妈妈教育咨询等名称，现有签约及债务承接主体未取得证据。 当前长期北京育儿业务仍待确认，不因政府列名进入首页主比较。,,,,,,北京育儿业务待核组。本轮逐一对照四份正式政府名单，未取得可归属的入选记录；不等于机构差或不存在其他荣誉。不进入政府品牌推选优先组；数值仅供查看已有资料构成。,仅保留历史主体及培训线索，当前北京接单和责任承接未证实；先核在营与合同方，再讨论具体保障和报价。,补充青岛育儿嫂退款承诺报道和南宁劳动者押金案例，保留历史时间与不同权利关系；已知成都报道补核状态。,已核对当前公示列表。现行公示提及2021、2022年的怀孕分娩护理与其他家政交易；投诉/公示时间较新不代表当前仍在接单。名称匹配可含分支及其他工种，不能作为机构投诉率。,2026-09-21,2.0,0.0,未取得当前北京育儿嫂换人承诺；历史匹配争议既不能当现行保障，也不能据此推定今天的更换次数和候选期限。,,0.0,现有媒体内容为二〇二二年经营及退款争议，未提供当前北京合同退出规则；异地旧案不能代表现行应退金额或期限。,,1.0,品牌有历史培训规模和体系介绍，但未取得当前运营方及课程、考核证据；候选人员健康、背景和实际技能均待核。,"https://www.thepaper.cn/newsDetail_forward_18202100
https://www.beijingbaomu.com/user/haoyunmama/",0.0,已查品牌及北京目录，未取得当前服务主管、替补调度、督导和理赔机制；保留历史入口不等于今天仍有售后人员。,,0.0,未取得当前北京育儿嫂价格与机构费表；旧文中的预付款、培训费和争议金额性质不同，不用于当期费用透明度加分。,
阿华妈咪,北京育儿业务待核组,1.0,,否,0,1.0,hold,既有身份档位不足3且本次对照的政府名单没有可明确归属的补充记录，保留主体线索待复核；并非断言公司不存在或一定不可靠。 档案依据：2019 年第三方备案历史写北京阿华妈咪家政服务有限责任公司；站长工具另一版本写北京阿华妈咪母婴护理有限责任公司。现行主体尚未闭环。 当前长期北京育儿业务仍待确认，不因政府列名进入首页主比较。,,,,,,北京育儿业务待核组。本轮逐一对照四份正式政府名单，未取得可归属的入选记录；不等于机构差或不存在其他荣誉。不进入政府品牌推选优先组；数值仅供查看已有资料构成。,主要依据是历史备案和旧目录，当前主体及接单未确认；培训只有摘要线索，换退、督导和价格均需补证。,本轮公开索引未取得可归属的育儿服务投诉；已排除近名母婴品牌及无关内容。,已按2组名称查询当前公示列表，本轮未见记录；不代表零投诉，公示期限、名称别称和公开范围会影响结果。,2026-09-21,2.0,0.0,已对品牌及公司全名检索换人政策，没有取得适用育儿嫂的次数、费用和到岗期限；旧域名业务标题不作为保障。,,0.0,未取得当期退费比例、手续费及到账期限的原始文字；现行签约主体尚未闭环，也不能推定旧主体责任由谁承担。,,1.0,目录摘要称有技能培训团队和标准化管理，未读到完整原文；只能保留间接培训线索，健康、背调和实操记录仍缺。,http://bjahlljzfwyxzrgs.dayinmao.com/,0.0,现有备案、域名与目录材料没有督导频次、顾问责任及换人升级流程；官网无法回读不等于没有售后，只是不计依据。,,0.0,已查品牌和相关目录，未取得可验证的当期育儿嫂工资或机构费；历史业务介绍没有可用于比较的费用结构与金额。,
佳和誉泰,北京育儿业务待核组,1.0,,否,0,1.0,hold,既有身份档位不足3且本次对照的政府名单没有可明确归属的补充记录，保留主体线索待复核；并非断言公司不存在或一定不可靠。 档案依据：北京佳和誉泰家政服务有限公司见2024协会名单，官网索引与培训目录同名。 当前长期北京育儿业务仍待确认，不因政府列名进入首页主比较。,,,,,,北京育儿业务待核组。本轮逐一对照四份正式政府名单，未取得可归属的入选记录；不等于机构差或不存在其他荣誉。不进入政府品牌推选优先组；数值仅供查看已有资料构成。,北京主体与培训线索可核，家庭育儿派单尚待确认；换人、退费、售后及收费均缺可加分依据。,结果为官网、培训页和商标；四川同名企业管理公司不同主体。宣传里的“零投诉”未获独立验证，本轮公开索引未取得可归属个案。,已按1组名称查询当前公示列表，本轮未见记录；不代表零投诉，公示期限、名称别称和公开范围会影响结果。,2026-09-21,2.0,0.0,已查佳和誉泰更换及合同资料，未取得适用家庭育儿嫂的换人承诺；培训就业安排不等于雇主可免费更换。,,0.0,已查该品牌退费与投诉资料，未取得育儿试工、提前终约或无人可换的退出规则，扣费和到账期限均缺。,,1.0,培训目录自述岗前培训和等级考核，官网索引另有育婴培训线索；实际婴儿实操标准、人员健康和背调未取得。,"https://www.ibixue.com/school-7992/
https://www.jhytjz.cn/col.jsp?id=104",0.0,培训目录的入户管理表述未说明育儿客户的督导责任、回访频次或投诉处理，查后仍没有可用售后机制。,https://www.ibixue.com/school-7992/,0.0,品牌收费专项检索未取得育儿工资或服务费资料；培训目录的免费岗前培训不能作为家庭雇佣零收费依据。,
京朵家政,北京育儿业务待核组,1.0,,否,0,1.0,hold,既有身份档位不足3且本次对照的政府名单没有可明确归属的补充记录，保留主体线索待复核；并非断言公司不存在或一定不可靠。 档案依据：历史政府名单和第三方企业目录均列北京京朵家政服务有限公司。目录显示2020-09-29成立及信用代码91110108MA01W9ME1F；当前登记与合同盖章主体未直接核验。 当前长期北京育儿业务仍待确认，不因政府列名进入首页主比较。,,,,,,北京育儿业务待核组。本轮逐一对照四份正式政府名单，未取得可归属的入选记录；不等于机构差或不存在其他荣誉。不进入政府品牌推选优先组；数值仅供查看已有资料构成。,京朵保留历史主体及育儿培训线索，当前官网和接单尚未确认；网站404不作停业判断，换退资料仍缺。,以北京京朵家政服务有限公司核查，命中2021年保供、网站目录及工商资料。搜索带出的西城处罚表摘要点名北京巴顿家政等其他主体，未将其归给京朵。 本轮公开索引未取得可归属的投诉或处罚个案。,已按1组名称查询当前公示列表，本轮未见记录；不代表零投诉，公示期限、名称别称和公开范围会影响结果。,2026-09-21,2.0,0.0,京朵历史官网本轮返回404，品牌更换及合同检索未取得现行可读承诺，免费次数和候选到岗时限仍未知。,https://www.jingduojiazheng.com/,0.0,已查品牌退款及纠纷，未取得可归属育儿雇主合同、退出算法或退款结果，资料稀少不能理解为没有投诉。,,1.0,2021目录转述培训、保险和授课合作，仅支持历史培训宣传；现行合作文件、核证和人员实操档案均未取得。,https://m.zhao.city/siteinfo/13452,0.0,旧目录和主体资料未列育儿督导频率、回访或投诉处理时限，当前官网不可用也不能推定售后存在或不存在。,,0.0,查后未取得现行育儿工资、机构费、试工与退出扣款，企业目录的联系方式和旧培训介绍不提供可比收费。,
育天使,北京育儿业务待核组,0.0,,否,0,0.0,hold,既有身份档位不足3且本次对照的政府名单没有可明确归属的补充记录，保留主体线索待复核；并非断言公司不存在或一定不可靠。 档案依据：北京育天使家政服务有限公司；此前通州区政府名录列统一代码91110105MA020PXM7A及通州办公地址。当前品牌、官网和收款主体仍应对应核查。 当前长期北京育儿业务仍待确认，不因政府列名进入首页主比较。,,,,,,北京育儿业务待核组。本轮逐一对照四份正式政府名单，未取得可归属的入选记录；不等于机构差或不存在其他荣誉。不进入政府品牌推选优先组；数值仅供查看已有资料构成。,北京主体有政府线索，但现行合同与供给待核；消费者匹配退费争议单独展示，既不替代制度证据，也不按投诉数量扣分。,消费保97344817与既有R014同案，本轮索引补到2024-11-19企业宣称已办理退款；2024-09-01自动关闭不是最终可见状态。原单直接读取失败；嘉佑天使投诉属于另一品牌，已排除。,已回读详情中最新公示（2026-09-01）：北京育天使家政服务有限公司，服务类别为保姆（未注明育儿），处理结果为“未达成调解协议”。公示未披露协议细节及退款到账证据，不能据此推断北京育儿嫂整体服务质量。,2026-09-21,2.0,0.0,投诉中的多次更换只能说明个案发生过匹配争议，不是现行免费次数或期限承诺；未取得育天使当前育儿更换合同。,https://www.xfb315.com/tousu/97344817,0.0,2024年投诉索引标完结，但未取得完结原因和到账材料，不能认作退费政策；当前解约公式与退款期限仍缺。,https://www.xfb315.com/tousu/97344817,0.0,双语能力和照护争议属客户单方指控，不代表实际筛选制度；未取得当前北京育儿培训、背调和体检的可检查标准。,,0.0,主体与招聘资料没有提供固定督导、回访频率及换人负责人，官网原文读取超时也未补足当前售后流程证据。,,0.0,19500元服务费及13000元工资来自2024双语需求投诉个案，不能当当前价格表；现行育儿费用和附加收费未取得。,https://www.xfb315.com/tousu/97344817
爱婴宝,北京育儿业务待核组,0.0,,否,0,0.0,hold,既有身份档位不足3且本次对照的政府名单没有可明确归属的补充记录，保留主体线索待复核；并非断言公司不存在或一定不可靠。 档案依据：北京爱婴宝家政服务有限公司列2024协会及2018商务局培训项目；不是北京亿婴宝教育科技有限公司。 当前长期北京育儿业务仍待确认，不因政府列名进入首页主比较。,,,,,,北京育儿业务待核组。本轮逐一对照四份正式政府名单，未取得可归属的入选记录；不等于机构差或不存在其他荣誉。不进入政府品牌推选优先组；数值仅供查看已有资料构成。,北京爱婴宝历史主体可核，但现行育儿服务尚未证实；培训项目与近名机构不能补齐育儿保障证据。,已以北京爱婴宝主体核查；结果是2018培训等历史项目及工商/招聘资料。万婴宝、亿婴宝和异地爱婴宝名称接近，不能互相替代。 本轮公开索引未取得可归属的投诉或处罚个案。,已按1组名称查询当前公示列表，本轮未见记录；不代表零投诉，公示期限、名称别称和公开范围会影响结果。,2026-09-21,2.0,0.0,爱婴宝品牌更换及合同检索未取得当前育儿换人规则；同音近名亿婴宝的制度不能转给本公司使用。,,0.0,已查爱婴宝退款和投诉信息，未取得本主体育儿试工或终约退费条款，扣款项目及到账期限均未知。,,0.0,2018年技能项目证明历史培训活动，未给当前育儿课程、筛选和考试内容；不能由该名单推断候选已达标。,https://sw.beijing.gov.cn/phone/zwxx/swzjzczc/201912/t20191220_1349535.html,0.0,协会和历史培训名单没有育儿督导、回访或客户投诉机制，查后也未取得可归属的现行售后说明。,,0.0,现有来源没有可归属的育儿工资、机构费或服务周期，收费检索后仍无可比信息；培训资助不等于雇主价格。,
父母时间,北京育儿业务待核组,0.0,,否,0,0.0,hold,既有身份档位不足3且本次对照的政府名单没有可明确归属的补充记录，保留主体线索待复核；并非断言公司不存在或一定不可靠。 档案依据：北京父母时间教育科技有限公司列2024协会理事工作单位，其他联合活动也有同名线索。 当前长期北京育儿业务仍待确认，不因政府列名进入首页主比较。,,,,,,北京育儿业务待核组。本轮逐一对照四份正式政府名单，未取得可归属的入选记录；不等于机构差或不存在其他荣誉。不进入政府品牌推选优先组；数值仅供查看已有资料构成。,仅可确认历史北京主体和行业参与，尚未证实面向家庭的育儿业务；其他维度缺失代表无加分依据。,父母时间是易泛化词，已限定北京父母时间教育科技有限公司并补父母时间教育。命中协会和公益活动，其他家长教育讨论、互联网隐私条款不构成这家机构投诉。 本轮公开索引未取得可归属的投诉或处罚个案。,已按1组名称查询当前公示列表，本轮未见记录；不代表零投诉，公示期限、名称别称和公开范围会影响结果。,2026-09-21,2.0,0.0,父母时间的品牌及法人专项检索主要命中协会和活动资料，未取得家庭育儿更换承诺、次数或补位期限。,,0.0,已检索父母时间的合同、退款和投诉，未取得育儿试用或提前终约的退款路径，不能据无案例推断可退费。,,0.0,协会及行业活动线索没有育儿人员培训、体检、背调或技能考核说明，公司名称不能作为育婴专业能力证明。,,0.0,行业参与记录未说明面向育儿家庭的售后角色、回访或应急处理；查后没有可归属的现行督导流程。,,0.0,品牌及完整法人收费检索没有取得育儿工资或机构费，行业活动参与和教育科技名称均不能说明客户收费方式。,
超级保姆,北京育儿业务待核组,0.0,,否,0,0.0,hold,既有身份档位不足3且本次对照的政府名单没有可明确归属的补充记录，保留主体线索待复核；并非断言公司不存在或一定不可靠。 档案依据：北京超级保姆家政服务有限公司列2024理事名单与2025政府招聘。 当前长期北京育儿业务仍待确认，不因政府列名进入首页主比较。,,,,,,北京育儿业务待核组。本轮逐一对照四份正式政府名单，未取得可归属的入选记录；不等于机构差或不存在其他荣誉。不进入政府品牌推选优先组；数值仅供查看已有资料构成。,北京一般家政主体有资料支持，婴幼儿照护服务未证实；不把一般保姆招聘和薪资转成育儿保障。,以北京超级保姆家政服务有限公司核归属。消费保返回阿姨到了（北京）家政有限公司的5600元中介费争议，属于另一法人，不能并入超级保姆；自如等结果同样排除。 本轮公开索引未取得可归属的投诉或处罚个案。,已回读详情中最新公示（2025-12-11）：北京超级保姆家政服务有限公司，服务类别为家政中介服务，处理结果为“未达成调解协议”。公示未披露协议细节及退款到账证据，不能据此推断北京育儿嫂整体服务质量。,2026-09-21,2.0,0.0,超级保姆资料仅明确一般家政岗位，换人专项检索未取得育儿承诺；不能把普通保姆供给推为育儿替补保障。,,0.0,已检索品牌退款与合同，未取得适用婴幼儿照护的退出规则，试工结算、机构费扣款和退款时限均缺。,,0.0,政府招聘未提供明确育儿岗位或婴幼儿技能筛选流程；公司名称及协会身份不能证明育儿人员已培训核验。,https://www.hanbin.gov.cn/Content-2887980.html,0.0,现有政府岗位表有公司电话地址，但没有育儿督导或投诉处理职责；公开电话本身不计为售后机制。,https://www.hanbin.gov.cn/Content-2887980.html,0.0,6000至15000元对应一般家政招聘，工种与客户收费均不匹配；未取得育儿嫂工资和机构服务费。,https://www.hanbin.gov.cn/Content-2887980.html
文武家政,北京育儿业务待核组,0.0,,否,0,0.0,hold,既有身份档位不足3且本次对照的政府名单没有可明确归属的补充记录，保留主体线索待复核；并非断言公司不存在或一定不可靠。 档案依据：北京文武家政服务有限公司列2024协会名单。检索另有河北文武公司，未证明双方关系。 当前长期北京育儿业务仍待确认，不因政府列名进入首页主比较。,,,,,,北京育儿业务待核组。本轮逐一对照四份正式政府名单，未取得可归属的入选记录；不等于机构差或不存在其他荣誉。不进入政府品牌推选优先组；数值仅供查看已有资料构成。,北京主体有协会记录，现有业务材料主要是月嫂培训及异地招聘；长期育儿服务和保障仍待确认。,精确核对北京文武家政服务有限公司；命中通州招聘与分类信息，未取得可归属个案。不得把河北等外地同名字号一并认定。 本轮公开索引未取得可归属的投诉或处罚个案。,已按1组名称查询当前公示列表，本轮未见记录；不代表零投诉，公示期限、名称别称和公开范围会影响结果。,2026-09-21,2.0,0.0,文武家政的现有资料集中培训和招聘，查后未取得北京法人对育儿换人的承诺；河北同名公司的规则不移用。,,0.0,品牌与法人退费检索未取得北京育儿雇主合同，培训学校相关收费或退学规则不能代替育儿客户退出保障。,,0.0,现有学校目录仅涉及月嫂培训，尚未取得北京育儿人员考核和筛选流程，不能把月嫂课程当长期育儿核验。,https://www.bjfyysgs.com/news-info.php?id=1413,0.0,协会和培训招聘线索没有育儿上户督导、回访或投诉处理说明，也没有明确由北京法人承担的售后责任。,,0.0,查后未取得北京育儿工资、服务费或试工报价，学校培训和异地招聘资料均不能用于家庭育儿价格比较。,
正德社区服务中心,北京育儿业务待核组,0.0,,否,0,0.0,hold,既有身份档位不足3且本次对照的政府名单没有可明确归属的补充记录，保留主体线索待复核；并非断言公司不存在或一定不可靠。 档案依据：北京市昌平区正德社区服务中心列2024理事工作单位；公开介绍为社区服务社会组织。 当前长期北京育儿业务仍待确认，不因政府列名进入首页主比较。,,,,,,北京育儿业务待核组。本轮逐一对照四份正式政府名单，未取得可归属的入选记录；不等于机构差或不存在其他荣誉。不进入政府品牌推选优先组；数值仅供查看已有资料构成。,资料支持社区服务平台身份，实际育儿签约和派单主体未明确；全部育儿保障需落实到具体承接商家。,以北京市昌平区正德社区服务中心核查，结果主要为社区服务、养老文章和名录。回查搜索返回的民政局2025年三季度检查公示，未找到该中心名称，不能据标题写成其处罚。 本轮公开索引未取得可归属的投诉或处罚个案。,已按1组名称查询当前公示列表，本轮未见记录；不代表零投诉，公示期限、名称别称和公开范围会影响结果。,2026-09-21,2.0,0.0,正德社区平台聚合家政服务的线索不能确定实际派单方；查后未取得由正德承担的育儿换人义务及到岗期限。,,0.0,已查该组织育儿合同及退费，未取得客户与正德签约的退出规则；园区入驻商家的退款责任不能推给平台。,,0.0,协会和社区产业园资料未给正德自派育儿人员的筛选培训流程，也未证明入驻机构使用统一婴幼儿考核标准。,,0.0,社区平台活动没有披露育儿订单督导、纠纷处理或责任划分；园区提供综合服务不等于直接承担育儿售后。,,0.0,未取得正德或明确承接商家的育儿工资与中介费；综合社区服务介绍不能作为家庭育儿收费结构依据。,
北京达喜母婴护理,北京育儿业务待核组,0.0,,否,0,0.0,hold,既有身份档位不足3且本次对照的政府名单没有可明确归属的补充记录，保留主体线索待复核；并非断言公司不存在或一定不可靠。 档案依据：中国家协会员文章标题为北京达喜母婴护理有限公司，2024-12-25发布。通过两个读取通道打开均只有标题/日期，没有正文、信用代码或联系方式。未取得可交叉确认的工商原档。 当前长期北京育儿业务仍待确认，不因政府列名进入首页主比较。,,,,,,北京育儿业务待核组。本轮逐一对照四份正式政府名单，未取得可归属的入选记录；不等于机构差或不存在其他荣誉。不进入政府品牌推选优先组；数值仅供查看已有资料构成。,协会页面只确认公司列名，长期育儿业务、联系方式及六类保障材料几乎均缺；有限身份分不代表已确认能够派育儿嫂。,取得协会会员条目和少量名称相似的零售/企业结果，未形成可核消费者记录。本轮公开索引未取得可归属个案。,已按1组名称查询当前公示列表，本轮未见记录；不代表零投诉，公示期限、名称别称和公开范围会影响结果。,2026-09-21,2.0,0.0,已精确检索北京达喜及育儿换人词，协会原页只有标题日期，未取得可归属本公司的更换承诺、费用或补位时限。,,0.0,现有协会列名和专项搜索未提供任何育儿退费条款，试工失败、无候选及提前解约的退款范围与时间均无法比较。,,0.0,未取得本主体培训、背调、体检或育儿考核资料，近名婴达喜母婴用品门店与本公司未证关联，不能移用其信息。,,0.0,协会正文没有服务介绍，也未检得可归属的顾问、督导、回访与争议升级渠道，母婴护理名称本身不证明售后机制。,,0.0,没有取得育儿嫂工资、服务费或试工报价，协会列名仅能确认名称存在，不能推断服务定价和额外收费是否透明。,
凤尾竹家政,北京育儿业务待核组,0.0,,否,0,0.0,hold,既有身份档位不足3且本次对照的政府名单没有可明确归属的补充记录，保留主体线索待复核；并非断言公司不存在或一定不可靠。 档案依据：2026政府采购公告完整列出北京凤尾竹家政服务有限责任公司、统一社会信用代码91110115684397132P。2019人社目录载许可证1101152009050；该历史许可证不能替代2026现行许可核验。 当前长期北京育儿业务仍待确认，不因政府列名进入首页主比较。,,,,,,北京育儿业务待核组。本轮逐一对照四份正式政府名单，未取得可归属的入选记录；不等于机构差或不存在其他荣誉。不进入政府品牌推选优先组；数值仅供查看已有资料构成。,2026北京经营与月嫂活动可核，但长期育儿业务尚未证实；月嫂优惠、养老招聘及采购评分不计育儿保障。,复核旧2017年凤尾竹违法延长劳动时间的警告、罚款公示，非育儿消费争议。新搜出的何委珍案件实际针对爱侬方庄分部，已读正文并排除；没有因该误匹配新增凤尾竹诉讼。,已按1组名称查询当前公示列表，本轮未见记录；不代表零投诉，公示期限、名称别称和公开范围会影响结果。,2026-09-21,2.0,0.0,凤尾竹工会活动为月嫂，未取得长期育儿免费更换次数或到岗时限；助老中标不代表家庭订单可免费换人。,"https://ggzyfw.beijing.gov.cn/jyxxzbjggg/20260603/5558624.html
https://xinwen.bjd.com.cn/content/s6a100a9ee4b03fa51a7ea542.html",0.0,品牌育儿合同及退费检索未取得取消、试工或无人可换的扣款和退款期限，工会优惠也未提供长期育儿退出规则。,,0.0,现有招聘健康和护理经验要求属于老人病人照护，不能推为育儿团队筛选；育婴核证、背调和实操均未取得。,https://m.sohu.com/a/842875721_121123772/,0.0,招聘中的一对一跟踪属于一般家政养老语境，未取得长期育儿督导频次、投诉升级或适用保险，暂无加分依据。,https://m.sohu.com/a/842875721_121123772/,0.0,会员九折只适用于月嫂且未列基准价，助老采购总额也非家庭育儿费；当前长期育儿工资和机构费均未取得。,"https://ggzyfw.beijing.gov.cn/jyxxzbjggg/20260603/5558624.html
https://xinwen.bjd.com.cn/content/s6a100a9ee4b03fa51a7ea542.html"
沪上睿知,北京育儿业务待核组,0.0,,否,0,0.0,hold,既有身份档位不足3且本次对照的政府名单没有可明确归属的补充记录，保留主体线索待复核；并非断言公司不存在或一定不可靠。 档案依据：招聘页主体沪上睿知（上海）科技服务有限公司，第三方工商区列2025-03-11成立、代码91310114MAEDH0U166；品牌自述2023创立，不能把品牌年限当法人年限。 当前长期北京育儿业务仍待确认，不因政府列名进入首页主比较。,,,,,,北京育儿业务待核组。本轮逐一对照四份正式政府名单，未取得可归属的入选记录；不等于机构差或不存在其他荣誉。不进入政府品牌推选优先组；数值仅供查看已有资料构成。,主体主要位于上海，北京育儿只存在尚未重现的商品索引；当地管家与助理培训售后不能迁移计入北京育儿保障。,命中沪上睿知招聘和京东商品页，本轮公开索引未取得可归属个案；上海主体与北京实际履约仍需对合同。,已按1组名称查询当前公示列表，本轮未见记录；不代表零投诉，公示期限、名称别称和公开范围会影响结果。,2026-09-21,2.0,0.0,沪上睿知北京育儿商品只剩旧索引线索，未取得本地换人规则；上海管家和私人助理的售后承诺不能直接套育儿嫂。,"https://m.veryeast.cn/8087453
https://www.jd.com/hprm/17138cbbc56d1be9d9f9.html?electedExtAttrSet=878%2C&extAttrValue=expand_name%2C%40300103%3A%3A878&sort_type=sort_default",0.0,没有取得北京育儿服务的退款合同或可归属消费案例，上海招聘业务介绍未说明北京雇主试工和提前终约如何退出。,,0.0,企业自述背调与岗前实训主要针对上海管家和助理，未证实育儿专业筛选，不将异地异工种培训计为北京育儿依据。,https://m.veryeast.cn/8087453,0.0,招聘介绍有上海业务售后跟进，但没有北京育儿督导、回访和替补安排；服务城市与工种适用均未对齐，暂不加分。,https://m.veryeast.cn/8087453,0.0,高薪助理招聘不属于育儿家庭报价，也未取得适用于北京的育儿工资、机构费和试工费用，不能从高端定位推算费用。,https://m.veryeast.cn/8087453
清源管家,北京育儿业务待核组,0.0,,否,0,0.0,hold,既有身份档位不足3且本次对照的政府名单没有可明确归属的补充记录，保留主体线索待复核；并非断言公司不存在或一定不可靠。 档案依据：中国家协列北京清源管家家政有限公司；BOSS工商转载列2016-06-06成立、代码91110116MA0061TH6A。属于平台转载，未进行实时工商核验。 当前长期北京育儿业务仍待确认，不因政府列名进入首页主比较。,,,,,,北京育儿业务待核组。本轮逐一对照四份正式政府名单，未取得可归属的入选记录；不等于机构差或不存在其他荣誉。不进入政府品牌推选优先组；数值仅供查看已有资料构成。,北京公司列名可追查，但当前长期育儿业务未证实，公开地址也有差异；过期月嫂招聘不能补足育儿保障和收费资料。,结果为协会名录与招聘，没有可归属的投诉处理记录；本轮公开索引未取得可归属个案。,已回读详情中最新公示（2026-06-29）：北京清源管家家政有限公司，服务类别为职业教育服务，处理结果为“未达成调解协议”。公示未披露协议细节及退款到账证据，不能据此推断北京育儿嫂整体服务质量。,2026-09-21,2.0,0.0,清源管家协会列名和过期月嫂招聘未提供育儿嫂免费更换或到岗时限，不能将近名清源到家的承诺归给本公司。,,0.0,未取得该主体育儿试工失败或中途解约的退款条款，招聘资料并非雇主服务合同，无法比较扣费和到账安排。,,0.0,现有资料没有可核验的育儿筛选、背景调查、体检或培训制度，过期月嫂职位也不能证明长期育儿候选的考核质量。,,0.0,没有取得育儿督导、固定回访或售后负责人资料，企业存续与协会列名不能替代实际客户问题处理和应急补位机制。,,0.0,过期月嫂招聘工资既属不同工种又非家庭报价，当前育儿工资、服务费、试工与附加费用均无可用公开依据。,https://m.zhipin.com/companys/10e2781043f1d63b03N429W9EFU~.html
北京为家汇,北京育儿业务待核组,0.0,,否,0,0.0,hold,既有身份档位不足3且本次对照的政府名单没有可明确归属的补充记录，保留主体线索待复核；并非断言公司不存在或一定不可靠。 档案依据：家协正式列北京为家汇家庭服务有限公司；职友集列代码911101053971046086、王亚波、注册180万元、开业，旧投资资料法人/资本不同，不能混用为现行工商信息。 当前长期北京育儿业务仍待确认，不因政府列名进入首页主比较。,,,,,,北京育儿业务待核组。本轮逐一对照四份正式政府名单，未取得可归属的入选记录；不等于机构差或不存在其他荣誉。不进入政府品牌推选优先组；数值仅供查看已有资料构成。,公司主体可追查，但本轮证据主要是物业清洁，未证实北京育儿业务；其他工种的培训、管理和价格均不计育儿保障分。,结果主要是协会介绍、商标及无关文档；本轮公开索引未取得可归属个案。,已按1组名称查询当前公示列表，本轮未见记录；不代表零投诉，公示期限、名称别称和公开范围会影响结果。,2026-09-21,2.0,0.0,为家汇已读介绍实际以物业清洁为主，未取得育儿更换规则；物业清洗人员管理不等于育儿嫂同级替补与到岗承诺。,https://www.chsa.com.cn/nd.jsp?id=696,0.0,精确名称及育儿业务检索未取得育儿服务费和退费办法，现有物业清洁资料不能证明育儿试工或提前终约的退出权利。,,0.0,协会介绍的质量认证与员工培训属于物业清洁业务，没有婴幼儿照护专项筛选依据，不能将不同工种培训转换为加分。,https://www.chsa.com.cn/nd.jsp?id=696,0.0,物业团队和保洁标准没有对应育儿入户督导、回访或异常处理，公开资料尚不支持北京育儿嫂售后流程的评分。,https://www.chsa.com.cn/nd.jsp?id=696,0.0,没有取得适用育儿嫂的家庭工资和机构费用，清洗及物业报价属于其他产品，不计入育儿收费透明度依据。,
北京优宝贝国际家政,北京育儿业务待核组,0.0,,否,0,0.0,hold,既有身份档位不足3且本次对照的政府名单没有可明确归属的补充记录，保留主体线索待复核；并非断言公司不存在或一定不可靠。 档案依据：BOSS企业页列北京优宝贝国际家政服务有限公司，2021-04-20成立，代码91110113MA02A1GE2T，法定代表人倪永英、注册资本10万元、存续。这是第三方工商摘录，未复核官方登记；与优贝优/优贝优聪/佳优宝贝不能合并。 当前长期北京育儿业务仍待确认，不因政府列名进入首页主比较。,,,,,,北京育儿业务待核组。本轮逐一对照四份正式政府名单，未取得可归属的入选记录；不等于机构差或不存在其他荣誉。不进入政府品牌推选优先组；数值仅供查看已有资料构成。,主体和育儿品牌有招聘线索，实际雇主服务与当前供给待核；培训端投诉单列风险，不用于推算育儿费用或扣服务分。,追加完整法人及黑猫定向仍未返回新的可归属索引，保留既有两条具名培训退款记录但本轮原单回读失败，不能冒称刷新了处理状态。优优宝贝教育的租赁判决属于不同法人，已排除。,已按1组名称查询当前公示列表，本轮未见记录；不代表零投诉，公示期限、名称别称和公开范围会影响结果。,2026-09-21,2.0,0.0,优宝贝北京招聘品牌有育儿定位，但未取得面向雇主的更换合同；近名优贝优的调换宣传不能挪用为本主体保障。,,0.0,黑猫两条费用争议涉及培训和招合伙人，并非育儿雇主退出合同；当前家庭服务费退费公式与到账期限没有取得。,"https://tousu.sina.cn/complaint/view/17381183349?sld=eb3fdbdb97ac8db01811032b201c9fbd
https://tousu.sina.com.cn/complaint/view/17381548714?sld=73664d0336f47572856c26704ac6125a",0.0,培训收费投诉并不证明机构的育儿筛选标准，未取得可靠的证书核验、育儿课纲、健康背调或实操考核公开材料。,,0.0,公开招聘与培训争议材料没有家庭客户经理、在岗督导及问题升级机制，不能从培训活动推定育儿上户后的售后安排。,,0.0,6780元与2370元是培训相关争议金额，不属于育儿家庭报价；当前育儿工资、服务费、试工及附加费用未取得。,"https://tousu.sina.cn/complaint/view/17381183349?sld=eb3fdbdb97ac8db01811032b201c9fbd
https://tousu.sina.com.cn/complaint/view/17381548714?sld=73664d0336f47572856c26704ac6125a"
京东家政,平台入口组,60.0,,否,60,0.0,pass,政府正式列名主体或有来源支持的品牌关联可对应，满足本次“有完整主体线索”门槛；这不等于实时工商、当前合同或逐人劳动关系已核实。 档案依据：北京亦庄官方发布2025年称成立北京京东家政服务有限公司。2026年又有北京京东厚行科技有限公司设立消息；不能自动推定后者为所有家政合同收款方。 平台入口保持单列，法人可对应也不等于已确认北京育儿下单。,"北京京东家政服务有限公司
北京京东家政服务有限公司","2025 正式政府联合推选并发布的劳务品牌企业名录
2025 正式联合推选的劳务输入基地名单；非服务质量等级评选","https://rsj.beijing.gov.cn/bm/ztzl/ssjzlwpp/202510/t20251031_4249345.html
https://rsj.beijing.gov.cn/xxgk/tzgg/202511/t20251103_4251298.html","本目录与发布报道未载明有效期限；三年行动方案说明以后根据实际动态调整；截至本轮可读公开目录仍为2025-11-06这30家；未发现更近替代批次，不声称名单永久有效
公告未载明有效期；可确认2025年正式入选，不据此断言目前持续资格或质量保证","2025北京市人社家政劳务品牌详情列出的完整公司名与既有档案主体一致；品牌简称未被当成另一法人，合同主体仍须逐单核对。
2025河北福嫂来京就业输入基地正式公告的完整主体名与既有档案对应；输入基地资格不等于育儿业务、人员库存或免费换人保证。",平台入口组。对应2025年正式政府联合推选并发布的劳务品牌企业名录，列名公司为北京京东家政服务有限公司。名单没有官方名次；仍须核对本单合同、育儿人选与换人条款。不进入政府品牌推选优先组；数值仅供查看已有资料构成。,官方主体和业务拓展方向清楚，但北京育儿嫂现售未证实；清洁工种的培训、售后及价格均不能代替育儿合同保障。,消费保保洁预约/地址争议原单显示已退款；黑猫杭州培训工具包争议有京东客服回复但未展示解决结论。均非已确认北京育儿嫂案例；第三方店铺不能泛归京东家政自营。,已核对当前公示列表。首屏含家政中介、清洁及食品制作等多类服务，商品服务类别为投诉人填报；不是北京自营育儿嫂订单数量，也不能归给第三方商户频道。名称匹配可含分支及其他工种，不能作为机构投诉率。,2026-09-21,2.0,0.0,未取得京东官方北京育儿嫂换人条款，第三方店铺规则及实物换新政策均不适用；更换次数、费用和到岗时间无法比较。,,0.0,公开资料未取得北京育儿嫂退出退款合同，保洁券案例属于不同产品，不能据此认定育儿服务费可退或有到账保证。,,0.0,政府就业报道描述清洁员工实名、体检及培训，工种与育儿嫂不同；没有取得北京育儿人选的筛选和专项考核依据。,https://chinajob.mohrss.gov.cn/h5/c/2025-12-17/470680.shtml,0.0,京东清洁服务管理流程不能直接移用于育儿业务，当前育儿督导、备用人员池和问题升级职责仍无公开材料。,https://chinajob.mohrss.gov.cn/h5/c/2025-12-17/470680.shtml,0.0,现有官方和公司新闻未提供北京育儿嫂工资、服务费及试工费用；保洁和家厨价格不属于此次育儿服务费用依据。,
58到家（58同城运营的当前入口）,平台入口组,2.0,,否,0,2.0,hold,既有身份档位不足3且本次对照的政府名单没有可明确归属的补充记录，保留主体线索待复核；并非断言公司不存在或一定不可靠。 档案依据：当前入口官方自称58同城自营；与历史更名天鹅到家的原58到家分开。投诉分派记录不能替代签约法人核验。 平台入口保持单列，法人可对应也不等于已确认北京育儿下单。,,,,,,平台入口组。本轮逐一对照四份正式政府名单，未取得可归属的入选记录；不等于机构差或不存在其他荣誉。不进入政府品牌推选优先组；数值仅供查看已有资料构成。,可区分当前58自营入口，但现行育儿合同没有取得；筛选售后仅有索引宣传，北京投诉保留为个案风险而非制度评分。,回读2026年育儿嫂换人补差价争议，投诉对象58同城客服，系统于3月27日自动完成。实际签约法人及服务城市未披露，不能混为天鹅到家或写成已退款。另有保洁及育儿单索引，未逐单充作独立北京案例。,已核对当前公示列表。按品牌关键词会匹配多个主体及各类服务，旧58到家、天鹅和当前58同城入口责任不能据关键词合并；不把查询总量归给当前入口。名称匹配可含分支及其他工种，不能作为机构投诉率。,2026-09-21,2.0,0.0,当前58到家入口及北京投诉未提供2026育儿更换合同，个案推荐中断不等于统一政策；免费范围、次数和到岗期仍缺。,,0.0,北京投诉中的按比例退费争议和系统完结无法证明现行退出规则或实际到账；当前服务费扣除公式及失配退款时间未取得。,https://tousu.sina.com.cn/complaint/view/17372645899,1.0,入口索引自述实名、体检、背景核验和保险，但原页超时未读全文，仅作间接筛选线索；北京候选材料和保单均未核。,https://daojiajx.58.com/,1.0,入口有平台售后宣传，但本轮仅检索索引，未取得北京育儿服务的负责人员、响应时限或更换协调流程，只记弱线索。,https://daojiajx.58.com/,0.0,4860元来自2024北京消费者单份服务费合同，不是当前统一价格；现行工资、机构费、试工和续约结构均未取得。,https://tousu.sina.com.cn/complaint/view/17372645899
58同城北京育儿嫂商家频道,平台入口组,0.0,,否,0,0.0,hold,既有身份档位不足3且本次对照的政府名单没有可明确归属的补充记录，保留主体线索待复核；并非断言公司不存在或一定不可靠。 档案依据：58同城北京保姆月嫂商家列表是信息平台入口，列表含多家独立经营商户，不能当一家机构。 平台入口保持单列，法人可对应也不等于已确认北京育儿下单。,,,,,,平台入口组。本轮逐一对照四份正式政府名单，未取得可归属的入选记录；不等于机构差或不存在其他荣誉。不进入政府品牌推选优先组；数值仅供查看已有资料构成。,这是发现商家的信息入口，不能将不同机构的换人、售后和价格拼成统一保障；零分表示没有可归属的统一评分对象。,该项是58商家信息频道而非单一履约机构。检得58同城客服处理的育儿换人争议，统一记在当前58入口agency-53，不重复算频道案例；具体独立商户须按合同主体另查。,该条目是多商户平台频道，未将平台作为单一家政机构查询或合并投诉。应按实际商户、合同及收款主体分别核查；没有统一可比较的机构公示数。,2026-09-21,2.0,0.0,58商家频道聚合多家独立机构，免费调换属于具体商家广告；没有覆盖所有商户的育儿更换合同，不能将邻店承诺合并计分。,"https://m.58.com/bj/baomu/
https://m.58.com/bj/baomu/28894981157162x.shtml",0.0,频道没有本轮可验证的统一育儿嫂退款保证，服务费、试工和解约应由实际商户合同判断，平台展示不构成统一退出规则。,,0.0,认证和保障标签没有对应具体育儿人选的体检、背景及技能核验材料，也不是全频道统一筛选流程，不能替代逐商家考察。,https://m.58.com/bj/baomu/,0.0,不同店铺售后由不同主体执行，没有取得频道统一督导、紧急替补及平台介入条件，个别众合瑞家宣传不能计给全频道。,"https://m.58.com/bj/baomu/
https://m.58.com/bj/baomu/28894981157162x.shtml",0.0,列表混有保姆、月嫂、护工及育儿嫂，价格也分别属于不同门店和工作范围；没有适用于整个频道的统一家庭收费表。,https://m.58.com/bj/baomu/
京东商城育儿嫂第三方商家,平台入口组,0.0,,否,0,0.0,hold,既有身份档位不足3且本次对照的政府名单没有可明确归属的补充记录，保留主体线索待复核；并非断言公司不存在或一定不可靠。 档案依据：京东商城育儿嫂商品频道是多家第三方商户入口；晞悦嘉贝、沪上睿知等品牌各有独立签约主体，不等于京东家政直营。 平台入口保持单列，法人可对应也不等于已确认北京育儿下单。,,,,,,平台入口组。本轮逐一对照四份正式政府名单，未取得可归属的入选记录；不等于机构差或不存在其他荣誉。不进入政府品牌推选优先组；数值仅供查看已有资料构成。,频道是第三方商家线索来源，没有统一育儿合同和责任主体；零分反映不可归属的统一保障，具体店铺仍须分别比较。,该项为京东第三方育儿嫂商品频道；结果主要是商品页和京东综合投诉，无法归给一个独立家政商家。本轮公开索引未取得可归属的频道级个案，自营京东家政另列。,该条目是多商户平台频道，未将平台作为单一家政机构查询或合并投诉。应按实际商户、合同及收款主体分别核查；没有统一可比较的机构公示数。,2026-09-21,2.0,0.0,京东第三方育儿频道没有统一的免费换人合同，不同店铺各自履约；实物换新政策也不能转换为阿姨更换保障。,https://www.jd.com/hprm/17138cbbc56d1be9d9f9.html?electedExtAttrSet=878%2C&extAttrValue=expand_name%2C%40300103%3A%3A878&sort_type=sort_default,0.0,咨询、定金和服务尾款可能是不同商品，未取得各商户具体育儿合同；普通商品退款规则不足以证明全年育儿中介费可退。,https://www.jd.com/hprm/17138cbbc56d1be9d9f9.html?electedExtAttrSet=878%2C&extAttrValue=expand_name%2C%40300103%3A%3A878&sort_type=sort_default,0.0,频道品牌、销量和评价数量未对应拟派阿姨身份、健康和育儿技能资料，没有可应用所有店铺的统一人员筛选证据。,https://www.jd.com/hprm/17138cbbc56d1be9d9f9.html?electedExtAttrSet=878%2C&extAttrValue=expand_name%2C%40300103%3A%3A878&sort_type=sort_default,0.0,各店售后责任和平台介入范围尚需按订单核对，频道没有统一育儿督导、回访或替补时限，不能以京东品牌推定承担。,https://www.jd.com/hprm/17138cbbc56d1be9d9f9.html?electedExtAttrSet=878%2C&extAttrValue=expand_name%2C%40300103%3A%3A878&sort_type=sort_default,0.0,公开商品混有咨询和尾款，显示金额不能代表一个月工资或年度服务费；逐店家庭完整报价未取得，频道不具统一价格。,https://www.jd.com/hprm/17138cbbc56d1be9d9f9.html?electedExtAttrSet=878%2C&extAttrValue=expand_name%2C%40300103%3A%3A878&sort_type=sort_default
